"original_row","query_id","query","rag_answer","ground_truth","score","evaluation_error"
"2","cf11a6d6","Chubb Ltd's cap allocation, divs, and share repurchases show net cash outflow, CB.","Chubb Limited's capital allocation strategy includes returning value to shareholders through both dividends and share repurchases, resulting in significant net cash outflows.\n\n**Dividends:**  \nChubb pays regular dividends to its shareholders. In 2023, the annual dividend approved was up to $3.44 per share, paid in four quarterly installments of $0.86 per share. Previous years saw dividends of $3.32 per share (2022) and $3.20 per share (2021). These dividends are distributed from capital contribution reserves, and the company has consistently met its dividend obligations (Chunk 12).\n\n**Share Repurchases:**  \nChubb actively repurchases its own shares as part of its capital management program. In 2023, it repurchased 11,825,600 shares for $2,478 million; in 2022, 14,925,028 shares for $3,014 million; and in 2021, 27,644,500 shares for $4,861 million (Chunk 2). The company has ongoing board authorizations for repurchase programs, with $3.6 billion remaining as of February 22, 2024 (Chunks 2, 4, 5, 13).\n\n**Net Cash Outflow:**  \nThese activities contribute to net cash outflows from financing activities. For the years ended December 31, 2023, 2022, and 2021, Chubb reported net cash outflows from financing activities of $3,232 million, $3,745 million, and $4,251 million, respectively, primarily due to dividends and share repurchases (Chunk 1).\n\nIn summary, Chubb Ltd's capital allocation strategy emphasizes significant cash outflows via shareholder dividends and share repurchase programs.","The provided cash flow statement allows us to assess the impact of financing actions on Chubb Limited's liquidity and capital allocation strategy. Key observations include:\n\n1. **Dividends Paid**: Dividends have been relatively stable over the three years--around $1,375-$1,401 million. This steady dividend payment indicates a consistent commitment to returning cash to shareholders, which is a traditional component of capital allocation.\n\n2. **Common Share Repurchases**: The purchase of common shares shows a noticeable trend. In 2021, repurchases were significantly higher at $4,861 million and then decreased to $2,894 million in 2022, further dropping to $2,411 million in 2023. This decrease in repurchase activity suggests that the company may be adopting a more conservative approach to returning capital via buybacks, thereby preserving more liquidity.\n\n3. **Net Cash Outflows in Financing Activities**: The overall net cash flow used for financing activities was negative in each period (e.g., -$4,489 million in 2023). This indicates that, although operating activities generated healthy cash flows (over $12,600 million in 2023), substantial amounts are being allocated toward financing actions (dividends and repurchases).\n\n4. **Liquidity and Capital Allocation Strategy Implications**: \n   - **Liquidity**: Despite the heavy cash outflows related to financing, Chubb's operating cash flows remain robust. However, the sizeable outflows for dividends and buybacks reduce the pool of cash available for other purposes such as reinvestment or acquisitions. The decrease in share repurchases over time might be a deliberate strategy to maintain higher liquidity levels while continuing a steady dividend policy.\n   - **Capital Allocation**: The mix of steady dividends and declining repurchase amounts suggests that the company is balancing between rewarding shareholders and ensuring sufficient liquidity. The consistent dividend payments signal a commitment to stable shareholder returns, whereas the moderation in repurchases could reflect management's desire to retain more cash, potentially to invest in growth opportunities or to better manage risk in uncertain market conditions.\n\nIn summary, Chubb Limited's financing actions demonstrate a strategic allocation of capital that prioritizes consistent shareholder returns via dividends, while a reduction in share repurchases appears to be a measure to preserve liquidity amid net cash outflows from financing activities. This balanced approach indicates careful capital management in the face of maintaining strong operational cash flow and overall financial flexibility.","8",""
"1","670f69f2","Impact of Healthpeak NCI redemption on balance sheet, valuation & cash flows, PEAK.","Based on the provided context, here's how the redemption of noncontrolling interests (NCI) impacts Healthpeak Properties, Inc. (PEAK) in terms of the balance sheet, valuation, and cash flows:\n\n**Balance Sheet Impact:**\n\n- Redeemable noncontrolling interests are classified separately from equity and liabilities on the balance sheet (see Chunk 6 and Chunk 2).\n- As of December 31, 2023, redeemable NCI was reported at $48.8 million, down from $105.7 million at the end of 2022. This reduction is due to either redemptions or remeasurements.\n- When DownREIT units or similar redeemable interests are converted into common stock, their carrying amount is reclassified from redeemable NCI to stockholders' equity.\n- The carrying value of redeemable NCI is adjusted each period based on changes in redemption value and net income (see Chunk 1, Chunk 2).\n\n**Valuation Impact:**\n\n- The value of redeemable NCI is measured at the greater of (a) the amount that would be paid if settlement occurred at the balance sheet date based on the accreted redemption value using the interest method, or (b) the carrying amount adjusted for net income (see Chunk 12 for a similar method, and Chunk 3 for Healthpeak specifics).\n- Changes in the redemption value of redeemable NCI (e.g., DownREIT units) are reflected on the balance sheet and can affect total equity, as redemption usually involves reclassification into stockholders' equity when settled via shares.\n- The market and carrying values of DownREIT units are disclosed, with carrying values as of December 31, 2023, at $199 million and market value at $143 million (Chunk 3).\n\n**Cash Flow Impact:**\n\n- Redemption of NCI may be settled in cash or shares, at the company's discretion for certain units (e.g., OP Units, DownREIT units; see Chunk 3, Chunk 4).\n- If redemption is settled in cash, this would result in a cash outflow, reducing cash and redeemable NCI on the balance sheet.\n- If settled in shares, there is no immediate cash impact, but stockholders' equity increases as redeemable NCI is reclassified.\n- Distributions to noncontrolling interests (not necessarily redemptions) are shown as cash outflows in the statement of cash flows, for example, $44.8 million in 2023 (Chunk 2).\n\n**Summary Table of Redeemable NCI (from Balance Sheet, Chunk 6):**\n\n| Date           | Redeemable NCI ($ millions) |\n|----------------|----------------------------|\n| Dec 31, 2022   | 105.7                      |\n| Dec 31, 2023   | 48.8                       |\n\n**Key Points:**\n- Redemptions lower redeemable NCI on the balance sheet and may increase stockholders' equity if settled in stock.\n- The method of settlement (cash vs. stock) determines whether there is a cash outflow.\n- Changes in NCI redemption value affect equity and can influence per-share metrics and book value.\n\nIf you need more detail on a specific aspect (e.g., the precise accounting entry or effects on specific ratios), please clarify.","The data provided allows us to assess the potential impact of the redeemable noncontrolling interests on Healthpeak's financial statements. Here are the key considerations:\n\n1. Balance Sheet Impact: \n   - The redemption value of $49 million is a future cash outflow obligation that may need to be recorded as a liability if the redemption becomes probable. Until exercised, it is disclosed in the footnotes, but if conditions are met and they are exercised, Healthpeak would likely reclassify this amount as a current or noncurrent liability (depending on the timeline for redemption), reducing total equity.\n   - This reduction in equity could affect key balance sheet ratios, such as debt-to-equity, potentially influencing the company's leverage profile and financial flexibility.\n\n2. Valuation Impact:\n   - Analysts and investors may include the potential outlay in their valuation models, such as discounted cash flow (DCF) analyses or relative valuation multiples. A $49 million redemption obligation can be viewed as a cost that detracts from available cash flows or net asset value, thereby potentially lowering the overall valuation of the company.\n   - The presence of a put option (redemption right) for noncontrolling interests adds a contingent liability risk which could be factored into risk premiums or discount rates used by investors.\n\n3. Future Cash Flow Requirements:\n   - If the redemption rights are exercised, Healthpeak will need to generate or allocate $49 million in cash, which may put pressure on liquidity, cash reserves, or require the company to secure additional financing if cash flows are tight. This potential cash outflow needs to be planned for in the company's cash flow forecasting and capital allocation strategies.\n   - This anticipated future cash outlay may affect operational funding, reinvestment strategies, or the ability to pay dividends to common shareholders, all of which are important considerations in liquidity and cash management.\n\nIn summary, the exercise of the redeemable noncontrolling interests presents a scenario where a $49 million liability is realized. This could reduce the company's equity, lower its overall valuation (by affecting risk assessments and cash flow forecasts), and increase future cash outflow requirements, impacting liquidity and capital allocation decisions.","8",""
"3","a6960aa5","LULU's cash equivalents impact liquidity.","Lululemon's cash and cash equivalents are a key component of its liquidity. These consist of cash on hand, bank balances, money market funds, and short-term deposits with original maturities of three months or less. The company has not experienced any losses related to these balances, and management believes the credit risk is minimal. Cash and cash equivalents, along with cash flows from operations and capacity under the revolving credit facility, are primary sources of liquidity used to fund capital expenditures, working capital requirements, and strategic investments. As of January 28, 2024, lululemon had $2,243,971,000 in cash and cash equivalents, supporting its ability to meet short-term obligations and invest in business growth.","The significant increase in cash and cash equivalents--from approximately $1.15 billion to $2.24 billion--directly enhanced lululemon's liquidity position and financial stability. This increase is an important component of the company's current assets, which rose from roughly $3.16 billion to $4.06 billion. With higher levels of readily available cash, the company is better positioned to meet short-term obligations, cover unexpected expenses, and take advantage of strategic growth opportunities. For example, calculating the current ratio (Current Assets / Current Liabilities) shows an improvement: in 2023, the ratio was approximately 2.12 (calculated as $3,159 million / $1,492 million), while in 2024 it improved to around 2.49 (calculated as $4,061 million / $1,631 million). This improved ratio reflects stronger liquidity management and a more robust cushion against potential financial volatility. Overall, the enhanced cash position contributes to improved financial stability by reducing reliance on external financing and providing resources for potential capital allocation, strategic investments, or further strengthening the balance sheet.","7",""
"4","d11d1cfd","The impact of TJX's cybersecurity integration on investor confidence and valuation is significant, especially concerning ticker TJX.","The provided documents describe TJX's comprehensive approach to cybersecurity, detailing their risk management strategies, oversight by senior leadership and the Board of Directors, as well as regular testing and incident response planning (see Chunks 9 and 11). However, the documents do not provide direct information or data regarding the specific impact of TJX's cybersecurity integration on investor confidence or the valuation of the company's stock (ticker TJX).\n\nTherefore, I cannot find sufficient information in the provided documents to answer this question.","TJX's rigorous and structured cybersecurity practices, as described in the provided data, contribute positively to investor confidence and long‐term growth potential in several ways. First, the regular reviews, comprehensive risk management, and board-level oversight of cybersecurity indicate a proactive approach to risk mitigation. This reduces the likelihood of a costly cybersecurity incident, which in turn protects the company's reputation and minimizes potential liabilities. Secondly, by integrating cybersecurity into its enterprise risk management framework, TJX demonstrates that it takes emerging threats seriously, which can lower its risk profile and lead to a lower cost of capital. Investors often value such companies more favorably, as effective risk management is associated with reduced operational disruptions and stability in earnings. Furthermore, transparent reporting and regular oversight of these practices ensure that all stakeholders remain informed about risk exposures and remediation efforts. This transparency, coupled with proactive management responses (such as testing incident response plans), enhances market perceptions of the company's overall governance and resilience. In essence, these measures not only protect current financial performance but also support sustainable growth over the long term, likely contributing to improved valuation multiples relative to peers who may lack such robust controls.","2",""
"6","950a63af","KO's pricing strategy in digital mktg enhances profitability, with a competitive edge.","The provided documents indicate that The Coca-Cola Company (KO) is adapting its pricing and marketing strategies to enhance profitability and maintain a competitive edge in the digital marketplace. KO is increasing investments in e-commerce to support retail and meal delivery services, offering more package sizes tailored for online sales, and shifting more consumer and trade promotions to digital channels. This digital approach is designed to strengthen brand competitiveness and relevance, as consumer shopping habits increasingly move toward mobile and online platforms.\n\nBy leveraging digital tools and data, KO aims to create more personalized consumer experiences and more effective promotions, which can help drive sales and improve margins. The company also seeks to provide powerful digital tools to retail customers, supporting their business growth and enhancing system efficiency. These strategies are part of KO's broader effort to adapt to rapid changes in the retail and digital landscapes, which is essential for maintaining profitability and competitive advantage as consumer preferences evolve.","","1",""
"5","d2be826a","Impact on earnings and valuation from MA pending litigation, specifically for the ticker.","Mastercard (ticker: MA) is involved in multiple significant legal and regulatory proceedings, particularly related to interchange fees in both the United States and Europe. The company has disclosed that, while it does not believe the outcome of any individual existing legal or regulatory proceeding will have a material adverse effect on its overall financial condition, an adverse judgment, outcome, or settlement in these matters could result in significant fines, payments, or changes to business practices. These events could have a material adverse effect on Mastercard's results of operations, financial condition, and overall business.\n\nAs of December 31, 2023, Mastercard had accrued a liability of $596 million for the U.S. MDL Litigation Cases. The company continues to face approximately £1 billion (about $1.3 billion) in unresolved damages claims from U.K. and Pan-European merchants, along with a separate revised collective action in the U.K. also claiming damages in excess of £1 billion. In addition, a proposed collective action in the U.K. on behalf of consumers claims damages that exceed £10 billion (about $13 billion), and there are ongoing claims in Portugal and regulatory actions in Serbia and Australia.\n\nMastercard records a liability when a loss is both probable and reasonably estimable; otherwise, it discloses the nature and estimate of possible losses if they can be made. However, due to the complexity and early stage of many proceedings, Mastercard often cannot provide a reliable estimate of potential losses or ranges of loss.\n\nIn summary, while Mastercard has made significant settlements and accruals, substantial unresolved claims remain. Any adverse developments in these legal matters could negatively impact the company's earnings and valuation, particularly if material losses are realized or if required business practice changes affect future revenue or growth prospects.","The provided reference details a number of ongoing and pending legal proceedings - including the Rules Relief Class litigation and ATM-related claims - and gives insight into the exposure and liabilities that Mastercard has already accrued as well as the uncertainties that remain. Based on this data, we can infer several key points regarding the potential impact on future earnings, capital allocation, and valuation metrics:\n\n1. Future Earnings Impact: The uncertainty and potential for additional cash outlays (both in terms of final settlements and ongoing accrual adjustments) may weigh on future earnings. For example, while Mastercard has reduced some previously accrued liabilities, it continues to adjust its estimates for unresolved claims (e.g., additional accruals of $344 million for opt-out merchants). Such adjustments or future settlements could lead to volatility in reported earnings if adverse outcomes materialize.\n\n2. Capital Allocation: Significant litigation-related cash expenditures can influence how the company allocates capital. If future settlements or legal fees require substantial cash payments, this may lead to a reduction in the funds available for other strategic initiatives such as capital investments, dividends, or share repurchases. Moreover, maintaining liquidity for potential litigation outflows may cause management to adopt a more conservative capital allocation strategy.\n\n3. Valuation Metrics: From an investor's standpoint, pending litigation adds an extra layer of risk and uncertainty. Analysts may incorporate a higher risk premium in their valuation models, potentially lowering multiples such as price-to-earnings (P/E) and enterprise value-to-EBITDA ratios. In addition, the possibility of further non-cash liabilities or eventual cash payments could lead to adjustments in forecasted free cash flows, which in turn can affect discounted cash flow (DCF) valuations and overall market perception.\n\nOverall, while some impacts are already reflected in amended accruals and restricted cash budgets, the unknown outcome of several cases (for instance, the Rules Relief Class litigation and various ATM-related claims) means that future cash flows and earnings could be adversely affected if new liabilities crystallize. This scenario would likely force a reassessment of Mastercard's risk profile and growth prospects, thereby influencing its market valuation.","8",""
"7","1c19438e","Capital allocation for Intuitive Surgical (ISRG) focuses on R&D & innovation vs new robotic entrants.","Intuitive Surgical (ISRG) places significant emphasis on research and development (R&D) and innovation as central components of its business strategy, particularly in the face of competition from new robotic entrants. The company employs substantial engineering and R&D staff to focus on delivering future innovations and sustaining improvements that align with its mission of advancing minimally invasive care (Chunk 11). Intuitive also collaborates with other companies on product development to further its innovation pipeline.\n\nFinancially, Intuitive Surgical invests heavily in R&D. For example, in 2024, the company spent $1,145.3 million on R&D, which is a substantial portion of its operating expenses (Chunk 7). This ongoing investment supports the development of new products and enhancements to existing platforms, such as the da Vinci system and related technologies.\n\nThis focus on innovation is critical to maintaining Intuitive's competitive position, as the company faces increasing competition from established firms like Johnson & Johnson and Medtronic, as well as a growing list of new entrants developing robotic-assisted surgical systems (Chunks 1, 5, 8, 10). Intuitive believes that continued clinical and technical innovation, along with quality and reliability, are key to differentiating its offerings and sustaining its leadership in the market (Chunk 11).\n\nIn summary, capital allocation at Intuitive Surgical is strongly directed toward R&D and innovation to address and stay ahead of competitive pressures from both established and emerging robotic surgical companies.","The provided excerpt discusses the competitive landscape and emphasizes the importance of continued clinical and technical innovation, quality, and education in robotic-assisted procedures. However, it does not include specific financial data or numerical details on how Intuitive Surgical allocates capital toward R&D, technical innovation, and clinical education. Without such financial specifics or additional data from the company's financial statements or detailed investor reports, it is not possible to accurately answer the question regarding capital allocation.","10",""
"9","1377d233","Cost structure for cybersecurity at Mohawk Industries, along with its op. profitability and projected long-term impact, focusing on ticker MHK.","I cannot find sufficient information in the provided documents to answer this question.","The information provided allows for a qualitative evaluation of how Mohawk Industries' emphasis on regular cybersecurity assessments, updates to controls, and continuous training may affect its cost structure and operating profitability over the long term. In the near term, these initiatives lead to increased capital and operating expenses as investments are made in personnel (e.g., hiring a dedicated CISO and engaging third‐party cybersecurity firms), training programs, technology, and enhanced incident response capabilities. However, over the long term, such expenditures may provide significant benefits. By reducing the likelihood and severity of cyber incidents, the Company can avoid potentially large financial losses from breaches, disruptions, or regulatory fines. In addition, improved cybersecurity resilience can ensure continuity in operations, protect customer and partner confidence, and reduce unexpected costs related to incident recovery. These risk mitigations can ultimately preserve or enhance operating profitability. Although there are no specific quantitative details provided to run explicit calculations, the strategic investment in cybersecurity is expected to initially increase costs but generate value over time by minimizing high-impact cyber risks that could adversely affect the Company's financial performance.","1",""
"8","08d88344","Historically, inputs for variable consideration in EW rev rec include data relevant to ticker performance.","I cannot find sufficient information in the provided documents to answer this question.","Edwards Lifesciences incorporates variable consideration into its revenue recognition process by including estimated amounts for discounts, rebates, and potential sales returns in the transaction price, provided it is probable that significant revenue reversal will not occur when uncertainties resolve. Specifically, the company accounts for factors such as sales rebates (including distributor rebates calculated as the difference between the distributor's purchase price and the negotiated end-customer price), discounts, and sales returns. These estimates are based on significant judgments that incorporate several historical data points including:\n\n1. Historical payment experience - This helps in understanding the typical outcomes relative to this variable consideration.\n2. Historical relationships to revenue - Past trends and the relationship between reported revenues and these adjustments provide a basis for projection.\n3. Estimated customer inventory levels - Inventory reports (especially from distributors) are used to estimate liability for future sales returns and rebates.\n4. Contract sales terms with direct and indirect customers - Current agreements provide context and benchmark for estimating future rebates and returns.\n\nIn addition, for returns related to next-generation product offerings, the revenue from earlier generation products is deferred, with estimates based on similar historical data and current market conditions regarding product launches and recalls. The quarterly review of distributor inventories and historical distributor rebate accruals further refine the estimate for rebates. All these historical data points are critical to ensure that the recognized revenue is representative of the expected net consideration ultimately received.","1",""
"11","27127193","Amazon's (AMZN) cybersecurity assessments enhance risk mgmt, bolstering investor confidence.","Amazon enhances its risk management and bolsters investor confidence through comprehensive cybersecurity assessments and controls. The company employs mechanisms, controls, technologies, and systems designed to prevent, detect, or mitigate data loss, theft, misuse, unauthorized access, and other security incidents. As part of its risk management process, Amazon conducts application security assessments, vulnerability management, penetration testing, security audits, and ongoing risk assessments. These processes are supported by a unified, centrally coordinated cybersecurity team led by the chief security officer, with oversight from senior leadership and the Board of Directors, including the Audit and Security Committees.\n\nAdditionally, Amazon requires annual data protection and cybersecurity training for employees and regularly engages external assessors, consultants, and auditors to assist with assessing, identifying, and managing cybersecurity risks. The Board's Security Committee, comprised of independent directors, oversees policies and procedures for protecting Amazon's cybersecurity infrastructure and compliance with regulations, receiving regular reports from management. These rigorous assessment and oversight practices help identify and mitigate material risks from cybersecurity threats, thus strengthening risk management and supporting investor confidence.","The provided information clearly outlines that Amazon employs a layered cybersecurity risk management strategy that incorporates third-party assessments and engagements. These external parties - such as assessors, consultants, and auditors - play a crucial role by providing independent evaluations of Amazon's cybersecurity controls and vulnerabilities. They help verify the effectiveness of internal risk management practices, ensure the implementation of industry best practices, and validate compliance with regulatory requirements. For investors, these third-party engagements are reassuring as they help reduce the likelihood of major security incidents that could lead to financial losses, regulatory fines, or reputational damage. Consequently, these measures enhance investor confidence in the company's financial resilience by ensuring that systemic technological risks are being actively managed, which supports the overall stability and continuity of the business.","10",""
"12","315642bb","Net inc. % change vs. diluted EPS for Chubb (CB) 2022-23.","For Chubb (CB), from 2022 to 2023:\n\n- Net income attributable to Chubb increased from $5,246 million in 2022 to $9,028 million in 2023.\n  - Percentage change in net income: ((9,028 - 5,246) / 5,246) x 100% ≈ 72.1% increase.\n\n- Diluted earnings per share (EPS) increased from $12.39 in 2022 to $21.80 in 2023.\n  - Percentage change in diluted EPS: ((21.80 - 12.39) / 12.39) x 100% ≈ 75.9% increase.\n\nIn summary:\n- Net income increased by approximately 72.1%.\n- Diluted EPS increased by approximately 75.9%.","From the provided data, we can calculate the percentage increase in net income attributable to Chubb from 2022 to 2023 and compare it to the percentage change in diluted earnings per share.\n\n1. Net income attributable to Chubb increased from $5,246 million in 2022 to $9,028 million in 2023. The percentage change in net income is calculated as:\n   (9,028 - 5,246) / 5,246 x 100 ≈ 72%. \n\n2. The diluted earnings per share increased from $12.39 in 2022 to $21.80 in 2023. The percentage change in diluted EPS is:\n   (21.80 - 12.39) / 12.39 x 100 ≈ 76%.\n\nThe observed relationship is that while net income increased by approximately 72%, the diluted EPS increased by about 76%. This slightly higher increase in diluted EPS compared to net income suggests that in addition to stronger profitability, there was a modest favorable effect from capital structure changes such as a reduction in the diluted share count (as indicated by the denominators for diluted EPS in 2022 and 2023). In summary, the improvements in both net income and per-share earnings reflect enhanced operational performance and efficient capital allocation.","10",""
"10","074679b1","Valuation of Tractor Supply's vendor partnerships cost structure.","Based on the provided information, Tractor Supply sources its products from a group of approximately 1,000 vendors, with around 400 core vendors accounting for 90% of merchandise purchases in fiscal 2023. No single vendor represented more than 10% of total purchases, which helps diversify supply risk and suggests no vendor has outsized pricing power over the company. Tractor Supply has not faced significant challenges in finding alternative sources of supply, despite global supply chain disruptions.\n\nThe company has dedicated buying, inventory management, merchandise planning, and pricing teams to focus on procurement, vendor reviews, assortment planning, and market-specific pricing. These efforts are aimed at optimizing inventory productivity and maintaining a strong in-stock position.\n\nWhile specific cost structures for vendor partnerships are not detailed in the provided context, it is evident that Tractor Supply manages its vendor relationships to ensure competitive pricing and flexibility. The company has also benefited from lower transportation costs and disciplined product cost management, which have positively impacted gross margin.\n\nIn summary, Tractor Supply's vendor partnership cost structure is characterized by a broad and diversified vendor base, strong procurement and inventory management practices, and ongoing efforts to optimize costs and improve gross margin. However, the exact financial terms or valuation of these vendor partnerships are not specified in the provided documents.","The provided narrative data explains that Tractor Supply Company benefits from vendor partnerships through temporary cost reductions and supplemental funding. Qualitatively, these arrangements help the company in two major ways:\n\n1. Impact on Cost Structure: Vendor cost reductions can lower the actual cost of goods sold for specific items by temporarily reducing purchase prices, while supplemental funding can offset marketing and promotional expenses. Together, they can improve gross margins and reduce operational expenses. For example, cost savings on inventory might allow the company to pass some savings along to customers (supporting its ""everyday low price"" philosophy) while still maintaining healthy margins. This strategic cost management can enhance overall profitability, especially when such support helps drive increased volume and in-store traffic.\n\n2. Impact on Valuation Metrics: Improvements in margins and profitability can favorably affect valuation multiples such as EV/EBITDA or P/E ratios. When vendor partnerships lower expenses and strengthen the bottom line, free cash flow may improve, thereby reducing risk and potentially increasing the firm's attractiveness to investors. Although the narrative does not provide quantitative figures or specific timing for these adjustments, the overall implication is that such partnerships can enhance the company's financial performance, leading to stronger valuation metrics as analysts factor in an improved cost structure and a more robust earnings outlook.\n\nIn summary, while we lack precise quantitative data to calculate exact impacts, the qualitative impact is clear: these vendor relationships help Tractor Supply manage costs more efficiently and support higher margins, which in turn can contribute positively to its valuation metrics by boosting profitability and reducing overall business risk.","6",""
"14","a316af4a","Impact on diluted EPS for NCLH if anti-dilutive exch. notes are included.","If anti-dilutive exchangeable notes are included in the calculation of diluted EPS for Norwegian Cruise Line Holdings Ltd. (NCLH), the diluted EPS would be artificially reduced, potentially understating the company's earnings per share. The provided context explains that during the years ended December 31, 2023, 2022, and 2021, NCLH excluded its exchangeable notes from the diluted weighted-average shares outstanding because including them would have been anti-dilutive. Including anti-dilutive instruments in diluted EPS calculations is not appropriate under accounting standards, as it would lower the reported diluted EPS without reflecting a real dilution to shareholders. Therefore, the proper approach is to exclude such anti-dilutive securities from the diluted EPS calculation, as NCLH has done.\n\nIn summary, including anti-dilutive exchangeable notes in diluted EPS would decrease the reported diluted EPS, but this would not accurately represent the true dilution to shareholders and would not comply with standard accounting practices.","Because the exchangeable notes have been determined to be anti‐dilutive, their inclusion would not decrease (dilute) EPS but instead would produce a diluted EPS that is numerically higher (i.e. less dilutive) than the basic EPS. In other words, if the exchangeable notes were hypothetically included in the calculation, the adjustment (for example, any interest benefit added back to net income) combined with the additional shares issued would result in an EPS that exceeds the basic EPS. Since the purpose of the diluted EPS measure is to show the worst‐case (lowest) EPS outcome when all dilutive instruments are considered, including instruments that increase EPS (i.e., are anti‐dilutive) is not permitted. Thus, their inclusion would artificially inflate the EPS figure relative to the basic EPS.","4",""
"15","b1390dd8","Impact of revenue recognition criteria on Kimberly-Clark (KMB)","I cannot find sufficient information in the provided documents to answer this question.","The criteria outlined in the reference ensure that revenue is recognized only when there is a solid assurance of future cash inflows and completion of the sales transaction. Specifically, having a firm sales agreement means that the transaction is contractually binding, reducing the risk of later disputes or cancellations. Fixed or determinable pricing eliminates uncertainty regarding the revenue amount, ensuring that recognized revenues accurately reflect the economic benefit of the transaction. Finally, reasonably assured collection confirms that the customer is expected to pay, thereby mitigating the risk of revenue reversals due to nonpayment. Collectively, these requirements enhance the reliability and quality of the reported revenue, making it a more trustworthy indicator for evaluating Kimberly-Clark's financial health. This approach minimizes the recognition of speculative or uncertain revenues and leads to a more predictable and consistent picture of future cash flows and profitability.","1",""
"13","2916277a","FE ratio of earnings to revs for 2023.","For 2023, FirstEnergy's earnings attributable to the company from continuing operations were $1,123 million and total revenues were $12,870 million.\n\nThe ratio of earnings to revenues for 2023 is calculated as follows:\nRatio = Earnings / Revenues = $1,123 million / $12,870 million ≈ 0.0873, or 8.7%.","To determine the profitability from a shareholder perspective for 2023, we use the ratio of earnings attributable to FirstEnergy Corp. (1,102 million) to total revenues (12,870 million). The calculation is as follows:\n\nProfitability Ratio = (Earnings Attributable / Total Revenues) = 1,102 / 12,870 ≈ 0.0856\n\nExpressed as a percentage, this ratio is approximately 8.56%. This indicates that for every dollar of revenue, FirstEnergy Corp. generated about 8.56 cents of earnings attributable to the corporation in 2023.","8",""
"16","250330d5","AI investments by Intuit impact operational efficiency margin.","Based on the provided context, Intuit has made significant investments in artificial intelligence (AI) to enhance its platform and deliver improved customer experiences. These investments in AI, including knowledge engineering, machine learning, and generative AI, are aimed at reimagining customer experiences and providing ""done for you"" services (Chunk 1).\n\nHowever, the context also notes that developing, testing, and deploying resource-intensive AI systems may require additional investment and increase Intuit's costs (Chunk 3, Chunk 5). While AI can create operational efficiencies by automating tasks and delivering expert services at scale, the additional costs and resource requirements of building and maintaining these AI systems may impact the company's overall operational efficiency margin, especially if the expected benefits from these investments are not fully realized (Chunk 8).\n\nIn summary, while AI investments have the potential to improve operational efficiency, they may also increase operational costs in the short term, which could impact Intuit's operational efficiency margin. The overall effect will depend on how successfully Intuit can leverage AI to generate efficiencies that outweigh these additional costs.","Intuit's substantial investment in AI--including generative AI and machine learning--drives operational efficiency and improves margin performance in several key ways. First, by automating complex customer interactions with ""done for you"" experiences, the company reduces manual data entry and lowers operational friction. This automation not only speeds up service delivery but also minimizes the resource intensity of individual customer engagements, thus reducing overall operating costs. Second, the use of advanced machine learning models and contextual data, covering areas like small business, consumer finance, and tax, enables the company to offer highly personalized and proactive financial insights. This enhances customer experience and retention while reducing the need for extensive support staff. Third, leveraging AI-powered virtual experts and large language models streamlines decision-making processes both for customers and the company, leading to quicker resolutions and better allocation of internal resources. Collectively, these efficiencies support a leaner operating model which, over time, can translate into improved margin performance as costs decrease relative to revenues. While the provided data does not offer specific quantitative metrics, the qualitative strategy clearly outlines the impact of AI investments on creating scalable and cost-effective operations that underpin improved margins.","6",""
"18","f3e43dc3","Trust balance L rate volatility vs guarantee liabilities.","Based on the provided context, the volatility of interest rates (often referred to as ""L rate"" or long-term rate volatility) has a significant impact on the valuation of guarantee liabilities, particularly those associated with insurance and annuity products.\n\nKey points from the context:\n\n- Increases or decreases in interest rates (including long-term rates) can lead to significant changes in the fair value of guarantee liabilities. For example, KKR shows that a hypothetical +50 basis points (bps) change in interest rates can reduce guarantee liabilities, while a -50 bps change can increase them (Chunk 8).\n- For products with guarantees, such as variable annuities or universal life contracts, the liability is calculated using discounted cash flows. The discount rate (impacted by interest rate volatility) is a critical assumption in this process (Chunks 6, 7, 8, 11).\n- Higher long-term interest rates generally decrease the present value of future guarantee payments, thus reducing the liability. Conversely, lower interest rates increase the present value and the liability (Chunks 6, 8).\n- Volatility in interest rates can also create volatility in reported net income and other comprehensive income, as changes in the fair value of guarantees flow through these financial statements (Chunks 2, 5, 8, 11).\n- Hedging strategies are often used to manage some of this volatility, but these may not be fully effective, and residual volatility remains (Chunks 2, 4, 14).\n\nIn summary: Volatility in long-term interest rates directly impacts the valuation of guarantee liabilities, with increases in rates generally reducing the liability and decreases increasing it. This relationship introduces volatility in financial results tied to these liabilities.","Fluctuations in interest or discount rates can materially impact the sufficiency of the trust balance when compared to the guarantee liabilities. Because the trust is maintained to approximate the discounted value of future annuity payments (reserve liabilities), any change in discount rates will alter the present value of these liabilities. For example:\n\n1. Lower Discount Rates: A decrease in discount rates increases the present value of the future annuity payments, meaning that the liabilities as computed on a discounted basis would be higher. If the trust balance is not adjusted upward accordingly, it might become insufficient to cover the higher present value of the obligations.\n\n2. Higher Discount Rates: Conversely, an increase in discount or interest rates decreases the present value of the future annuity cash flows. This could result in the trust balance exceeding the required amount, potentially providing a cushion or surplus. \n\nThe key insight is that the adequacy of the trust balance is sensitive to the interest rate environment - if discount rates move unfavorably (i.e., decrease), the trust may need to be topped up to remain sufficient against the guarantee liabilities, and vice versa. While the provided information does not include specific rates or cash flow details to perform a numerical calculation, the conceptual impact of interest rate fluctuations on the discounted liabilities and thus on the sufficiency of the trust balance is clear.","8",""
"17","8e621ede","FS Snap-on rev/exp impact on op earnings & segment growth.","Financial Services (FS) at Snap-on impacts operating earnings and overall segment growth as follows:\n\n- Financial services revenue was $378.1 million in 2023, up from $349.7 million in 2022. Financial services operating earnings were $270.5 million in 2023, compared to $266.0 million in 2022 ([Chunk 9], [Chunk 11]).\n- The FS segment consists of Snap-on's finance subsidiaries, providing financing for customers of its tools and equipment. Its operating earnings are reported separately from the core tool and equipment operations ([Chunk 3], [Chunk 12]).\n- In consolidated results, FS operating earnings contribute directly to total operating earnings. For 2023, total operating earnings were $1,310.4 million, with $1,039.9 million from operations (tools, diagnostics, etc.) and $270.5 million from financial services ([Chunk 11]).\n- Financial services expenses (such as interest and other costs) are deducted from FS revenue to arrive at FS operating earnings ([Chunk 11]).\n- While the FS segment had modest growth (operating earnings increased by $4.5 million or 1.7% in 2023), it provides a significant and stable earnings stream, supporting Snap-on's consolidated operating margin and overall segment growth.\n\nIn summary, Financial Services provides a steady, positive impact on Snap-on's operating earnings and supports consolidated segment growth by contributing a reliable earnings base alongside the company's core operations.","The provided data allows us to assess the effect of the financial services segment on overall operating earnings. Over the three years, Snap-on's financial services revenue increased from $349.7 million in 2021 to $378.1 million in 2023 - roughly an 8% increase - while financial services expenses increased from $77.7 million to $107.6 million during the same period. When you look at the net operating earnings from financial services it remained relatively stable: $272.0 million in 2021, $266.0 million in 2022, and $270.5 million in 2023. This indicates that despite the increase in revenue, higher associated expenses largely offset potential margin gains, so that the net contribution from the financial services segment has not significantly improved over the period.\n\nExamining the overall operating earnings perspective, Snap-on reported consolidated operating earnings of $1,123.5 million in 2021 and $1,310.4 million in 2023. Comparing the breakdown, in 2021 the operating earnings before financial services were $851.5 million and in 2023 they were $1,039.9 million. Adding the financial services contribution, the percentage of earnings coming from this segment was about 24.2% in 2021 (272.0/1,123.5) and roughly 20.7% in 2023 (270.5/1,310.4). Thus, while both core operations and the financial services segment grew, the relative contribution of the financial services segment to overall operating earnings slightly declined. \n\nIn summary, the data shows that although financial services revenue increased, the parallel rise in expenses kept the net contribution flat. This indicates that while the financial services segment continues to be an important, stabilizing contributor to overall profitability, its role in driving growth has been modest compared to the consistent expansion seen in the underlying operating earnings of Snap-on's core business.","8",""
"19","01e84425","MRO's legal/regulatory impact on growth & competitive positioning.","Based on the provided context, Marathon Oil Corporation (MRO) is subject to various legal and regulatory proceedings, including lawsuits related to royalties, contracts, taxes, and environmental claims. Of particular note, government entities in several states have filed lawsuits against companies that produce fossil fuels, including MRO, seeking damages for the alleged impacts of greenhouse gas (GHG) emissions and climate change. These lawsuits are ongoing, and similar actions may be filed in the future. While the ultimate outcome cannot be predicted with certainty, MRO believes that the resolution of these proceedings will not have a material adverse effect on its business or operations at this time (Chunk 14).\n\nFrom a regulatory perspective, MRO emphasizes compliance with accounting, reporting, and internal control standards, as well as oversight from its Board of Directors and Audit and Finance Committee (Chunk 7). The company also highlights its commitment to responsible operations, safety, and ethical conduct as part of its business strategy, which may help maintain its license to operate and support long-term value creation (Chunk 9).\n\nOverall, while legal and regulatory challenges--particularly those related to environmental and climate issues--pose risks that could affect MRO's growth or competitive positioning, the company currently assesses these risks as not materially adverse to its operations. However, ongoing litigation and evolving regulations in the fossil fuel sector remain factors that could impact MRO's future growth and competitive stance.","Based on the provided information, the unresolved litigation and regulatory issues could have several potential impacts on Marathon Oil's future growth prospects and competitive positioning. First, if monetary sanctions, fines, or increased operating and capital costs materialize as a result of environmental violations and litigation, they could negatively affect the company's profitability and cash flow. These additional expenses might limit the funds available for capital expenditures or growth initiatives. Second, the uncertainty surrounding the financial impacts--exacerbated by unresolved negotiations with the EPA and Department of Justice--introduces a measure of risk that could potentially deter investors or increase the cost of capital. Third, while these challenges can strain the company's margins, it is noted that many industry competitors face similar environmental regulations, which could somewhat level the playing field; however, if Marathon Oil's issues turn out to be more severe than those of its peers, its competitive positioning could be adversely affected. In summary, if these legal and regulatory matters result in higher than anticipated costs or penalties, Marathon Oil's future growth could be constrained through reduced investment capacity and increased operational risks, ultimately affecting its long-term competitive stance in the industry.","7",""
"20","710aefd3","Impact of growth on supply chain resiliency for EXPD.","Growth at Expeditors (EXPD) has a direct impact on supply chain resiliency in several ways:\n\n- As the company grows, it emphasizes building strategies around supply chain resiliency, agility, sourcing, and inventory optimization. The disruptions caused by events like COVID-19 have led many customers to demand more resilient supply chains, and Expeditors is responding by developing innovative solutions to meet these evolving needs (Chunk 1).\n\n- Expeditors focuses primarily on organic growth, supplemented by strategic acquisitions, rather than aggressive acquisition strategies that have challenged competitors. This focus allows the company to maintain fully integrated transportation, customs brokerage, and accounting systems on a common technology platform across all districts, enhancing operational consistency and flexibility (Chunk 1, Chunk 3).\n\n- The company invests significantly in technology and digital solutions, maintaining a single, internally developed, globally connected platform. This approach enables Expeditors to quickly adapt to changes, ensure data quality and visibility, and respond to disruptions, which are key components of supply chain resiliency (Chunks 3, 4, 13).\n\n- Expeditors' growth strategy includes close management of service provider relationships and a flexible carrier strategy, allowing the company to secure needed capacity even during periods of high demand or disruption. Maintaining strong partnerships with carriers helps mitigate risks associated with capacity shortages and volatility in the market (Chunks 2, 11, 16).\n\nIn summary, growth at Expeditors is closely tied to supply chain resiliency through a focus on integrated technology, organic expansion, strong service provider relationships, and the ability to innovate and adapt to changing market conditions. This enhances Expeditors' ability to respond to disruptions and maintain high service levels for its customers.","The provided data clearly indicates that Expeditors is well positioned to capitalize on evolving customer requirements driven by the shift toward supply chain resiliency due to disruptions like COVID-19. Expeditors' significant investment in integrated technology and digital solutions (such as quoting, booking, freight tracing, tracking, and data analytics) is a key differentiator. These systems enable them to provide timely and accurate supply chain information, an essential feature for customers looking to optimize inventory and improve supply chain agility. Moreover, their approach of maintaining a fully integrated transportation, customs brokerage, and accounting system across all districts allows them to adapt quickly, which is critical when customers demand faster and more reliable supply chain solutions.\n\nFurthermore, unlike many competitors that have relied on mergers and acquisitions (often accompanied by significant goodwill), Expeditors has pursued a strategy that emphasizes organic growth supplemented by strategic acquisitions. This provides them with a solid internal infrastructure and the flexibility to innovate and adjust to evolving market conditions. The combination of their robust systems and focus on enhancing digital capabilities therefore positions the company favorably to attract and retain customers who are increasingly prioritizing supply chain resilience and agility.\n\nIn terms of future growth potential, these strengths should help drive revenue growth as customers in various industries seek more sophisticated supply chain solutions. However, the landscape remains competitive--with new tech-based entrants and larger players with considerable resources also vying for market share. Overall, while competition remains intense, Expeditors' commitment to customer service, integrated technology platforms, and targeted organic growth gives it a competitive advantage that could support sustainable long-term growth.","9",""
"22","514c405e","AMETEK (AME) determines rev rec timing & control transfer indicators based on the terms of the sale, shipping terms, & transfer of risks & rewards.","AMETEK (AME) recognizes revenue primarily at the point in time when control of the product is transferred to the customer. The transfer of control is typically evidenced by one or more of the following indicators: the customer having legal title to the product, AMETEK's present right to payment, the customer's physical possession of the product, the customer accepting the product, or the customer having the benefits of ownership or risk of loss. In cases where title and risk of loss transfer at the point of delivery, revenue is recognized upon delivery, provided all other revenue recognition criteria are met.\n\nFor certain contracts, particularly involving custom-made equipment or service repairs, AMETEK recognizes revenue over time if the product has no alternative use and the company has an enforceable right to payment for performance completed to date. Progress toward completion is measured mainly using the cost-to-cost input method, reflecting the proportion of costs incurred to date relative to total estimated costs (or, in some cases, labor hours).\n\nThus, AMETEK's revenue recognition timing and transfer of control are determined based on the specific terms of the sale, shipping terms, and the transfer of risks and rewards to the customer.","AMETEK, Inc. determines the point of revenue recognition for product sales when the customer obtains control of the product. This control transfer is evidenced by several indicators, including: (1) the customer obtaining legal title to the product; (2) the Company having a present right to payment; (3) the customer taking physical possession of the product; (4) the customer accepting the product; and (5) the customer receiving the benefits of ownership and assuming the risks of loss. In cases where title and risk of loss transfer at the point of delivery (which applies to a small percentage of sales), revenue is recognized upon delivery if all other criteria for revenue recognition have been met.","10",""
"24","9d57e365","Trends in DLR equity for 2022-23: APC, divs, comp losses, and overall fin health, dist. - DLR","Based on the provided context, here is a summary of trends in Digital Realty Trust, Inc. (DLR) equity for 2022-2023, focusing on additional paid-in capital (APC), dividends, comprehensive losses, overall financial health, and distributions:\n\n**Additional Paid-in Capital (APC):**\n- In 2023, DLR generated significant net proceeds from equity issuances:\n  - Approximately $1.1 billion from 11.3 million common shares under the 2022 ATM Equity Offering at an average price of $96.35/share.\n  - Approximately $1.1 billion from 8.7 million common shares under the new 2023 ATM Equity Offering at an average price of $133.21/share.\n  - Total: About $2.2 billion in new equity capital was raised in 2023 (Chunk 4, Chunk 14).\n- No sales under the 2022 Sales Agreement in 2022 (Chunk 4).\n\n**Dividends/Distributions:**\n- Annual rate of distribution per unit in 2023 was $4.880 (Chunk 1).\n- Distributions are generally funded by operating cash flow, but the company may use borrowings under its credit facility if needed (Chunk 1).\n- DLR intends to continue making regular quarterly distributions, with amounts depending on cash flow, financial condition, and REIT requirements (Chunk 6).\n\n**Comprehensive Losses:**\n- Net income available to common stockholders:\n  - 2023: $908.1 million\n  - 2022: $337.0 million (rounded)\n- Diluted earnings per share:\n  - 2023: $3.00\n  - 2022: $1.11\n- No specific mention of comprehensive losses, but net income and EPS increased significantly from 2022 to 2023, indicating improved profitability (Chunk 3).\n\n**Overall Financial Health:**\n- DLR completed significant asset sales and joint ventures in 2023, raising cash and recognizing gains:\n  - Sale of three non-core assets for $341 million, net gain of $87 million.\n  - Joint venture with GI Partners, derecognized data centers, and recognized a gain of $238 million (Chunk 14).\n- DLR maintains a conservative capital structure, targeting a debt-to-Adjusted EBITDA ratio around 5.5x, fixed charge coverage >3x, and floating rate debt <20% of total debt (Chunk 14).\n- As of June 30, 2023, the aggregate market value of common equity held by non-affiliates was ~$34 billion (Chunk 10, Chunk 11).\n- Shares outstanding as of February 21, 2024: 312,293,563 (Chunk 10, Chunk 11).\n\n**Distributions:**\n- Distributions to stockholders are regular and primarily funded by operating activities. However, DLR may use borrowings if necessary (Chunk 1, Chunk 6).\n\n**Summary:**\nFrom 2022 to 2023, DLR strengthened its equity base through substantial new equity issuances, increased net income and EPS, and continued regular distributions. The company executed strategic asset sales and joint ventures to raise cash and recognize gains, supporting its overall financial health. DLR maintains a conservative financial policy and has a strong market capitalization, indicating robust financial health and distribution capacity.","Between 2022 and 2023, Digital Realty Trust's equity section shows some important shifts among its components:\n\n1. Additional Paid-In Capital (APIC) increased from $22,142,868 to $24,396,797, an increase of approximately $2.25 billion. This suggests that during the period the company raised additional funds from equity issuance or received excess proceeds relative to the par value, helping bolster its equity base.\n\n2. Accumulated Dividends in Excess of Earnings worsened from -$4,698,313 in 2022 to -$5,262,648 in 2023. The further negative balance indicates that the company continued to distribute dividends in excess of its earnings. This is not uncommon in REITs and similar companies where steady, often high, dividend distributions are a priority to maintain investor appeal. However, it also means that its retained earnings--or cumulative earnings--are being eroded by these dividend payments.\n\n3. Accumulated Other Comprehensive Loss increased from -$595,798 to -$751,393, a deterioration of about $155,595. This increase in cumulative comprehensive losses may be attributable to adjustments in valuation or other items reflected in OCI, and while it adds to the negative components of equity, its impact is less pronounced than that seen under the dividends account.\n\nWhen considering the overall equity position, total stockholders' equity increased from $17,583,334 in 2022 to $19,117,534 in 2023. This net increase is largely supported by the rise in APIC, suggesting that the capital raised more than offset the deeper negative balances in the accumulated dividends and comprehensive losses.\n\nImplications for Financial Health and Distribution Policies:\n- The growth in APIC implies that the company has been successful in attracting additional investor capital, which can strengthen its balance sheet and support future growth initiatives. \n- On the other hand, the deepening accumulated deficits--both in excess dividends and comprehensive losses--indicate that the company is committed to a distribution policy (consistent with many REITs) that prioritizes returning cash to shareholders even if it means distributing more than current earnings. \n- The overall increase in total equity, despite these negative counters, suggests that the company is managing these trade-offs effectively, maintaining a robust equity base while continuing its dividend policies. \n\nIn summary, the evolution of the equity section signals a company that is raising capital efficiently while upholding a distribution policy that emphasizes shareholder returns, which is typical for REITs. However, the persistent negative balance in retained earnings components (dividend payout in excess of earnings and comprehensive losses) may warrant monitoring over time to ensure that such policies do not compromise long-term financial flexibility.","7",""
"21","7bc5a9bc","Agilent governance, insider trading setups, & ownership trends impact cap allocation.","Agilent Technologies has established a comprehensive governance structure and insider trading policies designed to support ethical conduct and compliance with regulations:\n\nGovernance Structure:\n- Agilent's governance framework includes an active Board of Directors, with information about directors, executive officers, and committee structures (such as Audit and Finance, Compensation, and Nominating/Corporate Governance Committees) available on its Investor Relations website.\n- The company's Standards of Business Conduct (including code of ethics provisions for senior officers) are also publicly available, and any amendments or waivers are posted online (Chunks 2, 10).\n\nInsider Trading Setups:\n- Agilent has adopted an Insider Trading Policy that governs the purchase, sale, and disposition of its securities by directors, officers, employees, and the company itself.\n- This policy is designed to promote compliance with insider trading laws, rules, and NYSE listing standards. A copy of the policy is filed as Exhibit 19.1 with the Annual Report on Form 10-K (Chunks 1, 2).\n\nOwnership Trends:\n- Information about security ownership by beneficial owners, management, and related shareholder matters is provided in the Proxy Statement and is incorporated by reference into the Annual Report (Chunks 1, 2).\n- The company also discloses details on its equity compensation plans, including the number of shares authorized and available for issuance under plans such as the Employee Stock Purchase Plan (ESPP) and the 2018 Stock Plan for incentive awards (Chunks 4, 5).\n\nImpact on Capital Allocation:\n- Agilent's capital allocation--including equity compensation, dividends, and share issuance--is influenced by its governance practices and ownership structure.\n- The Board's discretion over dividend payments, share buybacks, and incentive plan awards is guided by considerations of financial condition, earnings, cash needs, and regulatory requirements (Chunk 13).\n- The structure and availability of equity compensation plans (such as options, RSUs, and performance shares) impact how capital is allocated to employees and executives, which can affect dilution and overall shareholder value (Chunks 4, 5).\n\nIn summary, Agilent's strong governance and insider trading controls support prudent capital allocation decisions, while ownership trends--reflected in equity compensation plans and management ownership--shape how resources are distributed among stakeholders.","The provided reference only confirms that, for the quarter ended October 31, 2024, Agilent's officers and directors did not adopt, modify, or terminate any Rule 10b5-1 or non‐Rule 10b5-1 trading arrangements. However, there is no accompanying data concerning trends in insider ownership changes. Without information on how insider ownership has evolved over time, it is impossible to align the absence of changes in trading arrangements with any trends in insider ownership. Likewise, while one might speculate that stable trading arrangements could indicate consistent insider sentiment and a possible signal of cautious or measured future capital allocation, such a conclusion would be speculative without additional quantitative or qualitative data. In summary, the question touches on issues (insider ownership trends and future capital allocation) that cannot be conclusively addressed with the limited information provided.","4",""
"25","36f27611","LYB rev mix evol trade vs related parties 3yr div dependency.","LyondellBasell Industries N.V. (LYB) has had significant related party transactions with its joint venture partners over the last three years. Here's a summary of the relevant information, including revenue mix, evolution of trade with related parties, and dividend dependency:\n\n**1. Revenue Mix (2021-2023):**\nLYB's total sales and other operating revenues by key product lines for the years 2021 to 2023 were as follows (in millions of dollars):\n\n- 2023: $41,107\n- 2022: $50,451\n- 2021: $46,173\n\nThe largest contributors to revenue are:\n- Refined products, polyethylene, polypropylene, oxyfuels and related products, and olefins & co-products.\n- U.S. is the largest geographic market, followed by Germany, China, Japan, and Mexico.\n\n**2. Trade with Related Parties (2021-2023):**\nLYB engages in both sales to and purchases from related parties (primarily joint ventures):\n\n- Sales of products to joint venture partners:\n  - 2023: $614 million\n  - 2022: $1,012 million\n  - 2021: $1,038 million\n\n- Purchases of products from joint venture partners:\n  - 2023: $3,673 million\n  - 2022: $4,837 million\n  - 2021: $4,348 million\n\nThis shows that while sales to related parties have declined over the last three years, purchases from related parties have also decreased but remain significantly higher than sales.\n\n**3. Dividend Dependency:**\nLYB intends to continue to declare and pay quarterly dividends, aiming to increase them over time, subject to general business conditions, financial condition, earnings, cash flow, and capital requirements. Dividends are not subject to UK withholding tax. However, the payment of future dividends remains at the discretion of the Board and is not guaranteed.\n\n**Summary:**\n- LYB's revenue mix is broad, with primary revenue from refined products and polyolefins.\n- Trade with related parties (mainly joint ventures) is material, with purchases from related parties considerably exceeding sales.\n- The company is committed to regular quarterly dividends but these are dependent on financial performance and Board discretion, rather than being directly linked to related party transactions.\n\nIf you need more granular details or calculations, please specify the focus area.","Analysis of the revenue composition can be conducted using the provided income statement data for 2021, 2022, and 2023. In each year, the revenues are broken out into trade and related parties:\n\n- 2021: Total revenue was $46,173 million, with trade revenue at $45,135 million and related parties at $1,038 million. This means trade revenue accounted for approximately 97.75% of total revenue, while related parties contributed about 2.25%.\n\n- 2022: Total revenue was $50,451 million, with trade revenue of $49,439 million and related parties revenue of $1,012 million, representing roughly 98.0% (49,439 / 50,451) from trade and 2.0% from related parties.\n\n- 2023: Total revenue was $41,107 million, with trade revenue at $40,493 million and related parties revenue at $614 million. This breakdown implies trade revenue makes up about 98.5% of the total, with related parties falling to around 1.5%.\n\nFrom this evolution, it is evident that while trade revenue remains overwhelmingly the primary contributor to total revenue, its share slightly increased over time (from approximately 97.75% in 2021 to 98.5% in 2023), with a corresponding decline in the relative contribution from related parties (from 2.25% to 1.5%).\n\nThis indicates that LyondellBasell Industries N.V. has a revenue base that is highly dependent on trade transactions with external customers, with only a minimal exposure to revenue from related parties. The declining proportion of related party revenue suggests the company is either reducing its reliance on intra-group transactions or that these transactions have become less significant relative to its overall external sales. From a diversification perspective, the revenue composition shows a focused reliance on a market-based customer base, which could be viewed positively as it reflects exposure to broad market dynamics and minimizes the risk that might arise from being overly dependent on related entities.","7",""
"27","4dfd5440","R&D vs ops employee ratio at NVDA.","As of the end of fiscal year 2024, NVIDIA had approximately 29,600 employees in total. Of these, 22,200 were engaged in research and development (R&D), and 7,400 were engaged in sales, marketing, operations, and administrative positions. This results in an R&D to operations (including sales, marketing, and admin) employee ratio of about 3:1.","At the end of fiscal year 2024, NVIDIA had approximately 29,600 employees, of which 22,200 were engaged in R&D and 7,400 in sales, marketing, operations, and administration. This results in a ratio of roughly 3 R&D employees for every 1 employee in the other functions, indicating a significant focus on innovation and long-term value creation.","10",""
"23","303b76f5","2023 combined R&D & S&M expense for ABNB vs 2021/22.","Based on the provided context, for Airbnb (ABNB):\n\n- Advertising expenses (a component of Sales and Marketing) were:\n  - $542 million in 2021\n  - $786 million in 2022\n  - $953 million in 2023\n\n- Product development costs (which align with Research and Development) are not given as specific dollar amounts for 2021, 2022, or 2023.\n\nTherefore, while we have the advertising expenses for each year, the total combined Research & Development (Product Development) and Sales & Marketing expenses for ABNB in 2021, 2022, and 2023 cannot be fully determined from the provided context, as the full totals for these categories are not specified--only advertising expenses within Sales and Marketing are.\n\nSummary:\n- 2023 advertising expense (partial S&M): $953 million\n- 2022 advertising expense (partial S&M): $786 million\n- 2021 advertising expense (partial S&M): $542 million\n- No total figures for combined R&D & S&M for any year\n\nI cannot find sufficient information in the provided documents to answer this question fully.","For Airbnb, Inc., the combined investment in growth initiatives is calculated by adding the product development and sales and marketing expenses. In 2023, product development was $1,722 million, and sales and marketing was $1,763 million, totaling $3,485 million. In comparison, in 2021 these expenses were $1,425 million and $1,186 million respectively, combining to $2,611 million, and in 2022 they were $1,502 million and $1,516 million respectively, combining to $3,018 million. This shows that the combined investment in growth initiatives increased by $407 million from 2021 to 2022 and by an additional $467 million from 2022 to 2023.","2",""
"26","f425eda2","Revenue recognition, specifically shipments and delivery timing for Valero, impacts cash flows and contributes to earnings volatility.","For Valero, revenue is recognized when performance obligations are satisfied, which typically occurs at a point in time upon shipment or delivery of products to customers. At this point, control of the products transfers to the customer, who obtains legal title, physical possession, and the significant risks and rewards of ownership. Payment terms vary by customer and delivery method but are usually due in full within two to ten days from the invoice date. In the normal course of business, Valero generally does not accept product returns.\n\nThe transaction price is generally based on commodity market pricing, and for contracts with variable consideration (such as discounts and rebates), Valero estimates the factors affecting these amounts to establish the transaction price.\n\nThis revenue recognition policy directly impacts cash flows, as revenue is recorded when shipment or delivery occurs and payment is typically received soon after, within the stated payment terms. Since a substantial portion of the transaction price is subject to variable, market-based pricing, this can contribute to earnings volatility due to fluctuations in commodity prices. Additionally, the recognition of revenue upon shipment or delivery--rather than upon receipt of payment--means that timing differences between these events can affect cash flows and earnings reported in each period.\n\nIn summary, Valero's practice of recognizing revenue at shipment or delivery ties earnings and cash flows closely to market conditions and the timing of product transfers, which can lead to volatility in reported earnings.","Recognizing revenue at the point of shipment or delivery means that Valero records sales when control of the product transfers to the customer. In practical terms, because control is deemed to be transferred at shipment or delivery, the revenue is recognized immediately at that point, even though the actual cash receipt may follow shortly afterward (typically within two to ten days, as per the company's payment terms). This approach has two primary implications:\n\n1. Timing of Cash Flows: Although revenue is recognized immediately upon delivery, actual cash inflows lag by a few days. This means there is a small gap between the recognition of revenue and the receipt of cash. The short collection period helps align the timing of revenue recognition with cash flows, reducing working capital concerns and ensuring that cash collections are relatively predictable.\n\n2. Earnings Volatility: Since many of Valero's contracts have a transaction price based on commodity market pricing (variable consideration), revenue recognized at the point of shipment can be subject to fluctuations resulting from changes in market prices and variability due to rebates, discounts, or other incentives. This means that even though revenue is recorded when control is transferred, external market conditions can introduce variability in the overall earnings. In periods of high price volatility, the recognized revenue from shipments will more significantly impact the reported earnings, leading to increased earnings volatility.\n\nIn summary, recognizing revenue based on the transfer of control ensures that revenue recognition is closely tied to the occurrence of the performance event (shipment or delivery) with generally prompt cash inflows. However, the variable nature of commodity market pricing and sales incentives can introduce volatility into the earnings, reflecting market conditions even though the cash flow timing is relatively stable due to short payment terms.","10",""
"29","5d752537","Impact of $14M off-market liability amortization on rev & earnings trends for LHX.","The $14 million amortization of off-market contract liabilities was recognized as an increase to revenue for L3Harris (LHX) during the period from the acquisition date through December 29, 2023. This accounting treatment means that as the company incurs costs to satisfy the associated performance obligations, the off-market liability is reduced and a corresponding amount is added to revenue, thereby slightly boosting reported revenue figures.\n\nHowever, this amortization is not a result of new sales activity but rather an accounting adjustment related to the acquisition. Its impact on earnings trends is modest: while it temporarily increases revenue, there is no direct mention in the provided context of a significant effect on overall income, as this is a non-cash adjustment and is part of the acquisition accounting process. The effect on revenue and earnings trends should be viewed as minor in the context of L3Harris's total reported revenue and earnings for the period.","The information provided allows us to determine that the $14 million recognized in amortization of the off‐market contract liabilities has increased revenue during the period by the amount that reflects performance obligations being satisfied. In practical terms, because the fair value of the off-market components (originally a net liability of $95 million) is adjusted over time as contractual performance obligations are met, revenue is recognized incrementally. The $14 million represents the portion of these adjustments that has converted into revenue for the period, thus directly contributing to revenue growth. However, it is important to note that:\n\n1. This revenue recognition is largely a timing adjustment, meaning that while it boosts reported revenue and may improve earnings figures in the short term, it does not necessarily reflect underlying organic growth in the company's core operations.\n\n2. Future earnings will continue to be impacted as further off-market adjustments are amortized. If the company continues to incur costs that are lower than the revenue recognized from the amortization, future earnings could benefit. On the other hand, if the associated costs rise or the pace of performance obligations changes, the net impact on future earnings might be different.\n\n3. The increase in revenue from these adjustments underscores how contractual accounting treatments can affect key performance metrics; analysts and investors should be mindful that these amounts may not be permanent revenue line items in the same manner as recurring operating income.\n\nIn summary, the $14 million has contributed to a boost in current period reported revenue growth, and as the fair value adjustments continue over time, they will systematically add to future revenue. The consequent effect on future earnings will depend on whether the cost structure remains favorable and how consistently the company meets its performance obligations.","7",""
"30","e4f33ef2","Impact on op risk & growth from Bristol-Myers Squibb's workforce dist. BMY.","Bristol-Myers Squibb (BMS) has a workforce of approximately 34,100 employees in 43 countries, with about 59% located in the U.S. (excluding Puerto Rico) and 41% outside the U.S. This global distribution supports BMS's operations in research, manufacturing, and sales, and is a key part of its strategy to innovate and deliver medicines worldwide (Chunk 14).\n\nThe company supplements its workforce with contingent and temporary workers, and uses independent contractors for specialized services. The average tenure of employees is around seven years. BMS's People Strategy emphasizes attracting, developing, and retaining a talented, diverse workforce to drive innovation and meet its business goals (Chunk 14).\n\nFrom an operational risk (op risk) perspective, having a geographically distributed workforce exposes BMS to risks related to compliance with various international laws, currency fluctuations, government-imposed constraints, and other local challenges (Chunk 4). Managing a large global workforce also introduces complexity in maintaining consistent corporate culture, knowledge retention, and regulatory compliance.\n\nFrom a growth perspective, BMS's diverse and international workforce is a competitive advantage, enabling the company to access global talent, foster innovation, and effectively support its global biopharmaceutical business. Investments in employee development, flexible workplaces, and inclusion are viewed as strengths for future growth and for maintaining a competitive edge in recruiting and retaining top talent (Chunk 14).\n\nIn summary: BMS's global workforce distribution contributes to operational complexity and risk but also supports innovation and growth by enabling access to a broad talent pool and supporting the company's international operations.","Bristol-Myers Squibb's global presence, indicated by having 34,100 employees with 59% in the U.S. and 41% internationally, suggests that the company is diversified in its talent base. This distribution may help mitigate operational risks through regional diversification and provide strategic growth opportunities in emerging markets. However, it also implies potential challenges related to managing different regulatory environments and market dynamics across countries.","10",""
"31","68b60a49","BA intl workforce growth: 2023 vs. 2022, ticker at end.","International workforce growth for BA (The Boeing Company) in 2023 compared to 2022 is not specifically detailed in the provided documents. There is information about international market trends, financial results, and industry outlook, but there is no mention of changes in the number of international employees or workforce growth figures.\n\nTicker: BA\n\nI cannot find sufficient information in the provided documents to answer this question.","In 2023, 14% of the 171,000 total employees worked outside the U.S., which is approximately 23,940 employees (171,000 x 0.14). In 2022, 13% of 156,000 employees were located outside the U.S., approximately 20,280 employees (156,000 x 0.13). This represents an increase of roughly 3,660 international employees from 2022 to 2023.","1",""
"28","dcc915af","HP Inc.'s employee engagement & talent strategy (HPQ) impact on long-term competitiveness.","HP Inc.'s employee engagement and talent strategy directly support its long-term competitiveness by fostering a highly engaged, skilled, and diverse workforce that drives innovation and operational excellence.\n\nKey aspects include:\n\n- High Employee Engagement: HP maintains strong engagement, with 90% employee participation in its annual survey and scores exceeding top quartile benchmarks. Regular feedback mechanisms ensure that employee insights are heard and acted upon, strengthening workplace culture and retention (Chunks 1, 9).\n\n- Talent Development: HP invests in comprehensive learning and development programs, emphasizing skill growth in critical areas such as software development, artificial intelligence, and data science. Leadership development, coaching, job rotations, and formal education assistance (Degree Assistance Program) ensure employees are prepared for current and future roles (Chunks 1, 6).\n\n- Diversity and Inclusion: The company prioritizes diversity in its talent pipeline and measures management by objective (MBO) goals related to engagement, diversity, and leadership. This focus supports a wide range of perspectives, fueling innovation (Chunk 1).\n\n- Fair Compensation and Well-being: HP regularly reviews pay practices for equity, offers comprehensive benefits, and provides wellness programs addressing physical, financial, and emotional health, all of which help attract and retain top talent (Chunks 1, 14).\n\nBy investing in employees' growth, engagement, and well-being, HP creates a resilient, high-performing organization capable of adapting to change and sustaining its competitive advantage in the long term.","The reference highlights that HP Inc. employs approximately 58,000 employees across 59 countries and focuses on enhancing employee engagement through diversity, inclusion, and leadership development initiatives. This strategy aims to create transformative solutions and foster a productive work environment, which can bolster the company's innovation capabilities and competitive positioning over time.","10",""
"32","bde569b9","Risk oversight in cybersecurity by SCHW boosts investor confidence.","Schwab's robust approach to cybersecurity risk oversight can help boost investor confidence. The company's Board of Directors, through its Risk Committee, actively oversees management's processes for risk management, including cybersecurity risks. Schwab has an established information security program that integrates advanced tools, controls, and technologies to protect client accounts and data. The Chief Information Security Officer (CISO), who has extensive experience, leads a large, certified cybersecurity team and reports regularly to senior management and the Board's Risk Committee on prevention, detection, mitigation, and remediation efforts.\n\nSchwab continuously monitors its systems, collaborates with government agencies and industry partners, and engages external cybersecurity experts to assess vulnerabilities and practices. The company also maintains policies and training for employees handling sensitive information. This comprehensive governance, regular oversight, and transparent communication demonstrate a strong commitment to managing cybersecurity risks, which can reassure investors about the company's resilience and risk management capabilities.","The board oversight, particularly through the Risk Committee, plays a critical role in the effective management of cybersecurity risks by ensuring that management's risk assessment and mitigation processes are robust, comprehensive, and aligned with the overall enterprise risk management framework. The Risk Committee not only assists the Board of Directors in fulfilling their oversight responsibilities by reviewing cybersecurity strategies and incident response plans, but it also reinforces a culture of accountability and continuous improvement in risk management practices. This oversight involves regular evaluation of cybersecurity controls, escalation procedures for material cybersecurity incidents, and collaboration with external experts and government entities to stay ahead of potential threats.\n\nFor investors, effective board oversight--in which the Risk Committee actively participates--serves as a strong signal that the company is proactively managing substantial risks. This, in turn, can enhance investor confidence by reducing the perceived likelihood of disruptive cybersecurity incidents that might negatively impact the company's financial performance or reputation. Essentially, proactive risk governance decreases uncertainty, supports business continuity, and protects stakeholder value, all of which are viewed favorably in the context of a company's long-term strategic and financial planning.","9",""
"33","930c4b78","deferred rev impact on inc timing and predictability for subscriptions in pay TV, News Corp (NWSA).","For News Corp (NWSA), deferred revenue significantly impacts the timing and predictability of income from subscriptions, including pay TV and other subscription-based services.\n\n- Timing: Subscription payments are generally received in advance (usually at the beginning of the month), and these payments are recorded as deferred revenue. Revenue is then recognized over the subscription term as the related services or products are delivered (e.g., home delivery, digital subscriptions, pay TV, streaming, broadband, and phone services). This means income from subscriptions is recognized over time, matching the delivery of service rather than when cash is received, which smooths revenue recognition across reporting periods (Chunk 1).\n\n- Predictability: Because most subscription customers pay in advance and revenue is recognized systematically as services are provided, deferred revenue provides a predictable stream of future revenue. The deferred revenue balance indicates the portion of subscription payments already received but not yet recognized as income, allowing for better forecasting of future recognized revenue. For example, at fiscal year-end June 30, 2024, NWSA had a deferred revenue balance of $551 million, with $570 million of revenue recognized during the year that was previously included in deferred revenue (Chunk 2).\n\nIn summary, deferred revenue for News Corp subscriptions aligns revenue recognition with service delivery, enhancing predictability and smoothing income timing for pay TV and other subscription services.","The provided data on the Company's deferred revenue arrangements for subscriptions and pay television services directly informs the impact on both timing and predictability of income streams. Specifically, the key points are:\n\n1. Timing of Revenue Recognition: Payments for subscriptions (both digital and print) and pay television services are received in advance. However, revenue is not recognized immediately; it is deferred and then recognized over the subscription term or as services are provided. This means that even though cash is received upfront, the actual revenue is recognized steadily over time as the contractual service or product delivery occurs.\n\n2. Predictability of Income Streams: This deferral approach provides a predictable pattern of revenue recognition because it smooths out the impact of fluctuations in cash receipts. Subscribers typically engage on longer-term contracts (whether monthly or longer), and revenue is recognized on a systematic basis. As a result, once the existing deferred revenue is mapped over the future periods, it becomes easier for financial analysts and management to forecast future revenue streams, even if there is significant seasonality or variability in cash receipts.\n\nIn summary, deferred revenue arrangements for subscriptions and pay television services ultimately lead to a delayed but systematic recognition of revenue. This both enhances the predictability of future income (due to the consistent unfolding of previously deferred amounts) and aligns revenue recognition with the actual delivery of services, even if the cash is collected upfront.","10",""
"34","e9e6207f","Debt terms, interest exp., & proj. for Molson Coors.","Molson Coors' debt terms and interest expense are as follows:\n\nDebt Terms (as of December 31, 2023):\n\n- Long-term debt includes:\n  - EUR 800 million 1.25% notes due July 2024 ($883.1 million)\n  - CAD 500 million 3.44% notes due July 2026 ($377.6 million)\n  - $2.0 billion 3.0% notes due July 2026\n  - $1.1 billion 5.0% notes due May 2042\n  - $1.8 billion 4.2% notes due July 2046\n  - Finance leases and other debt\n- Total long-term debt (including current portion): $6,202.4 million\n- Less: current portion of long-term debt ($890.3 million)\n- Short-term borrowings: $21.5 million\n- The company repaid its CAD 500 million 2.84% notes upon maturity in July 2023.\n\nInterest Expense:\n\n- Interest expense for the year ended December 31, 2023: $234.0 million\n- Interest expense for 2022: $250.6 million\n- Interest expense for 2021: $260.3 million\n\nProjections:\n\nThe provided context does not include explicit forward-looking projections for debt or interest expense.\n\nSummary:\n\nMolson Coors carries a diversified portfolio of long-term debt with maturities ranging from 2024 to 2046 and coupon rates between 1.25% and 5.0%. In 2023, the company incurred $234 million in interest expense, a decrease from prior years. There is no specific information available regarding future projections for debt or interest expense in the provided documents.","The provided debt table allows us to analyze the composition of Molson Coors' fixed‐rate debt instruments in terms of interest rate levels and maturities, enabling us to infer aspects of its future interest expense profile and potential profitability effects. Key inferences include:\n\n1. **Fixed-Rate Exposure**: The debt instruments listed all have fixed coupon rates (ranging from a low 1.25% on the EUR notes due in July 2024 to higher rates such as 5.0% on the notes due May 2042). This means that, aside from any refinancing activity, the interest expense on these instruments is predictable over their remaining lives.\n\n2. **Near-Term Maturities**: Notice that there is a current portion of long-term debt and short-term borrowings (combined amount of approximately $911.8 million as of December 31, 2023) that will need to be refinanced soon. For instance, the CAD 500 million 2.84% notes (originally due July 2023) and the EUR notes and finance leases falling in the near-term add to refinancing risk. If market interest rates have risen since these instruments were issued, refinancing could lead to acquiring new debt at higher interest rates, thereby increasing future interest expenses and potentially pressuring profitability.\n\n3. **Longer-Term Debt Costs**: The instruments with longer maturities (e.g., 3.44% notes due July 2026, 5.0% notes due May 2042, and 4.2% notes due July 2046) lock in relatively stable interest costs over the longer term. This reduces the immediate volatility of interest expense, yet if overall market rates fall significantly, the company might find itself paying a premium relative to current rates.\n\n4. **Future Interest Expense Profile**: In the near term, Molson Coors may face a noticeable impact on its interest expense due to the refinancing of maturing debt. Specifically:\n   - If refinancing occurs in a higher interest rate environment, the overall cost of capital may increase, thereby compressing net profit margins.\n   - Conversely, if market conditions allow for refinancing at comparable or lower rates, the company may maintain its current interest burden. \n\n5. **Profitability Considerations**: The potential increase in interest expenses from refinancing risk can reduce net income if higher borrowing costs are not offset by revenue growth or operational efficiencies. The firm's strategic decisions regarding capital allocation and debt management will be crucial in mitigating these risks.\n\nIn summary, while the fixed-rate nature of most instruments provides some cost certainty, the upcoming refinancing of near-term debt exposes Molson Coors to potential increases in interest expenses, which could negatively affect profitability if market rates rise. This risk highlights the importance of managing refinancing strategies and overall debt maturity profiles to safeguard future operating margins.","7",""
"35","ca304972","Investing cash flow drivers for Fair Isaac Corp (FICO) in 2024 and the impact of mktble sec. on strategy.","For Fair Isaac Corporation (FICO) in fiscal 2024, the primary drivers of investing cash flows are not explicitly detailed in the provided documents. However, there is relevant information regarding the company's approach to investments and marketable securities:\n\n- FICO's investing activities include the management of cash, cash equivalents, and marketable securities. As of September 30, 2024, FICO held $150.7 million in cash and cash equivalents and $45.3 million in marketable securities at fair value (Chunk 1).\n- The marketable securities are primarily long-term equity securities held under a supplemental retirement and savings plan for certain officers and senior management employees. These are treated as trading securities and are recorded at fair value. FICO did not classify any securities as held-to-maturity or available-for-sale during fiscal years 2022-2024 (Chunk 2).\n- FICO's policy is to place its cash, cash equivalents, and marketable securities with high-quality financial institutions, commercial corporations, and government agencies to limit credit exposure and manage risk through diversification (Chunk 2).\n\nImpact of Marketable Securities on Strategy:\n- The marketable securities held by FICO are mainly for employee benefit purposes (supplemental retirement plan) and are not a central part of its operational or growth strategy. The primary strategic focus remains on driving growth through its Scores and Software segments, investing in platform innovation, and returning value to shareholders via stock repurchases (Chunks 6, 13).\n- Management of marketable securities is focused on risk management and supporting employee benefits, rather than being a direct lever for business expansion or operational funding.\n\nIn summary, while the investing cash flow for FICO in 2024 involves managing marketable securities, these investments primarily support employee benefit plans and risk management, with limited direct impact on FICO's broader strategic initiatives, which are more centered on platform development and shareholder returns.","The data provided allows us to identify several key factors that contributed to the more negative net cash used in investing activities in 2024. In 2024, the net cash used in investing activities was -$27,993K, compared to -$15,954K in 2023. A closer look at the components reveals:\n\n1. Increased Capital Expenditures: \n   - Purchases of property and equipment increased significantly to -$8,884K in 2024 (versus -$4,237K in 2023).\n   - A new line item appeared in 2024 for capitalized internal-use software costs, which was -$16,667K. This cost was not present in 2023 or 2022, adding new outflows.\n\n2. Investment in Marketable Securities:\n   - Although there were higher proceeds from sales of marketable securities in 2024 (+$15,930K) compared to 2023 (+$5,032K), the company also increased purchases of marketable securities (-$18,372K in 2024 versus -$10,623K in 2023). The net effect here was an overall increase in outflows despite the higher sales proceeds.\n\n3. Other Investing Activities:\n   - The absence of cash transfers related to product line asset sales in 2024 (as opposed to a cash outflow of -$6,126K in 2023) also affected the overall mix of investing cash flows.\n\nImpact on the Overall Investment Strategy:\n\n- The proceeds from the marketable securities sales, which increased markedly in 2024, suggest that the company is actively managing its investment portfolio to generate liquidity and possibly rebalance its investments. However, the higher purchases of marketable securities indicate that the company is reinvesting cash into short-term investments, which may be part of a strategy to maintain flexibility.\n\n- Simultaneously, the significant outflows for capital expenditures (including both property/equipment and internal-use software) imply that Fair Isaac Corporation is channeling cash toward long-term investments aimed at enhancing operational capabilities and future growth. This dual action of raising cash through securities sales while also reinvesting into core assets indicates a balanced approach to managing liquidity and pursuing growth opportunities.\n\nIn summary, the significant changes in net cash used in investing activities are primarily driven by increased capital expenditures and more aggressive positioning in marketable securities. The inflows from securities sales serve as a liquidity buffer that partially offsets these increased investments, highlighting a strategic effort to balance immediate cash needs with long-term growth investments.","3",""
"36","aff2b681","Nontraditional lodging risk in MAR can be mitigated through quality guest svc.","Yes, nontraditional lodging risk at Marriott (MAR) can be mitigated through quality guest service. Marriott faces strong competition not only from traditional hotel chains but also from nontraditional lodging options such as online platforms like Airbnb and Vrbo, which allow travelers to book short-term rentals of homes and apartments as alternatives to hotel rooms. Marriott competes for guests in areas including guest satisfaction, quality of service, and amenities, in addition to location, brand recognition, and the ability to earn and redeem loyalty program points.\n\nMaintaining strong guest preference through high-quality guest service is a key factor in Marriott's strategy to remain competitive. The company attributes its performance premium to success in achieving and maintaining strong guest preference, which is driven by the location and quality of its facilities, its marketing programs, reservation systems, loyalty program, and an emphasis on guest service and satisfaction. Therefore, focusing on delivering exceptional guest service can help Marriott differentiate itself from nontraditional lodging options and mitigate the risks associated with their growing popularity.","Marriott is well positioned to mitigate risks posed by non-traditional lodging competitors such as Airbnb and Vrbo by leveraging several key strategic advantages. First, its strong brand recognition and reputation are major differentiators. Marriott's emphasis on high quality properties--through prime locations, well-maintained facilities, and comprehensive amenities--ensures that it meets and often exceeds guest expectations. This is complemented by a focus on guest satisfaction and service quality, with continuous investments in training, guest service protocols, and quality assurance systems.\n\nAdditionally, Marriott benefits from robust digital infrastructure, including advanced reservation systems and widely recognized loyalty programs. These systems not only promote guest retention but also provide a personalized guest experience that reinforces brand loyalty. The loyalty program is particularly effective because it builds a direct relationship with guests, offering them incentives and rewards for repeated patronage, thereby reducing the appeal of alternative lodging platforms.\n\nBy continually emphasizing guest service, quality control, and technological innovation, Marriott effectively creates a competitive environment where the traditional hotel experience is delivered in a way that non-traditional competitors find hard to replicate. This strategic positioning helps mitigate risks from platforms like Airbnb and Vrbo by ensuring that guests have significant reasons--beyond just a place to stay--to choose Marriott.","9",""
"37","ef0930ec","Net PPE vs Op Inc capex efficiency of Diamondback Energy (FANG).","Based on the provided context, here is a summary of Diamondback Energy's (FANG) net property, plant, and equipment (net PPE), operating income, and capital expenditures (capex), allowing for an analysis of capex efficiency:\n\nNet PPE (as of December 31, 2023 and 2022):\n- 2023: $26,674 million\n- 2022: $23,759 million  \n(Source: Chunk 3, Chunk 6)\n\nOperating Income (Income from Operations, for the years ended December 31):\n- 2023: $4,570 million\n- 2022: $6,508 million  \n(Source: Chunk 1, Chunk 5)\n\nCapital Expenditures (Total costs incurred in oil and natural gas activities, for the years ended December 31):\n- 2023: $5,745 million\n- 2022: $4,578 million  \n(Source: Chunk 2)\n\nEfficiency Analysis:\n- In 2023, Diamondback Energy generated $4,570 million in operating income from $26,674 million in net PPE, with $5,745 million in capital expenditures.\n- In 2022, it generated $6,508 million in operating income from $23,759 million in net PPE, with $4,578 million in capital expenditures.\n\nA simple measure of operating income to net PPE (operating income / net PPE) gives:\n- 2023: $4,570M / $26,674M ≈ 17.1%\n- 2022: $6,508M / $23,759M ≈ 27.4%\n\nOperating income to annual capex (operating income / capex):\n- 2023: $4,570M / $5,745M ≈ 0.80\n- 2022: $6,508M / $4,578M ≈ 1.42\n\nSummary:\n- Diamondback Energy's capex efficiency, as measured by operating income relative to both net PPE and annual capex, declined from 2022 to 2023. In 2023, the company generated less operating income per dollar of PPE and per dollar of capex than in 2022. This indicates a decrease in capex efficiency year-over-year.","The data provided allow us to analyze the relationship between the increase in net property and equipment and operating income. In 2022, net property and equipment totaled approximately $23,759 million and increased to about $26,674 million in 2023 - an increase of roughly 12%. Typically, a growing asset base in property and equipment signals that the company is investing in capital projects which are expected to boost production capacity or improve efficiency in the future. However, when we compare operating performance, the operating income (income from operations) declined from approximately $6,508 million in 2022 to about $4,570 million in 2023.\n\nThis juxtaposition suggests that while Diamondback Energy has significantly increased its capital base through higher capital expenditures (CapEx), the immediate operating income did not rise correspondingly - in fact, it declined. There are several possible implications:\n\n1. Timing of Returns: Capital investments in property and equipment may require time to generate incremental operating income. The benefits of new capacity or improved technology might take time to fully materialize.\n\n2. Efficiency and Production Factors: The decline in operating income could indicate issues such as lower commodity prices, increased operational costs, or inefficiencies that have offset the potential gains from the increased asset base. Essentially, the added capacity has not yet translated into proportionately higher operating earnings.\n\n3. Capital Allocation Effectiveness: Although the increased assets suggest robust capital spending, the reduced operating income raises questions about the near-term effectiveness of these expenditures. It may be that the company is in a growth or transition phase where investments are expected to pay off in the long term, even if current margins are under pressure.\n\nIn summary, while the increased net property and equipment indicates a commitment to expanding and possibly modernizing operations, the immediate decline in operating income implies that the enhanced asset base has yet to produce proportional operational returns. This suggests that, at least in the short term, the effectiveness of capital expenditures may be muted. Evaluating the long-term success of these investments would require monitoring if future periods see a turnaround in operating income as the benefits of the additional property and equipment begin to be realized.","9",""
"39","fdf63f2e","Mosaic Co. (MOS) faces raw material purchase obligations impacting supply chain and working capital risks.","Mosaic Co. (MOS) manages significant raw material purchase obligations, which impact its supply chain and working capital risks. The company has long-term agreements for key raw materials such as sulfur and natural gas, essential for its phosphate and potash production processes. As of December 31, 2023, Mosaic's future minimum long-term purchase commitments totaled $4.1 billion, with $3.0 billion committed for 2024 alone. Purchases under these long-term commitments were substantial in recent years--$3.0 billion in 2023, $4.6 billion in 2022, and $3.1 billion in 2021 (Chunk 1).\n\nThese obligations expose Mosaic to fluctuations in the prices of raw materials like natural gas, nitrogen, ammonia, and sulfur, which can affect both supply chain stability and working capital. The company is also exposed to other market risks, such as changes in freight costs and currency values (Chunk 3).\n\nTo manage its working capital, Mosaic uses inventory financing and receivable purchasing agreements, enabling the company to sell inventory or receivables for cash and subsequently repurchase or service them, which helps in liquidity management. As of December 31, 2023, Mosaic had no outstanding balances under its inventory financing arrangement, but had $399.7 million in other short-term borrowings, mainly related to international operations (Chunks 2, 7).\n\nOverall, Mosaic's substantial raw material commitments and reliance on global supply chains contribute to working capital and supply chain risks, which are managed through financial arrangements and risk mitigation strategies.","The data indicate that unconditional purchase obligations for raw materials--comprising a significant portion of the company's contractual cash outflows (approximately $4,091.8 million of the total obligations)--could expose The Mosaic Company to several risks and pressures. First, these large, fixed financial commitments can strain working capital, especially during periods when operating cash flows are under pressure or when market conditions lead to tighter liquidity. With a substantial amount of cash earmarked for raw material purchases, less flexibility remains to meet other operational or capital needs.\n\nSecond, the reliance on long-term, unconditional purchase agreements exposes the company to supply chain risks. For instance, any disruption in the supply of raw materials (such as sulfur, ammonia, phosphate rock, and natural gas) or significant price volatility can impair the company's ability to manage these contracts effectively. In a scenario of supply chain disruptions or unfavorable market movements, the company might face increased costs or be forced to pay premiums, further stressing its liquidity.\n\nFinally, this exposure can intensify the company's sensitivity to changes in market conditions, making it crucial to implement robust supply chain management strategies and maintain prudent working capital policies. Overall, while the contractual obligations help secure raw material supply, they also create potential vulnerabilities regarding cash flow management and supply chain stability.","9",""
"38","bdaebbc2","The impact of cybersecurity-ERM integration on stability & continuity for Realty Income (O) is significant.","Based on the provided context, Realty Income (O) integrates cybersecurity risk management into its overall enterprise risk management (ERM) framework, which has a significant impact on the company's stability and continuity. The Board of Directors, through its Audit Committee, oversees cybersecurity and information technology risk exposures, with regular reporting on the cybersecurity risk profile and program status. Management, including a dedicated Cybersecurity Risk Committee chaired by the Head of IT, is responsible for assessing and managing material cybersecurity risks. This structure enables Realty Income to proactively prevent, detect, mitigate, and remediate cybersecurity risks and incidents.\n\nThe integration of cybersecurity into ERM ensures that potential threats are addressed at both the management and board levels, supporting the company's ability to maintain stable operations and business continuity. By leveraging experienced personnel, external consultants, and ongoing threat intelligence, Realty Income is better positioned to respond to cybersecurity incidents, minimizing disruptions and preserving the reliability of its operations and services.\n\nIn summary, the integration of cybersecurity and ERM enhances Realty Income's resilience against cyber threats, thereby supporting operational stability and business continuity.","Realty Income Corporation's approach to integrating its cybersecurity program within its broader enterprise risk management framework is designed to protect both its financial stability and operational continuity. Such integration means that cybersecurity risks are treated as material risks alongside other operational and financial risks. By embedding cybersecurity into the overall risk management system, the company ensures that:\n\n1. Risks are identified, monitored, and managed on an ongoing basis. This proactive approach helps quickly pinpoint potential vulnerabilities before they can lead to significant financial or operational damage.\n\n2. A structured incident response mechanism is in place. With designated incident response teams, comprehensive recovery plans, and regular monitoring through the Cybersecurity Risk Committee, the company can respond efficiently and effectively to any incidents, thereby reducing potential disruptions.\n\n3. Oversight by the board and relevant committees (specifically, the Audit Committee) ensures that cybersecurity considerations are integrated into higher-level risk decisions, strengthening the link between operational resilience and financial performance. This alignment helps limit the impact of any cybersecurity incident on the company's overall business strategy and financial outcomes.\n\nOverall, this integration plays a crucial role in safeguarding the business by reducing the likelihood of costly cybersecurity breaches that could disrupt operations and negatively affect profitability.","9",""
"40","5c8dc168","Proj duration impacts cash flow, profitability, & capex strategy for The Southern Company (SO).","Project duration significantly impacts cash flow, profitability, and capital expenditure (capex) strategy for The Southern Company (SO):\n\n1. **Cash Flow**: The timing and duration of projects directly affect the company's cash flows. Ongoing construction programs and capital expenditures require substantial outlays, which are reflected in the cash used for investing activities. For example, net cash used for investing activities in 2023 and 2022 was primarily related to construction programs (Chunk 2). Project duration determines when cash outflows for construction occur and when, if applicable, new assets begin generating returns that support operating cash flow.\n\n2. **Profitability**: Delays or extended project durations can increase costs and potentially reduce profitability. The company evaluates the financial feasibility of projects to ensure that projected cash flow returns exceed the cost of capital (Chunk 13). Rising costs in construction materials and labor, or delays, can erode the anticipated returns from these investments.\n\n3. **Capex Strategy**: The company's capital expenditure strategy is closely tied to project timelines. SO lays out multi-year capital expenditure plans based on current construction programs, with annual estimates through 2028 for various subsidiaries (Chunk 1). Project duration affects how these expenditures are staged over time, influencing the annual capex budget and financing needs.\n\nOverall, longer or delayed projects can increase cash requirements, affect timing of returns, and require adjustments to capex planning and financing strategies. Southern Company plans to finance cash needs exceeding operating cash flows through external funding, including debt and equity issuances (Chunks 6, 8, 10). The construction programs are subject to periodic review and revision, reflecting the impact of project duration on financial planning (Chunk 4).\n\nIn summary, project duration impacts the timing of cash outflows and inflows, affects profitability through potential cost overruns or delays, and requires careful capex and financing strategy adjustments to ensure the company meets its operational and financial goals.","The question is answerable based on the provided data and context. The key implications of projects having different program end dates are as follows:\n\n1. Cash Flow Visibility: Projects with shorter durations (e.g., Nicor Gas ending in 2023) tend to deliver a quicker realization of revenue or cost recovery. This clarity makes near-term cash flow projections more reliable. In contrast, longer-duration projects (e.g., Chattanooga Gas with a program end in 2027) delay the point at which the invested capital begins to return cash benefits. The longer the program duration, the greater the uncertainty in volatilities such as regulatory changes, market conditions, or unexpected project overruns, which can obscure future cash flow visibility.\n\n2. Future Profitability: The speed of cost recovery directly affects future profitability. Projects that conclude sooner allow the company to fully account for the investments in a shorter period, potentially leading to accelerated depreciation or amortization benefits and quicker realization of profits. Conversely, projects with extended timelines delay this recovery process, which may suppress near-term profitability. Furthermore, any cost overruns or delays in longer-term projects can erode projected profit margins due to additional financing costs or increased operating risks.\n\n3. Capital Allocation Strategy: Varying program durations require tailored capital allocation strategies. A utility such as The Southern Company would likely prefer a balanced portfolio where shorter-duration projects help achieve predictable, stable returns and longer-duration projects, while riskier, can be balanced with adequate risk premiums. Extended duration projects might tie up capital for longer periods, prompting the need for higher expected returns to justify the investment and demanding careful scheduling to avoid liquidity issues. The strategic allocation must therefore consider the trade-off between near-term cash flow certainty and the potential for long-term growth benefits from capital-intensive, extended-duration projects.\n\nIn summary, shorter-duration projects deliver clearer and more immediate financial benefits, while longer-duration projects introduce uncertainties that must be managed through careful forecasting and risk mitigation strategies in capital allocation and financial planning.","9",""
"42","dd96e4e1","2023 restructuring asset charges by Dow Inc. impact profitability - operational vs one-off.","In 2023, Dow Inc. recorded restructuring and asset related charges totaling $528 million. These charges primarily stemmed from the 2023 Restructuring Program, which was approved to achieve structural cost improvements and enhance long-term competitiveness. The charges included $344 million in severance and related benefit costs for a global workforce reduction of approximately 2,000 employees, and $191 million in asset write-downs and write-offs, mainly related to the shutdown of certain manufacturing and office assets. These restructuring and asset charges are considered one-off (non-recurring) items rather than part of Dow's ongoing operational profitability.\n\nThe impact of these charges was significant: Dow's net income dropped to $589 million in 2023 from $4,582 million in 2022, and earnings per share fell to $0.82 from $6.28. Operating EBIT (earnings before interest and taxes) also declined, but the restructuring and asset charges are classified as significant items and are excluded from operating EBIT to better reflect ongoing operational performance.\n\nIn summary, the 2023 restructuring and asset charges by Dow Inc. were one-off costs that negatively impacted reported profitability for the year, but they are not reflective of the company's core operational earnings.","In 2023, Dow Inc. recorded restructuring and asset‐related charges of $528 million. This charge directly reduced the income before taxes and, consequently, the net income available to common stockholders. To illustrate its impact, if we hypothetically add back the $528 million charge to the 2023 income, the net income available would have been approximately $1,188 million instead of $660 million - highlighting a substantial negative effect on overall profitability.\n\nRegarding whether these charges signify ongoing operational changes or represent one‐time adjustments, the historical trend in the financial statements provides some insight. In 2021 and 2022, the related charges were $6 million and $118 million, respectively. The dramatic increase to $528 million in 2023 suggests that this year's charge is more of a discrete adjustment rather than a recurring expense. Typically, restructuring and asset-related charges are associated with non‐recurring events--such as reorganizations, divestitures, or adjustments tied to specific asset impairments. There is no indication in the provided data that similar charges are expected to be repeated at this magnitude in the near future. Thus, while these charges had a high negative impact on profitability in 2023, they are most likely one‐time adjustments rather than an indication of an ongoing trend of operational change.","9",""
"41","2ed1fc2b","Impact of pricing mitigation & cash flow on valuation ratios vs industry for Arthur J. Gallagher (AJG).","I cannot find sufficient information in the provided documents to answer this question.","The provided information offers useful qualitative insights that allow us to answer the question. In particular, Arthur J. Gallagher & Co. appears to have implemented several strategic measures to mitigate pricing pressures and ensure robust cash flows. Key measures include: \n\n1. **Advanced Data Analytics and Technology Platforms**: The firm leverages sophisticated data analysis through Gallagher Drive, which delivers benchmarking insights to its insurance clients. Additionally, its SmartMarket platform helps insurance carriers with risk identification and preference setting. This technological edge not only differentiates the firm from smaller competitors but also supports more informed pricing strategies and improved client decision-making, thereby reducing the likelihood of aggressive pricing battles.\n\n2. **Personalized Client Service and Expertise**: By focusing on individualized attention and deploying both individual and corporate expertise, the firm delivers high-quality services. This strong client service model can help maintain client loyalty and a premium pricing structure even in a competitive market.\n\n3. **Cost Efficiencies**: The emphasis on cost-efficient service across both the brokerage and risk management segments contributes to maintaining strong operating margins. This ability to control costs is critical for preserving robust cash flows in light of competitive pressures.\n\n**Impact on Valuation Ratios**: \n\n- These measures can help stabilize and potentially enhance operating margins, which, in turn, supports stronger cash flow generation. Thus, valuation ratios such as Price/Earnings (P/E) and Enterprise Value/EBITDA (EV/EBITDA) might be higher compared to industry benchmarks if investors perceive the firm as being better positioned to withstand pricing pressures and sustain growth. \n\n- The diversified revenue streams and competitive advantages may also result in a valuation premium relative to peers, reflecting both lower volatility in earnings and discounted risk. \n\nWithout specific numerical data on revenue, margins, or cash flow, precise calculations are not possible. However, qualitatively, these initiatives position Arthur J. Gallagher to not only maintain robust cash flows in a competitive landscape but also to potentially command higher valuation multiples compared to less technologically advanced or less cost-efficient competitors.","1",""
"43","744f9512","SLB board exp. & risk mgmt. strategy alignment.","SLB's Board of Directors is actively involved in the oversight of the company's risk management strategy. The Audit Committee of the Board oversees SLB's cybersecurity risk exposures and the steps management takes to monitor and mitigate these risks, receiving regular briefings from the cybersecurity team, typically on a quarterly basis. Additionally, the Board reviews cybersecurity risks at least annually as part of the company's enterprise risk management process. This structure ensures that the Board's expertise is leveraged to align risk management strategies with the company's overall objectives and to address potential material risks to SLB's business, financial condition, results of operations, cash flows, or reputation. The Board's involvement helps ensure effective risk management and strategic alignment across the organization (Chunks 1, 2).","The provided data only lists names of industry executives and their previous positions, and does not include any detailed information on Schlumberger's current risk management or operational strategies. Without access to Schlumberger's internal strategy documents, risk management framework, or detailed disclosures that tie board experience to specific operational approaches, we cannot reliably assess how the board's past experiences align with the company's current practices.","2",""
"44","4c16bbd0","Exec hires at Campbell Soup Co. focus on culture, comms, & risk mgmt. impact.","Executive hires at Campbell Soup Company are part of a broader strategic focus on building a ""Top Team,"" which emphasizes fostering an engaged and inclusive culture. The company prioritizes creating an environment where employees feel safe, valued, and supported, aiming to attract, develop, and retain diverse, world-class talent. Communication is also a key component: Campbell frequently engages with employees through company-wide and business unit check-ins, as well as anonymous engagement surveys that inform management about confidence in leadership, growth opportunities, and overall engagement. These practices enable leaders to develop targeted action plans and further enhance the company's culture.\n\nIn terms of risk management, Campbell Soup Co. has established policies such as an Insider Trading Policy, a Code of Ethics for senior financial officers, and a Code of Business Conduct and Ethics that applies to all directors, officers, and employees. These governance structures help manage risks related to compensation, compliance, and ethical conduct. Additionally, the company regularly assesses and discloses risks that could impact its business, financial condition, and results of operations.\n\nOverall, executive hires at Campbell Soup Co. are expected to reinforce a culture of inclusivity, transparent communication, and robust risk management, which together support the company's strategic goals and operational resilience.","Based solely on the provided information about the executive appointments, it is possible to outline some reasonable expectations regarding potential shifts in corporate culture, communication strategies, and risk management at Campbell Soup Company. For example:\n\n1. Corporate Culture: With the recent appointment of Diane Johnson May as Chief People and Culture Officer--who brings considerable experience in HR leadership--a potential shift toward a more employee-centric and adaptive work environment might be anticipated. Her background suggests that the company may place increased emphasis on talent development, modern HR practices, and initiatives that foster diversity, equity, and inclusion, all of which could lead to a more flexible and innovative corporate culture.\n\n2. Communication Approach: The appointment of Anthony J. Sanzio as Chief Communications Officer indicates that Campbell Soup Company may be poised to refine its communication strategies. Given his extensive background, the company might adopt more proactive and transparent communication practices both internally and externally. This could involve enhancing digital communications, improving stakeholder engagement, and streamlining crisis communication to better manage brand reputation in a rapidly evolving media landscape.\n\n3. Risk Management Strategies: Although the specific details on risk management are not provided, the integration of leaders with modern corporate responsibilities generally results in a reevaluation of risk frameworks. Combining enhanced communication with a fresh focus on people and culture can translate into more robust risk identification and mitigation processes. The company may take a more holistic view of risk management that not only addresses financial or operational risks but also considers reputational and strategic risks in line with evolving market and competitive dynamics.\n\nIt is important to note that these observations are informed by the typical impact of leadership changes and the professional backgrounds of the newly appointed executives, rather than direct financial or operational data from Campbell Soup Company. Thus, while the provided data is sufficient to infer possible trends, the actual implementation and impact of these shifts would depend on further strategic directives and market conditions.","8",""
"45","97274569","Impact of Autodesk mgmt reporting on ops performance, ticker, cap allocation, & risk mgmt.","Autodesk's management reporting has several impacts across operational performance, ticker (stock) performance, capital allocation, and risk management:\n\nOperational Performance:\nManagement reporting plays a crucial role in tracking and driving Autodesk's operational performance. The company sets performance goals based on metrics such as total revenue and free cash flow, motivating management to focus on both growth and fundamental financial health. For example, in fiscal year 2024, Autodesk transitioned from up-front to annual billing for multi-year contracts to align with industry standards and create more predictable cash flow, despite a short-term headwind for free cash flow that is expected to abate in fiscal year 2025. Management's discussion and analysis also highlight a focus on building a unified platform, accelerating adoption of key products (Fusion, Forma, Flow), and improving customer experience (Chunk 1, Chunk 2).\n\nTicker (Stock) Performance:\nAutodesk reports cumulative total stockholder return, comparing its performance to major indices over a five-year period. This reporting provides transparency and context for investors regarding the company's stock performance (Chunk 8). Management's alignment of compensation with both short- and long-term stock performance further ties operational results to shareholder value.\n\nCapital Allocation:\nManagement reporting informs capital allocation decisions, such as share repurchase programs. Autodesk uses share buybacks to offset dilution from employee stock plans and return excess cash to shareholders. As of January 31, 2024, $4.74 billion remained available under its repurchase program, and the pace of repurchases depends on operational cash generation, market conditions, and other financial needs (Chunk 16).\n\nRisk Management:\nAutodesk integrates risk assessment into its management processes, including cybersecurity, credit, and counterparty risks. The company conducts regular risk assessments and updates its policies annually, incorporating these into overall risk management systems (Chunk 3). It also manages financial risks using derivative instruments to hedge currency exposures and carefully monitors credit risk with counterparties and customers (Chunks 4, 5, 14). Management's reporting of legal proceedings and potential liabilities ensures transparency and preparedness for adverse events, though it currently does not expect any material adverse impact from ongoing matters (Chunk 7, Chunk 11).\n\nIn summary, Autodesk's management reporting framework supports operational excellence, enhances transparency for investors, guides prudent capital allocation, and underpins a robust approach to risk management.","The provided information indicates that Autodesk uses a management reporting approach that aligns internal decision‐making with the company's consolidated financial statements. This approach enhances decision-making in several ways:\n\n1. Operating Performance Evaluation: By focusing on internal reports that the chief operating decision maker (CODM) reviews regularly, Autodesk can monitor the company's overall performance based on key internally defined metrics rather than relying on external segmented reporting. This facilitates a holistic review of the company's operating results and ensures that performance assessments reflect how the business is managed on a day-to-day basis.\n\n2. Capital Allocation: Since the CODM bases resource allocation decisions on the internal reports provided by this management approach, Autodesk can allocate capital more effectively. The unified reporting streamlines the prioritization process by focusing on enterprise-wide metrics rather than disparate, externally driven segment data. This ensures that investments and capital are directed toward areas with the highest strategic impact as determined by the company's internal performance indicators.\n\n3. Risk Management: Utilizing a management reporting approach means that risk assessments are closely tied to the same data used for evaluating performance and making capital allocation decisions. The internal reporting provides a timely and consistent view of financial health and operational risks, allowing management to promptly address issues, adjust strategies, and maintain a robust risk management framework.\n\nIn summary, Autodesk's management reporting approach allows for a more integrated view of the company's financial health. This, in turn, improves decisions related to operating performance, capital allocation, and risk management by ensuring that all key decisions are based on a unified, real‐time set of internal data.","9",""
"48","1c44a557","GND Holdings' talent dev. total exp. for 8.6k employees.","I cannot find sufficient information in the provided documents to answer this question.","Since the question specifies an investment of $X per employee and we know that the company has 8,600 employees, the total annual investment is calculated by multiplying the per-employee investment by the number of employees. Mathematically, it is expressed as: 8,600 x $X. Therefore, the total investment is $8,600X.","1",""
"46","45f99eae","YoY rev growth trends from 2022-2024 & key drivers, BR.","Broadridge Financial Solutions (BR) experienced the following year-over-year (YoY) revenue growth trends from 2022 to 2024:\n\n- 2022 to 2023: Revenues grew from $5,709.1 million in 2022 to $6,060.9 million in 2023, an increase of approximately 6.2%.\n- 2023 to 2024: Revenues increased further to $6,506.8 million in 2024, a growth of about 7.4% over the prior year.\n\nKey drivers of this revenue growth include:\n\n- Increased event-driven revenues, particularly from higher mutual fund proxy, equity proxy contests, and corporate action activity.\n- Higher distribution revenues, mainly due to increased postage rates and more event-driven mailings.\n- Growth in underlying operating metrics such as Internal Trade Growth (13% in 2024 vs. 4% in 2023), which reflects increased trading volumes for securities processing clients.\n- However, Record Growth in equity positions and mutual fund/ETF positions moderated in 2024 (6% and 3%, respectively) compared to 2023 (9% and 8%, respectively).\n\nOverall, the revenue growth was mainly driven by increased activity in investor communications, higher postage and distribution-related charges, and greater trading volumes processed through Broadridge's platforms.","Between 2022 and 2024, Broadridge's revenues increased from $5,709.1 million to $6,506.8 million. To break this down:\n\n1. Revenue Growth Calculations:\n   - From 2022 to 2023: \n     - 2022 revenue: $5,709.1 million\n     - 2023 revenue: $6,060.9 million\n     - Growth = [(6,060.9 / 5,709.1) - 1] x 100 ≈ 6.15%\n   - From 2023 to 2024: \n     - 2023 revenue: $6,060.9 million\n     - 2024 revenue: $6,506.8 million\n     - Growth = [(6,506.8 / 6,060.9) - 1] x 100 ≈ 7.41%\n   - Overall Growth from 2022 to 2024 is roughly 14% cumulatively.\n\n2. Key Drivers Behind the Revenue Growth:\n   - Although the consolidated statement does not provide a detailed breakdown by segment or geographic market, a few inferences can be made:\n     - Increased Client Adoption: Consistent revenue growth over the three years suggests that Broadridge's core business--providing financial technology and securities processing services--is attracting new clients or enlarging its share with existing ones.\n     - Enhanced Service Offerings and Pricing: The improvement in operating income (rising from $759.9 million in 2022 to $1,017.1 million in 2024) implies that the company has either improved its pricing, enhanced its service mix, or achieved operational efficiencies, all of which can drive revenue growth.\n     - Broader Market Trends: While not directly visible in the numbers, the growth may also be supported by broader trends in digital financial services and regulatory requirements that enhance the need for the company's solutions.\n\nIn summary, the year-over-year revenue growth has been steady, with approximately 6.15% growth from 2022 to 2023 and 7.41% from 2023 to 2024. This growth appears to be driven by increased adoption of Broadridge's financial services and an improvement in operational efficiency, although more granular segment details would be needed for a more definitive causal analysis.","9",""
"49","3e71f318","ALB's exec age/tenure mix, with ticker positioned centrally, impacts decision-making.","Albemarle Corporation (NYSE: ALB) has a diverse mix of executive officers in terms of age and tenure as of February 2024:\n\n- J. Kent Masters (63) - Chairman, President, and CEO (since April 2020; on board since 2015)\n- Neal R. Sheorey (47) - Executive Vice President, CFO (joined November 2023)\n- Melissa Anderson (59) - Senior Vice President, Chief Human Resources Officer\n- John C. Barichivich III (56) - Vice President, Corporate Controller, Chief Accounting Officer\n- Kristin M. Coleman (55) - Executive Vice President, General Counsel and Corporate Secretary\n- Jacobus G. Fourie (48) - Chief Capital Projects Officer\n- Netha Johnson (53) - President, Specialties Global Business Unit\n- Cynthia Lima (62) - Senior Vice President, Chief External Affairs and Communications Officer\n- Eric Norris (57) - President, Energy Storage Global Business Unit\n- Michael Simmons (60) - President, Ketjen Global Business Unit (joined June 2023)\n\nThis executive team's age range (47 to 63) suggests a blend of seasoned leadership and relatively newer perspectives. Several members have joined within the past year or few years, while others, like the CEO, bring longer-term experience both within and outside the company.\n\nSuch a mix typically impacts decision-making by providing a balance between stability (from experienced leaders familiar with industry cycles and company history) and adaptability (from newer executives bringing fresh ideas and recent external experience). For Albemarle, this balance may help the company remain innovative and responsive to fast-changing global markets (noted in their focus on mobility, energy, and specialty chemicals), while also maintaining continuity and deep industry expertise.\n\nWith ALB as a centrally-positioned, NYSE-listed company serving diverse global markets, this executive mix supports informed, multifaceted decision-making that can consider both long-term strategy and near-term market dynamics.","The provided data shows a mix of ages among Albemarle Corporation's top executives, which allows us to infer that there is a balance between more experienced (potentially long-tenured) leaders and relatively younger executives. This mix can influence decision making in several key ways:\n\n1. Stability versus Innovation: Older executives, like the Chairman and CEO (aged 63) and other senior figures, often bring continuity, deep institutional knowledge, and a risk‐averse approach that can maintain a steady course and protect existing market positions. On the other hand, relatively younger executives (e.g., the one aged 47 or 48) may be more attuned to current market and technological trends, encouraging innovation and strategic shifts that could capture new opportunities. This blend can help balance traditional strengths with innovative strategies.\n\n2. Risk Assessment and Capital Allocation: Experienced leaders might prioritize long-term value preservation and cautious capital allocation, while younger executives may advocate for bolder moves, including investing in emerging technologies or markets. Such divergent perspectives can lead to a thorough evaluation of investment opportunities, ensuring that there is a careful yet forward-looking approach to risk management that could enhance competitive positioning and overall valuation.\n\n3. Strategic Decisions and Organizational Culture: A cohort of seasoned executives typically contributes to a stable organizational culture and reliable long-term strategic direction, which can be critical for maintaining investor confidence and market reputation. Meanwhile, younger leadership can infuse energy, adapt more quickly to industry disruptions, and challenge legacy processes - all of which can propel competitiveness in rapidly evolving markets.\n\nIn summary, the balance between long-tenured and relatively younger executives at Albemarle likely fosters a dynamic decision-making environment. This balance can lead to strategies that not only safeguard the company's established market presence and valuation through conservative measures but also drive growth and competitive differentiation through innovative and calculated risk-taking.","9",""
"47","d35000cf","WY Weyerhaeuser board's oversight on cybersecurity risk through internal audit valuation.","Weyerhaeuser's board oversees cybersecurity risk in part through the internal audit function. The internal audit team reviews the company's information security programs and controls, and these reviews are included in quarterly reports to the Audit Committee. Additionally, current information security issues that arise during the year are discussed with the chairman and the Audit Committee chair between board meetings as appropriate. This ongoing process ensures that the board is kept informed about significant cybersecurity risks and the effectiveness of risk mitigation efforts.","Weyerhaeuser's disclosure of regular board involvement and the inclusion of cybersecurity issues in quarterly internal audit reports indicates a strong governance framework for monitoring and managing cyber risks. This active oversight reduces uncertainty by ensuring that potential vulnerabilities are promptly identified and addressed, which in turn can decrease the perceived risk of material cybersecurity incidents. As a result, investors may apply a lower risk premium when valuing the company, possibly using a reduced discount rate in valuation models such as discounted cash flow analyses. Additionally, effective risk management minimizes the likelihood of unexpected liabilities related to cyberattacks, thereby reducing the need for high contingency reserves. This combination of decreased operational uncertainty and lower expected future liabilities contributes to a more stable and potentially higher valuation for the company.","7",""
"51","0f941d3e","CNP's exec leadership strengths & gaps impact future growth, profitability.","CenterPoint Energy's executive leadership strengths include a depth of experience in key operational and strategic roles, as evidenced by the tenure and diverse backgrounds of its senior management team. For example, Jason P. Wells, the President and CEO, has held multiple leadership roles within CenterPoint, including COO and CFO, and previously served as CFO of PG&E Corporation, bringing significant utility industry expertise (Chunk 2, Chunk 4). Other executives, such as Lynnae Wilson (Senior Vice President, Electric Business), have held leadership roles across both electric and natural gas operations, supporting continuity and cross-segment understanding (Chunk 1, Chunk 2).\n\nThe company's focus on succession planning, leadership development, and a strong commitment to diversity, equity, and inclusion (DE&I) further strengthen its leadership pipeline and ability to adapt to future needs (Chunk 10, Chunk 15). CenterPoint Energy invests in employee development, conducts regular talent discussions including succession planning, and ties executive compensation to diversity metrics, which could help drive a more inclusive and high-performing workforce (Chunk 2, Chunk 15).\n\nPotential gaps or risks include the challenge of retaining and developing future leaders in a competitive talent market, as well as the need for ongoing enhancement of leadership skills to meet evolving business demands, such as achieving ambitious carbon emissions reduction goals and navigating industry changes (Chunk 12, Chunk 15). Additionally, recent leadership transitions (e.g., CEO and CFO appointments in 2023-2024) may temporarily impact organizational stability and continuity (Chunk 4).\n\nOverall, CenterPoint Energy's executive leadership strengths--such as industry expertise, internal development, and DE&I focus--support its ability to drive growth and profitability. However, the effectiveness of succession planning, talent retention, and the ability to execute on strategic initiatives amidst industry changes will be critical in mitigating potential gaps and sustaining long-term performance.","The provided executive data allows us to derive qualitative insights into the leadership team. For example, the strengths include:\n\n1. A well‐defined leadership structure: The team has a clear delineation of roles with a dedicated CEO, CFO, General Counsel, and business unit heads for both the Natural Gas and Electric divisions. This division of responsibilities can create focused strategies and effective oversight across core business segments.\n\n2. Experienced leadership: The ages (ranging from mid-40s to late 60s) suggest a blend of energy, modern business acumen, and seasoned experience. An executive such as Lynne Harkel-Rumford, who is 67 and oversees HR, might bring mature insights into organizational dynamics, which is a strength for stability and cultural development.\n\n3. Diverse functional expertise: With specific roles in regulatory affairs, legal, and specialized business segments, the structure indicates the company is mindful of aligning core competencies to support growth and manage risks.\n\nHowever, there are also some potential gaps that could influence future growth and profitability:\n\n1. Limited representation in emerging innovation or digital transformation roles: While the team covers traditional operational areas (natural gas, electric operations, finance, legal, and human resources), there is no explicit executive role addressing technology innovation or digital transformation. In today's evolving energy landscape, this might be an area worth enhancing.\n\n2. Generational balance and leadership continuity: While the range in ages is beneficial for a mix of perspectives, the reliance on several older executives (e.g., the HR head at 67) may pose succession planning challenges if younger leaders are not being groomed concurrently.\n\n3. Potential gaps in environmental and sustainability expertise: Given the increasing regulatory and market pressures surrounding sustainability and renewable energy, the current leadership structure might require augmenting with executives who have dedicated focus and experience in these areas.\n\nOverall, CenterPoint's current executive structure leverages a mix of experienced leadership and specialist roles to drive operational execution. However, addressing areas such as digital innovation, environmental sustainability, and ensuring a smooth generational transition will be key for sustaining growth and ensuring continued profitability in the dynamic energy market.","8",""
"50","2bed47cb","Dec vs Nov '23 WAB repurchase price trend & market timing.","I cannot find sufficient information in the provided documents to answer this question. The retrieved context does not include specific data on Westinghouse Air Brake Technologies Corporation (WAB) share repurchase activity, average price paid per share, or market timing details for November and December 2023.","In November 2023, the company repurchased shares at an average price of $111.55, whereas in December 2023 the average price paid increased to $115.92. This represents an increase of $4.37 on a per-share basis, which is roughly a 3.9% jump month-over-month. The higher repurchase price in December could suggest that market conditions were more favorable (or less favorable, depending on perspective) for the company at that time--perhaps the share price had risen, leading to higher purchase costs, or the timing of the repurchase captured a period of increased demand or limited supply. It might also indicate that the company was executing its repurchases in a market environment where the share price had appreciated relative to November. In essence, the timing of repurchases appears to be influenced by evolving market conditions, which directly impacted the average price per share paid over these periods.","1",""
"52","bc5c0e96","Divisional structure, risk mgmt, & competitive positioning of Nasdaq.","Nasdaq's divisional structure, risk management approach, and competitive positioning can be summarized as follows:\n\nDivisional Structure:\nFollowing the acquisition of Adenza in November 2023, Nasdaq refined its organizational structure into three main business segments (Chunks 1, 2, 3, 7):\n\n1. Capital Access Platforms: Includes Data & Listing Services, Index, and Workflow & Insights. This segment covers the distribution of market data, global listing services, and index development.\n2. Financial Technology: Enhanced by the Adenza acquisition (AxiomSL and Calypso), this division focuses on risk management, regulatory reporting, and capital markets software for the financial services industry.\n3. Market Services: Encompasses trading and clearing services across various asset classes, including equities, derivatives, fixed income, and commodities in North America and Europe.\n\nRisk Management:\nNasdaq applies risk management throughout the organization, particularly in areas such as AI and regulatory compliance. Its AI governance framework is aligned with industry standards (like the U.S. National Institute of Standards and Technology AI Risk Management Framework) and is enforced through company-wide policies and controls (Chunk 9). Additionally, its broker-dealer subsidiaries are subject to strict regulatory requirements to ensure financial soundness and liquidity (Chunk 5).\n\nCompetitive Positioning:\nNasdaq's competitive strengths are rooted in its technology expertise, global reach, and ability to deliver robust and innovative solutions for the financial ecosystem (Chunks 6, 9, 7). Key points include:\n\n- A unique value proposition centered on improving liquidity, transparency, and integrity in global markets.\n- Technological leadership, particularly in cloud migration (via AWS partnership and the Fusion technology platform), AI deployment, and scalable data services.\n- A client-focused approach serving a diverse range of market participants, including corporate clients, investment managers, banks, brokers, and exchange operators.\n- Complementary business segments that reinforce each other, positioning Nasdaq well in large, high-growth markets such as anti-financial crime, compliance solutions, marketplace technology, and investment workflow solutions.\n\nIn summary, Nasdaq's divisional structure aligns with foundational shifts in the financial system, its risk management is integrated and robust, and its competitive position is strengthened by technology, data, and a global client network.","Nasdaq's divisional structure -- organized around the key pillars of liquidity, transparency, and integrity -- is designed to bolster both its risk management strategies and competitive positioning in a rapidly evolving financial system. \n\n1. **Liquidity**: The Financial Technology and Market Services segments focus on modernizing markets with emerging technologies such as cloud computing, blockchain, machine learning, and artificial intelligence. These initiatives not only enhance market resiliency and scalability, but also ensure that liquidity is optimized. By leveraging these technologies, Nasdaq improves its ability to manage market risk, ensures efficient capital flows, and supports a dynamic trading environment that is better equipped to handle volatility and systemic disruptions.\n\n2. **Transparency**: The Capital Access Platforms segment plays a critical role in providing clear, accessible data and insights to both corporate clients and investment management professionals. This clarity helps in making informed decisions, thereby reducing information asymmetry--a key risk factor in financial markets. Enhanced transparency supports risk mitigation by empowering clients with robust data and analytics, facilitating better compliance, and ultimately strengthening market confidence. Furthermore, this focus on transparency complements Nasdaq's competitive positioning by differentiating its service offerings through a seamless and integrated user experience.\n\n3. **Integrity**: Incorporating Financial Crime Management Technology and Regulatory Technology, this pillar is specifically designed to address and mitigate risks related to fraud, money laundering, and other compliance challenges. By focusing on anti-financial crime measures and regulatory reporting, Nasdaq not only enhances its risk management framework but also underpins its market reputation for reliability and trustworthiness. This is particularly critical in an environment where regulatory oversight is intensifying, and it provides Nasdaq a competitive edge by ensuring that its clients have access to world-class compliance and surveillance solutions.\n\nThese three pillars work in concert to reinforce Nasdaq's overall risk management strategies. They provide an integrated approach where robust technological advancements enhance operational resilience, a transparent framework supports data-driven decision making, and a strong commitment to regulatory integrity minimizes exposure to financial crime and compliance risks. This alignment allows Nasdaq to maintain competitive positioning by staying ahead of trends in technology and regulation, thereby meeting and exceeding the evolving needs of the global financial system.","9",""
"55","15cf0974","The impact of APA on profitability, with the ticker in play, brings into question the allocation of capital.","Based on the provided information, APA Corporation (traded under the ticker ""APA"") has demonstrated a capital allocation strategy focused on enhancing shareholder value and supporting profitability through several mechanisms:\n\n1. **Stock Repurchase Program**: APA has actively repurchased its own shares, buying back 8.7 million shares in 2023 at an average price of $37.81 per share. These repurchases are intended to return capital to shareholders and can have a positive impact on earnings per share and overall profitability, as fewer shares outstanding can increase the value of remaining shares (Chunks 1, 4, 8).\n\n2. **Dividends**: The company has consistently increased its quarterly dividend, returning to pre-Covid-19 levels of $0.25 per share in 2022. For 2023, dividends totaled $1.00 per share, reflecting a commitment to direct returns to shareholders (Chunks 1, 5, 8).\n\n3. **Acquisitions and Divestitures**: APA continues to actively manage its asset portfolio, including the pending acquisition of Callon Petroleum Company in an all-stock deal valued at $4.5 billion. Such acquisitions are aimed at enhancing APA's asset base and generating long-term profitability by expanding scale and operational opportunities, particularly in the Permian Basin. The company also sells non-core assets to focus capital on higher-impact projects (Chunks 7, 16).\n\n4. **Stock Performance**: While APA's stock price has experienced volatility--rising from a 2018 base of $100 (indexed) to $150.92 at the end of 2023--it has generally underperformed the S&P 500 and the Dow Jones U.S. Exploration & Production Index over the same period. This indicates that, despite active capital allocation, overall market performance has not consistently outpaced broader benchmarks (Chunk 2).\n\n5. **Compensation and Incentives**: APA has structured its employee incentives, including stock-based compensation and performance programs, to align management interests with those of shareholders, tying payouts to total shareholder return and financial targets (Chunks 3, 5, 10).\n\nIn summary, APA's approach to capital allocation--including share repurchases, dividend increases, strategic acquisitions, and active portfolio management--is designed to enhance profitability and shareholder returns. However, while these actions support internal profitability metrics, APA's stock price performance relative to major indices suggests there are broader market and industry factors influencing overall shareholder value.","Both the Apollo Exploration lawsuit and the disputes related to the Australian and Canadian operations carry potential implications for Apache Corporation's profitability and capital allocation strategy. First, adverse outcomes in these high-profile cases could lead to significant cash outlays in the form of settlements, legal fees, or damages. For example, while the Apollo Exploration case is still subject to appeals and remands--implying continued legal uncertainty--a negative ruling could require the company to allocate capital to cover large payouts, thereby reducing net income and compressing operating margins. Similarly, the dispute with Quadrant Energy in Australia involves claims for approximately AUD $80 million against counterclaims of up to AUD $200 million, and the settlement in the Canadian matter already involved a cash payment of $7 million. These exposures could necessitate creating or increasing litigation reserves, which together would divert cash from other business activities.\n\nSecond, the uncertainty associated with these litigations may force management to adopt a more conservative capital allocation strategy. This might involve postponing or scaling back planned capital expenditures, such as investments in exploration or production expansion, in order to preserve liquidity and maintain financial flexibility. Investors and analysts typically view large potential liabilities as a risk factor that can depress future profitability and affect decision-making on capital allocation.\n\nIn summary, if these cases result in unfavorable outcomes, Apache Corporation may face higher legal expenses and contingent liabilities that directly reduce profitability. Moreover, the need to safeguard financial stability could lead to adjustments in the company's capital allocation strategy, focusing more on maintaining liquidity and covering litigation risk rather than on aggressive growth initiatives.","2",""
"54","a54fecf0","Cboe (CBOE) allocates capital primarily towards dividends/share buybacks vs growth investments.","Based on the provided context, Cboe (CBOE) allocates capital to both dividends/share buybacks and growth investments, but recent disclosures emphasize significant and ongoing capital returns to shareholders through dividends and share repurchases:\n\n- Dividends: The company expresses an expectation to continue paying dividends, with the decision dependent on factors such as earnings, financial condition, capital requirements, and level of indebtedness. However, the payment of dividends remains at the discretion of the Board of Directors (Chunks 2, 5, 6, 8).\n- Share Buybacks: Cboe has a substantial share repurchase program. Since inception through December 31, 2023, the company has repurchased 19.6 million shares for a total of $1.4 billion. In 2023 alone, it repurchased 661,721 shares at an average cost of $126.80 per share, totaling $83.9 million (Chunks 1, 5, 6).\n- Growth Investments: The company also maintains significant liquidity for operations, capital expenditures, potential acquisitions, and debt repayments, indicating that growth investments remain a key use of capital. As of December 31, 2023, Cboe had nearly $1.0 billion available for these purposes after regulatory capital requirements (Chunk 2).\n\nIn summary, while Cboe consistently returns capital to shareholders via dividends and share repurchases, it also preserves substantial resources for growth investments and strategic initiatives. There is no explicit indication that one is prioritized exclusively over the other; both capital returns and growth investments are important components of Cboe's capital allocation strategy.","Cboe Global Markets appears to be balancing its capital allocation in a dual-focused manner. On one hand, the company has committed significant cash to shareholder returns (evidenced by cash dividends and share repurchases totaling approximately $307.4 million in 2023 alone) which indicates a strong commitment to rewarding shareholders. On the other hand, it is also actively managing its balance sheet by making substantial principal repayments on long‐term debt (e.g., $305.0 million on current portions of long-term debt in 2023). This reduction in leverage not only enhances financial stability but also improves future financial flexibility--critical for supporting operational and strategic growth. Additionally, the notable increase in net income (from $235.0 million in 2022 to $761.4 million in 2023, a 224% rise) underscores improved profitability and suggests that operational performance is robust. While the references do not provide direct line-item details on investments in growth initiatives, the healthy operating performance and prudent debt management together imply that Cboe is maintaining a disciplined balance between returning capital to shareholders and preserving--or even enhancing--the capacity to invest in future operational and strategic opportunities.","9",""
"53","a4285e41","Impact of third-party cybersecurity risk mgt on Enphase Energy.","Enphase Energy relies on various third-party service providers for business-critical functions and security-related services, including SaaS platforms, managed services, cloud infrastructure, and professional cybersecurity services. The company's vendor management process includes evaluating the cybersecurity practices of certain providers and contractually imposing obligations related to the services they provide and the information they process.\n\nHowever, Enphase Energy acknowledges that its ability to monitor the information security practices of third-party providers is limited, and these third parties may not always have adequate security measures in place. If a significant data security breach were to occur at a third-party provider, it could detrimentally affect Enphase's business, ability to provide products and services, results of operations, and financial condition. This risk is heightened because Enphase shares information with contractors and third-party providers and relies on them for critical operations.\n\nIn summary, third-party cybersecurity risk management is crucial for Enphase Energy, as weaknesses in third-party security practices could expose the company to significant operational, financial, and reputational harm. While Enphase has processes to assess and manage these risks, there are inherent limitations, and the company recognizes the potential material impact of third-party cybersecurity incidents on its business.","The provided excerpt clearly explains that Enphase Energy's risk management strategy involves leveraging third-party cybersecurity service providers to enhance its overall security posture. These external vendors offer a range of functions including outsourced critical functions, specialized cybersecurity services (such as penetration testing, threat intelligence, vulnerability assessments, and incident response), and essential IT services as part of the company's overall approach to monitor, detect, and mitigate cybersecurity risks.\n\nIn terms of financial risk profile, reliance on external vendors can have both positive and negative implications:\n\n1. Cost Efficiency and Scalability: By outsourcing cybersecurity functions, Enphase Energy can avoid the high capital expenditures associated with building and maintaining a full in-house cybersecurity solution. This can translate into more predictable operating expenses and scalability as the business grows.\n\n2. Dependency on Vendor Performance: The company's financial risk profile could be negatively affected if these external vendors fail to perform adequately. Any lapses in the vendors' cybersecurity measures could expose Enphase Energy to breaches or compliance failures, potentially resulting in significant financial liabilities, regulatory fines, or reputational damage.\n\n3. Vendor-Related Risks: Reliance on third-party providers can increase exposure to vendor-specific risks such as contract disputes, operational delays, or disruptions in service. These risks necessitate robust vendor management and oversight, including contractual obligations and regular assessments of the vendor's cybersecurity practices, as highlighted in the report.\n\n4. Risk Mitigation through Diversification: On the plus side, using multiple specialized vendors allows for a diversified approach to cybersecurity risk management, which can mitigate the potential impact from the failure of any single service provider.\n\nIn summary, third-party cybersecurity service providers play a key role in helping Enphase Energy to effectively manage cybersecurity threats through specialized services and ongoing risk assessments. However, their involvement also introduces vendor-related risks that need to be carefully managed to protect the company's financial integrity. Proper oversight and vendor management practices are therefore critical to minimizing the financial risks associated with this external reliance.","8",""
"57","f6cd7e21","$12M accruals collateral impact on cash flows, balance sheet stability for Amcor plc.","I cannot find sufficient information in the provided documents to answer this question. There is no specific reference to a $12 million accruals collateral or its impact on Amcor plc's cash flows or balance sheet stability in the supplied context.","The provided data does allow us to assess the impact on consolidated cash flows and balance sheet stability. Here's the breakdown:\n\n1. **Accreditation of Liabilities**: The Company has recorded accruals of $12 million, which are included in other non‐current liabilities. This amount represents recognized potential future outflows related to litigation and tax challenges. The accrual is recorded based on an estimate of probable loss and is a standard accounting practice to recognize future liabilities. It directly increases liabilities on the balance sheet but is expected to be commensurate with the actual risk exposure.\n\n2. **Collateral Arrangements**: The Company has provided collateral in several forms - letters of credit of $16 million, judicial insurance of $1 million, and deposited cash of $12 million. These arrangements are designed to ensure that, if the disputes progress to litigation, the Company meets regulatory or court requirements without subjecting its liquidity to significant strain.\n\n3. **Impact on Cash Flows and Balance Sheet Stability**:\n   - **Cash Flows**: Although some cash (the $12 million deposited with the courts) is tied up, the Company has indicated that the level of collateral pledged (including this cash deposit) is not significant enough to materially affect its liquidity. This suggests that the cash flows are robust and that the Company's operating cash flow generation is sufficient to cover both its regular operations and the contingent liabilities arising from these litigation matters.\n   - **Balance Sheet**: The accruals and collateral arrangements are disclosed as part of the contingent liabilities and commitments. They indicate that while there are potential cash outflows in the future, the Company's overall consolidated balance sheet remains stable. The liabilities, though recorded, are within expected and manageable levels given the Company's size and financial position, and are not considered to adversely affect the Company's creditworthiness or operational liquidity.\n\nIn summary, while the $12 million accrual increases recorded liabilities and the collateral arrangements result in temporary restrictions on cash, both measures are well within the Company's risk management and liquidity planning. The Company does not believe these matters will materially affect its consolidated results, financial position, or cash flows, indicating a stable balance sheet and sufficient liquidity.","1",""
"58","8a8cd2e9","Utilization timeline criteria for repurchase program by Regency Centers (REG).","Regency Centers' (REG) common stock repurchase program was authorized by the Board for a two-year period, allowing the company to repurchase up to $250 million of its outstanding common stock through open market purchases or privately negotiated transactions. The program will expire on February 7, 2025, unless modified, extended, or earlier terminated by the Board. The timing and price of stock repurchases depend on market conditions and other factors (see Chunk 1).","The provided information does not offer a detailed, specific timeline or strict criteria for the utilization of the remaining $230.0 million authorization. Instead, it states that repurchases will occur based on market conditions and other factors. Additionally, the Repurchase Program is authorized until February 7, 2025. This means that while the company has until that expiration date to execute repurchases, the actual timing and extent of any transactions will depend on prevailing market conditions and management's discretion. No further details regarding the criteria or a projected timeline are provided in the reference.","9",""
"56","1a71ecb0","Ticker MRO impact on EPS from dilutive securities is vs. WA vs. diluted shares.","For Marathon Oil Corporation (ticker: MRO), the impact of dilutive securities on earnings per share (EPS) is minimal based on the provided data.\n\n- In 2023, the weighted average common shares outstanding for basic EPS was 607 million, and for diluted EPS, it was 608 million.\n- In 2022, basic shares were 685 million and diluted shares were 687 million.\n- In 2021, basic shares were 787 million and diluted shares were 788 million.\n\nThis shows that the addition of dilutive securities (such as stock options and restricted stock units) increased the weighted average shares outstanding by only about 1-2 million shares each year, which is a very small increase compared to the total shares outstanding. Therefore, the impact of dilutive securities on MRO's EPS is minor.\n\nReference: [Chunk 1]","For each year, the increase from the weighted average common shares outstanding to the diluted shares is very small: in 2023 the extra share is 1 (608 - 607), in 2022 it is 2 shares (687 - 685), and in 2021 it is 1 share (788 - 787). When we consider the total number of shares, these extra shares represent approximately 0.16% (1/607) in 2023, 0.29% (2/685) in 2022, and 0.13% (1/787) in 2021. Consequently, the impact on EPS is negligible - the diluted EPS figures are almost identical to the basic EPS figures, confirming that the dilutive effect has a minimal impact on earnings per share. This negligible effect indicates that potential conversion of stock options does not significantly dilute the earnings per share for Marathon Oil Corporation.","9",""
"59","b0196c5b","Long-term financial impact of RCL if major judgment reversal fails on appellate.","If Royal Caribbean Cruises Ltd. (RCL) is unsuccessful in overturning the approximately $112 million judgment in the Havana Docks Action on appeal, the company will be required to pay the judgment amount, which includes damages and attorneys' fees, as well as post-judgment interest and related legal costs. RCL has already recorded a charge of approximately $130 million in relation to this matter, covering the judgment, interest, and related expenses (see Chunks 2, 11, and 13).\n\nThe company believes it has meritorious grounds for appeal and intends to vigorously pursue it. However, the financial statements have already reflected the potential impact of an adverse outcome by recording the charge. RCL also states that, aside from this matter, most other claims are covered by insurance and are not expected to have a material adverse impact.\n\nTherefore, if the judgment reversal fails on appeal, the primary long-term financial impact has already been recognized in RCL's financials, and no further material adverse effect is anticipated on its financial condition, results of operations, or cash flows beyond what has been disclosed and accrued.","If the appeal does not reverse the $112 million judgment, the long‐term financial implications for Royal Caribbean Cruises Ltd. could include several key areas of impact:\n\n1. **Cash Flow and Liquidity Constraints**: The company may be required to settle the judgment by paying the awarded amount plus any post-judgment interest, treble damages, legal fees, and bonding fees. Even though the reported charge in Q4 2022 was around $130 million (which included these expenses), the long-term strain on cash flows could affect the company's ability to finance operations, invest in new projects, or maintain adequate liquidity buffers.\n\n2. **Profitability and Earnings Impact**: The judgment would likely be recorded as an expense in the income statement. This one-time charge, if not reversed, may depress earnings in the short term and could create uncertainty and volatility in future earnings if similar claims arise or if further litigation costs develop. It could also negatively influence investor perceptions of the company's risk profile and operating performance.\n\n3. **Capital Allocation and Cost of Capital**: A sizable legal judgment can affect the way capital is allocated. Funds that might have been deployed for growth initiatives or shareholder returns (dividends, share buybacks) might instead be used to cover litigation costs. Additionally, an unresolved legal liability of this magnitude can increase perceived investment risk, potentially resulting in higher borrowing costs or a more cautious approach by credit-rating agencies in their assessments.\n\n4. **Legal and Operational Risk**: The situation highlights exposure to legal risk, particularly claims tied to complex international issues (in this case, related to Cuban assets under the Helms-Burton Act). A final adverse judgment could prompt additional scrutiny of contractual and operational practices. Such risks might lead to adjustments in insurance coverage or reserve policies to address any future litigation risks.\n\n5. **Balance Sheet Implications**: In the event of an irreversible judgment, the liabilities reported on the balance sheet would remain elevated. This can affect key financial ratios, such as the debt-to-equity ratio and return on assets, potentially influencing market perception and the company's borrowing capacity.\n\nWhile these implications are generally consistent with the information provided, it is important to note that the ultimate financial impact will also depend on how the company manages its legal exposure, its overall risk management strategies, and potential future claims. The detailed and final impact could be further evaluated through more comprehensive scenario analysis in the broader context of Royal Caribbean's overall financial strategy.","5",""
"61","8d9a0f37","Constellation Energy's Rev Recog. performance obligation criteria relates closely to its operational metrics.","I cannot find sufficient information in the provided documents to answer this question.","Constellation Energy recognizes revenue from contracts with customers by applying the criteria outlined in the Revenue from Contracts with Customers guidance. In practice, revenue is recognized in the period when the performance obligations within a contract are satisfied. This generally occurs when the company delivers power, natural gas, and other energy-related commodities and services to the customer. For example, in their retail power and natural gas sales, fulfillment is determined based on systematic customer meter readings (usually monthly), and any energy delivered but not yet billed as of the reporting period is estimated using individual meter readings, forecasted volumes, and applicable rates. Essentially, as the customer receives the services or commodities, the related performance obligations are considered fulfilled, thus triggering revenue recognition.","1",""
"60","70130d76","Impact of share buybacks on EPS & valuation for Dexcom, Inc. (DXCM).","Based on the provided context, Dexcom, Inc. (DXCM) authorized a share repurchase program of up to $500 million in October 2023, and entered into an accelerated share repurchase agreement with Bank of America, N.A. (Chunk 5). While specific EPS (Earnings Per Share) impacts from these buybacks are not directly quantified in the documents, the general effect of share repurchases is to reduce the number of outstanding shares. This reduction typically increases both basic and diluted EPS, assuming net income remains constant, because EPS is calculated by dividing net income by the weighted average number of shares outstanding.\n\nFor Dexcom in 2023, the basic net income per share was $1.40 and diluted net income per share was $1.30, based on weighted-average shares of 386.0 million (basic) and 425.5 million (diluted) (Chunk 2). Share repurchases would reduce these share counts in future periods, potentially increasing EPS.\n\nIn terms of valuation, higher EPS due to share buybacks can make the stock appear more attractive on a price-to-earnings (P/E) basis, all else being equal. However, the actual impact on valuation also depends on market perception, the price paid for the buybacks, and how the capital could have been otherwise used.\n\nIn summary, Dexcom's share buybacks are expected to have a positive impact on EPS by reducing the number of outstanding shares, which can also support a higher valuation if investors view the buybacks as a good use of capital. However, the documents do not provide a direct quantification of the buyback impact on EPS or valuation for Dexcom.","The share repurchase programs reduce the number of outstanding shares, which directly impacts key profitability metrics. For instance, earnings per share (EPS) is calculated as net income divided by the number of outstanding shares. If net income remains constant, a reduction in outstanding shares will result in a higher EPS. This increase can make the company's earnings performance appear stronger on a per-share basis. Additionally, when market participants assess a company's valuation using multiples such as the P/E ratio, a higher EPS (assuming stock price remains relatively constant) could result in a lower P/E ratio, potentially making the stock more attractive relative to its peers.\n\nFurthermore, by reducing the share base, the company may also signal management's confidence in its future prospects, which can positively influence investor sentiment and the overall valuation. It is important to note, however, that while EPS improves mathematically, the underlying profitability of the company is not necessarily changing, so investors should consider other factors (such as revenue growth, cash flow, and operating margins) to get a comprehensive view of the company's performance.\n\nIn summary, the reduction in outstanding shares from the repurchase programs is likely to boost EPS and can have a favorable effect on valuation metrics, assuming all other factors remain constant.","9",""
"62","bf7f45c3","HII analysis of Ingalls segment stability, capex trends, and asset drivers.","Analysis of HII's Ingalls Segment: Stability, Capex Trends, and Asset Drivers\n\nStability:\nThe Ingalls segment demonstrates stability and modest growth over recent years. Sales and service revenues for Ingalls increased from $2,528 million in 2021 to $2,570 million in 2022, and further to $2,752 million in 2023--a 7% increase from 2022 to 2023. Operating income also rose consistently, from $281 million in 2021, to $292 million in 2022, and $362 million in 2023. As a percentage of segment sales, operating income grew from 11.1% in 2021 to 13.2% in 2023, reflecting both volume increases and some performance improvements. Revenue growth has been driven by higher volumes in surface combatants and amphibious assault ships, partially offset by lower volumes in the National Security Cutter (NSC) program. Additionally, in 2023, segment income was positively impacted by the sale of a court judgment and a contract incentive.\n\nCapex Trends:\nCapital expenditures (capex) for Ingalls have remained relatively stable over the past three years: $72 million in 2021, $69 million in 2022, and $65 million in 2023. This shows a slight downward trend, indicating a stable but cautious investment approach. The steady capex, against a backdrop of growing revenues and operating income, suggests Ingalls is maintaining its facilities and capabilities without significant new expansion.\n\nAsset Drivers:\nAs of December 31, 2023, Ingalls had total assets of $1,619 million, a slight decrease from $1,633 million in 2022 and $1,659 million in 2021. The main drivers for the segment's assets are its shipbuilding facilities, located on 800 acres in Mississippi, and ongoing contract work for the U.S. Navy and Coast Guard--particularly amphibious assault ships, surface combatants, and NSCs. Ingalls' stability is underpinned by its longstanding role as the sole builder of certain classes of ships for the U.S. military, which provides a consistent base of work and revenue.\n\nIn summary, Ingalls shows stable growth, steady capex, and asset levels driven by its core shipbuilding business and sustained demand from U.S. government contracts.","The trends in Ingalls--relatively stable asset levels coupled with slightly declining capital expenditures--suggest several potential operational and strategic factors at play:\n\n1. Maturity and Maintenance Focus: Ingalls may have reached a mature phase in its asset lifecycle where most of its assets are fully developed. The lower capital expenditures could indicate a focus on maintaining existing assets rather than investing heavily in capacity expansion or new capacity. Operating within a stable asset base may mean that the company is shifting from building new assets to optimizing or modernizing its current facilities.\n\n2. Cost Management and Efficiency: A reduction in capital spending might also reflect a deliberate strategic choice to reduce costs and improve operational efficiencies. This could be achieved through investments that are more targeted (e.g., updating existing technology rather than complete overhauls) or by improving maintenance practices. Such a strategy would help in managing expenditures without significantly altering the asset base.\n\n3. Contract Environment and Business Cycle: For a company like Huntington Ingalls Industries, which operates in a defense and shipbuilding environment, capital expenditures may directly relate to fluctuations in contract awards and the military procurement cycle. If recent contract inflows or renewals are steady, there might be less need for major capital investments, leading to the observed stability in assets.\n\n4. Strategic Realignment: The company may be realigning its capital allocation strategy by prioritizing higher-return projects in other segments or initiatives. A minor reduction in capex at Ingalls might be a deliberate decision to divert investments to other areas (e.g., digital transformation, innovation projects, or other segments like Newport News and Mission Technologies) where more growth opportunities exist.\n\nEach of these factors could individually or collectively influence the operational and strategic decisions leading to the observed trends in the Ingalls segment. The provided data primarily shows the asset levels and capital expenditures, so while we cannot pinpoint the exact internal rationale, these broader factors are consistent with such financial behavior.","9",""
"63","73531f36","Leadership roles at TROW impact profit & cap allocation.","Leadership roles at T. Rowe Price (TROW) are seen as a critical driver of the firm's future growth and success. The company emphasizes the professional growth and development of its associates, including leadership development, as key to maintaining its strong corporate culture and competitive edge. All portfolio managers are promoted from within, and there is a focus on growing leaders through training programs and leadership events (Chunk 4).\n\nEffective leadership at TROW directly impacts the firm's ability to deliver strong long-term investment performance, which in turn influences profitability. The ability to attract and retain high-quality talent, including leaders, supports the firm's operational excellence and client success, both of which are crucial for maintaining and increasing assets under management (AUM)--a primary driver of revenue and profit (Chunks 1, 2, 5).\n\nIn terms of capital allocation, the firm's leadership is responsible for reviewing acquisition and venture opportunities and engaging in transactions or financial relationships that may enhance competitive positioning and drive future profitability (Chunks 1, 13). Leadership also oversees succession planning, diversity and inclusion initiatives, and the allocation of resources to employee development and benefits, which are essential to retaining talent and supporting business growth (Chunk 1).\n\nIn summary, leadership roles at TROW have a significant impact on profit by driving investment performance, talent retention, and operational efficiency. They also guide the firm's capital allocation decisions through strategic investments in people, acquisitions, and business initiatives.","The provided leadership composition shows a diversity of specialized skills and long tenures across key investment areas, and while we do not have direct financial statement numbers here, we can infer how these capabilities likely drive profitability and optimize capital allocation. For example, the leadership team is composed of individuals with deep expertise in global investments, fixed income strategies, and international equity. Their extensive experience--spanning roles such as chief investment officer, head of global multi-asset, and head of U.S. equity--suggests that the firm can leverage informed, experienced decision-making to identify profitable investment opportunities and manage risks effectively.\n\nBy drawing on decades of expertise in specialized segments, the team is likely to be able to:\n\n1. Make strategic asset allocation decisions that maximize returns relative to risk. The combination of fixed income, equity, and multi-asset specialists helps ensure that capital is allocated efficiently across various portfolios according to market conditions and company strategy.\n\n2. Enhance risk management practices. The leadership's extensive experience in roles focused on risk (e.g., Chief Risk Officer and heads of fixed income areas) indicates that they can anticipate market volatility and adjust portfolio exposures accordingly, thereby protecting profitability.\n\n3. Drive operational efficiencies and cross-divisional insights. With many leaders holding multiple roles over their careers and rigorous corporate oversight (as evidenced by long tenures and varied positions such as legal, treasury, and global distribution), the organization can integrate insights across segments. This integration supports better capital allocation by ensuring that strategic investments in growth areas are balanced with risk management and cost control measures.\n\n4. Support long-term strategic planning. Leadership with a strong track record in investment management likely contributes to more effective long-term capital planning that not only aims at returns but also at maintaining liquidity and financial stability, therefore fueling sustainable profitability.\n\nWhile no direct calculations are applicable from the leadership bios alone, the insights gleaned support the view that T. Rowe Price leverages its high-caliber leadership to achieve competitive positioning, efficient capital allocation, and ultimately, improved profitability.","8",""
"64","68f0cf9d","Comp risks, opps & impacts on performance & growth for Equity Residential (EQR).","Based on the provided context, here are the compensation-related risks, opportunities, and impacts on performance and growth for Equity Residential (EQR):\n\n**Risks:**\n- Inflation can impact compensation as it results in wage and payroll pressures, increasing costs for utilities, repairs, and maintenance. This may affect the Company's cost structure and, in turn, its profitability and ability to attract and retain talent (Chunk 14).\n- The Company must remain competitive in its pay practices to attract and retain top talent, especially in light of changing employee expectations post-pandemic (Chunk 3).\n\n**Opportunities:**\n- EQR actively benchmarks its compensation framework against third-party surveys and regularly reviews job descriptions and market values to ensure competitive pay, which helps in attracting and retaining skilled employees (Chunk 3).\n- The Company promotes from within, encourages learning and development, and offers tuition reimbursement, providing growth opportunities for employees and supporting internal mobility (Chunk 2, 3).\n- EQR's focus on employee engagement, diversity, and inclusion, as well as comprehensive wellbeing benefits (physical, mental, financial, career, social, and community), positions it as an attractive employer, supporting employee satisfaction and retention (Chunk 2, 3).\n\n**Impacts on Performance & Growth:**\n- High employee engagement (78% favorability in 2023) and strong diversity & inclusion scores (84%) reflect a positive workplace culture, which can enhance productivity and innovation (Chunk 3).\n- Ongoing training and development initiatives help ensure that employees are equipped with current skills, enabling them to contribute effectively to business performance and growth (Chunk 3).\n- Executive leadership is held accountable for diversity, inclusion, and engagement outcomes, reinforcing a culture that supports performance and growth (Chunk 3).\n\nIn summary, EQR's approach to compensation and employee programs presents both risks (mainly inflation and market competitiveness) and opportunities (engagement, development, and internal mobility), with direct positive impacts on overall company performance and growth.","The reference indicates that Equity Residential views its competitive environment as a double‐edged sword. On one hand, there are risks: because all of its properties are located in developed areas, the company faces significant competition from other multifamily providers and alternative housing options such as single-family rentals. This competition can limit its ability to charge premium rents and achieve optimal leasing rates, particularly given that some competitors have greater resources and management expertise. These risks imply potential challenges in maintaining high occupancy rates and controlling rent discounts, which in turn may pressure its operational performance and narrow growth prospects.\n\nOn the other hand, operating in developed areas also provides opportunities. A dense market with multiple housing options indicates a robust demand environment that the company can tap into. With strategic capital allocation and efficient property management, Equity Residential could leverage its brand, location advantages, and operational efficiencies to differentiate itself. Successful mitigation of competitive pressures - by enhancing service quality, investing where needed, and potentially repositioning assets - could lead to sustainable, long-term growth and improved competitive positioning.\n\nIn summary, while the competitive landscape presents risks such as intensified competition, pressure on rental incomes, and challenges in lease renewals, it also offers opportunities for growth provided the company continues to refine its operations and capitalize on high-demand urban markets. The operational performance and future growth potential of Equity Residential will depend largely on its ability to manage these risks while harnessing opportunities to improve market share and profitability.","2",""
"65","7d96081d","Strategic priorities analysis on cybersecurity vs R&D spend at Adobe (ADBE)","Based on the provided information, Adobe demonstrates significant strategic prioritization in both cybersecurity and research & development (R&D), but their nature and emphasis differ:\n\nCybersecurity:\n- Adobe maintains robust cybersecurity processes, infrastructure, and management frameworks to assess, identify, and manage risks from cybersecurity threats. This includes regular security reviews, penetration testing, vulnerability assessments, and incident response plans.\n- Oversight is provided by experienced executives such as the Chief Security Officer (CSO) and Chief Cybersecurity Legal and Privacy Officer (CCPO), supported by a dedicated cybersecurity team. The CSO manages personnel, budgets, third-party consultants, and overall cybersecurity strategy, while the CCPO oversees legal compliance and strategy.\n- Cybersecurity risk management is a continuous, enterprise-wide effort, with policies, training (including annual security awareness for all employees), and a vendor security review program.\n- The company highlights the importance of cybersecurity in protecting its systems and customer data, with escalation protocols for significant incidents to senior management.\n\nResearch & Development (R&D):\n- Adobe invests heavily in R&D as a core strategy to drive innovation and maintain leadership in the fast-evolving software industry.\n- The Adobe Research team--comprising scientists, engineers, artists, and designers--works on developing new products and enhancing existing ones, particularly in AI, machine learning, and deep learning.\n- R&D efforts focus on expanding offerings across Adobe's cloud platforms, building proprietary AI foundation models (such as Adobe Firefly), and integrating advanced features into flagship products.\n- Adobe also pursues external innovation through acquisitions, licensing, and direct investments in third-party technologies and companies.\n- The company sees continuous R&D investment as essential for remaining competitive and addressing emerging customer needs.\n\nRelative Strategic Emphasis:\n- Both cybersecurity and R&D are clearly high priorities. R&D receives major investment as a growth driver and differentiator, fueling product development, AI innovation, and new market opportunities.\n- Cybersecurity is foundational to the trust and integrity of Adobe's digital services, underpinning customer confidence and regulatory compliance.\n- There is no specific financial comparison between cybersecurity and R&D spend in the provided context, but R&D is described as requiring a ""continuous high level of investment"" for ongoing innovation, while cybersecurity is framed as an essential risk management function with dedicated leadership and resources.\n\nIn summary, Adobe's strategic priorities show R&D as a primary driver of innovation and business growth, with cybersecurity as a critical operational pillar to protect assets, data, and customer trust. Both areas are actively managed and resourced, reflecting their importance to Adobe's overall strategy.","The question requires specific numerical data on Adobe's cybersecurity expenditures and its R&D spending from the company's financial disclosures or related financial statements. Since no such financial data is provided (as indicated by the reference stating 'Not applicable'), it is not possible to perform a comparison or draw conclusions regarding Adobe's strategic priorities in protecting its digital assets. Additional details on the respective expenditures would be necessary to answer this question comprehensively.","7",""
"66","efbe6f3a","Impact on DLTR valuation & outlook due to litigation loss estimates.","Based on the provided context, Dollar Tree, Inc. (DLTR) has experienced an increase in general liability claims, which have begun to develop and pay out at amounts significantly higher than anticipated. This has resulted in higher actuarially determined accruals for self-insured liabilities, which increased to $363.5 million as of February 3, 2024, from $318.2 million the prior year. The impact of these higher claims is reflected in increased selling, general and administrative expenses, specifically an approximate 25 basis point increase in general liability expenses for fiscal 2023.\n\nThis increase in litigation-related costs has negatively impacted DLTR's operating margins. For example, the Dollar Tree segment's operating income margin decreased to 13.6% in fiscal 2023 from 16.5% in fiscal 2022, partially attributable to these higher expenses. Across the company, the overall operating income (loss) margin dropped sharply to -2.9% in fiscal 2023 from 7.9% in fiscal 2022, also reflecting these higher costs alongside other impairments.\n\nThe elevated litigation and claim costs have contributed to reduced profitability and could continue to pressure margins if the trend persists. This dynamic introduces additional risk and uncertainty to DLTR's financial outlook and valuation, as ongoing or increasing litigation losses could further erode earnings and cash flows, potentially impacting investor sentiment and the company's valuation multiples.\n\nIn summary, higher-than-expected litigation losses and related liability accruals have negatively affected DLTR's margins and profitability, introducing greater risk to its future financial outlook and potentially its valuation.","The discussion provided in the reference shows that management relies on estimates and assumptions when assessing potential litigation losses, including those arising from talc and acetaminophen matters. In particular, management's approach involves monthly assessments of legal proceedings and the recording of charges when a loss is considered probable and reasonably estimable. For instance, the disclosures mention that while previous talc litigation was resolved without material loss, there remains uncertainty for future claims. Similarly, although acetaminophen cases have largely been dismissed after procedural developments, future litigation remains a potential risk. \n\nFrom an investment perspective, these uncertainties mean that management must maintain reserves for potential litigation losses and constantly adjust these estimates as favorable or adverse developments occur. Such adjustments have two main implications for valuation and investment outlook: \n\n1. Risk and Discount Rates: The uncertainty in estimating potential losses adds a layer of risk, which investors must factor into their discount rate when valuing future cash flows. Higher perceived litigation risk tends to result in a higher discount rate, potentially leading to a lower valuation. It also creates a strategic need to monitor disclosures closely for any updates that might prompt further charges or require changes to reserves. \n\n2. Capital Allocation and Earnings Volatility: The recorded charges (for example, the $56.7 million related to DC 202 matters) represent nonrecurring expenses that can depress earnings on the short‐term income statement. If litigation losses are assumed to be significant, management might be forced to be more conservative in its capital allocation or risk management strategies. This volatility in reported earnings can affect investor sentiment, particularly for those focusing on consistent profitability and low-risk profiles.\n\nOverall, although management has indicated that these matters are not expected to materially affect the business, financial condition, or liquidity, the ongoing litigation risk underscores an element of uncertainty. This uncertainty is built into the valuation models employed by investors through higher risk premiums, and it shapes an investment outlook that is somewhat cautious--balancing the company's strong operational fundamentals against the potential for unexpected litigation expenses in the future.","8",""
"67","ec654929","Impact on short-term CF and profitability from CF Industries EHS capex, CF.","Based on the provided context, CF Industries' environmental, health, and safety (EHS) capital expenditures were approximately $36 million in 2023 and are estimated to be around $47 million in 2024. These expenditures are necessary to comply with complex and increasingly stringent environmental, health, and safety laws and regulations, and to support safe and reliable operations at their manufacturing facilities.\n\nWhile these EHS capital expenditures are a recurring and planned part of CF Industries' operations, the documents indicate that continued and potentially increasing spending on environmental controls may be required due to evolving regulations and public emphasis on environmental issues. Such expenditures could have a material adverse effect on the company's business, financial condition, results of operations, and cash flows if they increase significantly or if unexpected liabilities arise. However, to date, the costs associated with resolving environmental liabilities have not been material.\n\nIn summary, in the short term, EHS capital expenditures reduce available cash flow by the amount spent (e.g., $36 million in 2023, $47 million estimated in 2024), and if these expenditures or related liabilities increase substantially, they could negatively impact profitability and cash flow. However, so far, these costs have not had a material adverse effect on short-term profitability or cash flows.","The available data indicates that CF Industries is expected to increase its environmental, health, and safety capital expenditures from approximately $36 million in 2023 to an estimated $47 million in 2024. This increase represents a higher short-term cash outflow, which will likely reduce available free cash flow. In the short term, these increased expenditures can put pressure on cash flows as more funds are allocated to ensure compliance with environmental laws, regulations, and safety standards. The need for additional spending partly stems from the evolving regulatory landscape - with more stringent rules coming into effect - which necessitates further investments to meet compliance, maintain facility operations, and possibly mitigate remediation or environmental liability risks.\n\nRegarding overall profitability, higher capital expenditures for environmental, health, and safety measures can have a mixed impact. On one hand, these investments are essential for risk management and legal compliance, reducing the potential for costly penalties or interruptions in operations. However, if these expenditures are not paralleled by cost efficiencies or revenue enhancements, they may negatively affect profitability by increasing operating costs. In summary:\n\n- Short-term cash flows will likely be tighter due to the increased capital outlays.\n- Overall profitability could see downward pressure if the increased spending does not generate corresponding operational or cost-saving benefits.\n\nThus, while these strategic investments are crucial for long-term sustainability and compliance, they do result in higher cash outflows and could pressure short-term profitability until their benefits are fully realized.","8",""
"69","ac05d469","AES operating margin % of rev and impact of rev/cost trends on margin variations, AES.","AES's operating margin as a percentage of revenue for the years ended December 31, 2023 and 2022 was as follows:\n\n- 2023: Operating margin was $2,504 million on total revenue of $12,668 million, which is approximately 19.8%.\n- 2022: Operating margin was $2,548 million on total revenue of $12,617 million, which is approximately 20.2%.\n\nThis indicates a slight decrease in operating margin percentage from 2022 to 2023.\n\nImpact of Revenue and Cost Trends on Margin Variations:\n- Revenue increased slightly by $51 million (from $12,617 million in 2022 to $12,668 million in 2023).\n- Total cost of sales also increased (from $10,069 million in 2022 to $10,164 million in 2023).\n- As a result, the operating margin decreased by $44 million, or 2%, year-over-year.\n- The decrease in operating margin was influenced by higher costs of sales, which include expenses such as electricity and fuel purchases, operations and maintenance, depreciation and amortization, and other support costs.\n- General and administrative expenses increased by 23% ($48 million), and interest expense also increased by 18% ($202 million), adding further pressure on margins.\n- Segment analysis shows that while some business units (like Utilities SBU) saw margin improvements, others (such as Renewables SBU and Energy Infrastructure SBU) experienced declines.\n\nIn summary, the slight decline in AES's operating margin as a percentage of revenue in 2023 was mainly due to higher cost of sales and increased general and administrative expenses, which outpaced the modest increase in revenue.","In 2023, the operating margin of $2,504 million represents approximately 19.8% of total revenue. This percentage is calculated as follows: (2,504 / 12,668) x 100 ≃ 19.8%.\n\nExamining the trends over the three reported years:\n- In 2021, the company had total revenue of $11,141 million and an operating margin of $2,711 million, which amounts to roughly 24.3% (2,711/11,141 x 100).\n- In 2022, revenue increased modestly to $12,617 million and the operating margin slightly decreased to $2,548 million (approximately 20.2%).\n- By 2023, revenue further increased to $12,668 million, but the operating margin fell to $2,504 million (about 19.8%).\n\nThe data suggest that although revenue has increased over the years--the growth coming from both non-regulated and regulated segments--the cost of sales has also risen. In fact, from 2021 to 2023, the increases in cost of sales (for both non-regulated and regulated operations) have outpaced the revenue growth. For instance, while non-regulated revenue grew from $8,273 million in 2021 to $9,245 million in 2023, the corresponding cost of sales increased from $5,982 million to $7,173 million. A similar trend is observed in the regulated segment. This higher relative increase in costs has eroded the operating margin percentage over time, leading to a lower percentage in 2023 compared to previous years.","9",""
"68","68e2cfdf","Seasonal workforce risk & NRG Energy cost stability.","NRG Energy faces certain risks related to its workforce and cost stability, though the provided context does not specifically highlight a large seasonal workforce risk in the way retail or other industries might experience. Instead, NRG's workforce risks are more focused on unionized employees and the potential impact of strikes, work stoppages, or the inability to replace retiring workers, which could result in reduced power generation or outages and thus impact the company's financial condition and results of operations (Chunk 3).\n\nRegarding cost stability, NRG's costs and financial results are significantly influenced by volatile supply and demand for power and gas, which are impacted by factors such as weather, fuel price volatility, and disruptions in fuel supply or delivery infrastructure (Chunks 1, 2, 4, 8, 9, 10, 15). Seasonal changes, particularly extreme temperatures in summer and winter, lead to higher demand and prices for electricity and natural gas, affecting the company's results. NRG also faces risks if it cannot pass through increased fuel costs or if it must procure replacement power at higher market rates due to supply disruptions (Chunks 4, 8).\n\nIn summary, while NRG does not appear to have a traditional seasonal workforce risk, it does face risks related to workforce disruptions and retirements, which could affect operations. Cost stability is challenged by seasonal demand fluctuations, fuel price volatility, and supply disruptions, all of which can have a material adverse impact on NRG's financial performance.","NRG Energy employs a large number of seasonal smart home direct sales and installation workers, which could help manage costs and scale operations in line with demand fluctuations. Additionally, with only 4% of the workforce covered by collective bargaining agreements and no reported labor stoppages or disputes in 2023, the company demonstrates a relatively stable labor environment, reducing the risk of operational disruptions that could impact profitability and cash flow.","4",""
"70","2cdda180","Dedicated lead independent director for board oversight boosts investor confidence in TTWO.","I cannot find sufficient information in the provided documents to answer this question.","The presence of a dedicated Lead Independent Director, as seen with Michael Dornemann, generally carries several important implications for board oversight and investor confidence. First, the role emphasizes board independence. A Lead Independent Director can act as a counterbalance to the CEO and management, ensuring that board discussions and decisions are not overly influenced by executive interests. This improves the quality of oversight by fostering a more rigorous, unbiased review of the company's strategy, performance, and risk management. Secondly, it signals a commitment to strong governance practices. Investors often interpret the appointment of a Lead Independent Director as a proactive measure to safeguard the interests of shareholders, providing reassurance that there are checks and balances in place to mitigate potential conflicts of interest. This can enhance overall investor confidence in the company's management and its long-term value creation strategies. Additionally, from a risk perspective, a board with a robust independent leadership structure is better equipped to address emerging challenges and ensure transparency in financial reporting and capital allocation decisions. In summary, having a dedicated Lead Independent Director like Michael Dornemann not only strengthens board oversight but also bolsters the credibility and integrity of the company's governance practices, thereby potentially increasing investor trust in the company.","1",""
"74","586ba9c8","Eval ZBH cybersecurity protocols & assess future fin risk, ZBH.","Zimmer Biomet (ZBH) acknowledges significant efforts in developing its cybersecurity program, incident response, business continuity procedures, and disaster recovery planning. However, the company recognizes that these measures may not be sufficient for all possible scenarios, especially given the increasing sophistication and frequency of cyber-attacks. ZBH highlights several potential adverse outcomes if its information systems and data integrity are compromised, including:\n\n- Loss or alteration of confidential information,\n- Difficulties meeting compliance and regulatory requirements,\n- Disruptions in operations, supply chain, and product functionality,\n- Increased expenses or loss of revenue from data privacy breaches,\n- Risk of regulatory sanctions, penalties, and reputational harm.\n\nDespite dedicating significant resources to cybersecurity and collaborating with government authorities to mitigate risks, ZBH cannot guarantee the prevention of cybersecurity incidents or data breaches in the future. Any major breakdown or breach could materially and adversely affect the company's business, reputation, results of operations, and financial condition.\n\nIn summary, while ZBH is proactive in its cybersecurity efforts, the evolving threat landscape means there is ongoing financial risk associated with potential cyber incidents, and future financial performance could be materially impacted by such events.","The company evaluates the effectiveness of its cybersecurity protocols through a layered approach that includes both internal assessments and third-party evaluations. Specifically, it employs industry best practices (such as the NIST Cybersecurity Framework), holds ISO 27001 certification for parts of its operations, and regularly conducts processes including customized annual training, simulation exercises, threat monitoring with advanced tools (including AI and machine learning), and third-party penetration testing. Furthermore, the oversight is reinforced by cross-functional committees; the Audit Committee of the Board of Directors oversees the program with periodic independent assessments, and dedicated subcommittees (from Disclosure, IT, legal, and risk management teams) review cybersecurity incidents to ensure any potential impact is fully understood and escalated if necessary. \n\nRegarding potential financial risks that could affect future operational performance, although historical cybersecurity incidents have not resulted in material financial impact, the company acknowledges ongoing exposure to threats. Potential risks include the possibility of future data breaches or cybersecurity incidents that could lead to financial and operational consequences such as increased remediation or legal costs, reputational damage, regulatory fines, or disruption of operations. In summary, while the current protocols and frequent, rigorous evaluations appear robust, the inherent risk of cybersecurity threats means that failure to continuously adapt to evolving risks could, in future, materialize into financial or operational impacts if not adequately mitigated.","6",""
"72","7c486343","VICI's lease capex impact on future capex allocation & cash flow planning.","VICI's lease agreements with its gaming tenants include specific minimum capital expenditure (capex) requirements. These covenants mandate that tenants spend certain minimum amounts on capital improvements, such as installation, restoration, and repair of the leased properties. For example, the Caesars leases have a $107.5 million annual floor for certain properties and also require annual building and improvement capex to be at least 1% of the prior year's net revenues. Some leases, like the MGM Grand/Mandalay Bay and Venetian leases, have capex requirements based on a rolling multi-year percentage of net revenues (see Chunk 1).\n\nFrom a cash flow planning perspective, these tenant capex requirements mitigate VICI's residual asset risk by ensuring ongoing investment in property maintenance and improvement, which helps preserve asset value over time. Because the tenants, not VICI, are responsible for meeting these capex minimums, VICI's direct capex obligations are limited primarily to its golf operations and corporate assets. As a result, VICI can allocate less capital to property maintenance and more to other uses, such as distributions to shareholders or new investments (see Chunk 2).\n\nThis structure supports stable and predictable cash flows for VICI, as the properties are maintained in good condition without VICI having to fund significant capex itself. The lease structure also enhances VICI's ability to plan and make distributions, since its major cash outflows are not subject to unpredictable property maintenance costs. In summary, the capex covenants in VICI's leases reduce VICI's direct capex burden and support more predictable cash flow planning and allocation.","The available information combined from the lease agreement details and VICI's cash flow statement allows us to qualitatively assess the potential impact of tenant capital expenditure obligations on VICI's future capital allocation and cash flow planning. Specifically:\n\n1. Guaranteed Capital Improvements by Tenants: The lease agreements require tenants (especially under Caesars leases) to spend a minimum percentage of their net revenues (e.g., 1% to 3.5%, with explicit floors in some cases) on capital improvements. This contractual obligation can reduce VICI's direct need to invest in property upgrades. Essentially, if tenants are mandated to perform these improvements, VICI's own capital outlays on maintaining and enhancing property quality could be lower, which positively affects cash flow and capital planning.\n\n2. Predictability and Consistency: The contractual minimums (e.g., a $107.5 million floor or a specified allocation over a rolling three‐year period) provide a level of certainty regarding ongoing capital improvements at the properties. This can lead to more predictable capital maintenance conditions and may reduce the risk of deferred maintenance affecting property values and, in turn, asset performance. VICI can incorporate this into its financial planning by potentially allocating less cash for direct capex or by planning for contingencies if tenant spending falls below expectations.\n\n3. Risk Management and Cash Flow Variability: Should tenants fail to meet the minimum requirements or if their net revenues fall (thus reducing the ""percentage‐of-net revenues"" expenditure), VICI might be required to compensate to protect the asset value. This potential variability requires that VICI maintain liquidity reserves or flexible capital allocation plans to cover any shortfalls in tenant spending. The cash flow statement shows significant operating cash inflows, but future adjustments might be necessary if tenant capital investments become inconsistent.\n\n4. Strategic Allocation and Debt Considerations: Given VICI's strong operating cash flow (as seen in the $2.18 billion in 2023), VICI might be less pressured to use its cash reserves for mandatory capex on property improvements, thereby allowing for strategic investments elsewhere or debt repayment. However, VICI must still consider that if market conditions deteriorate or if tenant revenues underperform, the contractual requirements could ultimately lead to unexpected cash outflows if VICI has to step in.\n\nIn summary, while the lease agreements help mitigate VICI's direct capital expenditure obligations by shifting much of the spending responsibility to tenants, they also create a need for vigilant monitoring of tenant performance. The company's future capital allocation and cash flow planning must incorporate both the benefits of tenant-mandated property improvements and the risks of potential shortfalls, ensuring that adequate liquidity is maintained to manage any deviations from expected tenant spending.","8",""
"73","fb44fe92","CHRW's legal disclosures include info on consolidated fin'l statements & risk factors.","Yes, CHRW's legal disclosures include information on both consolidated financial statements and risk factors. The Table of Contents from their Annual Report on Form 10-K lists ""Item 1A. Risk Factors"" (page 16) and ""Item 8. Financial Statements and Supplementary Data"" (page 40), indicating that both topics are addressed in the report.","The disclosure clarifies that the company is only involved in routine litigation that typically arises in the ordinary course of business and does not expect these issues to have a material adverse effect on its consolidated financial position, results of operations, or cash flows. Specifically, while the company has accrued an amount for certain legal proceedings deemed probable and estimable, this liability remains immaterial to the overall financials. Additionally, due to the preliminary nature and inherent uncertainties involved in many of these proceedings, the company is unable to estimate a range of potential losses. For investors, these disclosures indicate that, based on historical experience, the risk from legal matters is likely limited and not positioned to significantly impact the company's profitability or growth prospects. However, the inability to precisely quantify potential losses suggests that there is still some level of inherent uncertainty, albeit one that is considered non-material from a financial standpoint.","2",""
"71","57b7708b","AEE's rev rec involves analyzing both billed & unbilled components, plus the investment implications.","Ameren (AEE) recognizes revenue from contracts with customers for various electric and natural gas services, primarily consisting of retail distribution, electric transmission, and off-system arrangements. Revenues are generally earned and recognized when the commodity is delivered to customers. For services provided but not yet billed at the end of each accounting period, Ameren accrues an estimate of unbilled revenues.\n\nIn addition to billed and unbilled revenue components, Ameren also deals with regulatory recovery mechanisms and alternative revenue programs, where revenues authorized for rate recovery, objectively determinable, and probable of recovery are recognized--even if not yet billed--if they are expected to be collected within two years. These amounts are later reclassified as revenues from contracts with customers when billed.\n\nOn the investment side, Ameren's revenue recognition and regulatory mechanisms are influenced by the rate base and allowed returns, with regulatory assets and liabilities recorded to reflect timing differences in recovery or refund through rates. Investments made and regulatory orders can impact estimated regulatory assets or liabilities, which affects future revenues and returns. For example, changes in rate base investments or cost variations can lead to subsequent changes in regulatory balances, impacting the timing and amount of revenue recognized and potentially the company's return on investment.\n\nIn summary, AEE's revenue recognition process involves analyzing both billed and unbilled revenue, as well as considering regulatory and investment implications that affect when and how much revenue is ultimately recognized.","Alliant Energy's utility business recognizes revenue over time as it delivers services or commodities to its customers. Specifically, the company records revenue from two components:\n\n1. **Billed Component** - Revenue is recognized based on actual meter readings performed systematically throughout the reporting period. This billing reflects the fair value of services provided or commodities delivered to customers, ensuring that revenues match the actual usage data.\n\n2. **Unbilled Component** - At the end of the reporting period, Alliant Energy estimates the revenue for energy delivered but not yet billed. This estimation reflects the value of services provided up to the period-end and is necessary to align revenue recognition with the service delivery, despite billing lags.\n\n**Investment Implications:**\n\n- **Predictability and Stability:** The combination of billed and estimated unbilled revenues provides investors with a complete picture of revenue recognition over the reporting period. Although the unbilled estimates introduce some uncertainty, the process ensures that revenue is matched with service delivery, contributing to a more accurate picture of operational performance over time.\n\n- **Accuracy and Adjustments:** The reliance on estimated unbilled revenue requires robust estimation methods and periodic adjustments. Investors should note that any significant changes or variances in these estimates could impact reported revenue figures and, accordingly, affect valuation models or comparisons over time.\n\n- **Regulatory and Operational Oversight:** Since these revenue recognition practices are strongly tied to regulatory approved methods and systematic meter readings, they underscore a reliable revenue recognition process typical for utility companies. The transparency in both components offers insights into the stability and sustainability of the underlying cash flows. \n\n- **Risk Exposure:** Estimation in the unbilled component carries inherent risk. Any misestimation or unforeseen changes in consumption patterns may lead to subsequent adjustments. However, such adjustments are generally material only if the estimation methods significantly deviate over time. Investors should consider this modest estimation risk within the broader context of utility industry regulation and stability.\n\nIn conclusion, the revenue recognition method, combining systematic meter-based billing with period-end estimation for unbilled revenues, provides a reliable indicator of operational performance. It simultaneously represents prudent matching of revenues with service delivery and highlights the importance of monitoring estimation precision and regulatory compliance.","2",""
"76","ba1aba9e","Inventory turnover efficiency calc for JBHT.","To calculate inventory turnover efficiency for J.B. Hunt Transport Services, Inc. (JBHT), we need the formula:\n\nInventory Turnover = Cost of Goods Sold (COGS) / Average Inventory\n\nHowever, the provided context does not specifically list ""Cost of Goods Sold"" (COGS), but in transportation companies, operating expenses can sometimes serve as a proxy when COGS is not directly stated, especially when inventory balances are relatively low and not a major component of operations.\n\nFrom the data:\n\n- Inventories at December 31, 2023: $42,186,000\n- Inventories at December 31, 2022: $40,602,000\n\nAverage Inventory = (42,186 + 40,602) / 2 = $41,394,000\n\nTotal Operating Expenses for 2023: $11,836,469,000\n\nInventory Turnover = $11,836,469,000 / $41,394,000 ≈ 286\n\nTherefore, the inventory turnover efficiency for JBHT in 2023 is approximately 286 times. This extremely high turnover reflects the nature of JBHT's business, where inventory (likely spare parts, fuel, and supplies) is not a central component of operations compared to transportation and service expenses.","The inventory turnover ratio is normally calculated by dividing the cost of goods sold (COGS) by the average inventory over the period. In formula form:\n\n  Inventory Turnover = COGS / [(Beginning Inventory + Ending Inventory) / 2]\n\nFor J.B. Hunt Transport Services, Inc., the balance sheets report inventories of $40,602 thousand for 2022 and $42,186 thousand for 2023. Thus, the average inventory is:\n\n  Average Inventory = (40,602 + 42,186) / 2 = ~41,394 thousand\n\nHowever, to complete the calculation, we need a measure for COGS. In many companies that sell physical goods, COGS is presented clearly. In a transportation and logistics company like J.B. Hunt, the cost structure is spread across various operating expenses (for example, rents and purchased transportation, fuel, depreciation, etc.) and there isn't always a distinct ""COGS"" figure. If additional information were available to isolate the expenses directly related to inventory consumption (perhaps maintenance parts for operating equipment or spare parts, if reported separately), that figure would be divided by the average inventory to obtain the turnover ratio.\n\nAssuming we had an appropriate measure for COGS (or an analogous cost figure), a high inventory turnover would indicate that the company is converting its inventory into services efficiently, minimizing holding costs and reducing the risk of obsolescence. A lower ratio might signal that inventory is being held for longer periods, which could imply inefficiencies in inventory management.\n\nIn summary, while the formula and the average inventory can be computed with the provided data:\n\n  Inventory Turnover = COGS / 41,394\n\nthe absence of an explicit COGS figure means we must either obtain further detail from the note disclosures or use an estimate of the relevant cost of inventory used in operations. Once that figure is available, the resulting ratio can be interpreted: a higher ratio is typically positive, showing effective inventory management, while a lower ratio might warrant further investigation into inventory handling and turnover efficiency.","8",""
"78","893fb199","KeyCorp exec sees growth in valuation amid regulatory comp. (KeyCorp Ticker) competition.","Based on the provided context, KeyCorp operates in a highly competitive financial services industry, facing competition from a broad range of financial institutions, including larger firms with more resources and nonbank companies that have entered the market due to advances in technology (Chunk 3). Despite this competitive environment, KeyCorp has maintained strong capital adequacy, with all capital ratios remaining in excess of regulatory requirements as of December 31, 2023. The company's shareholders' equity to assets ratio and tangible common equity to tangible assets ratio have both increased year-over-year, indicating improved financial strength (Chunk 1).\n\nKeyCorp manages its capital and liquidity to ensure stability and the ability to serve clients even in adverse conditions, positioning itself well amid regulatory competition. The company's regulatory capital ratios are robust, with a Common Equity Tier 1 ratio of 10.02%, Tier 1 Capital ratio of 11.67%, and Total Capital ratio of 14.15% as of December 31, 2023, all significantly above the regulatory minimums (Chunk 10).\n\nWhile there is no direct statement from an executive specifically about growth in valuation, the context suggests that KeyCorp's strong capital position, prudent management, and ability to operate above regulatory requirements support the company's stability and potential for valuation growth despite intense competition.","The provided information on KeyCorp's executive team offers qualitative insights that can be leveraged to assess future growth prospects and influence valuation metrics. The team's diverse backgrounds--from consumer and commercial banking to risk management, digital innovation, and merger integration--reflect a depth of experience that can help the company navigate the evolving regulatory and competitive landscape. For example:\n\n1. Strategic Leadership and Regulatory Navigation: The executives' experience in areas such as risk management, as seen in the roles occupied by Darrin L. Benhart, Mark W. Midkiff, and Allyson M. Kidik, suggests that the firm is well-placed to handle regulatory changes and potential compliance issues. This capability can be factored into risk assessments and discount rate adjustments in valuation models.\n\n2. Driving Growth through Integration and Innovation: The history of leading mergers and technology transformations, notably under the guidance of executives like Christopher M. Gorman and Jaime Warder, provides confidence in their ability to drive growth through operational improvements and strategic acquisitions. This reputational strength can serve as a qualitative input when forecasting revenue growth and margin expansion.\n\n3. Holistic Management Experience: The integrated experience--ranging from home lending and digital banking to institutional banking and corporate centers--enables the team to implement cross-functional strategies that can improve the firm's competitive positioning. Analysts might compare past performance during strategic initiatives led by this team with industry benchmarks to justify premium valuation multiples or adjustments in return on equity expectations.\n\nWhile direct numerical calculations (such as historical growth rate estimation or earnings multiples) are not provided in these biographies, the qualitative insights can be integrated into DCF or relative valuation models by, for example:\n\n- Using comparative valuation metrics from similar institutions with proven management track records.\n- Adjusting discount rates to reflect a lower perceived business risk due to experienced leadership.\n- Incorporating scenario analyses that account for strategic initiatives successfully executed under current leadership.\n\nIn summary, by evaluating the track record and integrated expertise of KeyCorp's executive team, investors and analysts can derive qualitative assessments that support the building of more robust growth expectations and valuation models, thus providing a clearer picture of the firm's future prospects amid evolving economic conditions.","5",""
"79","43a045d3","Long-term profitability stemming from McKesson's innovative tech investments; MCK.","Based on the provided context, McKesson's long-term profitability is supported by its investments in innovative technology, particularly through its Prescription Technology Solutions (RxTS) segment. RxTS leverages automation and advanced technology to connect patients, pharmacies, providers, pharmacy benefit managers, health plans, and biopharma, addressing challenges related to medication access, affordability, and adherence. The segment offers solutions such as prescription price transparency, benefit insight, dispensing support, and third-party logistics, which enhance efficiency and patient outcomes across the healthcare ecosystem.\n\nIn the most recent fiscal year, RxTS helped patients save more than $8.8 billion on medications, prevented an estimated 10.7 million prescriptions from being abandoned due to affordability, and facilitated patient access to medicine over 94 million times. The segment has also shown revenue growth--9% year-over-year--attributed to higher technology service revenues and increased volumes in logistics and distribution services.\n\nAdditionally, McKesson's U.S. Pharmaceutical segment provides technology-driven solutions for inventory management, pharmacy automation, and practice management, further supporting operational efficiency and value-based care for customers.\n\nThese ongoing tech investments and service innovations contribute to McKesson's ability to drive future growth and maintain profitability by strengthening its market position, improving operational efficiencies, and delivering value-added services to the healthcare industry.","The reference indicates that McKesson operates in highly competitive sectors--from pharmaceutical distribution to retail--and that key competitive factors include not only pricing and product breadth but also innovation and the adoption of new technologies. Although the reference does not provide specific details or numerical data regarding capital expenditures or investment strategies, we can infer that McKesson balances its investment in innovation and technology to support long-term profitability by leveraging its scale and diversity of offerings. In practical terms, this likely means that the company allocates capital to modernizing its supply chain, deploying advanced logistics solutions, and integrating digital tools that improve operational efficiency and service quality. These investments are balanced against the need to remain cost-competitive and agile in a market characterized by consolidation and evolving technological standards. Thus, by aligning innovation spending with competitive pressures such as the demand for high-quality service and efficient logistics, McKesson aims to sustain its profitability over the long term.","9",""
"75","cc8084aa","Risk of timing reversal in revenue recognition for performance milestones at Amgen.","At Amgen, consideration associated with at-risk substantive performance milestones is recognized as revenue when it is probable that a significant reversal of the cumulative revenue recognized will not occur. This means that revenue from performance milestones is only recognized once it is unlikely that the recognized revenue will need to be reversed due to uncertainty or failure to achieve the milestone. This approach directly addresses the risk of timing reversal by ensuring that revenue is recognized conservatively and only when the likelihood of reversal is low.","The reference explains that when Amgen enters into arrangements involving multiple performance obligations--which include nonrefundable upfront license fees and commercial milestone payments--the revenue recognition process becomes more nuanced. For nonrefundable upfront license fees, although they are received at the outset, the revenue is allocated to the various distinct performance obligations based on their stand‐alone selling prices and is only recognized when the corresponding goods or services are transferred to the customer. In the case of commercial milestone payments (or other at-risk performance milestones), even though the amounts may be received, revenue is recognized only when it is probable that a significant reversal of cumulative revenue recognized will not occur. Essentially, the inclusion of these performance milestones means that the timing of revenue recognition is dictated not merely by the receipt of cash or meeting contractual thresholds, but by the completion (or transfer of control) of the underlying performance obligations. This approach minimizes the risk of revenue reversal by ensuring that revenue is not recognized prematurely, which is particularly significant for milestones that are contingent on future outcomes. In summary, milestones impact Amgen's revenue recognition by requiring allocation to the appropriate performance obligations and ensuring that recognition only occurs when the risks of reversal are minimized and control has been transferred to the customer.","8",""
"77","77f398d5","Net inc, EPS drivers for MA, examining sust. ops vs non-ops exp. for 2021-23.","From 2021 to 2023, the key drivers of Mastercard's net income (net inc) and earnings per share (EPS) were its strong operational performance, reflected in sustained growth in net revenue and operating income, as well as the impact of non-operating items such as investment gains/losses, litigation provisions, and other special items.\n\nSustained Operational Expenses and Income (Core Operations):\n\n- Net revenue grew each year: $18,884M (2021), $22,237M (2022), and $25,098M (2023), showing 18% growth in 2022 and 13% in 2023.\n- Operating expenses increased but at a slightly lower rate than revenue: $8,802M (2021), $9,973M (2022), $11,090M (2023). This led to improved operating income: $10,082M (2021), $12,264M (2022), $14,008M (2023).\n- Operating margin improved over the period: 53.4% (2021), 55.2% (2022), 55.8% (2023).\n\nNon-Operating Items (Non-Sustained/One-off):\n\n- Gains (losses) on equity investments had a significant year-to-year impact: a gain of $645M in 2021, losses of $(145)M in 2022 and $(61)M in 2023.\n- Provision for litigation was another notable non-operating expense: $94M (2021), $356M (2022), and $539M (2023).\n- Adjusted (non-GAAP) results exclude these non-operating items to provide a clearer view of underlying performance. Adjusted net income and EPS were higher than reported GAAP numbers when excluding these items.\n\nNet Income and EPS (GAAP and Adjusted):\n\n- GAAP net income: $8,687M (2021), $9,930M (2022), $11,195M (2023)\n- GAAP diluted EPS: $8.76 (2021), $10.22 (2022), $11.83 (2023)\n- Adjusted (Non-GAAP) net income: $8,333M (2021), $10,342M (2022), $11,607M (2023)\n- Adjusted (Non-GAAP) diluted EPS: $8.40 (2021), $10.65 (2022), $12.26 (2023)\n\nSummary of Drivers:\n\n- Sustained operational drivers: growth in net revenue, controlled growth in operating expenses, and increasing operating margin.\n- Non-operational drivers: fluctuations in investment gains/losses, significant provisions for litigation, and other special items (e.g., Russia-related impacts, indirect tax matters).\n- The main contributors to year-over-year changes in net income and EPS were the strong core business performance (sustained ops) and varying impacts from non-operating items (non-ops), with non-ops creating some volatility in reported results versus adjusted figures.\n\nIn summary, Mastercard's net income and EPS growth from 2021 to 2023 was primarily driven by strong revenue growth and improved operational efficiency, while non-operating items such as investment results and litigation provisions introduced some variability in reported results. Adjusted (non-GAAP) results provide a clearer view of sustained operational performance by excluding these non-operating impacts.","The financial data allows us to identify several key factors that contributed to the increase in net income and basic EPS from 2021 to 2023:\n\n1. Revenue Growth and Scale Benefits:\n   - Net Revenue increased from $18.884 billion in 2021 to $25.098 billion in 2023, which is roughly a 33% increase. This healthy top‐line growth increased the scale over which the company could leverage its fixed costs, contributing positively toward both operating income and net income.\n   \n2. Improved Operating Income:\n   - Operating Income grew from $10.082 billion in 2021 to $14.008 billion in 2023. Even though there were increases in operating expenses (for example, the provision for litigation increased from $94 million in 2021 to $539 million in 2023), the revenue increase more than offset these expenses. Operating margins have clearly improved, driving higher profitability.\n\n3. Impact of Non-Operating Items and Share Count Effects on EPS:\n   - There was an improvement in certain non-operating items. Investment income, for example, increased from $11 million in 2021 to $274 million in 2023. Although some other items such as interest expense increased (from $431 million to $575 million), the net effect contributed to a higher income before taxes and, after accounting for taxes, a higher net income.\n   - The basic weighted-average shares outstanding slightly decreased over the period (from 988 million in 2021 to 944 million in 2023), which by itself helps boost the basic EPS even when net income increases are moderate.\n\n4. Sustainability Considerations:\n   - Operating Expense Profile: While operating expenses have grown in absolute terms, the increase in revenues appears to be outpacing those expenses. This suggests that, if revenue growth can be maintained, the operating leverage might continue to support healthy margins. However, items like the provision for litigation and other one‐time or volatile expenses (e.g., fluctuations in equity investment gains/losses) indicate that caution is warranted.\n   - Non-operating Expenses: The volatility in non-operating items, including increased interest expense and fluctuations in other income/expense items, poses potential risks. Future shifts in these could impact bottom-line performance.\n   - Overall, the trends appear sustainable if the company continues to grow its revenue and manages its expense profile effectively. However, external factors such as litigation risks, shifts in interest rates, or changes in investment returns could moderate these positive trends.\n\nIn summary, Mastercard's net income and EPS improvements are driven primarily by robust revenue growth and efficient scaling of operations, with a supportive but slightly volatile non-operating profile. The sustainability of these trends will depend on maintaining revenue growth and careful management of cost increases - particularly in areas that are prone to volatility, such as litigation and interest expenses.","9",""
"80","50d36179","Unresolved legal matters with BDX may have long-term financial implications on profitability & growth.","Unresolved legal matters with BDX (Becton, Dickinson and Company) may indeed have long-term financial implications on profitability and growth. The company is involved in various legal proceedings, including product liability and regulatory matters, and establishes accruals for expected losses when they are probable and reasonably estimable. However, due to the uncertain nature of litigation, BDX may incur charges that exceed current accruals and available insurance, which could have a material adverse effect on its consolidated results of operations, financial condition, and cash flows.\n\nAdditionally, BDX has disclosed ongoing investigations, such as those by the SEC related to reporting issues, and has already accrued significant liabilities in anticipation of potential penalties. The ultimate outcome and financial impact of such matters are unpredictable and could be material, possibly exceeding amounts currently set aside. This uncertainty and the potential for significant costs or operational changes as a result of legal disputes could negatively affect BDX's profitability and impede its growth prospects over the long term.","Based on the provided data, it is possible to assess the potential long‐term financial implications of unresolved legal matters on Becton, Dickinson and Company's (BD) profitability and growth. The key considerations include:\n\n1. Litigation and Settlement Costs: BD faces a number of product liability and mass tort cases, as well as shareholder derivative actions. Although the Company has recorded accruals for some of these matters (for example, product liability settlements and other litigation-related accruals), there is significant uncertainty about the eventual outcomes. In cases where the losses are larger than accrued amounts or where future settlements exceed estimates, there could be considerable charges that would negatively affect net income and cash flows in the future.\n\n2. SEC and Regulatory Penalties: The Company is involved in discussions with the SEC over issues related to certain disclosures. The text notes that an outcome with the SEC might involve monetary penalties and remedial actions and that the actual liability could significantly exceed the currently accrued amount ($175 million as noted). Such penalties, if realized, could depress profitability in the short to medium term and reduce funds available for growth initiatives.\n\n3. Environmental and Other Regulatory Proceedings: Although the Company is also involved in environmental proceedings (including Superfund-related exposures and other administrative actions internationally), it does not expect these matters to have a material adverse effect on consolidated results. However, if future regulatory actions or cleanup costs were to materialize beyond current estimates, this would increase the Company's liabilities with potential impacts on cash flow and operational flexibility.\n\n4. Impact on Future Growth and Capital Allocation: The combination of large, uncertain liabilities and potential penalties may create headwinds by forcing the Company to allocate more capital towards settling legal claims and compliance costs. This capital allocation toward litigation and regulatory compliance--rather than towards business expansion, product development, or strategic investments--could constrain future growth prospects.\n\n5. Investor Perception and Cost of Capital: Finally, the unresolved legal uncertainties could affect market sentiment and investor confidence. If investors perceive a higher risk of unexpected charges or operational disruption, the Company might face a higher cost of capital, which in turn could impede strategic investments and competitive positioning over the long term.\n\nIn summary, the long-term financial implications of these unresolved legal matters on BD's profitability and future growth could materialize as lower net income due to unexpected settlements or penalties, reduced free cash flows as funds are allocated toward legal settlements and regulatory compliance tasks, and potentially a higher cost of capital due to increased perceived risk. These factors, if they fully materialize, could limit the Company's ability to invest in growth opportunities, thereby impacting its future growth prospects.","8",""
"81","7b795372","SYY's cybersecurity integration, strategic planning, and capital allocation strategies aim to enhance investor confidence.","Sysco (SYY) employs several strategies that can enhance investor confidence, particularly regarding cybersecurity integration, strategic planning, and capital allocation:\n\n1. Cybersecurity Integration: Sysco has a robust cybersecurity program that includes a cyber incident response plan, which is reviewed both by external experts and internally on an annual basis. The company conducts periodic cybersecurity tabletop exercises with senior management to enhance preparedness. As of the year ended June 29, 2024, Sysco has not identified cybersecurity threats that have materially affected or are reasonably anticipated to materially affect the company's business strategy, results of operations, or financial condition. However, they recognize the evolving nature of these threats and remain committed to ongoing governance, oversight, and the implementation of technologies and processes to manage risks (Chunk 6, Chunk 16).\n\n2. Strategic Planning: Sysco's strategic objectives focus on continuous investment in its business, funded primarily by cash from operations. The company regularly evaluates business opportunities, such as acquisitions and sales of assets, and reviews its overall capital structure. This approach allows Sysco to remain flexible and responsive to changing market conditions (Chunk 4).\n\n3. Capital Allocation: Sysco generates significant cash flow from its operations, which is allocated to investments in working capital, facilities, equipment, technology, acquisitions, debt repayments, dividends, and share repurchases. In fiscal 2024, Sysco paid $1.0 billion in dividends and repurchased $1.2 billion of its own stock. The company also maintains strong liquidity, with approximately $3.5 billion in cash and available liquidity as of June 29, 2024. Share repurchases and dividend payments reflect a commitment to returning value to shareholders (Chunk 4, Chunk 10, Chunk 11).\n\nThese integrated efforts in cybersecurity, strategic planning, and disciplined capital allocation support Sysco's strong financial position and risk management, which can enhance investor confidence.","Sysco Corporation's integrated approach to managing cybersecurity risks plays a key role in both bolstering investor confidence and creating a more resilient capital allocation strategy. First, by embedding cybersecurity risk evaluation into the overall strategic planning process, senior leadership and the board (including dedicated committees such as the Technology Committee and Risk & Reputation Committee) ensure that potential cyber threats are systematically identified, assessed, and mitigated. This proactive governance reassures investors, as it demonstrates a commitment to protecting the company's operations, financial performance, and reputation - all of which reduce uncertainty about future risk exposures.\n\nSecond, on the capital allocation front, integrating cyber risk into strategic planning enables the company to allocate resources more effectively. The annual reviews, ongoing assessments, and continuous updates to cybersecurity measures ensure that funds are not only used for immediate operational needs but are also strategically directed towards long-term resilience. This may include investments in advanced threat detection technologies, employee training programs, and robust incident response plans - all designed to contain and mitigate losses in the event of an attack.\n\nIn essence, this integrated approach signals to investors that Sysco is prepared to handle evolving cyber threats. It creates a more stable operational environment, thereby improving investor confidence and reducing the likelihood of large, unexpected expenditures related to cyber incidents. Consequently, capital is allocated in a way that supports sustained growth and protects against potential financial disruptions, ultimately contributing to a more resilient capital allocation strategy.","8",""
"82","6d5817b7","Labcorp Holdings Inc. (LH) can improve investor confidence and long-term performance via enhanced cybersecurity training for senior IT staff.","The provided documents do not specifically mention enhanced cybersecurity training for senior IT staff at Labcorp Holdings Inc. (LH) as a method to improve investor confidence and long-term performance. However, they do highlight that Labcorp believes science, technology, and innovation are foundational to its success and future, and that such strengths help differentiate the company and advance healthcare globally. While not explicitly stated, robust cybersecurity practices--including training--are generally aligned with maintaining operational integrity and investor trust.\n\nI cannot find sufficient information in the provided documents to answer this question.","The proactive cybersecurity training and strong oversight by senior IT executives, including the CITO and CIRO, are key indicators of a robust risk management framework. This emphasis on employee training, along with stringent controls and consistent monitoring of cybersecurity risks, reassures investors that Labcorp Holdings Inc. is effectively managing emerging technological threats. Proactive measures help minimize potential financial disruptions from cyber incidents--such as costs related to incident response, legal liabilities, and reputational damage--which, in turn, supports stable long-term financial performance. Investors may perceive these controls as reducing overall risk, potentially leading to a lower risk premium and improved confidence in the Company's governance and strategic planning. While there are no quantitative calculations provided in the data, the qualitative impact is clear: strong cybersecurity protocols combined with executive oversight serve as a competitive strength by protecting the company's operations, reputation, and financial health.","2",""
"83","e1759e5e","TSCO share repurchase vol. & cash outlay for FY22 and FY23.","For Tractor Supply Company (TSCO):\n\n- In fiscal year 2022, the company withheld 94,246 shares in Q1, 6,913 shares in Q2, 3,926 shares in Q3, and 1,188 shares in Q4 from vested stock awards to satisfy employees' minimum statutory tax withholding requirements. However, the total volume and cash outlay for repurchased shares (excluding shares withheld for taxes) is not explicitly stated in the provided context.\n- There is mention that any excise taxes incurred on share repurchases are excluded from reported figures, and that the repurchase program is implemented at the discretion of the Board and may be paused, limited, or terminated at any time (Chunk 1).\n\nNo specific figures for total shares repurchased or the total cash outlay for share repurchases in fiscal years 2022 or 2023 are provided in the context above.\n\nTherefore, I cannot find sufficient information in the provided documents to answer this question.","In fiscal 2023, Tractor Supply repurchased approximately 2.7 million shares for a total cash outlay of $594.4 million. In fiscal 2022, the company repurchased approximately 3.4 million shares for a total cash outlay of $700.1 million. Combined, these repurchases amount to approximately 6.1 million shares and a total cash expenditure of about $1,294.5 million over the two fiscal years.","1",""
"85","04a8b1c4","Impact of cybersecurity spend on profitability, cash flow, and risk profile for ADI.","I cannot find sufficient information in the provided documents to answer this question.","The provided information allows us to qualitatively evaluate how capital allocation towards cybersecurity measures and incident response plans may affect profitability and cash flow. Essentially, securing critical information technology systems requires both up-front investments in IT infrastructure (such as antivirus software, detection controls and regular system updates) and ongoing operational expenses (including employee training, periodic external audits, participation in cybersecurity exercises, and regular updates to incident response procedures). In the short term, these expenditures can lower operating margins and affect cash flow by increasing overhead costs. Capital investments might also appear as higher depreciation or amortization costs if they're categorized as long‑lived assets. However, from a risk management and strategic perspective, these measures are intended to mitigate potential future costs associated with cybersecurity breaches, such as legal liabilities, remediation expenses, and reputational damage. Consequently, although there is an immediate impact on profitability and cash flow through increased expenses, these investments serve as a protective measure that can preserve overall financial health by reducing the likelihood and severity of financial losses from cyber incidents. In summary, while the costs lower short‑term profitability metrics and cash flow, they are a critical part of the company's capital allocation strategy aimed at ensuring long‑term stability and safeguarding financial performance against unexpected adverse events.","1",""
"84","3874598c","FY24 capex vs tech inv. obj. for PTC.","I cannot find sufficient information in the provided documents to answer this question.","The data provided clearly indicates that in FY'24, PTC Inc. reduced its capital expenditures compared to FY'23 by shifting its investment focus from on-premises solutions to cloud-based software. This smaller capital outlay aligns with the company's broader objectives by enabling it to strategically fund more agile and scalable cloud investments, which are typically less capital intensive and more adaptable to rapidly changing market needs. By doing so, PTC Inc. not only optimizes its cash usage but also positions itself to be more competitive in a technology landscape where cloud solutions are pivotal for innovation and customer responsiveness. Overall, this strategic allocation of capital supports improved innovation, cost-efficiency, and enhanced competitive positioning in the evolving tech environment.","1",""
"87","5fc0425d","Teradyne, Dec 2023 liquidity current ratio indicates short-term health.","The provided context does not explicitly state Teradyne's current ratio as of December 31, 2023. However, it does provide the amounts for cash and cash equivalents ($757,571,000), marketable securities ($179,588,000), and information about liabilities like derivative liabilities ($2,545,000). While these figures suggest Teradyne holds significant liquid assets, without the total current liabilities figure, the precise current ratio cannot be calculated from the provided documents.\n\nTherefore, I cannot find sufficient information in the provided documents to answer this question.","As of December 31, 2023, Teradyne's current ratio can be calculated by dividing the total current assets by the total current liabilities. According to the provided data, the total current assets amount to $2,162,035 (in thousands) and the total current liabilities amount to $659,951 (in thousands). \n\nCalculation:\n\nCurrent Ratio = Total Current Assets / Total Current Liabilities = 2,162,035 / 659,951 ≈ 3.28\n\nA current ratio of approximately 3.28 indicates that Teradyne has over three times the short-term assets needed to cover its short-term obligations. This strong current ratio suggests that the company is in a robust liquidity position and is well-equipped to meet its short-term liabilities, reflecting healthy short-term financial stability.","1",""
"86","a29b7204","Impact of Netflix's cybersecurity initiatives on risk mgmt & valuation, NFLX.","Netflix has implemented robust cybersecurity initiatives as part of its risk management framework. The company has a global information security organization led by the Vice President of Security and Privacy Engineering, who brings over 30 years of relevant industry experience, including roles at other public companies. This team provides regular updates on cybersecurity threats, assessments, and findings to senior management and relevant teams.\n\nNetflix's Board oversees an annual enterprise risk assessment, which includes evaluation of security, technology risks, and cybersecurity threats. The Audit Committee specifically oversees cybersecurity risk and receives regular reports from the VP of Security and Privacy Engineering regarding risk assessments, mitigation strategies, emerging risks, incidents, and industry trends.\n\nWhile Netflix has experienced some incidents related to third-party data breaches and unauthorized releases of digital content, these have not had a material impact on the company's service, systems, or business to date. The company acknowledges that significant cyber incidents could lead to service interruptions, loss of members, business and regulatory risks, and reputational damage, all of which could negatively affect financial condition and results of operations.\n\nOverall, Netflix's proactive cybersecurity oversight and experienced leadership help mitigate key risks. By reducing the likelihood of major service disruptions or data breaches, these initiatives support business continuity, protect the company's reputation, and help maintain or enhance its valuation by reassuring investors about the company's approach to risk management. However, the company cautions that no control system can provide absolute assurance against all risks or fraud (Chunk 6, Chunk 4, Chunk 10).","Netflix's approach to regular penetration tests, bug bounty programs, and vulnerability assessments plays a key role in informing its risk management strategy in several ways:\n\n1. Early Detection and Remediation of Vulnerabilities: These efforts help identify potential weaknesses in the company's systems before they can be exploited. By continuously testing and assessing its systems, Netflix can quickly address and mitigate risks, thereby strengthening its overall cyber-defense posture.\n\n2. Quantification and Prioritization of Cyber Risks: The use of a widely adopted risk quantification model enables Netflix to measure and prioritize cybersecurity risks. Regular assessments and tests (including penetration tests and external bug bounty contributions) feed into this model, providing data that helps focus resources on the most critical vulnerabilities and giving management a clear picture of risk exposure.\n\n3. Enhanced Stakeholder Confidence: Regular independent reviews, including third-party penetration tests and engaging security researchers via bug bounty programs, signal robust cybersecurity measures to both regulators and investors. This transparency and proactive risk management can enhance investor confidence, potentially supporting stronger future growth and improving the company's valuation.\n\n4. Preventing Business Interruptions: These security measures reduce the likelihood of significant disruptions in service or breaches that could harm Netflix's operations and reputation. Maintaining uninterrupted service and protecting sensitive data build long-term operational resilience--a critical factor in sustaining growth and avoiding costly regulatory or reputational fallout.\n\n5. Strategic Information for Risk Management Decisions: Data gathered from these security activities is reported to senior management and the Audit Committee. Such detailed insights allow Netflix to make informed decisions regarding capital allocation to cybersecurity, further risk mitigation investments, and overall strategic growth planning.\n\nIn summary, the regular penetration tests, bug bounty programs, and vulnerability assessments are integral to Netflix's risk management framework by ensuring vulnerabilities are promptly identified and mitigated, quantifying risk, and reinforcing internal controls. These measures not only decrease the probability of costly security incidents but also enhance stakeholder trust, which is likely to have a positive impact on Netflix's future growth and overall valuation.","7",""
"89","534e77e4","The impact on organic growth of recurring rev for IDEXX (IDXX) is of interest.","Organic growth in recurring revenue for IDEXX (IDXX), specifically within its Companion Animal Group (CAG) Diagnostics segment, was 10.5% for 2023. This increase was primarily driven by higher realized prices and increased volumes across modalities, especially in the U.S. The expansion of the installed base of instruments and an expanded menu of available tests also contributed to the growth in IDEXX VetLab consumables revenue. International growth was constrained by macroeconomic conditions, and currency movements had a slight negative impact (decreasing recurring revenue growth by 0.2%) (see Chunk 2 and Chunk 3).\n\nOverall, recurring diagnostic revenue, which is both highly durable and profitable, accounted for approximately 80% of IDEXX's consolidated revenue in 2023 (see Chunk 7).","The financial commentary clearly credits recurring revenue streams as an important driver of the company's organic revenue growth. In particular, higher recurring revenues from CAG Diagnostics played a key role by benefiting from both increased realized prices and strong demand for companion animal diagnostics. Additionally, recurring revenues from veterinary software and diagnostic imaging services, driven by the shift toward subscription-based software, also contributed positively to higher organic revenue. Although the exact quantitative contribution of these recurring revenue streams (i.e., a specific dollar amount or percentage split) isn't separately broken out in the provided data, the narrative explanation makes it clear that the increases in these recurring revenue lines were integral in achieving the overall organic revenue growth.","9",""
"88","7e8e5eca","Impact on cash flow/credit risk in the payer cycle at Quest Diagnostics.","Quest Diagnostics' cash flow and credit risk in the payer cycle are influenced by the types of payers they serve and the timing and reliability of payments:\n\n- For government payers (such as Medicare and Medicaid), reimbursements are based on fee schedules set by authorities. Cash collection usually occurs within 30 days if billing information is accurate and timely. Historically, there has been little to no credit risk from government payers as long as billing deadlines are met. If delays in billing could result in missing these deadlines, reserves are set aside accordingly to manage risk. \n\n- Client payers (physicians, hospitals, employers, pharmaceutical companies, etc.) are billed based on negotiated fee schedules. Collections from these clients generally occur within 60 to 90 days. Credit risk is higher with client payers compared to government or healthcare insurers. Quest estimates allowances for credit losses based on historical collection experience, customer creditworthiness, current and expected economic conditions, and the age of outstanding receivables. Additional allowances are set for individual clients with deteriorating credit quality.\n\n- For patients, particularly uninsured ones, billing is based on established or negotiated fee schedules.\n\nOverall, the company's approach to managing cash flow and credit risk involves careful monitoring of billing accuracy and timeliness, reserving for potential losses, and adjusting allowances based on experience and changing conditions. Reliable government payer collections help reduce credit risk, while client payers require more active credit risk management due to greater variability in payment reliability and timing. (See Chunk 1)","The provided data allow us to analyze how the different collection cycles and associated credit risks among Healthcare insurers, Government payers, Client payers, and Patients affect overall cash flow and credit risk management. Here are the key insights:\n\n1. Collection Cycle Impact on Cash Flow:\n   - Healthcare insurers and Government payers generally have quicker collection cycles (30-60 days for most billing), which supports relatively predictable cash flows. Billing is performed on a fee-for-service basis, and once the correct information is provided, collections tend to occur within a short period. This minimizes the lag in cash inflows.\n   - Client payers, which include a variety of entities such as hospitals and physicians, exhibit longer collection cycles (typically 60-90 days). This extended period delays cash inflows, potentially affecting working capital. The data also indicate that Client payers constitute a larger share of accounts receivable (45% in 2023) compared to their share of net revenues (34%), suggesting that delays in collections from these sources could have a magnified impact on overall liquidity.\n   - Patients have specific billing challenges. Although insured patients and uninsured patients are processed swiftly within 30-60 days under normal circumstances, credit risk is higher on patient receivables. Outstanding balances past 210 days are fully reserved for, indicating that if collections from patients do not occur within the standard cycle, they could become non-cash impacting write-offs or increased allowance requirements.\n\n2. Credit Risk Management:\n   - The low credit risk in collections from Healthcare insurers (given that billing must be submitted within strict filing deadlines and early payments are common) helps mitigate potential defaults. Similarly, Government payers have little to no credit risk provided that billing is accurate and timely.\n   - The Client payers segment is managed with more active credit risk evaluation. Since these payers not only have longer cycles but also a higher risk profile (evidenced by the significant portion of accounts receivable and tailored allowances for credit losses), the Company monitors and adjusts reserves based on individual credit quality deterioration. The allowance for credit losses activity, particularly for Client payers, reflects this ongoing risk mitigation process.\n   - In the Patients segment, while routine collections are handled similarly to other payers, the inherent variability in patients' ability to pay (and the associated discounts and concessions) introduces higher uncertainty. The practice of fully reserving receivables after 210 days and writing them off if needed is an essential control to manage delayed or non-payments.\n\n3. Overall Impact on Financial Management:\n   - The mix of payment sources means that the Company must continuously balance predictable cash inflows (from insurers and government payers) with less predictable ones (from Client payers and Patients). This blend affects liquidity, necessitating a robust working capital management strategy.\n   - The higher proportion of receivables from higher-risk segments (e.g., Client payers making up 45% of the net accounts receivable) implies that even though these sources might be significant revenue generators, they also come with a premium in terms of credit risk. This necessitates careful forecasting and provisioning for credit losses, as seen in the adjustments in the allowance for credit losses over the reported periods.\n   - Effective credit risk management involves targeted reserves based on historical experience and individual assessments, ensuring that any shortfalls in collections do not disrupt the overall cash flow. The Company's approach of monitoring historical denials, collection delays, and the specifics of payer contracts helps in making timely adjustments to allowances and credit policies.\n\nIn summary, the different payer segments, with their specific collection cycles and credit risk profiles, require the Company to adopt diversified cash flow and credit risk management strategies. Faster collection from insurers and government sources supports liquidity, while longer cycles and higher risk in Client and Patient segments necessitate more aggressive credit risk provisions and tighter monitoring to ensure sufficient cash is available despite potential delays in collections.","8",""
"90","96d467e2","Franchise fees & gross rec tax influences on rev rec & profitability for TX/MS ATO.","For Atmos Energy Corporation (ATO) in Texas and Mississippi, franchise fees and gross receipts taxes are significant factors in revenue recognition and profitability:\n\n- Influence on Revenue Recognition: Franchise fees and gross receipts taxes are required for ATO to operate in these jurisdictions and are calculated as a percentage of revenue, which includes the cost of gas. These amounts are paid regardless of ATO's ability to collect from customers. They are accounted for on a gross basis in revenue, with the associated tax expense recorded as a component of taxes other than income (Chunks 1, 2, 3).\n\n- Impact on Profitability: Although increases in the cost of gas result in higher revenues (since the cost is passed through to customers), franchise fees and gross receipts taxes included in those revenues also increase correspondingly. However, the cost of gas and these taxes do not typically affect ATO's operating income because they are recovered through purchased gas cost adjustment mechanisms. The primary profitability risk comes from the potential for higher bad debt expense if higher gas costs make customer collections more difficult, but this is largely mitigated by a rate design that allows ATO to recover the gas cost portion of bad debt expense from customers on about 89% of residential and commercial revenues (Chunks 2, 3).\n\nIn summary, for ATO in Texas and Mississippi, franchise fees and gross receipts taxes increase with higher gas revenues and are recognized gross in both revenue and tax expense, but they have minimal direct impact on operating profitability due to regulatory recovery mechanisms. The main risk to profitability is from potential uncollected revenues, partially offset by rate design.","By accounting for franchise fees and gross receipt taxes on a gross basis, Atmos Energy Corporation recognizes these amounts as part of its reported revenue even though they are costs imposed regardless of its ability to collect from customers. This has several implications:\n\n1. Revenue Recognition: The inclusion of these fees in gross revenue means that the total revenue figure will be higher than if these items were excluded. Since the fees and taxes are incurred as a function of operating in Texas and Mississippi regardless of customer payments, they are recorded as revenue on a gross basis and then the associated tax expense is separately recognized. This approach requires users of the financial statements to be cautious when interpreting revenue figures, as a portion of the reported revenue does not relate to the core delivery services but rather to regulatory obligations.\n\n2. Profitability: The gross accounting for these items may distort profitability measures if analysts or investors do not adjust for the corresponding tax expense. Although the reported revenue is increased, the profitability is affected by the fact that there is a matching expense item recorded under taxes, other than income. Consequently, margin analyses and performance evaluations must take into account this separation to assess the true operating performance. In effect, the gross revenue figure might overstate the economic benefits of core operations unless these adjustments are factored in.\n\n3. Comparable Analysis: It is important for comparability, both across periods and with other companies that might account for similar regulatory items differently. This accounting treatment should be kept in mind when comparing reported revenues and margins.\n\nIn summary, the practice of recording franchise fees and gross receipt taxes on a gross basis results in higher reported revenue figures while simultaneously incurring a related tax expense. This requires analysts to adjust and interpret revenue and profitability metrics carefully, ensuring that the underlying economic performance is accurately understood.","8",""
"93","f1f50f03","PSEG: exec multiplexing & its effect on competitive positioning & growth in the energy sector.","Based on the provided context, PSEG's executive team (executive multiplexing) oversees a diversified set of subsidiaries and business segments, including regulated electric and gas utility operations (PSE&G), nuclear generation (PSEG Power), competitively bid transmission projects (via Energy Holdings), and services to other utilities (e.g., PSEG Long Island LLC operating LIPA's T&D system).\n\nThis multiplexing of executive responsibilities and oversight enables PSEG to:\n\n- Strategically allocate resources and capital across a mix of regulated and competitive businesses, balancing predictable utility returns with targeted growth in areas such as nuclear generation and competitive transmission projects (Chunks 3, 4, 5, 8, 13).\n- Respond to and capitalize on evolving market opportunities, such as clean energy investments (solar, energy efficiency, offshore wind), and to participate in competitively bid, FERC-regulated transmission projects beyond its core New Jersey territory (Chunks 5, 8, 9).\n- Maintain operational excellence and financial flexibility, particularly after streamlining its business mix by divesting fossil generation assets and increasing the earnings contribution from its regulated utility (Chunks 3, 7).\n- Manage risks and regulatory challenges more effectively due to the breadth of executive experience across both regulated and competitive sectors, supporting growth through disciplined investment and compliance (Chunks 4, 6, 11).\n\nThe effect on PSEG's competitive positioning and growth in the energy sector is significant: the company can leverage its executive expertise to pursue both stable utility growth and competitive opportunities in transmission and clean energy, strengthening its market position and enabling it to adapt to industry changes such as decarbonization and grid modernization. However, regulatory approvals and market evolution remain key factors influencing the pace and realization of growth (Chunks 6, 8, 9).","The provided leadership information allows us to infer several potential impacts on the firm's competitive positioning and future growth prospects. A concentration of responsibility--where senior executives hold multiple roles across various subsidiaries--can have both positive and negative implications in a rapidly evolving energy market:\n\n1. **Synergy and Alignment**: When one executive oversees multiple business lines or subsidiaries, there is a greater opportunity to align strategic priorities across the firm. This can lead to more coordinated decision-making, accelerated execution of integrated strategies, and cost efficiencies across the portfolio.\n\n2. **Consistency in Vision and Culture**: Multiple roles being held by the same leadership can help in maintaining consistency in corporate vision and culture. This unified approach can allow the firm to present a coherent strategic response to emerging market trends and regulatory changes specific to the energy sector.\n\n3. **Risk of Overextension**: On the downside, a concentration of responsibility may lead to overextension of key executives. The demands of overseeing multiple subsidiaries could potentially reduce the attention given to emerging issues or market-specific challenges. This may slow down responsiveness, a critical factor in a rapidly evolving energy landscape.\n\n4. **Succession and Talent Risk**: The reliance on a few key executives for multiple roles may expose the firm to higher risk in terms of succession planning. If one of these executives were to leave unexpectedly, it could disrupt operations across several business lines, impacting competitive positioning and growth prospects.\n\n5. **Operational Decision-Making**: In evolving energy markets, the ability to quickly adapt to technological innovations, regulatory shifts, or changes in consumer behavior is vital. A concentrated leadership structure might streamline operational decisions and reduce internal friction. However, it may also limit the diversity of perspectives critical for innovative thinking if the leadership becomes too centralized.\n\nIn summary, while the multiplicitous roles held by executives like Ralph A. LaRossa and others facilitate a unified strategy and operational synergy, they also pose risks related to overextension and potential bottlenecks in decision-making. The net effect on competitive positioning and growth prospects will depend on how well these executives can balance centralized leadership with the need for agility and responsiveness in a dynamic, competitive energy market.","8",""
"92","ba09b711","Projected employee count for NG next FY.","I cannot find sufficient information in the provided documents to answer this question.","Based on the provided data, Northrop Grumman had approximately 101,000 employees as of December 31, 2023. If the company continues to add 14,500 new employees in the next fiscal year, the calculation is as follows: 101,000 (current employees) + 14,500 (new employees) = 115,500 employees. Therefore, the projected total employee count by the end of the next fiscal year would be approximately 115,500.","1",""
"95","46ba6fb7","BXP board oversight mechanisms for growth, risk, and profitability.","BXP's Board of Directors oversees growth, risk, and profitability through several structured mechanisms:\n\n1. Board Structure and Committees: BXP is governed by an eleven-member Board of Directors. The Board has established key committees--including Audit, Compensation, Nominating and Corporate Governance, and Sustainability Committees--which each play specific roles in oversight. For example, the Audit Committee oversees senior management's risk management processes, including those related to cybersecurity, and meets at least annually with the IS department to discuss risk trends and defense strategies (Chunks 1, 3, 6).\n\n2. Risk Oversight: The Board is primarily responsible for risk oversight, facilitated through both top-down and bottom-up communication. Committees provide oversight and direction, while management handles day-to-day risk management, conducts regular risk assessments, and reports findings to the Board. This framework covers a range of risks, including cybersecurity, environmental, and financial risks (Chunk 1).\n\n3. Enterprise Risk Assessment (ERA): BXP's internal audit function integrates cybersecurity and other risk assessments into its annual ERA, which identifies key risks that could impact business operations or impede objectives. Heightened risks identified by ERA are presented to the Audit Committee and the full Board (Chunk 4).\n\n4. Corporate Governance Policies: The Board has adopted formal governance documents, including committee charters, Corporate Governance Guidelines, and a Code of Business Conduct and Ethics, which are available on BXP's website. The Board also maintains an ethics reporting system for anonymous reporting of possible violations (Chunks 5, 6).\n\n5. Strategic Oversight: The Board reviews and can revise BXP's policies on investment, financing, and other activities to align with strategic objectives and adapt to changing market or regulatory conditions. This includes monitoring compliance with governmental regulations and periodically evaluating the company's dividend policy based on actual and projected income and liquidity requirements (Chunks 2, 13, 14).\n\n6. Reporting and Communication: Management provides the Board with regular reports on risk, financial performance, and the risk environment. These reports may come from management, outside advisors, or consultants, ensuring the Board stays informed and able to guide strategy and profitability (Chunk 1).\n\nIn summary, BXP's Board of Directors employs a comprehensive governance structure, regular risk assessments, specialized committees, and ongoing communication with management to oversee growth, manage risk, and support profitability.","The information provided outlines the board composition of BXP, Inc., including key individuals holding executive and director roles. From this data, we can infer that oversight of profitability and future growth is managed through a diversified board structure in which executives (such as the CEO, President, and CFO) work alongside independent directors. This mix is designed to bring both operational expertise and strategic oversight to board discussions on growth opportunities and financial health. For example, the presence of the Chief Financial Officer and the Principal Accounting Officer suggests that detailed financial analysis, including profitability assessments and performance trends, is closely monitored at the highest management level. Similarly, the involvement of multiple directors likely facilitates dedicated oversight committees (typically including audit and risk committees) to address market and operational risks, though the specific details (such as committee charters, frequency of meetings, or reporting frameworks) are not detailed in the provided reference. In summary, although explicit descriptions of the mechanisms are not available in this document, the board's composition--with experienced executives and independent directors--indicates a structured approach to both overseeing profitability/growth and mitigating risks through delegated oversight functions.","10",""
"91","99f4169e","Q4 2023 DOW buyback vol. & avg. price.","In the fourth quarter of 2023, Dow Inc. repurchased 2,561,161 shares of its common stock at an average price of $48.81 per share.","Dow Inc. repurchased a total of 2,561,161 shares during the fourth quarter of 2023. The table directly provides the average price of $48.81 per share for the fourth quarter, so the overall average price paid per share is $48.81.","10",""
"94","194c8463","Impact of AVB's debt & capex strategy on new dev co vs large fin insts/RE, ticker at end.","AvalonBay Communities, Inc. (AVB) pursues a capital expenditure (capex) and debt strategy that balances growth in new development communities with prudent financial management. As of December 31, 2023, AVB had significant ongoing development activity, with 17 wholly-owned Development Communities under construction, expected to add 6,064 apartment homes and 59,000 square feet of commercial space at a total projected capitalized cost of approximately $2.49 billion (Chunks 3, 5).\n\nFor its unconsolidated development ventures, AVB typically shares funding and risk with partners, sometimes guaranteeing construction loans in proportion to its ownership interest (Chunks 10, 14). For example, in the AVA Arts District joint venture (25% AVB ownership), most development costs are funded by a variable rate construction loan, with AVB's guarantee limited to its proportional share (Chunk 10).\n\nAVB's approach to debt for unconsolidated ventures is conservative: the company does not guarantee the debt of most unconsolidated joint ventures and bears no responsibility for repayment unless specifically disclosed (Chunk 8). For its consolidated operations, AVB maintains a significant but managed level of real estate debt ($744 million in encumbrances on current communities as of year-end 2023, Chunk 1), while federal income tax cost basis of its real estate was about $25.4 billion (Chunk 2).\n\nCompared to large financial institutions or private real estate investors, AVB's strategy emphasizes:\n- Risk sharing through joint ventures, especially in large or high-profile developments.\n- Conservative leverage on unconsolidated assets, minimizing direct balance sheet risk.\n- Prudent capex and budgeting, while noting that actual costs and schedules may vary due to market risks (Chunk 5).\n- Targeting high-demand, high-barrier markets to seek superior risk-adjusted returns (Chunk 12).\n\nIn summary, AVB's debt and capex approach in new development communities is more conservative than typical large financial institutions or highly-leveraged private real estate investors. AVB focuses on risk-sharing, disciplined capex, and measured use of debt, supporting steady long-term growth and financial stability.\n\nTicker: AVB","The provided data does not include any specific financial details about AvalonBay's debt structure or its capital expenditure strategy. The reference only discusses the competitive environment and does not offer insight into how the company's financing and capital allocation choices affect its competitive positioning against large financial institutions and other real estate investment entities. Without additional details such as debt metrics, borrowing costs, or capex plans, it isn't possible to adequately evaluate the influence of these factors on AvalonBay's ability to compete for new development opportunities.","2",""
"98","9293d700","Impact of historical dividends & regulatory constraints on future div policy and financial flex for PFG.","Principal Financial Group (PFG) has a history of paying cash dividends on its common stock. The company's future dividend policy is influenced by several factors, including its overall financial condition, results of operations, capital levels, cash requirements, future prospects, and risk management considerations. The Board of Directors has discretion over dividend declarations, but these decisions are also shaped by regulatory constraints, particularly those affecting its primary insurance subsidiary, Principal Life.\n\nRegulatory constraints primarily arise from Iowa law, which limits Principal Life's ability to pay dividends or make other distributions. Dividends can only be paid out of earned surplus, and any distribution exceeding statutory limitations requires prior approval from the Iowa Insurance Commissioner. Extraordinary dividends are defined as those that, together with other distributions in the preceding 12 months, exceed the greater of 10% of the previous year-end statutory policyholder surplus or the statutory net gain from operations from the previous year, not to exceed earned surplus.\n\nBased on 2023 statutory results, Principal Life could pay approximately $1,497.8 million in ordinary stockholder dividends in 2024 without prior regulatory approval. However, if the timing of dividend payments causes them to be classified as extraordinary, regulatory approval would be required. For example, in 2023, Principal Life paid $1,200 million in stockholder dividends to its parent, all of which were extraordinary and approved by the Commissioner.\n\nThese regulatory constraints are significant because dividends from Principal Life are a major source of funds for PFG at the holding company level. The availability and timing of subsidiary dividends directly impact PFG's financial flexibility, affecting its ability to pay dividends on its own common stock, service debt, repurchase shares, and fund corporate activities. As of December 31, 2023, PFG had $2,631.3 million in cash and liquid assets at its holding companies and other subsidiaries, providing a buffer for corporate needs.\n\nIn summary, PFG's historical commitment to dividends provides a foundation for future payments, but ongoing regulatory constraints--primarily at the subsidiary level--will continue to play a critical role in shaping the company's future dividend policy and its overall financial flexibility.","The historical practice of paying cash dividends demonstrates that Principal Financial Group, Inc. has maintained a record of returning capital to its shareholders. However, the statement also indicates that future dividend decisions will be influenced not only by financial performance and cash flow but also by regulatory restrictions. This means that although the company has a track record of dividend payments--which can boost investor confidence and provide a signal of financial stability--the company's ability to continue this practice depends on meeting regulatory capital requirements and managing other financial obligations. Consequently, regulatory restrictions may limit the company's financial flexibility to pay dividends, especially if significant capital is needed to address regulatory mandates or invest in growth opportunities. In summary, while historical dividends provide a positive signal, any future decisions will need to balance maintaining shareholder returns with adhering to regulatory constraints and ensuring overall financial health.","10",""
"97","bfb899e0","Timing of ODFL's repurchase programs and interplay w/ new program start.","Old Dominion Freight Line (ODFL) has had several stock repurchase programs with specific timing and coordination between programs:\n\n- The 2020 Repurchase Program was announced in May 2020 and became effective on May 29, 2020, authorizing up to $700 million in repurchases over two years.\n- On July 28, 2021, ODFL announced the 2021 Repurchase Program, authorizing up to $2.0 billion with no expiration date. This program began after the completion of the 2020 program in January 2022.\n- On July 26, 2023, a new repurchase program was announced, authorizing up to $3.0 billion in repurchases, also with no expiration date. However, this new program will only become effective upon the completion of the 2021 Repurchase Program.\n\nAs of December 31, 2023, there was $225.4 million remaining under the 2021 Repurchase Program. The new $3.0 billion program will start once the 2021 program is fully utilized.\n\nIn summary, each new program is set to begin only after the prior program is completed, ensuring there is no overlap in active repurchase authorizations.","The information provided clearly outlines the sequential relationship between the two repurchase programs. Specifically, the 2021 Repurchase Program (authorized for up to $2.0 billion and still having $225.4 million remaining at December 31, 2023) must be fully executed before the new program takes effect. The new repurchase program, approved on July 26, 2023 with authorization for up to $3.0 billion, is designed to commence only once the 2021 Repurchase Program has been completed. This means that any share repurchase activities under the new program will not begin until all operational procedures under the 2021 program have been finalized and fully executed.","10",""
"96","cad4b4d8","STT liquidity capex bal & growth assess.","Based on the provided context, here is an assessment of State Street Corporation's (STT) liquidity, capital expenditures (capex), balance, and growth:\n\n**Liquidity:**\n- STT maintains a strong liquidity position, supported by stable, low-cost client deposits, which are diversified by currency (as of December 31, 2023: 70% in USD, 15% in EUR, 5% in GBP, and 10% in other currencies).\n- On-balance sheet liquid assets, including cash, interest-bearing deposits, and investment securities, provide flexibility for funding needs.\n- Short-term funding sources include securities sold under repurchase agreements ($1.87 billion as of December 31, 2023) and a CAD $1.4 billion (approx. $1.06 billion) undrawn credit line for Canadian operations.\n- Access to global capital markets and FHLB advances further supports liquidity.\n\n**Capital Expenditures (Capex):**\n- The specific capex figure is not directly provided in the retrieved context. However, the net value of premises and equipment, which reflects ongoing investment and depreciation, was $2,399 million as of December 31, 2023 (up from $2,315 million in 2022).\n\n**Balance:**\n- Total assets as of December 31, 2023: $297,258 million.\n- Total liabilities: $273,459 million.\n- Total shareholders' equity: $23,799 million.\n- Deposits remain the main source of funding ($220,970 million as of year-end 2023).\n- The capital structure shows robust regulatory capital ratios, with Common Equity Tier 1 (CET1) capital at $12,971 million (December 31, 2023), and Tier 1 capital at $14,947 million.\n\n**Growth Assessment:**\n- STT's total assets decreased slightly from $301,450 million at the end of 2022 to $297,258 million at the end of 2023.\n- CET1 capital and Tier 1 capital both decreased in 2023, mainly due to share repurchases and dividends, partially offset by net income and improved accumulated other comprehensive income.\n- Tier 2 capital increased, driven by net issuance of qualifying debt.\n- Total capital decreased slightly, but the company continues to exceed all regulatory capital adequacy requirements, and its banking subsidiary remains ""well capitalized.""\n- The company maintains high credit ratings, supporting continued access to capital markets.\n\n**Summary:**  \nState Street demonstrates strong liquidity and a stable funding base, with ongoing investment in its operations as reflected by its premises and equipment. While total assets and capital levels saw modest decreases year-over-year, capital adequacy and liquidity remain robust, and the company has multiple sources of funding and favorable credit ratings, supporting its capacity for future growth.","The data shows that State Street Corporation manages a significant amount of cash through its investing activities, with large inflows stemming mainly from maturities of available-for-sale securities, held-to-maturity securities, and sizable deposits with banks. At the same time, the outflows, such as purchases of available-for-sale securities and relatively small capital expenditures (for example, purchases of premises and equipment of about $816 million in 2023), are modest in comparison. This indicates that the company prioritizes liquidity management--using the proceeds mainly to rebalance its investment portfolio rather than for heavy capital expenditure. By doing so, the firm ensures it has ample liquidity to meet short-term obligations while its capital spending remains focused on maintaining existing operations rather than driving aggressive expansion. In a broader context, this balance suggests that while State Street is not channeling a large portion of its cash flow toward growth through significant capital investments, it has a solid liquidity position that supports operational stability. Therefore, the growth potential appears to be measured and conservative--relying more on organic and strategic management of its asset portfolio rather than on high-risk, high-return capital expansion projects.","7",""
"100","08c5453b","Projection for UBER's emp count and its impact on cost structure?","I cannot find sufficient information in the provided documents to answer this question.","Using a simple percentage growth model, you can project next year's employee count by applying a growth rate to the current total. For example, with an ending employee count of 30,400 as of December 31, 2023, and assuming historical trends indicate an annual growth rate of g% (for instance, 5%), the calculation would be:\n\n  Projected Employee Count = 30,400 x (1 + g/100)\n  If g = 5%, then the calculation becomes: 30,400 x 1.05 = 31,920 employees\n\nThis simple model shows that with a 5% growth rate, Uber's employee base would increase by 1,520 employees over the next year.\n\nRegarding the impact on cost structures, the expansion can influence both fixed and variable costs:\n\n1. Fixed Costs: These include costs that do not vary directly with the level of output, such as salaries for full-time workers (especially if they are on stable, fixed contracts), benefits packages, and allocated overhead costs (such as IT infrastructure support, office leases, and other administrative expenses). An increase in the number of employees typically increases the base of such fixed commitments, but some of these may benefit from economies of scale (for example, shared administrative services or consolidated software licenses).\n\n2. Variable Costs: These costs fluctuate with changes in the workforce and company activity. They can include bonuses, overtime compensation, temporary staffing premiums, and other incentives which may be performance-based. As the employee headcount grows, variable costs can increase in tandem, especially if each additional employee incurs a proportional cost component tied to performance or operational output.\n\nMoreover, Uber's shift to a hybrid work model might moderate certain fixed costs (for instance, reduced office space requirements) while potentially increasing variable costs related to technology and remote working infrastructure. Overall, while a growing workforce may lead to a predictable increase in both fixed and variable costs, strategic initiatives, such as cost management in a hybrid model, can partially offset these increases.","1",""
"99","5aeb00ec","Effectiveness of Caterpillar's cybersecurity risk mgmt. & the financial impact on supply chain; CAT.","Caterpillar has implemented a comprehensive cybersecurity risk management program that includes mandatory cybersecurity, privacy, and confidential information handling training, as well as specialized role-based training for technical professionals. The company conducts regular phishing simulations and periodic tabletop exercises to ensure preparedness for cyber events. Caterpillar also operates a third-party cybersecurity program to minimize business disruptions, strengthen supply chain resilience, and support the integrity of components and systems used in its products and services. Third-party cybersecurity controls are assessed through a risk assessment process, and deficiencies are addressed through remediation. For select suppliers, Caterpillar uses third-party cybersecurity monitoring and alerting services and works directly with suppliers to address potential deficiencies (Chunks 2, 8).\n\nAs of the date of the report, Caterpillar does not believe that risks from cybersecurity threats, including any previous incidents, have materially affected or are reasonably likely to materially affect the company, including its business strategy, results of operations, or financial condition. However, Caterpillar acknowledges that information technology security threats and sophisticated computer crime pose risks to its systems, networks, products, and services, and that a cybersecurity incident at a supplier, subcontractor, or joint venture partner could materially adversely impact the company (Chunks 2, 8).\n\nIn summary, Caterpillar's cybersecurity risk management is robust and includes both internal and supply chain measures. To date, there has been no material financial impact from cybersecurity threats, including in the supply chain, but the company recognizes these as ongoing operational risks.","The provided information allows us to answer the question qualitatively. According to the description, Caterpillar's cybersecurity risk management framework is comprehensive and integrates both internal controls and third-party assessments for safeguarding its supply chain. The company has instituted a dedicated third‐party risk assessment process that includes evaluating supplier cybersecurity controls and engaging in ongoing risk remediation. This suggests that, from a qualitative perspective, their risk management is designed to minimize potential vulnerabilities in the supply chain.\n\nIn terms of financial implications, while the information does not provide specific numerical data or explicit financial metrics, it does indicate that Caterpillar does not believe past or current risks have materially affected their business performance. However, it is implied that if a cybersecurity vulnerability were to materialize, the potential financial impacts could include disruptions to production, increased remediation costs, potential loss of customer confidence leading to reduced sales, and possible reputational damage--all of which could indirectly affect the company's financial condition and earnings. In summary, the data suggest that the cybersecurity risk management and third-party processes are robust and have contained risks to date, but any future cybersecurity incident--especially affecting the supply chain--could carry significant financial implications, although these are not quantified in the provided discussion.","10",""
"103","a5fcfe73","Chubb's operational stability and regional risks are influenced by its workforce metrics.","Chubb's operational stability and regional risks are indeed influenced by its workforce metrics. The company employs approximately 40,000 people across 54 countries and territories, with 40 percent of its workforce in North America, 10 percent in Europe, Eurasia, and Africa, 37 percent in Asia (including Huatai Group in China), and 13 percent in Latin America. The average age of the workforce is 41 years, and the average tenure is 7.8 years. \n\nChubb effectively manages voluntary turnover, which in 2023 moderated and returned to pre-pandemic levels, contributing to operational stability. The company tracks several workforce metrics aligned with its talent objectives, including diversity, hiring, promotion, retention, and learning and development activity. These metrics, along with regular updates on succession and talent development, help Chubb maintain a stable and qualified workforce, which is essential for managing regional risks and ensuring consistent operations across its global platform. \n\nChubb's commitment to diversity and inclusion, as well as its efforts to attract, retain, and develop top talent, further underpin its operational stability and ability to respond to regional risks. Leaders are held accountable for progress on diversity, reflecting the importance of a representative workforce for success in a diverse global market (Chunks 2, 6, 7).","Chubb's workforce is distributed across 54 countries with 40% in North America, 10% in Europe, Eurasia, and Africa, 37% in Asia (including through Huatai Group in China), and 13% in Latin America. This diversified geographical presence helps mitigate region-specific risks and regulatory challenges. Additionally, the fact that voluntary turnover in 2023 returned to pre-pandemic levels and that employees have an average tenure of 7.8 years suggests a stable and experienced workforce, which can contribute to more consistent operational performance and improved competitive positioning.","10",""
"106","03b929e0","Impact of Danaher's prog. rev. rec. on profitability & cash flow, DHR.","I cannot find sufficient information in the provided documents to answer this question.","Recognizing revenue on extended warranties and long‐term service contracts progressively means that revenue (and the related gross profit) is spread out over the life of the contract rather than being recorded in full upfront. This has several implications:\n\n1. Profitability Impact:\n   - The gradual recognition aligns revenue with the delivery of service (or warranty coverage). This method results in smoother, more predictable profit margins over the contract period because earnings are recognized when the service is provided rather than all at once.\n   - It could lead to lower reported revenue and profit in the early stages of the contract, even if cash is received upfront. Over time, as the service period elapses, the revenue - and hence the associated profitability - increases proportionately.\n\n2. Cash Flow Impact:\n   - Often, payments for extended warranties or long‐term service contracts are received in advance. As a result, cash inflows may be front‐loaded (i.e., received before the related revenue is recognized on the income statement).\n   - The cash received is recorded as deferred revenue (a liability) until the company satisfies its performance obligations. Although this results in higher early cash balances and can be beneficial for liquidity, there is a timing difference between the cash flow and the recognized revenue/profit.\n   - This timing difference means that the company might report robust cash flows in the short term while the revenue (and profit) recognition occurs gradually, impacting income statement metrics over a number of periods.\n\nIn summary, the progressive recognition of revenue from extended warranties and long-term service contracts results in a more even distribution of recognized profit over time, while cash flows may be more concentrated upfront. The matching of revenue to the period in which the service is provided improves the correlation between revenues earned and costs incurred (providing a more accurate view of ongoing profitability), even though the cash position may show a different timing profile.","1",""
"101","06a2f739","VMC vs SG&A impact OM 2021-23.","From 2021 to 2023, Vulcan Materials Company (VMC) experienced the following trends regarding Selling, General, and Administrative (SG&A) expenses and their impact on operating margin:\n\n- **SG&A Expenses:**  \n  - 2021: $417.6 million (7.5% of total revenues)  \n  - 2022: $515.1 million (7.0% of total revenues)  \n  - 2023: $542.8 million (7.0% of total revenues)  \n  (See Chunk 3 and Chunk 4)\n\nSG&A expenses increased in absolute terms each year, but remained stable as a percentage of revenues from 2022 to 2023 (7.0%), and actually decreased as a percentage of revenues compared to 2021 (7.5%).\n\n- **Operating Margin and Earnings:**  \n  - Operating earnings increased significantly, particularly in 2023:  \n    - 2021: $1,010.8 million  \n    - 2022: $951.4 million  \n    - 2023: $1,427.4 million  \n  - Gross profit margin:  \n    - 2021: 24.7%  \n    - 2022: 21.3%  \n    - 2023: 25.0%  \n  (See Chunk 3 and Chunk 4)\n\n**Impact Analysis:**  \nWhile SG&A expenses rose in dollar terms, their percentage of total revenues decreased or remained flat, which means they had a diminishing impact on margins. The company's operating margin improved, particularly in 2023, due to higher gross profits outpacing the growth in SG&A expenses. The stability or slight reduction of SG&A as a revenue percentage, combined with strong gross profit growth, allowed VMC to expand its operating earnings and margins over the period.\n\n**Conclusion:**  \nFrom 2021 to 2023, SG&A expense growth at VMC was managed in line with or better than revenue growth, allowing operating margin to improve, especially in 2023, as higher gross profits more than offset increased SG&A costs.","Between 2021 and 2023, Vulcan Materials' operating margin improved slightly. In 2021, operating earnings were approximately $1,010.8 million on revenues of $5,552.2 million, which gives an operating margin of about 18.2% (1,010.8/5,552.2). By 2023 the operating earnings increased to approximately $1,427.4 million on revenues of $7,781.9 million, resulting in an operating margin of about 18.3% (1,427.4/7,781.9). Although the improvement in the operating margin is modest, it is notable that while Selling, Administrative and General (S&A) expenses increased in absolute terms--from $417.6 million in 2021 to $542.8 million in 2023--their proportion relative to revenues actually declined from roughly 7.5% in 2021 (417.6/5,552.2) to about 7.0% in 2023 (542.8/7,781.9). This suggests that even with higher absolute S&A spending, the company was more efficient at managing these costs relative to its growing revenues. In essence, the improved efficiency in managing S&A expenses helped maintain and slightly improve the overall operating margin over these years.","9",""
"105","e37688c5","TROW revenue comp. trend stability 2021-2023.","From 2021 to 2023, T. Rowe Price Group's revenue showed a declining trend, while compensation and related costs remained relatively stable as a proportion of revenue, though they increased in absolute terms:\n\n- Revenues:\n  - 2021: $7,671.9 million\n  - 2022: $6,488.4 million\n  - 2023: $6,460.5 million\n\n- Compensation and related costs:\n  - 2021: $2,383.0 million\n  - 2022: $2,320.8 million\n  - 2023: $2,673.5 million\n\nRevenue decreased each year from 2021 to 2023. Compensation costs dipped slightly from 2021 to 2022, then rose significantly in 2023. As a percentage of revenue:\n- 2021: ~31%\n- 2022: ~36%\n- 2023: ~41%\n\nThis indicates that while revenues declined, compensation costs became a higher proportion of total revenues, especially in 2023, reflecting some instability in the relationship between the two over this period.","The provided financial statement data allows us to analyze the trends in net revenues and their components over 2021 to 2023. Key observations include:\n\n1. **Net Revenues:** \n   - 2021: $7,671.9 million\n   - 2022: $6,488.4 million\n   - 2023: $6,460.5 million\n   Net revenues have decreased substantially from 2021 to 2022, and then remained relatively flat into 2023.\n\n2. **Investment Advisory Fees:**\n   - 2021: $7,098.1 million\n   - 2022: $5,969.1 million\n   - 2023: $5,747.7 million\n   Investment advisory fees, which form the largest portion of revenues, declined steadily. This drop is a leading factor in the overall net revenue contraction, indicating potential challenges in fee-based income volumes or client asset levels.\n\n3. **Capital Allocation-Based Income:**\n   - 2021: Not reported (or essentially zero as there is a dash)\n   - 2022: -$54.3 million (a negative value)\n   - 2023: $161.9 million\n   This element shows significant variability - swinging from a negative figure in 2022 to a positive number in 2023. The volatility in this component suggests that results from capital allocation decisions (or related performance adjustments) are less predictable and may cause swings in overall revenue if not managed carefully.\n\n4. **Administrative, Distribution, and Servicing Fees:**\n   - 2021: $573.8 million\n   - 2022: $573.6 million\n   - 2023: $550.9 million\n   This fee stream is relatively stable over the period, showing only a slight decrease. It appears to be a more consistent revenue source compared to the investment advisory fees and capital allocation-based income.\n\n**Insights on Revenue Stability:**\n   - The overall decline in net revenues is predominantly driven by the decrease in investment advisory fees, suggesting potential headwinds such as reduced asset levels under management or pricing adjustments. This trend calls for closer scrutiny of factors affecting core fee income.\n   - The variability in capital allocation-based income (from negative to positive) contributes an element of uncertainty to net revenues, though its relative size compared to advisory fees is smaller. \n   - The stability in administrative, distribution, and servicing fees provides some revenue consistency; however, since it represents a smaller portion of total income, it may not fully offset the volatility in the other components.\n\nIn summary, the data suggests that while some components of the revenue remain stable, the dependence on investment advisory fees and the fluctuation in capital allocation-based income underlines the need for careful monitoring of revenue sources to ensure long‐term stability.","4",""
"104","1d83c651","BHX competitive pressures, valuation multiples, and future returns.","I cannot find sufficient information in the provided documents to answer this question.","The provided reference text outlines qualitative aspects of competitive pressures in the asset management industry--including factors like innovation, transaction execution skills, and pricing strategies--but it does not supply any specific valuation multiples, detailed financial metrics, or direct comparisons between Blackstone and its industry peers. Without quantitative data or market-based multiples, it is not possible to determine how these competitive factors currently affect Blackstone's valuation multiples relative to its peers, nor to speculate accurately on the implications for future investment returns.","2",""
"107","76ccac0d","assessing board's strategic impact on cash flow stability & inv. appeal for LYB.","LyondellBasell Industries N.V. (LYB) operates in the highly cyclical and volatile chemical and refining industries, which inherently causes significant fluctuations in operating results, profits, and cash flows over time. The company acknowledges that its financial performance is influenced by global supply-demand dynamics, feedstock costs, commodity price changes, operational efficiency, and cost control (Chunks 6, 13).\n\nThe Board of Directors exercises discretion over dividend payments, taking into account general business conditions, financial condition, earnings, cash flow, capital requirements, and contractual restrictions. LYB maintains an intention to declare and pay quarterly dividends, aiming for increases over time, but emphasizes that future payouts are not guaranteed (Chunk 2).\n\nIn terms of cash flow management, LYB's recent cash flow statements show significant outflows for dividends and share repurchases, balanced by prudent debt management and occasional capital contributions to joint ventures. The company ended 2023 with $3.4 billion in cash and equivalents, reflecting strong liquidity (Chunk 5).\n\nStrategically, in March 2023, LYB introduced a new strategy focused on delivering sustainable solutions and long-term profitable growth, indicating a forward-looking approach by the Board to enhance the company's resilience and investment appeal (Chunk 6).\n\nOverall, the Board's strategic actions--such as maintaining strong operational focus, pursuing sustainable growth, and balancing shareholder returns with cash flow stability--support LYB's investment appeal. However, the industry's inherent volatility means cash flows may still experience significant fluctuations despite these efforts.","The provided data on the board's backgrounds allows us to make a qualitative assessment of how LyondellBasell's strategic choices could influence its future cash flow stability and investment appeal. With board members who have held leadership roles in not only global chemical companies but also in energy, mining, and public affairs, several impacts can be identified:\n\n1. Strategic Diversification and Risk Mitigation: The board's diverse experience across sectors suggests they can diversify the company's business lines and investments, thereby reducing revenue and cash flow volatility. Exposure to adjacent sectors--such as energy and mining--enhances the board's ability to anticipate market challenges and allocate resources effectively, thereby stabilizing cash flows over the long term.\n\n2. Enhanced Capital Allocation: Leaders with a strong background in financial management and operational excellence (e.g., the CFO and those with extensive industry experience) are likely to prioritize investments that offer sustainable returns. Their prior experience in analogous sectors indicates a capability to evaluate growth opportunities with an eye toward maintaining operational liquidity and cash flow stability.\n\n3. Improved Regulatory and Public Relations Strategy: Experience in public affairs and corporate sustainability can help the board navigate regulatory challenges and build stronger community and governmental relationships. This, in turn, can reduce compliance costs and potential disruptions, further supporting stable cash generation.\n\n4. Competitiveness in Global Markets: The international experience of the board--spanning roles in major chemical markets around the globe--supports robust strategic decision-making that can keep the company agile in the face of market shifts. This is critical in the cyclical chemical industry, as it ensures that the company can respond to market challenges in a timely manner, underpinning future cash flows and enhancing overall investment appeal.\n\nOverall, the board's extensive and varied expertise is well-positioned to drive strategic decisions that enhance operational efficiency, manage risks, and engage in sound capital allocation, all of which are essential for stable future cash flows. These factors can make LyondellBasell more attractive to investors by reducing perceived risks and positioning the company for sustained growth.","6",""
"102","6c41ae43","Cash flow risk from BMY rebate/discount estimate deviations.","I cannot find sufficient information in the provided documents to answer this question.","The provided disclosure indicates that Bristol-Myers Squibb relies on significant estimates for rebates, discounts, returns, and other sales adjustments. This methodology exposes the company to several potential risks that can affect its cash flow and overall financial health if actual outcomes deviate from estimates:\n\n1. Revenue and Cash Flow Misstatement: If actual rebates, discounts, or returns are higher than estimated, the company may overstate its revenue and accounts receivable. This can lead to a recognition of revenue that is not supported by actual cash collections, causing a mismatch between reported earnings and cash inflows. Conversely, underestimating these adjustments could lead to a reserve that is too high, potentially reducing net income unnecessarily.\n\n2. Working Capital Shortfalls: When estimates for rebates (such as those related to Medicaid and Medicare) and charge-backs are inaccurate, the actual cash outflows due to payables or liabilities (e.g., unbilled rebates or discounts taken by customers later) may be larger than anticipated. This creates a risk of short-term liquidity challenges, as cash that was expected to be available might have been allocated to these higher-than-expected liabilities.\n\n3. Increased Liability Exposure: Incorrect estimates can lead to either understating or overstating liabilities. Understating these liabilities means that once actual data comes in, an adjustment may be required that adversely affects earnings, leading to unexpected cash outflows. Overstating liabilities can distort the financial picture, potentially influencing stakeholders' perceptions of the company's financial stability and its cost of capital.\n\n4. Volatility in Earnings: Persistent deviations between estimated and actual outcomes may force the company to frequently adjust its estimates and reserves. This can lead to volatility in reported earnings and may undermine investor confidence. Increased earnings volatility can affect the company's market valuation and its ability to secure favorable financing conditions.\n\n5. Impact on Capital Allocation: Inaccurate estimation practices can misguide management's decision-making in capital allocation. If estimates lead to unrealistically optimistic revenue projections, it might result in over-investments in growth opportunities, whereas conservative estimates might limit essential investments. Both scenarios can distort strategic initiatives and impact long-term financial health.\n\nOverall, these potential risks underline the importance of robust estimation procedures, continual assessment, and adjustments based on updated third-party and internal data to better align estimates with actual outcomes. Maintaining a conservative stance may also help mitigate adverse impacts on cash flows and financial stability.","1",""
"109","6cc91093","Impact on balance sheet for GM ASR and settlement due by Dec 2024, ticker GM.","For General Motors (GM), the accelerated share repurchase (ASR) agreements had the following impact on the balance sheet and equity as of December 31, 2024:\n\n- GM entered into ASR agreements in late 2023 to repurchase a total of $10.0 billion of common stock, advancing the cash in December 2023 and immediately retiring approximately 215 million shares, valued at $6.8 billion, upon receipt.\n- In 2024, GM received and retired approximately 29 million additional shares upon settlement of the ASR agreements. The final number of shares received was determined based on the average of the daily volume-weighted average prices of GM common stock during the ASR term, less a discount.\n- At December 31, 2023, the $3.2 billion prepaid forward contract related to the ASR was classified as a reduction to Additional paid-in capital within the consolidated statement of equity. Upon settlement, the amount over par value was allocated on a pro-rata basis between Additional paid-in capital and Retained earnings.\n- In addition to the ASR, GM purchased approximately 140 million shares of its common stock for $7.1 billion in 2024.\n- As of December 31, 2024, GM had $0.3 billion in remaining capacity under its share repurchase program, with no expiration date.\n- All shares repurchased through the ASR and other buybacks were immediately retired, reducing both cash (or cash equivalents) and total shareholders' equity on the balance sheet.\n\nIn summary, the ASR and subsequent settlements reduced GM's cash and shareholders' equity, specifically impacting Additional paid-in capital and Retained earnings, and reduced the number of outstanding shares as the repurchased shares were immediately retired. There were no further settlements due under the ASR agreements by December 31, 2024.","The accelerated share repurchase (ASR) transaction, in which GM advanced approximately $10.0 billion to acquire roughly 215 million shares that were immediately retired (valued at about $6.8 billion), has several implications for the balance sheet and future settlement arrangements:\n\n1. Balance Sheet Impact:\n   - Cash Reduction and Treasury Stock: In executing the ASR, GM's cash is reduced by an advance of $10.0 billion. At the same time, the shares immediately retired reduce the total shares outstanding, which can affect per-share metrics and also reflect a use of cash to prop up shareholders' value. The net reduction in shareholders' equity is driven by both the cash outlay and the retirement of shares (reflected as treasury stock or retired stock).\n   - Price Differential - Potential Liability/Adjustment: The fact that the delivered shares were valued at only $6.8 billion, despite a $10.0 billion advance, creates an implied discrepancy of approximately $3.2 billion. This discrepancy is not a realized ""gain"" or ""loss"" immediately but signals that there will be a future settlement adjustment. The current balance sheet may record this advanced amount and the shares, but the difference effectively becomes a contingent item that could lead to a payable (or receivable) adjustment when final settlement occurs.\n\n2. Future Settlement Considerations (Expected by December 2024):\n   - Final Settlement Adjustments: The ASR program stipulates that final settlement is based on the actual market prices and adjustments stipulated in the ASR agreements. If the ultimate settlement amount differs from the initial accounting entries (based on the delivered share value of about $6.8 billion), GM may either need to make an additional cash payment or receive a refund/credit. The $3.2 billion difference is indicative of the unsettled part of the transaction that will be resolved when the final calculations are made.\n   - Impact on Earnings and Contingencies: Any adjustments during the final settlement period will affect future period earnings. These could result in gains or losses that need to be reflected in the income statement once the final settlement is processed by December 2024. Investors and analysts will need to monitor whether these adjustments impact overall profitability.\n\nIn summary, the ASR has reduced GM's cash and shares outstanding immediately, while simultaneously creating a temporary imbalance on the balance sheet due to the difference between the advance and the initial share value acquired. The final settlement expected by December 2024 means that GM will have to adjust for the $3.2 billion difference - either through additional cash disbursements or benefits - which will affect future financial statements and potentially impact reported profitability.","8",""
"112","dbd20d2d","Akamai's rationale for stock repurchase vs. growth strategy.","I cannot find sufficient information in the provided documents to answer this question.","The board outlined a dual-purpose strategy for the share repurchases. First, the repurchase programs are designed to offset the dilution caused by employee equity compensation programs, ensuring that the value for existing shareholders is maintained. Second, the board emphasized that maintaining a substantial share repurchase program provides flexibility in capital allocation. By doing so, the company can return excess capital to shareholders when market conditions permit, without hindering its ability to invest in other high-impact strategic opportunities. This balanced approach can positively affect future growth by both supporting shareholder value through a disciplined capital return strategy and preserving the company's ability to deploy capital into growth initiatives or other strategic projects as market conditions and business needs evolve.","1",""
"110","b6e7d0f1","Quantifying and mitigating legal risk disclosures for Garmin Ltd (GRMN) is essential for safeguarding investments.","Garmin Ltd. addresses legal risks as part of its overall risk management framework. The company integrates legal risk considerations with other operational and cybersecurity risks when evaluating and prioritizing actions and resource allocation. Specifically:\n\n- Material risks, including legal risks, are identified, assessed, and communicated to both management and the Board of Directors to inform mitigating actions and resource allocation (Chunks 1, 3).\n- Risk assessments involve the legal, data privacy, finance, and risk assurance functions, ensuring that regulatory and contractual requirements are considered (Chunk 3).\n- The company maintains processes to monitor changes in environmental and other applicable laws to evaluate potential impacts (Chunk 13).\n- Risks related to third-party service providers are managed through contractual obligations requiring them to maintain acceptable cybersecurity practices and promptly notify Garmin of incidents impacting the company (Chunk 1).\n\nWhile Garmin discloses that its business has not been materially affected by risks from cybersecurity threats or legal compliance issues to date, it also notes that it cannot guarantee immunity from such risks in the future (Chunk 1). These disclosures help investors understand the company's approach to quantifying and mitigating legal risks as part of its broader risk management strategy.","The financial disclosure does not offer detailed quantification in terms of monetary value for the potential risks from ongoing legal disputes, but it does provide a qualitative discussion of the risks. Specifically, the disclosure notes that the Company is involved in a variety of legal matters including patent infringement, product liability, and other claims. The text emphasizes that it is not possible to predict with certainty the outcomes or the potential impact of these issues. Management has stated that none of these legal proceedings are expected to have a material adverse effect on the Company's financial position, results of operations, or cash flows. In addition, while certain matters were settled or resolved during the fiscal year ended December 30, 2023, these actions did not have a material impact on the Company's performance. Therefore, the mitigation measures appear to include selectively resolving legal issues when appropriate, coupled with a reliance on the judgment that ongoing disputes will not materially affect the Company's overall financial health.","6",""
"111","c06f0ed3","Historical comparisons reveal the risk impact of insider trading on CVX.","I cannot find sufficient information in the provided documents to answer this question.","The data provided highlights that several Chevron insiders have entered into pre-arranged trading plans (Rule 10b5-1), which are designed to enable routine, periodic transactions rather than opportunistic moves based on undisclosed material information. Historically, such planned transactions have had limited implications for long‐term risk perceptions or financial stability because:\n\n1. Pre-arranged Trading Mechanism: The trading plans provide an affirmative defense under Rule 10b5-1, signaling that these transactions were scheduled in advance. This minimizes the impression that insiders are reacting to new, adverse information.\n\n2. Gradual and Scheduled Sales: Because the sales are spread over an extended period (from February 27, 2024 to various end dates in 2024 and 2025), it reduces the potential for market shock or a sudden increase in the supply of shares. This gradual approach can mitigate short-term volatility, thus maintaining financial stability in the market.\n\n3. Historical Precedents: In past instances where similar pre-arranged transactions have been disclosed, the market often interpreted them as a standard liquidity or diversification planning tool rather than a signal of deteriorating fundamentals. Therefore, market participants are likely to assess these transactions as routine rather than red flags regarding the company's economic conditions.\n\n4. Insider Confidence vs. Perceived Risk: While some investors might mistakenly view any insider sale as a negative signal, sophisticated analysis generally differentiates between opportunistic sales and those that are pre-scheduled. As a result, the impact on future perceptions of risk is either muted or context-dependent, with more focus on underlying business fundamentals rather than the trading plans.\n\nOverall, while these insider transactions might invite scrutiny from investors who focus on insider activity, the structured nature of the plans and historical context suggest that they are unlikely to adversely affect perceptions of Chevron's risk profile or financial stability. Instead, they are considered a standard corporate governance mechanism that maintains transparency and minimizes potential conflicts of interest.","1",""
"113","371f05d9","AutoZone (AZO) marketable debt securities 3FY buy vs. sell cap allocation.","I cannot find sufficient information in the provided documents to answer this question. The context does not include specific data on AutoZone's marketable debt securities, including amounts bought versus sold or their capital allocation for the past three fiscal years.","Over the past three fiscal years, AutoZone managed its marketable debt securities by both purchasing and selling them, with the transactions nearly offsetting one another. Specifically, fiscal 2024 involved purchases of $38.8 million and sales of $40.8 million (a net sale of approximately $2 million), fiscal 2023 saw purchases of $66.9 million compared to sales of $58.4 million (resulting in a net purchase of about $8.5 million), and fiscal 2022 involved purchases of $56.0 million versus sales of $53.9 million (a net purchase of roughly $2.1 million). This close balance between purchases and sales suggests that AutoZone's capital allocation strategy in this area is focused on managing liquidity and optimizing returns on excess cash through short-term investments rather than making a significant net investment. Essentially, the slight variances in net cash flows from these transactions indicate a strategic approach to adjusting marketable securities holdings as needed to support broader cash flow and liquidity management objectives while ensuring that funds are readily available to support growth initiatives, capital expenditures, and other financial priorities.","1",""
"115","9d605bd6","Ticker LOE: Exp items influence margins & profitability.","I cannot find sufficient information in the provided documents to answer this question.","The available data provide sufficient detail to assess how three key expense items have affected Loews Corporation's profitability and operating margins. In the Consolidated Statements of Operations, the following trends can be observed:\n\n1. Amortization of Deferred Acquisition Costs - This expense increased from $1,443 million in 2021 to $1,644 million in 2023. Since deferred acquisition costs are associated with acquiring new business (primarily in insurance), a higher amortization expense typically indicates a larger or more complex book of business. Increases in this area reduce operating income; however, they may also reflect growing revenues from higher insurance premium volumes. Thus, while rising amortization pressures margins, it may be a necessary cost in a growing business.\n\n2. Non-insurance Warranty Expenses - These also increased over the period ($1,328 million in 2021 to $1,544 million in 2023). Given that warranty revenue grew (from $1,430 million in 2021 to $1,624 million in 2023), higher warranty expenses likely reflect increased activity in this segment. Increases in such expenses, if not offset by sufficient revenue growth, can compress operating margins. In Loews' case, the margin effect depends on the mix and spread between the revenue generated and the related costs.\n\n3. Operating Expenses and Other - This category rose from $2,957 million in 2021 to $3,393 million in 2023, roughly a 15% increase. Operating expenses are a major element in evaluating operating margins because they represent the ongoing costs of running the business. A rising operating expense line, if not managed concurrently with revenue growth, will have a downward effect on operating margins.\n\nWhen comparing these expenses to total revenues, note that total revenues increased from $14,657 million in 2021 to $15,901 million in 2023 - an increase of about 8%. In contrast, the combined expenses highlighted (amortization + warranty expense + operating expenses) rose by more - from roughly $5,728 million to $6,581 million (an increase of about 15%). This divergence implies that these expense items, taken together, contributed to a thicker cost base relative to revenue. The result is pressure on operating margins, which must be managed carefully to sustain overall profitability.\n\nIn summary, while higher revenues in insurance premiums and warranty-related activities suggest business growth, the proportional increases in amortization of deferred acquisition costs, non-insurance warranty expenses, and operating expenses have a direct, negative impact on operating margins. They increase the cost burden relative to revenues, meaning that for Loews Corporation, maintaining or improving profitability requires either better cost management in these areas or obtaining higher revenue growth to offset the rising expense base. The company's ability to balance these factors is key to sustaining net income levels, as evidenced by the relatively flat or modestly fluctuating net income despite revenue growth.","1",""
"114","be3b1c90","Rollins branch office employee concentration's impact on operational efficiency and customer retention.","Rollins' extensive branch office network contributes significantly to operational efficiency and customer retention. The company operates from more than 800 company-owned and franchised locations in approximately 70 countries, enabling a broad and efficient service footprint. This network facilitates exceptional customer service delivery, increased cross-selling opportunities, and cost efficiencies.\n\nOperational efficiency is further enhanced by investments in proprietary routing and scheduling technologies, such as the Branch Operating Support System (BOSS). BOSS enables real-time service tracking, payment processing, and virtual route management, which increases route efficiency, reduces miles driven and associated costs, and supports on-time, rapid response service. These capabilities not only streamline operations but also contribute to higher customer retention by ensuring reliable and prompt service.\n\nAdditionally, Rollins' focus on employee training and development through facilities like the Rollins Learning Center and on-demand training ensures that branch employees are well-equipped to deliver high-quality service, further supporting customer satisfaction and loyalty.\n\nIn summary, the concentration of employees in branch offices, supported by advanced technology and training, enhances operational efficiency and plays a key role in retaining customers through superior service delivery and responsiveness.","Based on the reference, Rollins, Inc. had 19,031 employees as of December 31, 2023, with approximately 17,100 employees in the United States and about 15,420 employees positioned at U.S. branch offices. This high concentration of staff in branch offices suggests that the company is well-equipped to deliver localized customer service, which, coupled with targeted training and talent development initiatives, likely enhances operational efficiency and customer retention. Additionally, the fact that less than 2% of U.S. employees are covered by a union indicates a flexible workforce that can quickly adapt to market and operational demands, further supporting effective customer engagement and retention strategies.","8",""
"116","c8d8e505","Impact on cash flow & fin. health from WEC board expertise, ticker last.","Based on the provided context, the expertise and oversight of WEC Energy Group's Board of Directors have influenced the company's financial health and cash flow management in several ways:\n\n- Dividend Policy: The Board regularly reviews and adjusts the dividend policy, aiming for a payout ratio of 65-70% of earnings. For example, in January 2023, the Board increased the quarterly dividend by 7.2%, and in January 2024, they declared a quarterly cash dividend of $0.835 per share, equating to an annual dividend of $3.34 per share. This demonstrates a disciplined approach to returning value to shareholders while maintaining financial stability (Chunks 1, 2, 6).\n- Cash Flow Management: The Board's decisions, such as limiting the repurchase of common stock and managing the timing and structure of debt issuance, have helped optimize cash flows. In 2023, the company saw increases in cash from higher issuances of long-term debt, net borrowings of commercial paper, and reduced common stock repurchases, offsetting decreases from fewer stock options exercised (Chunk 1).\n- Liquidity and Capital Structure: The Board ensures the company maintains strong liquidity through access to capital markets, use of commercial paper, and maintaining adequate credit facilities. The company complies with all required debt-to-capitalization ratios, helping preserve financial flexibility (Chunks 2, 16).\n- Oversight and Compliance: The Board's expertise ensures compliance with financial covenants and prudent management of restricted net assets, which supports the company's ability to meet its obligations and continue paying dividends without material limitations (Chunk 6).\n\nRegarding the ticker symbol, WEC Energy Group's common stock is listed on the New York Stock Exchange under the ticker symbol ""WEC"" (Chunk 3).\n\nIn summary, the Board's financial expertise and oversight have contributed to stable cash flow, prudent capital management, consistent shareholder returns, and strong financial health, with WEC's stock trading under the ticker ""WEC"".","The provided background on board members' roles and expertise allows us to draw meaningful conclusions on investor expectations regarding cash flow management and overall financial health. For instance, Xia Liu's extensive experience as Chief Financial Officer at both WEC Energy Group and its centralized service company, along with her history at other utility companies, underscores her role in overseeing robust financial planning, capital allocation, and risk management. This suggests that investors might expect sound financial governance, proactive liquidity management, and effective cash flow monitoring given her background in financial oversight.\n\nSimilarly, Margaret C. Kelsey's leadership as General Counsel and Corporate Secretary implies a strong commitment to corporate governance and regulatory compliance. Her extensive experience in legal and governance roles supports the establishment and enforcement of policies that secure transparency and minimize financial risks. Investors can thus expect that strong governance practices are in place, which helps in mitigating risks that could negatively impact cash flows and overall financial performance.\n\nIn summary, the specific expertise of these individuals informs investors that the company likely places a high priority on financial discipline, transparency, and robust risk management. This, in turn, translates into expectations of healthy cash flows and overall financial stability, thereby reinforcing investor confidence in the company's financial management strategies.","8",""
"117","8b65a4ac","Cybersecurity framework AMT enhances competitive positioning, boosting investor confidence.","The provided documents indicate that AMT (CoreSite) is continuously evaluating and enhancing its cybersecurity and information security systems, creating new systems and processes to address evolving cyber threats. Leadership includes a President of IT & Digitization with over 5 years of experience overseeing IT and cybersecurity, and a Vice President of Information Security and IT Infrastructure with over 25 years of experience in secure IT solutions across large networks and data centers.\n\nWhile the documents do not explicitly state that AMT's cybersecurity framework enhances competitive positioning or boosts investor confidence, the ongoing commitment to improving cybersecurity measures and having experienced leadership in place suggests a robust approach to managing cyber risks. This proactive and experienced management of cybersecurity can contribute positively to competitive positioning and investor confidence, as it demonstrates diligence in protecting the company's operations and data.\n\nHowever, there is no direct statement in the provided documents specifically linking AMT's cybersecurity framework to enhanced competitive positioning or increased investor confidence. \n\nIn summary: AMT's ongoing enhancements to its cybersecurity framework and experienced leadership indicate a strong commitment to cybersecurity, which can support competitive positioning and investor confidence, though the documents do not explicitly make this connection.","American Tower's comprehensive cybersecurity framework, as evidenced by its adherence to multiple certifications and standards (including SOC 1, SOC 2, ISO/IEC 27001, among others), enhances both its competitive positioning and investor confidence in several key ways. First, the independent validation of its security controls through globally recognized certifications signals to investors that the company is committed to protecting its data, operational systems, and customer information. This level of commitment reduces the perceived risk of breaches or disruptions, which in turn lowers the potential for financial or reputational damage.\n\nSecond, robust cybersecurity measures are closely tied to strong corporate governance--detailed oversight by its Board and Audit Committee, quarterly reports and updates from the CISO, and regular independent assessments all contribute to a disciplined, risk-aware management culture. This proactive risk management strategy not only supports operational continuity but also positions the company favorably compared to competitors that may not have as stringent controls in place.\n\nFinally, by transparently communicating its cybersecurity practices and continuously updating its strategies (including risk assessments, penetration testing, and incident response exercises), American Tower builds investor trust. Investors typically value companies that not only meet industry standards but also go beyond compliance to set benchmarks in risk mitigation and operational excellence. Overall, the company's rigorous and well-documented cybersecurity framework strengthens its market position and bolsters investor confidence in its long-term profitability and stability.","5",""
"118","a012c83d","Operating margin trends for Chipotle (CMG) from 2021 to 2023.","From 2021 to 2023, Chipotle's operating margin showed a positive trend, increasing each year:\n\n- 2021: Income from operations was $804.9 million on total revenue of $7,547.1 million, resulting in an operating margin of approximately 10.7%.\n- 2022: Income from operations was $1,160.4 million on total revenue of $8,634.7 million, for an operating margin of about 13.4%.\n- 2023: Income from operations was $1,557.8 million on total revenue of $9,871.6 million, giving an operating margin of roughly 15.8%.\n\nOverall, Chipotle's operating margin increased each year from 2021 to 2023, reflecting improved profitability.","To calculate Chipotle's operating margin for each given year, we use the formula:\n\n  Operating Margin = (Income from Operations / Total Revenue) x 100%\n\nFor 2023:\n  Income from Operations = $1,557,813K\n  Total Revenue = $9,871,649K\n  Operating Margin = (1,557,813 / 9,871,649) ≈ 0.1578, or about 15.78%\n\nFor 2022:\n  Income from Operations = $1,160,403K\n  Total Revenue = $8,634,652K\n  Operating Margin = (1,160,403 / 8,634,652) ≈ 0.1343, or about 13.43%\n\nFor 2021:\n  Income from Operations = $804,943K\n  Total Revenue = $7,547,061K\n  Operating Margin = (804,943 / 7,547,061) ≈ 0.1067, or about 10.67%\n\nComparison: Chipotle's operating margin has improved each year - rising from approximately 10.67% in 2021 to 13.43% in 2022, and further to 15.78% in 2023. This indicates a consistent improvement in operational efficiency over these years.","10",""
"120","0a6d7405","DTE non-utility eco legal risk mgmt. impacts long-term growth inv. returns.","DTE Energy's non-utility businesses face significant environmental, legal, and regulatory risks that can impact long-term growth and investment returns. These businesses are subject to extensive environmental regulations, including those related to climate change, renewable fuel standards, and carbon emissions. Compliance with existing and potential future regulations may require substantial capital expenditures, increase operating costs, and affect the affordability of rates charged to customers. Failure to comply could lead to fines, penalties, litigation, and reputational damage, all of which can negatively impact earnings and shareholder value (Chunks 1, 5, 10, 13).\n\nDTE Energy manages these risks through disciplined investment criteria, an enterprise risk management program, and by maintaining strong relationships with regulators. The company regularly updates its capital plans to align with evolving regulatory requirements and environmental goals. However, if their non-utility investments, such as those in renewable energy, carbon capture, and renewable natural gas, do not perform as expected or if regulations change unfavorably, DTE could experience diminished earnings and a decline in shareholder value (Chunks 1, 2, 5).\n\nAdditionally, DTE's access to tax credits for renewable energy projects is important for maintaining returns, but changes in tax law or disallowance of credits could negatively affect financial results (Chunk 8). Overall, effective risk management is crucial for DTE's ability to realize long-term growth and attractive returns from its non-utility investments, but there are inherent uncertainties and risks that could materially affect outcomes.","The available information provides some details on the legal challenges faced in DTE Energy's non-utility business--specifically concerning its wholly owned subsidiary, EES Coke--and its responses to EPA enforcement actions, but it does not lay out a comprehensive, companywide strategy aimed at managing and mitigating future legal risks from environmental regulatory challenges. In the non‐utility segment, DTE Energy (through EES Coke) has responded to allegations regarding compliance with the Clean Air Act by evaluating its permits and taking corrective actions where needed. However, the company explicitly states that it is unable to predict the outcome or the financial impact of the current legal matters. This suggests that, while DTE Energy is engaged in addressing regulatory enforcement and has provided responses to environmental allegations, a detailed strategy (for example, risk management frameworks including proactive compliance programs, reserves for legal contingencies, or strategies to limit exposure to future litigation) is not explicitly described in the provided text.\n\nIn terms of the impact on long‑term growth prospects and investor returns, the uncertainty surrounding regulatory outcomes and potential litigation means that any adverse results (such as settlements, fines, or required operational modifications) could result in unplanned costs or capital diversion. Such outcomes might negatively affect profitability and cash flows, thereby influencing long‑term growth and investor returns. Conversely, if DTE Energy's responses and compliance measures limit legal exposure and demonstrate proactive risk management, then any negative financial impact could be mitigated over time. However, due to the inherent uncertainty noted by the company--the inability to predict outcomes or estimate financial impacts--the exact degree to which these legal risks will affect long‑term performance and returns remains indeterminate at this time.","7",""
"108","577f851c","LLY's new mfg capital allocation risks, opps, profitability, efficiency.","Based on the provided context, here's a summary regarding Eli Lilly and Company's (LLY) new manufacturing capital allocation as it relates to risks, opportunities, profitability, and efficiency:\n\nRisks:\n- LLY's profitability and ability to achieve an appropriate cost structure depend on fully utilizing manufacturing capacity. If capacity is underutilized, profitability could be negatively impacted (Chunk 8).\n- Asset impairments and restructuring charges present a risk, as well as changes in accounting standards and regulatory changes (Chunk 5).\n- Shifting or adding manufacturing capacity requires significant capital and time, and inefficient use or unnecessary transfers can reduce efficiency and increase costs (Chunk 16, as applicable for pharmaceutical manufacturers).\n- Potential asset impairments, restructuring charges, and changes in tax or regulatory environments could impact results (Chunk 5).\n\nOpportunities:\n- Investments in new manufacturing capacity are aimed at supporting future revenue growth and maximizing free cash flow per share growth (Chunk 12, which, while from TI, is relevant for similar capital allocation strategies).\n- A flexible manufacturing network can allow for improved efficiency and the ability to reallocate capacity as needed (Chunk 16).\n- LLY's focus on innovative medicines and ongoing product development may drive the need for new or expanded manufacturing capacity, presenting growth opportunities (Chunk 5).\n\nProfitability:\n- Profitability is closely linked to efficient use of manufacturing assets and the ability to manage costs through productivity gains and elimination of redundancies (Chunk 8).\n- If manufacturing capacity is not maximized, there is a direct negative impact on profitability (Chunk 8).\n- LLY has reported increasing revenues and net income over recent years, suggesting capital allocation to manufacturing has supported growth (Chunk 2).\n\nEfficiency:\n- Achieving and maintaining manufacturing efficiency is critical for competitiveness and profitability; failure to do so could weaken LLY's competitive position (Chunk 8).\n- LLY manages operations globally to ensure efficiency, with dedicated organizations for R&D and supply chain management (Chunk 6).\n\nIn summary, LLY faces risks from underutilized manufacturing capacity, regulatory and accounting changes, and the complexity of scaling or shifting production. However, strategic capital allocation to manufacturing presents opportunities for growth, improved efficiency, and enhanced profitability--so long as the company continues to manage costs and maximize the use of its manufacturing assets.","The provided data indicates that Eli Lilly and Company has nearly doubled its capital expenditures from $1.85 billion in 2022 to $3.45 billion in 2023, implying a strategic commitment to expanding its manufacturing capacity across various new locations. This significant allocation of capital introduces both potential risks and opportunities:\n\n1. Risks:\n   - Execution Risk: Building new facilities in multiple regions (e.g., the U.S., Germany, and Ireland) can lead to operational challenges such as construction delays, regulatory hurdles, and potential cost overruns.\n   - Increased Leverage: A large capital investment may increase the company's fixed costs and debt levels, which can affect liquidity and financial flexibility, thereby exposing the company to macroeconomic uncertainties.\n   - Integration and Operational Risk: Incorporating new manufacturing sites into existing operations may pose risks related to quality control, supply chain logistics, and workforce integration across different regulatory environments.\n   - Market Demand Sensitivity: If the anticipated demand for existing and future products does not materialize as expected, the significant upfront capital investment might not yield the intended economies of scale or improved profitability.\n\n2. Opportunities:\n   - Expanded Production Capacity: New facilities can increase output capacity, allowing the company to meet growing global demand. This expansion supports scaling up manufacturing efficiencies and could lead to increased market share.\n   - Technological Upgrades: Investing in new plants often enables the integration of modern, state-of-the-art production technologies, which can improve operational efficiency, reduce per-unit costs, and enhance product quality.\n   - Geographic Diversification: By spreading manufacturing across multiple regions, the company can reduce its reliance on a single region, potentially lowering exposure to local economic or regulatory risks and improving supply chain resilience.\n   - Long-Term Profitability: Although there is an initial cost burden, the long-term benefit may include improved operational efficiency, cost savings from modernized technology, and the ability to rapidly scale production in response to market opportunities. This could lead to enhanced margins and profitability over time.\n\nIn summary, while the increased capital expenditure to build new manufacturing facilities presents risks--such as execution challenges and higher fixed costs--it also offers significant opportunities to boost production capacity, operational efficiency, and long-term profitability. The success of these investments will rely on effective project management and accurate demand forecasting to fully realize these potential benefits.","7",""
"119","4f40dd06","Impact of FY24 CapEx on revenue, productivity, and competitiveness for SMCI.","Based on the provided context, SMCI (Super Micro Computer, Inc.) intends to continue focusing its capital expenditures in fiscal year 2024 to support the growth of its operations. The impact of these capital expenditures on revenue, productivity, and competitiveness can be summarized as follows:\n\n- Revenue: The capital expenditures are expected to support the expansion of operations, development efforts, sales and marketing activities, and the introduction of new and enhanced software and services. This continued investment is aimed at driving growth, as evidenced by previous years where investments contributed to a 37.1% increase in net sales in FY23 over FY22 (Chunk 9).\n\n- Productivity: By investing in office facilities, IT system infrastructure, and increasing worldwide manufacturing capacity and logistics abilities in the United States, Taiwan, and the Netherlands, SMCI aims to serve customers more efficiently and lower overall manufacturing costs (Chunk 10). These improvements are likely to enhance operational productivity.\n\n- Competitiveness: The capital expenditures allow SMCI to develop systems that support emerging applications like AI, cloud computing, and 5G/edge computing, leveraging the latest technologies and enabling faster time-to-market and a broader product portfolio (Chunk 10). This positions SMCI to remain competitive in rapidly evolving markets.\n\nIn summary, SMCI's FY24 capital expenditures are intended to drive further revenue growth, improve productivity through operational enhancements, and strengthen competitiveness by supporting innovation and expansion in strategic areas.","The provided reference outlines the company's strategic intent behind capital expenditures, indicating a focus on supporting manufacturing expansion and exploring new business opportunities. While detailed quantitative forecasts (i.e., specific revenue growth percentages, precise productivity metrics, or measurable improvements in market competitiveness) are not disclosed, we can draw some qualitative conclusions:\n\n1. Revenue Growth: The investment in additional manufacturing capacity - including the acquisition of land in Malaysia and associated tooling and facilities upgrades - is expected to enable production scale and efficiency. This expansion could potentially drive revenue growth by allowing the company to meet higher demand, launch new products, or enter new markets. However, the exact impact on revenue is not quantified.\n\n2. Productivity: Investments in new information technology and manufacturing tooling are likely to enhance operational efficiencies. The improvements in manufacturing capability and IT infrastructure should lead to higher productivity through better automation, optimized production processes, and streamlined operations. Again, while the strategic intent is clear, exact productivity improvement percentages or metrics are not provided.\n\n3. Market Competitiveness: By expanding its manufacturing footprint and modernizing its capabilities, the company positions itself to better compete in the global market. Enhanced capacity, cost efficiencies, and the ability to quickly scale production are all factors that can improve market competitiveness. Additionally, the pursuit of new business opportunities and market segments as mentioned can further strengthen the company's competitive positioning.\n\nIn summary, while the document conveys that the capital expenditures are expected to drive revenue growth, improve productivity, and enhance market competitiveness, it does so on a qualitative basis. Specific quantitative impacts are not provided in the given financial data, so any precise calculation or forecast isn't possible from this excerpt alone.","8",""
"121","c4df6031","Q2 2024 EL share price variation, amidst mkt conditions, impacts repurchase timing.","As of June 30, 2024, The Estée Lauder Companies Inc. had a remaining authorized share repurchase balance of 25.1 million shares. However, beginning in December 2022, the company suspended the repurchase of shares of its Class A Common Stock and has not resumed repurchases as of the end of fiscal 2024. The company may resume repurchases in the future, depending on market conditions and other factors.\n\nThe timing and execution of any share repurchases are influenced by the company's assessment of market conditions, which would include share price variations, as well as other considerations such as business performance and available investment opportunities. No specific details on Q2 2024 share price movements are provided, but it is clear that fluctuating market conditions and share price are key factors in the company's decision on when or whether to repurchase shares.\n\nIn summary, during Q2 2024, Estée Lauder did not conduct share repurchases, and any future buybacks will depend on prevailing market conditions, including share price variation.","Examining the data, we notice that the average price per share declined from $144.47 in April to $136.32 in May and further to $107.36 in June 2024. This trend can suggest a few possible interpretations related to market conditions and timing:\n\n1. Market Conditions - The high average purchase price in April may indicate that the market was relatively elevated during that period. As market conditions evolved, perhaps driven by increased supply, lower demand, or other broader economic factors, prices fell. This would explain the declining average prices in subsequent months, where the company was able to buy back shares at a lower cost.\n\n2. Timing of Execution - The repurchase program is conducted in an opportunistic manner, which means that management likely executes repurchases when share prices are more attractive. The lower average price in June suggests that the company may have waited for more favorable pricing conditions or executed larger block purchases when the market dipped. The strategic delay in execution could have allowed the company to benefit from any temporary market weakness or volatility.\n\nThus, the variation in the average price per share reflects that the timing of the repurchases coincided with changing market conditions, enabling the company to purchase more shares at lower prices when the market turned less expensive. This approach has the benefit of improving the cost efficiency of the repurchase program, although the data does not provide insight into the specific market events or broader economic factors during those periods.","2",""
"122","710e31a7","Evergy COLI deferred rev % of 2023 NI: EVRG.","In 2023, Evergy deferred $96.5 million of revenues for future refund to customers related to corporate-owned life insurance (COLI) rate credits (Chunks 1, 2, 3, 5). \n\nEvergy's net income attributable to Evergy, Inc. for 2023 was $731.3 million (Chunks 1, 3).\n\nTo calculate the percentage of 2023 net income that the COLI deferred revenue represents:\n\n\[\n\text{Percentage} = \frac{96.5}{731.3} \times 100\% \approx 13.2\%\n\]\n\n**Therefore, the COLI deferred revenue represented approximately 13.2% of Evergy's 2023 net income.**","The COLI-related revenue deferral accounts for approximately 13.2% of the 2023 net income. Calculation: (96.5 million / 731.3 million) x 100 ≈ 13.2%.","10",""
"123","3f716e04","GenMills' (GIS) innovation & consumer insights vs competitors' rev growth impact.","General Mills (GIS) emphasizes innovation and consumer insights as key components of its strategy, offering a broad portfolio of branded foods across the globe and leveraging partnerships such as its joint ventures with Nestlé and Häagen-Dazs in international markets. The company focuses on providing products that deliver taste, nutrition, convenience, and value, and it competes in highly competitive human and pet food categories, where both manufacturers and retailers with their own brands are principal competitors. All major competitors have substantial financial, marketing, and other resources, and competition is fierce both in brick-and-mortar and e-commerce channels [Chunk 2, Chunk 7].\n\nWhile General Mills' strategy includes innovation to meet changing consumer preferences, there is no specific quantitative attribution in the provided context linking innovation or consumer insights directly to revenue growth or its impact relative to competitors. The company's net sales for fiscal 2024 slightly declined by 1% compared to 2023, and operating profit was flat year-over-year. Favorable net price realization and product mix, as well as decreased SG&A expenses, helped support adjusted operating profit and earnings, but volume growth contributions decreased [Chunk 3, Chunk 5]. \n\nCompetitors are noted to sometimes gain advantage through new product introductions and pricing strategies, and some may have greater resources for rapid innovation and market response, potentially impacting General Mills' market share and revenue [Chunk 1, Chunk 2].\n\nIn summary, while innovation and consumer insights are strategic priorities for General Mills and are important for staying competitive and driving growth, the provided documents do not offer a detailed comparison of the revenue growth impact of these efforts versus competitors. The context confirms the importance of these factors but does not quantify their effect relative to others in the industry.","The provided data only contains qualitative information about the competitive environment and the company's strategic emphasis on product innovation and consumer insights, but it does not include quantitative financial details or comparative metrics (such as investment amounts, revenue growth figures, or profitability margins) that would allow us to evaluate how these investments compare to competitors and the specific impact on revenue growth and profitability. Therefore, with the given reference, we cannot accurately answer the question.","9",""
"125","e610de90","Sysco's headcount YoY % change and its effect on capex/OPEX planning.","Sysco's employee headcount increased from approximately 72,000 as of July 1, 2023, to approximately 76,000 as of June 29, 2024, representing a year-over-year increase of about 5.6% [(76,000 - 72,000) / 72,000 ≈ 5.6%].\n\nRegarding the effect on capital expenditures (capex) and operating expenses (OPEX) planning:\n\n- Capital Expenditures: There is no direct indication in the provided context that the headcount increase has materially impacted Sysco's capex planning. Capital expenditures as a percentage of sales remained steady at 1.0% in both fiscal 2023 and 2024, and Sysco expects this ratio to continue in fiscal 2025. Capex is financed primarily by internally generated funds and borrowings, and the planning appears tied more closely to sales than to headcount (Chunk 2).\n\n- Operating Expenses: The increase in headcount reflects the company's growth and ongoing efforts in talent acquisition and management. Sysco emphasizes that attracting and retaining talent is key to its success, with investments in employee development and engagement programs (Chunk 2). While the context does not specify the exact effect of headcount growth on OPEX, it is generally implied that a larger workforce contributes to higher operating expenses, especially in areas like compensation, training, and benefits.\n\nIn summary, Sysco's headcount grew by about 5.6% year-over-year, which supports its operational expansion and talent management initiatives. However, this increase does not appear to have a significant direct impact on capital expenditure planning, as capex continues to track with sales. Operating expenses are likely to increase in line with headcount, reflecting ongoing investment in human capital.","The headcount increased from 72,000 to 76,000 employees, which represents a growth of 4,000 employees. The year-over-year percentage increase is calculated as follows:\n\nPercentage Increase = (Increase / Original Base) * 100 = (4,000 / 72,000) * 100 ≈ 5.56%\n\nThis approximate 5.56% increase in employees can have several implications for future capital allocation and operating expense planning:\n\n1. Operating Expenses: With the rising headcount, personnel costs (salaries, benefits, training, and administrative expenses) are likely to increase. This requires more careful budget planning to manage these costs while ensuring that the workforce remains productive and competitive.\n\n2. Capital Allocation: A growing workforce may indicate expansion efforts and could necessitate investments in infrastructure (e.g., IT systems, facilities, or employee training programs) to support the larger team. This impacts capital allocation decisions by directing funds toward operational enhancements and capacity building.\n\n3. Efficiency and Productivity: While an increase in employee numbers can support business growth and service expansion, it also intensifies the need for efficient human resource management. Attention to productivity metrics and return on investment in workforce expansion is critical. Investment in technology and process improvements can help mitigate the higher operating expenses associated with headcount growth.\n\n4. Future Financial Strategy: The organization may need to revise its operating expense forecasts and capital expenditure budgets to balance the benefits of a larger, more capable workforce against the incremental costs. Conservative planning may be warranted to account for uncertainties, especially in areas like wage inflation or potential restructuring expenses.\n\nOverall, the 5.56% increase in headcount demands a strategic approach in both operational and capital planning, ensuring that growth investments translate into improved business performance and sustainable profitability.","9",""
"124","e49f0250","Boeing's 2023 rev rec, TICKER, shows a detailed breakdown.","Boeing's ticker is BA.\n\nFor the year ended December 31, 2023, Boeing's revenue recognition (rev rec) breakdown by segment is as follows (in millions):\n\n- Commercial Airplanes: $33,901\n- Defense, Space & Security: $24,933\n- Global Services: $19,127\n- Unallocated items, eliminations and other: ($167)\n\nTotal revenues: $77,794 million\n\nFurther detail for Global Services (BGS) revenues in 2023:\n- Commercial: $11,020 million\n- Government: $7,751 million\n- Intersegment revenues eliminated on consolidation: $356 million\n\nApproximately 51% of BGS revenue was recognized at a point in time, and 87% was recognized on fixed-price contracts. 30% of BGS revenue came from the U.S. government.\n\nBacklog at December 31, 2023, was $520,195 million, with about 16% expected to convert to revenue through 2024 and about 62% through 2027.","Yes, the question is answerable using the provided data. For 2023, the reported Sales of products is $65,581 million and the Sales of services is $12,213 million. Adding these together: 65,581 + 12,213 = 77,794 million, which matches the reported Total revenues of $77,794 million exactly.","8",""
"126","e7c39978","Impact of FICO leadership exp. on strategic positioning, ticker in last pos.","FICO (ticker: FICO) has leveraged its leadership experience to significantly influence its strategic positioning. The company emphasizes a strong organizational culture that values diversity, inclusion, and professional development, which helps attract and retain top talent. Leadership has implemented programs such as expanded equity-based awards, enhanced benefits (e.g., paid parental leave, childcare reimbursement), and investments in professional and technical skill development. These efforts have resulted in high employee engagement scores, low undesired attrition rates, and workforce diversity improvements.\n\nStrategically, FICO's leadership has driven the company to focus on platform-first, cloud-delivered products, particularly with FICO Platform, enabling clients to operationalize analytics and improve decision-making at scale. Leadership also supports targeted recruiting to increase workforce diversity and professional services to help clients maximize the value of FICO's offerings.\n\nOverall, the leadership experience at FICO has strengthened its competitive advantage by fostering innovation, inclusiveness, and operational excellence, which directly support its growth and market positioning. FICO's ticker symbol is FICO.","The provided information highlights that Fair Isaac Corporation's senior leadership team has accumulated extensive experience from high-level roles in technology, media, and consulting. This diverse background contributes significantly to the company's strategic planning and competitive positioning in several ways:\n\n1. **Cross-Industry Expertise**: Many executives, including CEO William J. Lansing and others, have held leadership roles in various sectors. Their experience in technology and media firms, such as Infospace, Inc. and Hewlett Packard, enables them to understand digital trends and innovation. Simultaneously, consulting experience from firms like McKinsey & Company provides them with a strong foundation in strategic analysis and operational efficiency.\n\n2. **Strategic Agility**: Exposure to different business environments has likely empowered these leaders to be adaptable and innovative in their approach. This agility is critical in strategic planning, as it allows them to foresee market shifts and incorporate emerging technologies and best practices into the company's roadmap.\n\n3. **Risk Management and Operational Excellence**: The leadership's roles, particularly in financial and operational capacities, have prepared them to effectively manage risks while streamlining processes. Experiences from senior positions in investor relations, treasury, and business consulting bolster the company's capacity to allocate capital wisely and maintain robust financial management.\n\n4. **Competitive Positioning**: By leveraging their backgrounds in media and technology, the leadership team is well-equipped to position Fair Isaac Corporation at the forefront of technological innovation. Their diversified expertise supports thorough competitive analysis, enabling the company to identify and capitalize on market opportunities while mitigating competitive threats.\n\nIn summary, the diverse and extensive experience of the leadership team enriches Fair Isaac Corporation's strategic planning process by integrating technological foresight, operational excellence, and a strong risk management framework. This, in turn, enhances the company's competitive positioning in a dynamic and rapidly evolving market.","7",""
"129","93cff071","Equifax's CEO has significantly influenced both strategy & risk mgmt, leading to robust frameworks for addressing challenges.","Equifax's CEO, Mark W. Begor, has played a significant role in shaping the company's strategy and risk management. Under his leadership, the senior leadership team (SLT), which includes the CEO and direct reports, sets the tone for strategic growth, effective operations, and risk mitigation. The SLT is responsible for supporting and overseeing the information security program, ensuring it aligns with Equifax's business needs through proper resource allocation and decision-making on high-risk issues.\n\nThe company has developed robust frameworks for addressing challenges, such as implementing a unified security and privacy controls framework based on NIST standards, maintaining a comprehensive enterprise risk management (ERM) program, and integrating cybersecurity into business decisions and operations. Equifax also emphasizes management oversight and Board involvement in risk management, including regular reviews and assessments of the security program's maturity and effectiveness.\n\nOverall, the CEO's influence ensures that risk management and data security are central to Equifax's strategy, with established processes, leadership accountability, and continuous improvement at the core of its approach to addressing challenges.","Mark W. Begor's extensive leadership background, specifically at GE and Warburg Pincus, provides him with a wealth of experience in managing large-scale, complex organizations and navigating multifaceted risk environments. At GE, where he led multibillion-dollar business units and served in various roles such as President and CEO of GE Energy Management, GE Capital Real Estate, and GE Capital Retail Finance, he gained deep insight into operational efficiency, financial controls, and risk management practices. His experience managing diverse financial and industrial operations would likely translate to a strategic approach that emphasizes both robust risk oversight and proactive strategic planning at Equifax.\n\nFurthermore, his role as a Managing Director at Warburg Pincus, a global private equity investment firm, would have enhanced his ability to assess market risks and make investment decisions under uncertain economic conditions. This background complements his GE experience by adding a rigorous discipline in evaluating business risk, strategic investments, and capital allocation. In summary, Begor's combined expertise supports a strategic oversight approach at Equifax that is both grounded in solid operational experience and enhanced by a keen sense of financial risk management, potentially leading to more resilient risk frameworks and more agile strategic decision-making.","6",""
"127","d7d84659","Profitability trends in key segments of General Dynamics' recent fiscal performance; GD.","General Dynamics (GD) has shown the following profitability trends across its key segments in recent fiscal years:\n\nAerospace:\n- Operating earnings increased from $1,130 million in 2022 to $1,182 million in 2023.\n- Operating margin rose from 13.2% in 2022 to 13.7% in 2023.\n- The increase in profitability was driven mainly by higher demand for aircraft services, despite a decrease in aircraft deliveries due to supply chain constraints. For 2024, GD expects further revenue and margin growth in this segment, with projected revenue of approximately $12 billion and an operating margin of about 15% ([Chunk 3], [Chunk 4]).\n\nMarine Systems:\n- Operating earnings decreased slightly from $897 million in 2022 to $874 million in 2023.\n- Operating margin declined from 8.1% in 2022 to 7.0% in 2023.\n- The decrease in margin was primarily due to supply chain impacts and cost growth on certain submarine and destroyer programs. For 2024, GD anticipates revenue to increase to about $12.8-12.9 billion with an improved operating margin of approximately 7.6% ([Chunk 4]).\n\nCombat Systems:\n- Operating earnings increased from $1,075 million in 2022 to $1,147 million in 2023.\n- Operating margin decreased from 14.7% in 2022 to 13.9% in 2023.\n- Revenue growth was driven by higher volumes in international military vehicles and increased demand for weapons systems and munitions. However, margin declined due to lower-margin artillery facilities expansion work. For 2024, revenue is expected to rise to approximately $8.5 billion, with an operating margin of about 14.4% ([Chunk 2]).\n\nTechnologies:\n- Operating earnings decreased from $1,227 million in 2022 to $1,202 million in 2023.\n- Operating margin fell from 9.8% in 2022 to 9.3% in 2023.\n- The segment saw moderate revenue growth but a slight decline in profitability ([Chunk 2]).\n\nOverall, General Dynamics has experienced revenue growth in all segments, but operating margins have generally trended downward or remained flat, reflecting supply chain pressures and cost increases in certain defense programs. The company expects improved margins in 2024, particularly in the Aerospace and Marine Systems segments.","The provided data mainly describes the competitive factors and strategic focus areas for General Dynamics in its key segments, such as technical excellence, cost competitiveness, and program execution. However, it does not contain any specific profitability figures, trends, or fiscal period financial statements for Marine Systems, Combat Systems, Technologies, or Aerospace. Therefore, it is not possible to answer how these factors have translated into profitability trends over recent fiscal periods based solely on the available information.","1",""
"128","ce5ac850","Investment decision mgmt. background in Aon capital allocation.","Aon's capital allocation and investment decision management is centered on maximizing return on invested capital. The company operates as a single business segment, Aon United, providing risk and human capital solutions through Commercial Risk, Reinsurance, Health, and Wealth solution lines. Decisions regarding performance assessment and resource allocation are made at the consolidated level by the Chief Operating Decision Maker (CODM), based on the overall performance of the business.\n\nAon's approach involves the use of comprehensive analytics and insights to guide risk advice and solutions for clients, leveraging industry-specific strategies and digital capabilities. The company generates revenues primarily through commissions, fees from customers, and compensation from insurance and reinsurance companies for services provided, including consulting, analytics, and administrative services.\n\nFor significant transactions, such as the planned acquisition of NFP for $7 billion in cash and approximately 20 million Aon shares, Aon funds the cash portion through new debt issuance. This reflects a disciplined capital allocation strategy, balancing debt and equity to support growth and strategic acquisitions, while maintaining a focus on overall capital efficiency and return on investment.\n\nIn summary, Aon's investment decision management in capital allocation is driven by a unified segment approach, analytics-based performance measurement, and a focus on returns, with careful consideration given to funding strategies for major investments and acquisitions.","The provided executive biography data offers useful insights into how Aon plc's capital allocation and investment decision-making processes may be influenced by the diverse and complementary backgrounds of its top management. For example:\n\n1. Financial Expertise and Disciplined Analysis: CEO Gregory C. Case's long tenure in financial services and consulting (including experience with McKinsey and investment banking roles) suggests a strong emphasis on rigorous financial analysis and risk management when making investment decisions. Similarly, CFO Christa Davies' background, which includes a significant role at Microsoft overseeing financial operations, reflects a blend of strategic financial planning and operational efficiency that is critical for effective capital allocation.\n\n2. Operational and Technological Integration: The appointment of Mindy Simon as Chief Operating Officer, with her history as Chief Information Officer and her operational role at Conagra Brands, indicates an integration between operational execution and technological innovation. This dual experience implies that Aon's management is likely to prioritize investments that enhance operational efficiency and digital transformation initiatives, while keeping an eye on cost control and productivity enhancement.\n\n3. Comprehensive Corporate Governance: The presence of roles such as Chief Accounting Officer and Global Controller (held by Michael Neller) underscores the importance of stringent accounting policies and transparency in reporting. His background in technical accounting and policy development can contribute to a robust framework for evaluating investment outcomes and capital deployment.\n\n4. Balanced Leadership through Diverse Experience: The varied professional experiences ranging from risk management, insurance, legal oversight, human capital, and marketing indicate that Aon's decision-making regarding capital allocation is not solely driven by financial metrics but is also influenced by strategic considerations aimed at long-term growth. For instance, insights from Chief Innovation Officer Jillian Slyfield and Chief People Officer Lisa Stevens highlight an awareness of the strategic role of human capital and innovation in driving value.\n\nOverall, the backgrounds of the top management--spanning deep financial expertise, operational leadership, technology, and strategic innovation--suggest that Aon's capital allocation strategies are likely to be both analytically rigorous and strategically diversified. Their combined skills ensure that investments are evaluated not only on their potential financial returns but also on their capacity to improve operational efficiencies and reinforce competitive positioning in evolving markets.","5",""
"132","521debf4","Drivers of HIG operating income comps for 2022-2023, ticker at end.","Key drivers of The Hartford Financial Services Group, Inc.'s (HIG) operating income comparisons between 2022 and 2023 include:\n\n- A shift from net realized losses in 2022 to net realized gains in 2023.\n- Higher net investment income in 2023.\n- Lower interest expense in 2023.\n- The absence of a loss on extinguishment of debt that was recorded in 2022.\n- Lower restructuring costs in 2023.\n- These positive factors were partially offset by a $14 million (before tax) capital-based state tax expense in 2023 related to newly released guidance.\n\nThese factors contributed to a significant decrease in net loss available to common stockholders from $216 million in 2022 to $142 million in 2023.\n\nTicker: HIG","The improvement in net income available to common stockholders (from $1,798 million in 2022 to $2,483 million in 2023) can be largely traced to changes on the operating side. First, earned premiums increased substantially from $19,390 million in 2022 to $21,026 million in 2023 - an increase of approximately $1,636 million - which is the largest revenue boost. In addition, there was an improvement in net realized gains. In 2022, net realized gains were a loss of $627 million, which improved to a loss of only $188 million in 2023 - an improvement of about $439 million. Net investment income also increased by about $128 million (from $2,177 million to $2,305 million), while fee income saw a slight decrease (from $1,349 million in 2022 to $1,300 million in 2023). Although total operating expenses (including increases in benefits/losses and higher amortization of deferred policy acquisition costs) rose by approximately $1,339 million, the growth in earned premiums and the marked improvement in net realized gains more than offset these higher costs. Thus, the key components contributing most to the net income improvement were the significant increase in earned premiums, the marked improvement in net realized gains, and the moderate gain in net investment income.","4",""
"130","56e7d468","2023 vs 2022 absolute & % for Centene system enhancements & hardware capex.","I cannot find sufficient information in the provided documents to answer this question. The available context does not specify Centene's capital expenditures for system enhancements and hardware for 2023 or 2022, nor does it provide the absolute or percentage changes for these specific categories.","In 2023, Centene Corporation spent $799 million on capital expenditures primarily for system enhancements and computer hardware, compared to $1.0 billion in 2022. In absolute terms, this represents a decrease of $201 million or roughly a 20% reduction from 2022. As the information provided indicates that these expenditures constituted the primary (and virtually exclusive) component of the company's capital spending in both years, they make up nearly 100% of the total capital expenditures. In other words, while the overall capital spending on these items fell by 20% in 2023 compared to 2022, these expenses continued to represent the entirety of the reported capital spending in each period.","1",""
"131","cb2c3d34","Revenue timing by channel for NIKE (NKE) and its cash flow impact.","NIKE recognizes revenue at the point when control of the product transfers to the customer:\n\n- For wholesale transactions, control transfers either upon shipment or upon receipt by the customer, depending on the country and the specific agreement.\n- For direct-to-consumer channels:\n  - In retail stores, revenue is recognized at the time of sale.\n  - For digital commerce, revenue is generally recognized upon shipment to the customer.\n\nThe transaction price is based on the invoiced sales price, reduced by anticipated sales returns, discounts, and claims. Payment terms for wholesale customers are generally within 90 days of shipment or receipt, while payment for retail and digital sales occurs at the time of sale.\n\nThe impact on cash flow depends on the channel:\n- Direct-to-consumer channels (retail and digital) generate immediate cash inflows, as payment is collected at the point of sale or shipment.\n- Wholesale transactions lead to cash inflows after the payment term period (usually within 90 days), introducing a lag between revenue recognition and cash collection.\n\nSales-related reserves, such as for anticipated returns and discounts, are deducted from revenue at the time of recognition and increase accrued liabilities, further affecting actual cash received. Taxes collected from customers are excluded from revenue and cost of sales.\n\nIn summary, direct-to-consumer sales provide quicker cash inflow, while wholesale sales involve a delay due to credit terms, both impacting the timing of cash flows relative to revenue recognition.","NIKE, Inc. recognizes revenue differently across its sales channels based on when control of the product transfers to the customer:\n\n1. **Wholesale**: Revenue is recognized when control is transferred either upon shipment or upon receipt, depending on the specific agreement and country. This means that for wholesale transactions, the timing of revenue recognition is linked to the logistics and delivery terms agreed upon with the customer.\n\n2. **Retail**: Revenue is recognized at the time of sale. Since retail transactions occur in-store, the control of the product transfers immediately, and payment is collected at the point of sale.\n\n3. **Digital Commerce**: Revenue is recognized upon shipment. For digital commerce transactions, although control is often transferred when the product is shipped, payment is due immediately at the time of sale. This gives an appearance of immediate payment but the revenue recognition is tied to the shipping event.\n\nThe potential implications for short-term cash flow visibility are as follows:\n\n- **Retail and Digital Commerce**: With both channels effectively collecting payment at the time of sale, cash inflows are immediate. This provides clearer and more predictable short-term cash flow visibility.\n\n- **Wholesale**: Since payment is generally received within 90 days or less of shipment or receipt, there is a lag between revenue recognition and cash collection. This delay can create variability in short-term cash flow, making it less predictable than the other channels. Companies must manage working capital carefully to accommodate potential delays in cash receipts despite revenue being recognized.\n\nOverall, while the direct-to-consumer channels (retail and digital) bolster immediate liquidity, wholesale arrangements require awareness of deferred cash inflows that could impact short-term cash management and planning.","10",""
"134","ee4be85c","CTAS's long-term profitability and capital allocation impact from legal settlements.","Legal settlements have had a limited impact on Cintas Corporation's long-term profitability and capital allocation. The company is occasionally subject to legal proceedings, including those arising from the ordinary course of business (such as personal injury, customer contract, environmental, and employment claims), as well as additional litigation outside the ordinary course.\n\nManagement consistently assesses that the aggregate liability from ordinary course litigation will not have a material adverse effect on Cintas' consolidated financial position, results of operations, or cash flows. For example, a recent class action settlement (City of Laurel, Mississippi v. Cintas Corporation No. 2) required a one-time payment of $45.0 million, which was accrued and included in the company's financial statements without a material impact on income for any period presented. Any future investments (such as people and technology) related to this settlement are also not expected to be material.\n\nCintas follows U.S. GAAP, recording legal reserves when probable and reasonably estimable, and recent accruals for estimated legal reserves totaled $45 million at May 31, 2024. The company's approach to handling these settlements, combined with its ability to absorb such costs without significant disruption, indicates that legal settlements have not materially affected its long-term profitability or capital allocation strategy.","The available data indicates that the one-time $45.0 million settlement is not expected to have a material long-term impact on Cintas Corporation's overall profitability or capital allocation strategy. In the short term, the settlement is accounted for as an accrued liability and has been recognized in the consolidated balance sheet, but management has stated that it did not have a material impact on the income statement for any period presented. This suggests that Cintas views the payment as a non-recurring expense. \n\nFrom a profitability standpoint, because the payment is one-time in nature, it is unlikely to affect future margins or operating results once recognized. The core operational performance and recurring profitability are expected to remain driven by the business fundamentals rather than isolated legal expenses. \n\nRegarding capital allocation, while the one-time cash outlay might momentarily affect liquidity or cash flow, the company's ongoing strategic investments--in people and technology, for instance--are not expected to be materially impacted. The payment is viewed as an isolated event that will be managed within the normal scope of financial planning without necessitating long-term changes in investment decisions or capital structure. \n\nIn summary, the long-term effects on both profitability and capital allocation are expected to be minimal due to the one-time nature of the settlement and its non-recurring impact on operational financial metrics.","10",""
"133","80d7a7c9","Analyzing the financials and growth of Fertilizantes Brazil post-integration: The Mosaic Co. impact on performance.","Following the integration of Vale Fertilizantes into The Mosaic Company (Mosaic Fertilizantes), the Brazilian segment has become a significant part of Mosaic's global operations and has seen substantial changes in financial performance and growth dynamics.\n\nKey Impacts and Performance:\n\n- Market Position and Scale: Mosaic Fertilizantes is now the leading fertilizer production and distribution company in Brazil, accounting for approximately 20% of fertilizer shipments in the country. The segment is responsible for about 72% of Brazil's annual concentrated phosphate crop nutrient production and 100% of its potash production (Chunks 5, 6, 10).\n\n- Production and Sales: Mosaic Fertilizantes has the capacity to produce approximately 4.5 million tonnes of phosphate- and potash-based nutrients and animal feed ingredients annually. In 2023, it sold around 9.7 million tonnes of crop nutrient products (Chunk 6).\n\n- Financial Performance (2023 vs. 2022): \n  - Net sales decreased from $8.3 billion in 2022 to $5.7 billion in 2023, mainly due to lower finished product selling prices, which negatively impacted net sales by about $2.5 billion. However, this was partially offset by higher sales volumes, contributing approximately $200 million (Chunks 1, 2).\n  - Gross margin fell sharply from $1.0 billion in 2022 to $211.6 million in 2023, primarily due to lower average selling prices. Lower raw material costs (mainly sulfur and ammonia) helped offset some of this decline (Chunks 1, 2, 4).\n  - Sales volume increased slightly from 9.4 million tonnes in 2022 to 9.7 million tonnes in 2023, reflecting an expanded customer base and the company's growth strategy in Brazil (Chunks 1, 2, 4).\n\n- Competitive Advantages: Post-integration, Mosaic Fertilizantes benefits from vertical integration, economies of scale, transportation and storage efficiencies, and a robust distribution network. Its strategic proximity to customers and focus on product innovation further strengthen its position in the competitive Brazilian fertilizer market (Chunk 3).\n\n- Product and Distribution: The segment produces a variety of phosphate and potash-based crop nutrients and animal feed ingredients. It also distributes imported and domestically produced crop nutrients, leveraging its extensive network of blending plants, port terminals, and warehouses (Chunks 6, 7, 8).\n\n- Cost Structure: Lower raw material costs in 2023, especially for ammonia and sulfur, improved cost of goods sold per unit, partially buffering the impact of falling prices (Chunk 1).\n\nSummary:\nThe integration of Vale Fertilizantes has positioned Mosaic Fertilizantes as a dominant force in Brazil's fertilizer industry, significantly expanding Mosaic's production, sales, and distribution capabilities. While financial performance in 2023 was challenged by a sharp decline in global fertilizer prices, the segment demonstrated increased sales volumes, improved cost efficiencies, and maintained strong market presence and infrastructure advantages, setting a foundation for long-term growth in Brazil's agriculture sector.","The integration of Mosaic Fertilizantes' operations in Brazil with Mosaic's broader international strategy positively impacts both financial health and future growth potential. This integration creates several benefits:\n\n1. Economies of Scale: By consolidating production, distribution, and marketing operations across both domestic and international markets, Mosaic can reduce redundant costs and achieve lower per-unit production costs. This vertical integration allows the company to maximize production efficiencies through shared facilities, improved logistics, and streamlined resource management, ultimately enhancing profitability.\n\n2. Enhanced Market Intelligence: With operations in a dynamic and competitive market like Brazil complemented by its global presence, Mosaic benefits from more comprehensive market insights. The strategic integration facilitates the sharing of customer and market data across regions, enabling the company to better understand regional agricultural demands, adjust pricing strategies, and propose innovative products tailored to local needs. This alignment strengthens its competitive positioning in multiple markets.\n\n3. Competitive Positioning and Future Growth: The dual advantage of cost efficiencies and deeper market intelligence improves operational resilience. As Mosaic continues to leverage its integrated distribution network and vertically integrated production process, it is better positioned to manage cost pressures while capturing emerging growth opportunities in both Brazil and international markets. This robust platform underpins a sustainable growth trajectory and solidifies the company's long-term financial health.\n\nIn summary, the strategic integration enhances economies of scale, reduces costs, and provides superior market insights, all of which are critical for sustaining profitability and supporting future expansion.","9",""
"135","c4e25437","FOX's revenue deferral impact on short vs. long-term visibility in guaranteed ad contracts.","FOX's advertising contracts that include guarantees of a certain number of targeted audience views (""impressions"") can impact the timing of revenue recognition and thus affect short- versus long-term revenue visibility. When audience guarantees are not initially met, the company defers the related revenues until the guaranteed number of impressions is delivered, typically by providing additional advertisements. Since these contracts are generally short-term and are billed monthly with payments due shortly thereafter, the revenue deferral usually does not extend far into the future, maintaining relatively strong short-term revenue visibility. However, if there are frequent or significant audience deficiencies, some revenue may be recognized later than originally expected, introducing a limited degree of uncertainty to short-term forecasting. The context does not indicate any substantial long-term deferral, as the guarantees are usually resolved within the contract period, which is typically less than a year.","The data provided indicates that when an advertising contract includes a guarantee for a certain number of audience impressions, any shortfall in achieving that target causes the associated revenue to be deferred rather than recognized immediately. In the short term, if the actual audience impressions are below the guarantee, the revenue that might have been recognized stays on the balance sheet as deferred revenue. This means that short-term revenue can appear lower, or more volatile, because it does not fully reflect the contracted amount until the guarantee is met. However, over the long term, additional advertisements are provided to make up for any audience deficiencies, so the deferred amounts are eventually recognized as revenue. As a result, long-term revenue visibility benefits from this approach because it cumulates the eventual recognition of the entire contract value--albeit subject to the execution of additional advertisements--offering a clearer picture of total earnings over the duration of the contract. No precise calculations are required here since the emphasis is on the timing of revenue recognition and its impact on visibility in financial reporting.","7",""
"136","84dcafd9","The impact on profitability trends due to a decline in GS EPS.","A decline in Goldman Sachs' (GS) earnings per share (EPS) reflects a decrease in net earnings attributable to common shareholders, which negatively impacts profitability trends. The provided data shows that GS's basic EPS dropped from $60.25 in 2021 to $30.42 in 2022, and further to $23.05 in 2023. Similarly, diluted EPS declined from $59.45 in 2021 to $30.06 in 2022, and to $22.87 in 2023. This downward trend in EPS indicates that the firm's profitability has decreased over this period. Lower EPS typically signals reduced profitability per share for shareholders and may affect investor sentiment and the company's valuation.","The calculation is straightforward: 60.25 - 23.05 = 37.20, meaning the earnings per common share (basic) decreased by $37.20 from 2021 to 2023. This notable decline implies that the company's profitability, as measured on a per-share basis, has significantly diminished over the period. Such a drop could reflect several underlying factors including a decline in net earnings, changes in cost structure, increasing expenses, or shifts in the mix of revenues. Investors and analysts might view this as a signal to further investigate the drivers behind the reduced profitability and assess whether the decline is indicative of a broader trend affecting the company's competitive positioning and overall financial health.","8",""
"137","e789dcea","Competitors' margins vs CPB pricing strategy.","I cannot find sufficient information in the provided documents to answer this question. The retrieved documents include detailed financial statements and business descriptions for Campbell Soup Company (CPB), as well as some information about pricing strategies from Ross Stores (ROST), but there is no direct comparison of competitors' margins or a discussion of CPB's specific pricing strategy relative to competitors' margins.","The provided reference material only offers a qualitative overview of the competitive landscape, noting that Campbell Soup Company competes with both branded and private label products across several factors including price, taste, and innovation. However, there is no specific data or quantitative detail on Campbell's pricing strategy or profit margins, nor a comparison with competitors in this regard. Therefore, we cannot assess how the company's pricing strategy compares to its competitors in terms of maintaining strong profit margins based solely on the given information.","10",""
"138","9f3a40f5","BB increased capex impact on comp. positioning & long-term profit across geogs & segments.","I cannot find sufficient information in the provided documents to answer this question.","The data provided includes capital expenditures by year, which shows an upward trend - rising from $45.0 million in 2021 to $52.6 million in 2022 and then to $68.9 million in 2023. This increase in capex, when viewed alongside the breakdown of revenue across multiple product segments and geographical regions, suggests that Brown & Brown, Inc. is reinvesting more in its operations. A few key points can be drawn:\n\n1. Long-Term Profitability: Increased capital expenditures often indicate that the company is investing in systems, technology, or infrastructure that could drive efficiency and support future growth. These investments might lead to improved underwriting systems, enhanced digital platforms for insurance distribution, or even regional expansion efforts--all of which may translate into higher margins and long-term profitability.\n\n2. Competitive Positioning: With operations spread across diverse geographical markets (from the United States to international markets like Canada, parts of Europe, and Asia), a higher level of capex suggests that Brown & Brown is strengthening its competitive positioning. This type of investment can help the company tailor its offerings to different markets and support the unique operational needs of each segment (Retail, National Programs, Wholesale Brokerage, and Services). In particular, spending more in areas that support technology and operational efficiency could help the firm better compete against rivals in both domestic and international markets.\n\n3. Risk and Growth Balance: While increased capex is generally a positive sign of proactive growth and investment in the future, it also carries risks if the investments do not generate the expected returns. In the context of Brown & Brown's diversified operations, a targeted capex plan can enhance product and geographic synergy, spreading risk and creating multiple revenue streams. However, the firm will need to manage integration and operational risks, particularly when investing across different regulatory environments and varying market conditions internationally.\n\nIn summary, the higher capital expenditures over the past three years indicate that Brown & Brown is likely positioning itself for strengthened competitive advantage by modernizing and expanding its capacity to service a diverse client base. If these investments are managed effectively, they should support long-term profitability by boosting operational efficiency, expanding market reach, and ensuring that the firm remains competitive in a rapidly evolving industry.","1",""
"141","9bd37bfe","$ALGN $63M SDC arbitration impact in light of SDC BK.","Align Technology (ALGN) was awarded a $63 million judgment in an arbitration against SmileDirectClub (SDC) related to a breach of their Strategic Supply Agreement. However, after this judgment, SDC and certain affiliates filed for bankruptcy under chapter 11, which was later converted to chapter 7. As a result, the extent to which Align will be able to collect any or all of the $63 million judgment through SDC's bankruptcy proceedings is unknown. The bankruptcy process introduces uncertainty regarding the recovery of the awarded damages.","The $63 million arbitration judgment, while a favorable legal outcome for Align, presents a mixed picture in terms of its impact on the balance sheet and overall financial health. On the asset side, Align now holds a receivable (or a legal claim) for $63 million, which in a typical scenario would be recorded as an asset or a contingent asset until collection. However, the fact that SmileDirectClub (SDC) has filed for bankruptcy--and moreover, that its bankruptcy proceedings have shifted from Chapter 11 to Chapter 7--raises concerns about the collectability of that judgment. In bankruptcy under Chapter 7, SDC's assets are liquidated to pay creditors, meaning Align's ability to actually recover the full amount is uncertain. Because of the bankruptcy status, the $63 million might ultimately be reduced by liquidation value, administrative expenses, or may only be partly recovered. \n\nThis uncertainty requires Align's management and its accountants to consider whether an impairment or valuation allowance should be recorded on this receivable, which could negatively affect the net asset value on the balance sheet. Operationally, while the legal win establishes that Align is owed this amount, in practice, if collection is delayed or discounted due to SDC's financial distress, it could affect Align's cash flow projections and working capital management. \n\nIn summary, while the judgment represents a potential asset, the bankruptcy of SDC almost certainly diminishes the certainty and timing of cash flows associated with it. Thus, although Align's balance sheet might list a receivable for $63 million, the net impact on its financial health may be muted by the collection risk and the possibility of valuing the asset at less than its face amount after accounting for the bankruptcy proceedings and possible impairments.","8",""
"142","c6feb525","Zimmer Biomet's exec structure includes regional roles, defining how GLBT strategies align with company objectives.","Zimmer Biomet's executive structure includes regional leadership roles that help align the company's global strategies--including those for diversity, equity, and inclusion--with overall business objectives. The executive team features Group Presidents for the Americas, Europe, Middle East and Africa (EMEA), and Asia Pacific regions, each responsible for overseeing operations and strategy within their areas (see Chunk 5). These roles ensure that regional market needs and objectives are addressed while maintaining alignment with Zimmer Biomet's mission and values.\n\nThe company's commitment to diversity, equity, and inclusion is embedded in its core values and guiding principles, which are central to human capital management policies and practices (Chunks 4, 6, 7). Initiatives include engaging all 18,000 global employees in inclusion programming and investing in employee resource groups, as well as setting specific representation goals for women and people of color at all organizational levels (Chunk 4, 7).\n\nBy structuring its leadership to include dedicated regional presidents and aligning diversity and inclusion strategies with company-wide objectives, Zimmer Biomet ensures that its global and local efforts are coherent and mutually reinforcing.","The data indicate that Zimmer Biomet Holdings, Inc. has deliberately structured its executive leadership team to address both global and region-specific needs. At the top is Ivan Tornos, the President and Chief Executive Officer, who oversees the overall global strategy, while regional responsibilities are clearly defined through dedicated roles. For example, Mark Bezjak is the President for the Americas, Wilfred van Zuilen serves as Group President for Europe, the Middle East and Africa, and Sang Yi is the Group President for Asia Pacific. This structure highlights the company's commitment to tailoring its strategies to diverse regional markets and suggests that its global approach is both decentralized and region-specific, allowing for localized decision-making and a competitive positioning that leverages regional expertise.","9",""
"139","3df10c71","SRT 2024 non-op exp impact on net margin drop.","I cannot find sufficient information in the provided documents to answer this question.","We can use the income statement details to quantify the effect of non‐operating items on the net income margin. In 2024 the reported total non‐operating expense (which is the sum of interest expense and other non‐operating items) was $133.3 million (in thousands), compared with $110.8 million in 2023 and $111.0 million in 2022. (Note: The 2022 figure includes a fair‐value adjustment which is not present in 2024.)\n\nA straightforward way to gauge the impact is to determine by how much the non‐operating expense represents an ""extra"" drag on margins in 2024 relative to the prior years. Using the 2024 total revenues of about $5,138.7 million as the base:\n\n- In 2024, non‐operating expenses as a percentage of revenue = 133,308/5,138,701 ≈ 2.59%\n- In 2023, the percentage = 110,835/4,536,266 ≈ 2.44%\n- In 2022, the percentage = 111,012/4,223,403 ≈ 2.63%\n\nThus, relative to 2023, the non‐operating expense in 2024 was higher by about $22,473 thousand. Expressed on a revenue basis for 2024, that extra expense is approximately:\n\n  22,473/5,138,701 ≈ 0.44 percentage points.\n\nIn other words, if we ""normalized"" the non‐operating line to the 2023 level, we could expect the net income margin (which is calculated after subtracting such expenses) to be higher by roughly 0.44 percentage points. (The comparison with 2022 is very similar; 2024 is lower by about 0.04 percentage points relative to 2022, but note that the nature of the non‐operating adjustments is different because of the fair‐value item in 2022.)\n\nA closer look at the components shows that interest expense in 2024 increased to $144.35 million from $107.96 million in 2023 - an increase of roughly $36.4 million. However, a partly offsetting item is the ""interest and miscellaneous (income) expense,"" which was -$11.04 million in 2024 (a benefit), compared with a positive $2.88 million expense in 2023. When combined, the net effect is about an extra expense of $22.5 million in 2024 compared to 2023. Dividing this amount by total revenue gives the approximate added drag on margins of ~0.44 percentage points.\n\nTherefore, the contribution of the increased non‐operating expense (primarily driven by higher interest expense partially offset by the reversal of a prior expense item) is roughly 0.44 percentage points of revenue, which is the part of the net income margin reduction attributable solely to these items when comparing 2024 to 2023.","1",""
"140","5a76da58","Impact of MTB revenue segmentation on analysis of recurring vs non-recurring income.","Based on the provided context, M&T Bank Corporation (MTB) has reorganized its business operations into three reportable segments: Commercial Bank, Retail Bank, and Institutional Services and Wealth Management. This segmentation is reflected in internal profitability reporting and is intended to align management reporting with the current organizational structure (see Chunks 4, 8, 11, 12).\n\nHowever, there is no specific breakdown or discussion in the context about how this new segmentation directly impacts the analysis of recurring versus non-recurring income. The context mentions segment information is available in the financial statements and that certain income sources (such as interest on loans and deposits) are significant across segments, but does not provide a detailed analysis or distinction between recurring and non-recurring income within these segments.\n\nTherefore, while the new segmentation may enable more granular analysis by business line, the provided documents do not contain sufficient information to determine the direct impact of MTB's revenue segmentation on the analysis of recurring versus non-recurring income.\n\nFinal answer: I cannot find sufficient information in the provided documents to answer this question.","The segmentation described in the reference indicates that a significant portion of M&T Bank Corporation's revenues comes from sources that do not follow the typical revenue recognition guidance - for example, net interest income, mortgage banking revenues, trading gains, and other market-related revenue streams. For investment analysis, this segmentation means that analysts must carefully differentiate between recurring income (such as ongoing fee-based services or stable interest revenue from core lending activities) and non-recurring or volatile income (for instance, one-off trading gains or insurance recoveries). This differentiation impacts the analysis in several ways:\n\n1. Recurring vs. Non-Recurring Income Clarity: Analysts need to isolate revenues that are expected to continue (like stable net interest margins or fee income) from those that are potentially temporary or unpredictable (such as derivative trading gains). This allows for a more accurate assessment of long-term profitability and operational sustainability.\n\n2. Adjusted Profitability Metrics: When evaluating profitability, the impact of non-standard revenue streams may inflate total revenues without reflecting the underlying recurring earnings power. Therefore, adjustments must be made to separate core operating income from one-off gains or other market-dependent revenues.\n\n3. Forecasting and Risk Assessment: Since the non-recurring revenue components may be more volatile and less predictable, relying solely on aggregate revenue figures without segmentation might lead to misleading forecasts. Recognizing the different nature of these revenue streams helps in more realistic forecasting and in assessing the risk profile of the bank's overall earnings.\n\n4. Capital Allocation and Valuation: Investors may need to discount non-recurring gains when assessing the fair value or assigning multiples (like price-to-earnings ratios) because these items may not contribute consistently to future cash flows. This is critical when comparing M&T Bank's profitability metrics with peers that manage similar revenue segregation differently.\n\nIn summary, the approach to revenue segmentation used by M&T Bank requires investors to perform more granular analysis to ensure that recurring income streams are properly identified and isolated from more volatile, non-recurring revenue sources. This will lead to a more accurate evaluation of both ongoing profitability and risk-adjusted returns.","2",""
"143","dd6f68f1","Insider practices in risk mgmt., profit & cap allocation outlook undergo changes by AWK board.","American Water Works Company, Inc. (AWK) has established comprehensive oversight practices for risk management, profit, and capital allocation, which are subject to ongoing review and guidance by its Board of Directors.\n\n- Risk Management: The Board, through its Audit, Finance and Risk Committee, oversees the company's risk assessment and enterprise risk management processes, including financial statements, accounting, internal audit and controls, as well as ethics and compliance matters. This indicates a structured and evolving approach to risk oversight at the Board level (Chunk 3).\n\n- Profit and Capital Allocation: The company's financing activities--including issuing long- and short-term debt and equity--are primarily focused on funding regulated infrastructure expenditures, regulated acquisitions, and the payment of dividends. AWK's capital allocation decisions, such as the use of net proceeds from equity offerings to repay short-term obligations and fund general corporate purposes, are reviewed and approved by the Board (Chunk 16).\n\n- Board Oversight & Changes: The Board's four standing committees provide strategic oversight across sustainability, risk, human capital management, executive compensation, and corporate governance. The Executive Development and Compensation Committee (ED&CC) is specifically responsible for overseeing the company's compensation philosophy, succession planning, and inclusion, diversity, and equity programs, as well as reviewing and assessing the company's culture and talent management strategies (Chunk 3, Chunk 13).\n\nThe information indicates that AWK's Board of Directors regularly reviews and updates risk management, profit, and capital allocation strategies through its committee structure, ensuring alignment with regulatory, financial, and strategic objectives. Any significant changes or developments in these practices would typically be disclosed in the company's proxy statement or annual filings.\n\nIf you require details about recent or specific changes in these practices, that information is generally incorporated by reference in the company's Proxy Statement for the Annual Meeting of Shareholders (Chunk 5).","The recent board composition changes provide insight into how American Water Works Company is proactively reinforcing its risk management framework. By reducing the board size and replacing Admiral Stavridis with Michael L. Marberry--who now leads critical committees like the SETO Committee and participates on the Nominating/Corporate Governance Committee--the company appears to be streamlining its governance structure and ensuring that risk oversight, particularly in areas like safety, environmental practices, technology, and operations, remains strong. This change can be interpreted as a deliberate move to enhance internal checks and balances and to foster a more agile decision-making process.\n\nIn terms of risk management, having a well-defined committee structure with clear lines of oversight helps the company better identify, monitor, and mitigate operational and strategic risks. This not only potentially reduces volatility in its operations but also contributes to a more stable foundation for making future investment decisions.\n\nRegarding future profitability and capital allocation, these adjustments might signal that the company is positioning itself to make more informed and risk-aware decisions. A refreshed board with focused committee leadership can lead to improved evaluation of risk-return scenarios, thereby promoting capital allocation strategies that support sustainable growth and operational efficiency. However, while these governance changes can be a positive signal of better internal controls and strategy, they are one of several factors that influence overall profitability. Investors should consider this as part of a broader analysis that includes market conditions, overall strategic direction, and other financial metrics.","5",""
"144","8a333641","Valuation of cash flow risk linked to JNJ antitrust biosimilar litigation, JNJ.","Based on the provided context, Johnson & Johnson (JNJ) is currently involved in antitrust litigation related to its biosimilar products, specifically regarding claims that it delayed biosimilar competition for products like STELARA through enforcement of its patent rights (see Chunk 13). These lawsuits seek damages and other relief and may result in significant expenses, fines, or settlements for the company.\n\nJNJ acknowledges that such legal proceedings can have a material adverse effect on its results of operations and cash flows for the reporting period in which they are resolved or if accruals are increased (Chunks 1, 2, 4, 7, 11). The company accrues liabilities for loss contingencies when it is probable that a liability will be incurred and the amount can be reasonably estimated. However, for many litigation matters, including antitrust and biosimilar litigation, JNJ states it is unable to estimate the possible loss or range of loss beyond the amounts accrued, due to the complexity and uncertainty involved (Chunks 2, 7, 11).\n\nWhile JNJ's management currently believes that the ultimate outcome of these proceedings, net of accrued liabilities, is not expected to have a material adverse effect on the company's financial position, they caution that the resolution or increase in accruals for one or more of these matters could have a material adverse effect on results of operations and cash flows for the relevant period (Chunks 1, 11).\n\nIn summary, the cash flow risk linked to JNJ's antitrust biosimilar litigation is considered potentially material for the period in which any significant settlement or judgment occurs, but the company cannot currently estimate the financial impact beyond existing accruals due to the uncertainties and complexities involved in these cases.","The legal challenges associated with REMICADE and STELARA, if resolved unfavorably, could introduce several risks that have the potential to disrupt both valuation and cash flow stability for Johnson & Johnson. Key potential impacts include:\n\n1. Legal and Settlement Costs: Unfavorable outcomes might require the Company to pay significant settlements or damages. In addition to these direct payouts, the Company could incur high legal fees and associated costs. Such expenditures can strain cash flow, reducing free cash flow available for reinvestment or distributions, and can force a reallocation of resources away from its core operations.\n\n2. Revenue and Market Share Erosion: For products like STELARA, if litigation results in restrictions or delays in launching biosimilar competition, the Company could lose competitive advantages. This may lead to a reduction in market share and pricing power. Lower revenue from key products can affect overall profitability and lead to downward pressure on the Company's valuation multiples.\n\n3. Increased Operational Uncertainty: Ongoing litigation creates an environment of regulatory and market uncertainty. Investors typically factor in such risks by applying higher discount rates to future cash flows. As a result, the present valuation of the Company could decrease, reflecting the risk premium demanded by the market.\n\n4. Impact on Capital Allocation: Facing potential cash flow constraints from increased legal spending or reduced operating earnings, the Company may have to modify its capital allocation strategy. This might include cutting back on capital expenditures, research and development, or shareholder returns (dividends/ buybacks), all of which are critical components in supporting long-term growth and maintaining investor confidence.\n\nWhile direct numerical estimations would depend on quantifying potential settlements, litigation costs, and estimated impacts on sales, these qualitative risks together suggest that significant adverse legal outcomes could diminish the company's short-term cash flow stability and lower its overall valuation.","7",""
"145","c2373adb","share repurchase triggers external and internal metrics, ticker COO, in the evaluation.","I cannot find sufficient information in the provided documents to answer this question.","Yes, the question is answerable using general financial insights even though the provided references mainly offer details about past share repurchase activity and current authorization levels. Investors should look at both external market factors and internal performance metrics to anticipate future share repurchase activities. Externally, key factors include:\n\n1. Market Valuation and Stock Price Trends: Monitoring whether the stock is trading at historically low valuations or appears undervalued relative to peers, as companies tend to repurchase shares when their stock price is attractive.\n2. Overall Market and Economic Conditions: Changes in macroeconomic conditions, such as shifts in interest rates or heightened market volatility, can influence a company's decision to deploy excess cash for buybacks rather than investing in uncertain environments.\n\nInternally, the following metrics are important:\n\n1. Free Cash Flow and Profitability: Healthy and growing free cash flow, operating margins, and consistent earnings performance indicate that the company might have the flexibility to resume share repurchases.\n2. Capital Allocation Strategy and Authorization Levels: Investors should watch for management commentary or updates regarding capital allocation, especially when there is significant authorized repurchase capacity (as noted in the 2012 Program) available. Any forward-looking statements concerning how and when that authorized amount may be used could be a signal.\n3. Balance Sheet Strength and Debt Levels: A strong balance sheet, with sufficient liquidity and low debt levels, supports the ability to execute repurchase programs.\n\nBy tracking these external and internal indicators, investors can better anticipate when The Cooper Companies, Inc. might choose to implement additional share repurchase activities.","1",""
"146","ff2cf386","For GE, how to gauge the impact of discontinued ops on EPS for 2023 by comparing diluted net EPS vs. continuing EPS?","For GE in 2023, the impact of discontinued operations on earnings per share (EPS) can be gauged by comparing the diluted net EPS to the diluted EPS from continuing operations:\n\n- Diluted EPS from continuing operations: $7.98\n- Diluted net EPS (including discontinued operations): $8.36\n\nThe difference is $8.36 - $7.98 = $0.38 per share.\n\nTherefore, discontinued operations increased GE's diluted net EPS by $0.38 in 2023.","Investors can assess the per‐share impact of discontinued operations by comparing the diluted net earnings per share to the diluted earnings per share from continuing operations. In the 2023 report, the diluted net EPS is reported as $8.36, while the diluted EPS from continuing operations is $7.98. The difference between these two figures is calculated as: 8.36 - 7.98 = 0.38. This $0.38 per share represents the contribution (or impact) from discontinued operations to the company's overall net earnings per share.","10",""
"148","63d1f728","Legal contingencies trends & future impact analysis for NetApp.","NetApp faces a complex and evolving landscape of legal contingencies, primarily centered around compliance with privacy, data protection, cybersecurity, and artificial intelligence regulations. The company is subject to increasing regulation by various federal, state, and international agencies, such as the EU's General Data Protection Regulation (GDPR), new EU requirements for cross-border data transfers (including updated Standard Contractual Clauses), and the recently adopted EU Artificial Intelligence Act, which introduces new obligations and prohibitions regarding AI risk categorization (Chunks 1, 2, 7).\n\nThe regulatory environment remains uncertain due to heightened cybersecurity threats, continued innovation in AI, and possible changes in the interpretation and enforcement of existing laws. This uncertainty could impact NetApp's business operations, as well as those of its partners, vendors, and customers. There is also the possibility of new or changing self-regulatory standards, which could become legally or contractually binding (Chunks 1, 2).\n\nAdditionally, NetApp must comply with the U.S. government's Secure Software Development Framework (SSDF) for products categorized as ""critical software."" Failure to attest to compliance could result in delays or inability to execute contracts, particularly with government customers (Chunk 5).\n\nIf NetApp or its partners are found to be out of compliance with these evolving requirements, the company could face reputational harm, liability, and adverse impacts on its business. The interpretation and application of many relevant laws and standards are still uncertain, and future laws, regulations, or changes in their enforcement could require NetApp to revise agreements or operational practices, potentially increasing costs or limiting business opportunities (Chunks 1, 2).\n\nIn summary, NetApp's legal contingency risks are increasing and are likely to remain a significant factor for the foreseeable future, with potential impacts including financial liability, reputational damage, increased operational costs, and possible limitations on business activities if compliance is not maintained.","The provided disclosure does not offer detailed historical data or trend analytics regarding legal contingencies - it simply describes the nature of potential legal risks and the company's accounting approach for contingencies. Specifically, the text outlines that the company is involved in various legal proceedings (including patent litigation) and explains that, when losses from these events are both probable and estimable, a liability is recorded. However, it does not include past quantitative trends (e.g., frequency of claims, amounts accrued, or historical outcomes) that would allow for a detailed historical analysis.\n\nNonetheless, the narrative does provide insight into how similar future litigation or legal challenges might affect NetApp, Inc.'s competitive positioning and financial health. For instance, if a future adverse ruling were to lead to a finding of infringement or impose monetary penalties, the company might face significant costs including:\n\n- Increased Legal Expenses and Potential Damages: This would affect cash flows and profitability, as significant payouts (or reserves) would need to be reflected in the financial statements.\n\n- Operational Disruptions: Potential product shipment delays, redesigns, or even injunctions could disrupt business operations and erode competitive market advantage.\n\n- Strategic and Financial Implications: Future legal liabilities, even if unaccrued historically, may impact investor sentiment, management's allocation of capital, and ultimately, competitive positioning in the marketplace if additional funds must be diverted to legal defense or restructuring.\n\nIn summary, while the note does not allow us to identify historical trends in legal contingencies, it clearly communicates that adverse legal outcomes in the future could have a material negative impact on NetApp, Inc.'s financial position and competitive status. Management currently believes that the anticipated outcomes will not materially harm the business, though inherent uncertainties remain.","3",""
"147","d7200d6b","impact on liquidity & financial health from adverse legal resolution for CSX Corp.","An adverse legal resolution could have a material adverse effect on CSX Corporation's financial condition, results of operations, or liquidity in the period in which it occurs. While management currently believes that none of the pending legal matters is likely to have a material adverse effect on the company's overall financial health, there is a risk that an unexpected adverse resolution of one or more items could significantly impact financial condition, results, or liquidity in a particular period (see [Chunk 1], [Chunk 2], [Chunk 11]).\n\nFurthermore, some legal proceedings, such as antitrust litigation, carry the potential for severe penalties, and if resolved unfavorably, the aggregated penalties or damages could materially affect the company's finances in the relevant reporting period ([Chunk 2]). CSX maintains insurance for certain legal exposures, but there is a risk that future claims could exceed insurance coverage or that insurance may not continue to be available at commercially reasonable rates, which could further impact liquidity ([Chunk 1], [Chunk 11]).","An unexpected adverse resolution--whether from environmental, labor claims, or other legal actions--could force CSX Corporation to incur significant liabilities, thereby tightening its cash reserves and impacting short-term liquidity through large outlays for settlements, fines, or punitive damages. For example, while management's current estimates of potential aggregate losses range from $3 million to $55 million as of December 31, 2023, an unanticipated ruling could result in costs that exceed these estimates or occur sooner than planned. This would not only consume cash needed for day-to-day operations, but also potentially affect financing costs and reduce available funds for capital expenditures or debt repayments. In summary, such an unexpected legal setback could materially weaken CSX's liquidity and overall financial condition in the upcoming period, despite current management views that the extant legal proceedings are unlikely to have a material adverse effect.","8",""
"149","5a681f31","Ticker TRMB shows potential impact on liquidity & working capital due to contractual timing.","I cannot find sufficient information in the provided documents to answer this question.","The provided reference gives us a clear picture that Trimble Inc. has substantial unconditional purchase obligations, with a noted decrease from approximately $858.8 million at the end of 2022 to $618.9 million at the end of 2023. Although the data point does not explicitly break down the obligations into short-term versus long-term commitments, we can assess the potential impacts on liquidity and working capital management by considering the characteristics of such obligations.\n\n1. Impact if Obligations are Short-Term:\n   - If a considerable portion of the $618.9 million is due within the next operating cycle (i.e., current liabilities), it will require a significant outlay of cash in the near term. \n   - This can put pressure on Trimble's liquidity, as available cash may be committed to fulfilling these non-cancelable purchase orders and service agreements, potentially limiting funds available for other operational or growth opportunities.\n   - Short-term commitments can also tighten working capital since current assets must be managed to cover these immediate liabilities.\n\n2. Impact if Obligations are Long-Term:\n   - Should these contracts be structured with staggered payment schedules extending beyond one year, the immediate cash outflow might be lower. \n   - This would allow the company more flexibility in managing day-to-day liquidity and working capital, as the commitments would be spread over multiple periods.\n   - Long-term commitments can be strategically planned for within the company's budgeting and cash flow management processes, potentially mitigating adverse impacts on short-term liquidity.\n\n3. Overall Considerations:\n   - Even with a decrease in the total value of obligations, if the mix shifts toward due commitments in the near term, the liquidity and working capital risks might remain high.\n   - Without detailed contractual maturity profiles, investors should scrutinize any available disclosures on the timing of cash outflows. Understanding the contractual timing would offer clearer insights into how these obligations align with other cash flow constraints.\n   - Effective working capital management would require Trimble to balance its inventory procurement and service commitments with available cash or financing options, particularly if short-term obligations are significant.\n\nIn conclusion, while the data does not explicitly separate short-term versus long-term obligations, the impact on liquidity and working capital management depends heavily on the timing of these cash outflows. If the obligations are predominantly short-term, Trimble Inc. may face pressure on its liquidity, necessitating careful cash flow management and possibly external financing. Conversely, if obligations are spread out over a longer period, the impact would be less immediate, allowing better planning and management of working capital.","1",""
"151","1447cf8d","CenterPoint Energy's unionization ratio in the electric segment remains noteworthy.","As of December 31, 2023, 53% of CenterPoint Energy's employees in the Houston Electric segment were covered by collective bargaining agreements. This highlights a significant level of unionization within the electric segment.","Step 1: Identify the total number of Electric employees. According to the table, for the Electric segment:\n - CenterPoint Energy: 3,132 employees\n - Houston Electric: 2,781 employees\nTotal Electric employees = 3,132 + 2,781 = 5,913 employees.\n\nStep 2: Identify the unionized Electric employees. The table indicates:\n - CenterPoint Energy: 1,659 unionized employees\n - Houston Electric: 1,472 unionized employees\nTotal unionized Electric employees = 1,659 + 1,472 = 3,131 employees.\n\nStep 3: Calculate the percentage of Electric employees represented by collective bargaining groups:\nPercentage = (Total unionized Electric employees / Total Electric employees) x 100\n= (3,131 / 5,913) x 100 ≈ 52.93%\n\nThus, approximately 52.93% of Electric segment employees are represented by collective bargaining groups.","8",""
"150","29220345","Rev deferral impact on growth & cash flow for FTV.","I cannot find sufficient information in the provided documents to answer this question. The available context does not discuss the impact of revenue deferral on growth and cash flow for Fortive Corporation (FTV). Most of the detailed explanations of revenue deferral and its impact pertain to Fortinet (FTNT), not Fortive.","The provided details on revenue recognition indicate that Fortive defers revenue for certain services - such as extended warranties, maintenance contracts, and post-contract customer support - until the related performance obligations have been met. This deferral means that, even if cash is received when the contract is signed or when services are initiated, revenue is not immediately recognized on the income statement. As a result, Fortive's reported revenue growth in the short term may appear lower because a portion of the cash receipts related to these services is booked as a liability (deferred revenue) rather than as recognized revenue. Over time, as the services are delivered, the deferred revenue is gradually recognized, contributing to revenue growth in those future periods.\n\nIn terms of future cash flow projections, the deferral does not affect cash flows directly. The cash from these contracts is often received upfront or on a periodic basis, meaning that while the revenue appears deferred in the financial statements, the actual cash inflows occur earlier. This creates a timing difference where Fortive's cash flow from operations may be robust even if revenue recognition is spread out over multiple periods. Analysts need to account for these timing differences when projecting future cash flows and profitability, ensuring they understand that the deferred revenue liability represents revenue that will eventually be recognized while the cash has already been collected.\n\nKey insights:\n- Reported revenue growth may be lower in the periods when cash is received but revenue is deferred, since recognition is spread over the term of the service contracts.\n- The deferral mechanism supports a predictable and recurring revenue stream in the long run, thereby aiding in stable future revenue forecasts.\n- There is a disconnect between revenue recognition and cash collection timing, so robust cash flows may exist even when revenue appears to grow at a slower pace.\n\nThus, while deferral moderates short-term revenue growth figures, it also provides a clearer picture of service delivery over time and supports firmer future cash flow projections.","1",""
"153","8a0f4278","Effect of GRMN TTM/product availability on mkt share & growth vs AAPL, SSNLF, HON.","Garmin (GRMN) operates in highly competitive markets, with principal competitive factors including design, functionality, quality and reliability, customer service, brand, price, time-to-market (TTM), and availability. Garmin believes it generally competes favorably in these areas, which contributes to its significant presence in its major markets.\n\nGarmin's vertically integrated manufacturing provides specific advantages in product cost, quality, and TTM. Their approach allows for rapid and iterative prototyping, efficient manufacturing across various product volumes, and faster movement from concept to market. This integration also supports high product availability due to control over manufacturing and distribution, which is crucial for maintaining and potentially increasing market share and supporting growth.\n\nIn contrast, Apple (AAPL) and Samsung (SSNLF) are cited as principal competitors in the fitness segment, and Honeywell (HON) in avionics. While the documents do not provide specific comparative data, Garmin's emphasis on TTM and product availability is positioned as a key strength that helps it compete effectively against these major players.\n\nGarmin's strategy of leveraging manufacturing flexibility and maintaining high product availability supports its growth and market share, especially when timely product releases and reliability are critical to consumer purchasing decisions. However, the context does not provide direct comparative performance metrics or detailed analysis of how Garmin's TTM and product availability specifically impact its market share and growth relative to Apple, Samsung, or Honeywell.\n\nIn summary, Garmin's strong TTM and product availability are important competitive advantages that support its market share and growth, particularly in the face of competition from companies like Apple, Samsung, and Honeywell. However, detailed quantitative comparisons to those competitors are not provided in the available context.","The data provided offers qualitative insights into Garmin's competitive positioning - notably, its emphasis on a fast time-to-market and strong product availability - but it does not contain specific financial or market share figures that would allow for precise quantification. From a qualitative standpoint, Garmin's ability to bring products to market quickly and maintain strong availability can help it capture emerging consumer demands and react faster than competitors in its niche markets. This agility is especially valuable in segments where consumer preferences may shift rapidly or where innovation cycles are short. As a result, Garmin may be able to secure or expand its market share in specific sub‑categories even when competing against much larger companies with broader product ecosystems, such as Apple and Samsung in the consumer and wearable electronics space, or Honeywell Aerospace & Defense in specialized avionics and aerospace markets.\n\nHowever, to translate these competitive advantages into a quantitative forecast for future market share or growth, one would need additional data such as:\n\n- Detailed revenue breakdowns by product line and geography\n- Market growth forecasts and penetration rates in each segment\n- Comparative R&D, marketing, and distribution investments\n- Historical performance data correlating time-to-market with sales uplift\n- Competitive analysis comparing similar metrics for Apple, Samsung, and Honeywell Aerospace & Defense\n\nIn summary, while the qualitative assessment indicates that Garmin's strengths in time-to-market and product availability provide it with a competitive edge that should support future growth in niche markets, quantifying these effects relative to giants like Apple, Samsung, and Honeywell Aerospace & Defense would require further market research and detailed financial data that is not provided in the reference.","9",""
"152","18c2380e","R&D Solutions rev rec margins impact from direct labor and 3rd party cost revisions at IQVIA, IQV.","At IQVIA, revenue recognition for the Research & Development Solutions segment is primarily based on service contracts for clinical research, which are recognized over time using a cost-based input method. Progress is measured by the proportion of actual costs incurred (including direct labor and third-party costs) to the total costs expected to complete the contract.\n\nRevisions in estimates of direct labor and third-party costs directly impact the amount of revenue recognized. If estimated costs to complete a project increase, the recognized revenue decreases, and vice versa. Specifically, a hypothetical one percent increase in estimated costs to complete these service contracts as of December 31, 2023, could have resulted in approximately a one percent reduction in total revenues for the year ended December 31, 2023. Conversely, a one percent decrease in estimated costs could have resulted in a one percent increase in total revenues. This sensitivity reflects the direct impact that changes in estimates for direct labor and third-party costs have on revenue margins for R&D Solutions at IQVIA (see Chunks 1 and 2).\n\nTherefore, accurate and ongoing estimation of direct labor and third-party costs is critical, as revisions can materially affect reported revenues and margins.","The data indicate that the Research & Development Solutions segment uses a cost‐based input method to recognize revenue over time, where the progress is measured by the ratio of actual incurred costs (including direct labor and third-party expenses) to total estimated costs to complete a contract. In practice, this means that revisions to the estimates of direct labor and third-party costs have a direct, one-to-one impact on the amount of revenue recognized. Specifically, the reference explains that if the estimated costs to complete a project were hypothetically increased by 1% as of December 31, 2023, recognized revenues for that year could have been reduced by approximately 1%. Conversely, a 1% decrease in estimated costs would lead to roughly a 1% increase in recognized revenue.\n\nWhile the reference does not provide detailed numerical data on the breakdown of direct labor versus third-party costs or their exact contributions to revenue margins, it is clear that any significant revisions in these cost estimates--owing to the required judgment in projecting future costs--directly impact both the timing of revenue recognition and the reported revenue margins. Thus, the sensitivity of revenue recognition to cost revisions is substantial: even small percentage changes in cost estimates can materially affect reported revenues. This inherent sensitivity also implies that reported revenue margins in this segment are closely linked to the accuracy of the cost estimates for direct labor and third-party expenses.","10",""
"154","83c09c7f","Calc PFG's revenue per emp & profit implications, focusing on the ticker in the middle.","Based on the provided context, Performance Food Group (PFG) had approximately 35,000 employees as referenced in chunk 1 (PFG.pdf: 35). Their net revenues for 2023 were $57.3 billion (not explicitly shown in the chunks, but the closest comparable figure in these filings is typically in this range; however, since the number is not in the provided context, we'll use only the information at hand).\n\nGiven the lack of explicit revenue numbers in the provided PFG context, a direct calculation of revenue per employee is not possible from the chunks above. However, for comparison, Church & Dwight (CHD) reported a revenue per employee of approximately $1.05 million in 2023 (chunk 10).\n\nRegarding profit implications, higher revenue per employee generally indicates greater efficiency and can lead to higher profitability, provided costs are controlled. Companies with higher revenue per employee may have stronger margins and better ability to generate profit from their workforce. However, without PFG's exact revenue and profit figures, a precise assessment cannot be made.\n\nSummary:\n- PFG's employee count is 35,000.\n- Revenue per employee for PFG cannot be calculated directly from the provided documents.\n- Generally, higher revenue per employee suggests better efficiency and profit potential, but PFG's specific profit implications cannot be determined without more financial detail.\n\nI cannot find sufficient information in the provided documents to calculate PFG's revenue per employee or provide a detailed analysis of profit implications.","To measure revenue per employee, you would take the company's total annual revenue (R) and divide it by the number of employees. With 19,800 employees, the formula would be:\n\n  Revenue per Employee = R / 19,800\n\nFor example, if the company's total annual revenue were $39.6 billion, then the calculation would be:\n\n  Revenue per Employee = $39,600,000,000 / 19,800 ≈ $2,000,000 per employee\n\nThis metric helps gauge operational efficiency - a higher number often indicates that a company is more effective at leveraging its workforce to generate revenue. However, while it provides insight into how well the company utilizes its human capital, it is not a direct measure of profitability. Profitability also depends on factors such as cost structure, operating margins, and expense management. A high revenue per employee suggests potential for efficient operations, but to draw firm conclusions about profitability, one would also need to analyze the company's operating expenses and profit margins. Comparisons with industry peers would further help in understanding if the revenue per employee is aligned with superior or inferior operational performance relative to the market.","3",""
"157","ac9dde56","Contract asset vs notes receivable in T's rev rec installment programs.","In AT&T's revenue recognition for installment programs, contract assets and notes receivable serve different roles:\n\n- **Notes Receivable**: When a customer purchases a device on an installment plan and the device is not discounted (i.e., the customer pays the full price over time and AT&T's right to consideration is unconditional), AT&T recognizes revenue for the full amount allocated to the customer receivable at the point of sale. The difference between the revenue recognized and any cash received is recorded as a note receivable. This represents AT&T's unconditional right to receive payment from the customer (see Chunk 1).\n\n- **Contract Asset**: When installment sales include promotional discounts (such as ""buy one get one free"" or equipment discounts tied to a trade-in), AT&T recognizes revenue at the point of sale, but the full amount is not immediately billed or paid. The difference between the revenue recognized and the consideration received is recorded as a contract asset. This contract asset is then amortized over the contract term as the customer fulfills their service agreement (see Chunks 1, 2, and 4).\n\nIn summary:\n- Notes receivable represent unconditional rights to consideration (the customer owes the amount, only the passage of time is required for payment).\n- Contract assets arise when revenue is recognized before AT&T has the right to bill the customer, typically due to promotional discounts or when consideration is conditional upon something other than just the passage of time. These are amortized over the contract term.\n\nBoth are recognized on the balance sheet but reflect different stages and conditions of revenue recognition in AT&T's installment programs.","AT&T recognizes revenue from customer installment payment programs at the point of sale by recording the entire amount of revenue allocated to the customer receivable (net of the fair value of any applicable trade‐in right guarantee). In practical terms, when a customer opts for an installment program, AT&T recognizes the full revenue upfront even though cash may be received over time. The accounting treatment of the difference between the recognized revenue and the actual cash received depends on the terms of the device sale:\n\n1. If there are no promotional discounts and the customer's right to consideration is unconditional (i.e., no further performance conditions), the difference is recorded as a note receivable. This reflects an unconditional right to collect the additional amount over the installment term, and no further adjustments need to be made beyond standard credit risk and collection assessments.\n\n2. If the installment sale includes promotional discounts that are earned over the term of the contract (for example, 'buy one get one free' or discounts contingent on ongoing service usage), the difference is recorded as a contract asset. In this case, as the promotional discounts are earned over the contract term, the contract asset is amortized over that period, reflecting the gradual recognition of the associated discount as revenue is effectively reduced over time.\n\nIn summary, the key implication is that the classification of the difference affects how future cash flows and revenue adjustments are handled. A note receivable signals an unconditional claim on cash with less complexity regarding future revenue recognition, whereas a contract asset requires systematic amortization, thereby reflecting ongoing performance obligations and the deferred adjustment of revenue over the contract term.","10",""
"155","20b15853","Diversity factors impacting strategic decisions of EXPE board.","Diversity factors impacting the strategic decisions of the Expedia Group (EXPE) board include both demographic and experiential considerations, as well as broader environmental, social, and governance (ESG) responsibilities:\n\n1. Inclusion and Diversity Initiatives: Expedia Group has programs with travel partners focusing on underserved travelers, industry engagement related to inclusion and diversity, and outreach in local and global communities. These initiatives reflect a commitment to promoting diversity and inclusion, which likely inform strategic decision-making at the board level, particularly regarding partnerships, market outreach, and brand reputation. (Chunk 4)\n\n2. ESG Focus: There is an increased focus on environmental, social, and governance (ESG) responsibilities, which is expected to result in additional costs and risks, and may impact reputation, employee retention, and the willingness of customers and partners to do business with Expedia Group. The board must consider these ESG factors in its strategic decisions, as they have material implications for the company's operations and stakeholder relationships. (Chunk 2)\n\n3. Human Capital Diversity: Expedia Group employs a diverse workforce of 17,100 people across more than 50 countries, with about half in technology roles. The company highlights its efforts to create an inclusive workplace, offer differentiated benefits, and support hybrid work models. Attracting, developing, and retaining a diverse and talented workforce is a strategic priority, especially given the competitive labor market. This focus on diversity and inclusion in human capital management influences board decisions on company culture, benefits, and talent development. (Chunks 5, 15)\n\n4. Board Composition and Conflicts: The board includes members who also serve on the board of IAC/InterActiveCorp, which can create or appear to create conflicts of interest in decisions affecting both companies. The company's governance documents address how overlapping directors may handle corporate opportunities, potentially exacerbating conflicts but also reflecting the board's need to manage diversity of interests among its members. (Chunks 1, 2)\n\nIn summary, diversity in workforce, board composition, and a commitment to ESG and inclusion are significant factors that impact the strategic decisions of the Expedia Group board. These factors are considered in efforts to enhance reputation, attract talent, foster innovation, and manage risks associated with governance and stakeholder expectations.","Investors may consider several factors when evaluating the strategic impact of board members with diverse backgrounds, such as Chelsea Clinton and Dara Khosrowshahi. Key considerations include:\n\n1. Strategic Expertise and Industry Knowledge - Evaluating how each director's experience complements the company's goals. For instance, Dara Khosrowshahi's background from a technology and travel perspective and Chelsea Clinton's network and public policy experience could bring unique insights in navigating regulatory and market trends.\n\n2. Governance and Leadership Diversity - Assessing whether varied perspectives lead to more robust discussions, improved decision-making, and a balanced oversight of company strategies. A mix of backgrounds may help address challenges from multiple angles.\n\n3. Market Reputation and Stakeholder Confidence - Directors with high public profiles can positively influence investor sentiment and enhance corporate image. Their reputations can also attract strategic alliances and partnerships.\n\n4. Risk Management and Innovation - Diverse board members can better identify risks and opportunities because they bring different viewpoints, which may foster innovation and agile responses to market changes.\n\n5. Cultural and Global Insights - Considering the geographic and cultural diversity, which can be significant for a global company like Expedia Group, Inc. International experience may support the company's growth in various regional markets.\n\nIn summary, investors will look for how well these directors' diverse experiences and expertise align with and support the company's long-term strategic initiatives, risk oversight, and growth ambitions.","7",""
"156","e40dfc98","LOW: Deferred rev rec for retail, stored-value, gift cards control.","For Lowe's (LOW):\n\n- Retail Deferred Revenue: Revenue is initially deferred for amounts received when customers have not yet taken possession of merchandise or installation has not been completed. This deferred revenue is recognized in sales at the point in time when the customer obtains control of the merchandise (through pickup or delivery) or over time as services are provided. Most revenue for goods and services is recognized in the quarter following deferral.\n\n- Stored-Value Cards and Gift Cards: Revenue from stored-value cards (including gift cards and returned merchandise credits) is deferred when the cards are sold and recognized as sales when the cards are redeemed by customers.\n\n- Control: Revenue recognition for retail sales and gift cards occurs when control of the merchandise passes to the customer (e.g., at pickup or delivery) or when the customer redeems a stored-value or gift card.\n\n(Source: Chunk 1)","The reference explains that deferred revenues for retail purchases are recognized when the customer obtains control of the merchandise. In practice, once the merchandise is picked up or delivered to the customer, the deferred revenue is recognized as sales. Similarly, for stored-value cards (including gift cards and returned merchandise credits), the revenue is deferred until the cards are redeemed. In summary, deferred revenue is recognized into sales either at the point in time when the customer takes control of the merchandise or when the stored-value/gift cards are redeemed.","10",""
"161","a0bb8903","Operational impacts of cybersecurity on breach costs & growth for IDEXX.","IDEXX has acknowledged that disruptions or significant security breaches in its information technology systems could adversely affect its business. These impacts could include production downtimes, operational impairments, and declines in demand for products and services, which could in turn affect revenues and customer operations. The company also notes that such events could cause economic slowdowns or increased economic uncertainty (Chunks 2, 4, 6).\n\nIn terms of breach costs, IDEXX has implemented various cybersecurity measures, such as network security, internal controls, regular risk assessments, employee training, phishing tests, and a cyber risk insurance policy to address potential losses from cybersecurity events (Chunks 9, 10). However, despite these efforts, the company admits that its measures have not always been successful in preventing all cyberattacks and cannot guarantee future prevention. Past cybersecurity attacks, both on IDEXX and some third-party vendors, have occurred, but to date, none have resulted in any material adverse impact on the company's business strategy, results of operations, or financial condition (Chunks 1, 4).\n\nWith regard to growth, IDEXX's ability to maintain or enhance growth rates and profitability relies on the successful execution of strategies involving technology, such as developing innovative products and leveraging data-driven software solutions. Cybersecurity risks, if realized, could impair these capabilities by causing operational disruptions, loss of customer trust, or regulatory challenges, potentially affecting growth (Chunk 12).\n\nIn summary, cybersecurity breaches could result in direct operational impacts (downtime, loss of demand, economic uncertainty) and financial impacts (costs for remediation, insurance, legal liability). While IDEXX has not experienced material adverse effects from past incidents, ongoing and evolving cybersecurity threats remain a risk that could affect both costs and growth if significant breaches were to occur.","The regular employee cybersecurity trainings, frequent phishing tests, and quarterly risk assessments serve as proactive measures that are intended to reduce both the likelihood and the financial impact of cybersecurity breaches or system disruptions. These practices minimize potential costs in several ways:\n\n1. Preventing Security Incidents: By training employees and testing their readiness via phishing simulations, the company reduces the human error component that often leads to breaches. This proactive approach helps avert costly data breaches, system downtimes, and incident responses, which in turn limits potential damage and reduces remediation expenses.\n\n2. Early Detection and Mitigation: Regular risk assessments enable IDEXX to identify vulnerabilities and address them before they are exploited. The early identification of risks lowers the chance of major disruptions, ensuring that problems are managed when they are less severe and less costly to fix.\n\n3. Improved Resilience and Continuity: Such ongoing initiatives enhance the overall security posture of the company, ensuring that its operations remain uninterrupted. This is crucial for maintaining customer trust and reliable service delivery - both vital for sustaining and boosting future growth.\n\nImplications for Future Growth:\n\n- Enhanced Competitive Position: A robust cybersecurity framework strengthens IDEXX's reputation among clients and investors, which can translate into better market positioning and competitive advantage.\n\n- Cost Efficiency Over Time: Reduced risk of significant breaches means lower potential liability and incident-related costs, freeing up resources to invest in innovation and expansion.\n\n- Investor and Stakeholder Confidence: Demonstrating continued commitment to cybersecurity risk management reassures stakeholders about the company's risk controls, potentially leading to improved market perceptions and valuation.\n\nOverall, by mitigating cybersecurity risks effectively, IDEXX not only safeguards its current operations but also positions itself to capitalize on growth opportunities without the looming threat of high-impact disruptions that could otherwise constrain expansion efforts.","7",""
"158","04c42c12","Impact of NTRS mgmt. bg on competitive positioning.","Northern Trust's management background has a notable impact on its competitive positioning. The company emphasizes attracting strong talent, developing employees through comprehensive learning and development programs, and fostering a culture of trust, care, collaboration, and diversity (Chunk 9). These efforts support high-quality client service and contribute to its reputation as a premier financial services provider.\n\nNorthern Trust's management also prioritizes effective risk management, embedding risk accountability at all levels and reinforcing this through training, performance expectations, and incentives (Chunk 11). This disciplined approach to risk, along with a strong, conservative balance sheet and a globally respected brand, forms part of the company's strategy to differentiate itself in a competitive market (Chunk 1, Chunk 10).\n\nAdditionally, Northern Trust's leadership focuses on continual productivity improvements and the growth of scalable, fee-based income sources (Chunk 1). The company's management structure, with oversight from committees and the Board of Directors, ensures strong governance and capital management (Chunk 8).\n\nIn summary, Northern Trust's management background--characterized by talent development, a strong risk culture, diversity, and prudent financial oversight--supports its ability to deliver superior client experiences and maintain a competitive advantage in the global financial services industry.","The information provided clearly shows that the senior management team at Northern Trust brings diverse experiences from other leading financial institutions, which enhances the company's competitive positioning in several ways. For example:\n\n1. Expertise in Multiple Disciplines: Several executives have held key roles in financial, risk management, and operational areas at institutions like Bank of America, BlackRock, and State Street. This means they bring a deep understanding of best practices in asset management, risk control, and client services, helping Northern Trust to optimize its operations.\n\n2. Strategic Vision and Market Insight: With backgrounds in areas including investment banking, asset management, and regulatory affairs, the team is well-equipped to anticipate market trends and adapt strategies accordingly. Their experience in high-caliber environments has likely instilled a strong understanding of emerging market opportunities, competitive threats, and the importance of agile capital allocation.\n\n3. Network and Industry Relationships: The executives' extensive careers at globally recognized institutions have enabled them to build vast networks, which can facilitate access to new markets, partnerships, and innovative solutions. This connectivity can lead to enhanced market intelligence and collaboration opportunities.\n\n4. Operational Best Practices: Prior roles in leading organizations have likely exposed these leaders to advanced operational protocols and technology implementations. This experience is crucial in today's competitive financial landscape where efficiency, robust risk management, and digital transformation are key to capturing market opportunities.\n\n5. Strong Governance and Experience in Change Management: The fact that these executives have held leadership and regulatory roles enables them to navigate complex environments. Their combined experience in managing large-scale changes, such as integration of technology and customer service innovations, supports Northern Trust's ability to capitalize on market opportunities and maintain a competitive edge.\n\nOverall, the varied prior experiences rooted in other industry-leading institutions provide Northern Trust with a seasoned management team capable of driving strategic initiatives, elevating operational efficiencies, and effectively positioning the firm in a competitive global market.","6",""
"160","9137d00c","3Y rev/OP/OPI perf & mkts dynamics for SBAC int'l site leasing.","For SBA Communications (SBAC), the international site leasing segment has shown strong performance and growth over the past three years, both in terms of revenue and operating profit (OP/OPI), driven by acquisitions, new builds, and organic growth. Here are the key details:\n\n**Three-Year Performance:**\n\n- **Revenues:**\n  - 2023: $670.4 million\n  - 2022: $559.0 million\n  - 2021: Not directly stated, but total site leasing revenue for 2021 was $2,104.1 million (Chunk 6), and international site leasing was 16.7% of segment OP (Chunk 2/9), so revenue would be substantially lower than 2022.\n\n- **Operating Profit (OP):**\n  - 2023: $466.3 million\n  - 2022: $377.4 million\n  - 2021: Not directly stated, but international site leasing contributed 16.7% of segment operating profit (Chunk 2/9).\n\n- **Operating Profit as a Percentage of Total Segment Operating Profit:**\n  - 2023: 22.2%\n  - 2022: 19.2%\n  - 2021: 16.7%\n\n- **Growth Rates (2023 vs. 2022):**\n  - Revenue increased by $111.4 million (+19.6% on a constant currency basis).\n  - Operating profit increased by $88.8 million (+23.0% on a constant currency basis).\n\n**Market Dynamics:**\n\n- Growth was primarily driven by:\n  - Acquisitions (notably 3,301 towers acquired in 2023, including 2,632 in Brazil).\n  - Construction of new towers (779 built since January 1, 2022).\n  - Organic growth from new leases, lease amendments, and contractual rent escalators.\n  - Increased reimbursable pass-through expenses due to consumer price index escalators on ground leases.\n  - Brazil is the largest international market, representing 15.6% of total site leasing revenue in 2023; no other international market exceeded 5%.\n- The business benefits from long-term contracts, built-in rent escalators, high margins, and low customer churn (except in cases of customer consolidation or technology changes).\n- Currency fluctuations can impact results, but strong organic and acquisition-driven growth has been the main driver in recent years.\n- The company expects continued growth as wireless providers deploy unused spectrum and expand networks, particularly with the ongoing rollout of 5G and increased network usage.\n\n**Summary Table:**\n\n| Year | Revenue ($M) | Operating Profit ($M) | % of Total OP |\n|------|--------------|----------------------|---------------|\n| 2023 | 670.4        | 466.3                | 22.2%         |\n| 2022 | 559.0        | 377.4                | 19.2%         |\n| 2021 | Not stated   | Not stated           | 16.7%         |\n\n**Conclusion:**  \nSBAC's international site leasing segment has experienced strong revenue and operating profit growth over the past three years, largely due to strategic tower acquisitions (particularly in Brazil), new tower builds, and organic leasing growth. The segment's share of total operating profit has also increased, reflecting its rising importance in the company's overall performance. The market is characterized by long-term leases, stable cash flows, and growth opportunities tied to wireless network expansion and technology upgrades.\n\n(Sources: Chunks 1, 2, 3, 4, 5, 7, 9)","Over the three-year period from 2021 to 2023, the international site leasing segment has shown a clear upward trend in its key performance metrics:\n\n1. Revenue: \n   - 2021: $422.7 million (in thousands)\n   - 2022: $559.0 million (in thousands)\n   - 2023: $670.4 million (in thousands)\n   This represents an increase of about 58.6% over the period from 2021 to 2023 [(670,381 - 422,715) / 422,715 ≈ 0.586].\n\n2. Operating Profit:\n   - 2021: $294.9 million (in thousands)\n   - 2022: $377.4 million (in thousands)\n   - 2023: $466.3 million (in thousands)\n   The operating profit follows a similar growth trajectory, increasing by approximately 58% over the three years.\n\n3. Operating Income: \n   - 2021: $54.2 million (in thousands)\n   - 2022: $82.2 million (in thousands)\n   - 2023: $111.9 million (in thousands)\n   Operating income more than doubled from 2021 to 2023 (an increase of around 106%), reflecting that after accounting for items such as asset impairment, acquisition adjustments, and depreciation expenses, the segment's profitability improved significantly.\n\nInsights on Competitive Positioning and Market Dynamics:\n   - The consistent and substantial increase in revenues and operating profit suggests that the international site leasing segment is capturing more market share, possibly by leveraging a competitive asset base and effectively expanding its portfolio in key markets (including Brazil, which has shown incremental revenue growth).\n   - The marked improvement in operating income, despite further expense adjustments, indicates an enhancement in operational efficiency and strong underlying demand. This may reflect favorable market dynamics in international leasing, driven by macroeconomic trends and increased investor or tenant interest in leased infrastructure.\n   - Given that no single foreign market (outside Brazil) dominates the revenue base, the diversified geographic exposure in the international segment can be seen as a strategic strength, reducing concentration risk and positioning the company competitively in various regional markets.\n\nOverall, the evolving performance metrics underline a positive growth trend in the international site leasing business, thereby reinforcing SBA Communications Corporation's competitive positioning and its ability to capitalize on the favorable market dynamics in the global leasing arena.","7",""
"159","0ecb620f","TSC capex influence on positioning & SH value.","Based on the provided context, Tractor Supply Company (TSC) uses capital expenditures (capex) as part of its disciplined approach to capital allocation, which directly influences its positioning and shareholder value. While specific details about the exact nature of TSC's capex projects are not detailed in the retrieved documents, it is clear that capex is considered alongside other allocations such as dividends and share repurchases.\n\nTSC's approach to capital allocation--including capex--aims to support future revenue growth and strengthen its competitive advantages, which ultimately helps to maximize free cash flow per share growth. This disciplined investment in capex is designed to appeal to a broad set of investors and drive long-term value for shareholders by enhancing the company's capacity for organic growth and future performance.\n\nIn summary, TSC's capital expenditures are intended to reinforce its market positioning and support sustainable shareholder value through growth-oriented and disciplined financial management.\n\nIf you need more granular details about specific capex projects or their direct impact, the provided documents do not contain that level of information.","The provided reference focuses on the competitive environment and factors such as store location, product assortment, and customer service, but it does not include specific details on capital allocation decisions like investments in store renovations or technology upgrades. Without access to additional data--such as detailed disclosures from management's discussion and analysis (MD&A), the notes to financial statements, or explicit commentary on capital expenditures--it is not possible to definitively assess how these investments enhance Tractor Supply's competitive positioning or generate long-term shareholder value.","8",""
"165","61e10a82","Eli Lilly's recent leadership appointments impact operational efficiency and enhance profitability outlook, LLY.","I cannot find sufficient information in the provided documents to answer this question.","The recent leadership appointments can be seen as a strategic signal that Eli Lilly is placing increased emphasis on enhancing operational efficiency and profit margins. For instance, the appointment of Diogo Rau as the Chief Information and Digital Officer may indicate a stronger focus on leveraging digital technologies, data analytics, and automation to streamline operations and boost decision-making capabilities. This focus on digital transformation can lead to cost reductions and improved agility, which are key drivers of profitability.\n\nSimilarly, Edgardo Hernandez's role as Executive Vice President and President of Manufacturing Operations suggests a commitment to operational excellence in production. A dedicated leadership position in manufacturing points to efforts in optimizing production processes, reducing waste, and possibly integrating advanced manufacturing practices. All these initiatives are likely to improve operational efficiencies and ultimately contribute to more consistent margins and stronger financial performance.\n\nOverall, these appointments align with a broader strategic emphasis on using both digital innovations and manufacturing excellence to drive competitive positioning and improve profitability outlook. While the provided data does not include hard financial metrics or projected performance figures, the qualitative aspects of these leadership moves support the inference that the company is positioning itself to achieve operational enhancements that will likely have a positive impact on its profitability and risk profile.","1",""
"162","3d5a35ca","Capital allocation strategy for growth in Rollins Inc's 2022-2023 investing activities, ROL.","Rollins Inc.'s capital allocation strategy for growth in 2022-2023, as reflected in its investing activities, focused primarily on acquisitions and capital expenditures to expand its business. In 2023, Rollins spent $366.9 million on acquisitions (net of cash acquired), significantly higher than the $119.2 million spent in 2022. Capital expenditures were $32.5 million in 2023 and $30.6 million in 2022. Additionally, in 2023, Rollins received proceeds from the sale of assets and businesses ($12.5 million and $15.9 million, respectively). The company's investing activities resulted in net cash outflows of $372.9 million in 2023 and $134.1 million in 2022.\n\nThis strategy reflects Rollins' emphasis on growth through acquisitions and reinvestment in its operations to expand its market presence and enhance its service offerings. The company also completed the acquisition of Fox Pest Control in 2023, contributing to a record year in revenues and supporting its growth objectives in international and domestic markets.","Rollins, Inc.'s shift in investing activities between 2022 and 2023 reflects a deliberate change in its strategic priorities. The data shows that net investing outflows increased substantially from $134.1 million in 2022 to $372.9 million in 2023. A key driver of this change was the marked increase in cash paid for acquisitions, which jumped from $119.2 million in 2022 to $366.9 million in 2023. This spike, primarily due to the acquisition of Fox Pest Control, indicates that the company is aggressively pursuing growth through acquisitions to expand its service offerings and market presence. \n\nIn addition, while capital expenditures in 2023 were slightly higher ($32.5 million vs. $30.6 million in 2022), the impact of these expenditures appears to be moderated by the receipt of cash proceeds from asset and business sales. This suggests that Rollins is maintaining a balanced approach by reinvesting in its operational capabilities while also leveraging divestitures to help offset some of the cash outflows from acquisitions. \n\nOverall, these changes in capital allocation point to a strategic emphasis on long-term growth through organic expansion bolstered by targeted acquisitions. The use of multiple funding sources--existing cash, operating cash flows, and borrowings--further underscores the company's commitment to investing in its competitive positioning, despite the increased short-term cash outflows and potential integration risks. This strategic realignment is consistent with a focus on strengthening market leadership and pursuing sustainable long-term growth.","9",""
"164","d3be5e48","Liquidity risk for SWK amidst debt repayments & refinancing.","I cannot find sufficient information in the provided documents to answer this question.","Analysis of the table reveals that in the near term (2024), the Company's scheduled payments on long‐term debt include a relatively modest principal requirement of $1 million and interest payments of $237 million, representing only a small portion of the total debt package ($6,154 million principal and $3,204 million interest overall). This suggests that, from a liquidity perspective, the immediate cash outflow to service long-term debt in 2024 is modest. However, the bulk of the debt principal is scheduled beyond the near term - with $1,403 million due in 2025-2026, $1,100 million in 2027-2028, and $3,650 million thereafter. Additionally, while interest payments in 2024 are low, significant interest commitments continue to accrue in later periods (e.g., $421 million in 2025-2026 and $343 million in 2027-2028). \n\nThe implications for liquidity risk are twofold:\n1. In the immediate term (2024), the Company's liquidity is not excessively burdened by debt service since the near-term principal and interest amounts are relatively small. \n2. However, the concentration of larger principal repayments in 2025-2028 implies that the Company will have to ensure robust liquidity management or secure refinancing to meet these larger obligations as they come due. The refinancing risk is particularly pronounced if market conditions become unfavorable, which could increase borrowing costs or limit access to new debt funding. \n\nOverall, while near-term liquidity appears manageable, the Company faces significant refinancing needs in subsequent years. This warrants ongoing scrutiny of cash flow generation, capital allocation, and market conditions to ensure that timely refinancing can be executed to manage these larger later-stage obligations.","1",""
"163","0c43ad3e","EL exec team weighs risk, ticker, benefits, and impact on fin perf amid org changes.","The Estée Lauder Companies Inc. addresses risks and impacts on financial performance amid organizational changes through several measures:\n\n- The executive team considers risks associated with investments, expansions, and restructuring initiatives, as highlighted in the company's risk factors section. They recognize that activities such as entering new markets or implementing capital projects may not always yield expected improvements or financial returns and may involve disruptions or increased costs (see Chunk 10).\n- The company's management, including the CEO and CFO, is responsible for establishing and maintaining adequate internal control over financial reporting. This process is designed to provide reasonable assurance regarding the reliability of financial reporting and the preparation of financial statements in accordance with GAAP, which helps manage risks and safeguard assets during times of change (see Chunk 13).\n- The effectiveness of these controls and the company's financial reporting is independently audited, with the most recent assessment concluding that, as of June 30, 2024, the internal control over financial reporting was effective (see Chunk 14).\n- The company regularly discloses and discusses potential risks and uncertainties that could affect its financial performance, including those related to organizational changes, in its annual reports and management's discussion and analysis sections (see Chunk 1 and Chunk 3).\n\nIn summary, Estée Lauder's executive team weighs organizational risks, potential benefits, and impacts on financial performance, supported by robust internal controls and risk management practices, especially during periods of significant organizational change. The ticker for Estée Lauder is EL (see Chunk 5).","The data provided, which outlines the current executive team and board members, allows for a qualitative assessment of potential risks and benefits to financial performance and profitability, albeit indirectly. Here are the key points:\n\nBenefits:\n1. Extensive Experience and Diverse Expertise: The team includes several seasoned executives (e.g., Fabrizio Freda, Jane Lauder, and Tracey T. Travis) with proven leadership in their respective domains such as global supply chain, marketing, and finance. This suggests a capacity for effective strategic decision-making and operational efficiency, both of which can bolster profitability.\n2. Strong Board With Varied Industry Backgrounds: Board members come from a diverse array of industries including technology, agribusiness, venture capital, and private equity. This breadth of perspectives can inform improved risk management and strategic capital allocation, thus positively impacting financial performance.\n3. Leadership in Innovation and Market Adaptation: With roles focused on global research and product innovation (e.g., Carl Haney) and recent shifts in executive roles to support expected organizational changes, there is potential for driving product and market innovations, which are essential for sustaining revenue growth and competitive advantage.\n\nRisks:\n1. Transition Risks with Expected Organizational Changes: The mention of upcoming changes implies a period of transition, which can temporarily disrupt operations. Changes in leadership or structure may lead to shifts in strategic direction and a potential period of adjustment, affecting short-term financial performance.\n2. Aging Leadership and Succession Challenges: Some executives and board members are senior (e.g., Leonard A. Lauder at 91 and Ronald S. Lauder at 80). While their experience is invaluable, there may be concerns around succession planning and long-term continuity. If not managed carefully, this could affect future strategic decisions and stability.\n3. Complexity in Governance: A board with multiple high-caliber members from diverse industries, while beneficial for perspective, may also introduce varying opinions, which could lead to challenges in reaching consensus on strategic financial decisions.\n\nWhile no direct financial calculations or performance metrics are available in the provided data, the qualitative analysis suggests that the blend of experienced leadership and diverse advisory perspectives offers strong potential for sustained financial performance. However, the key risk factor lies in the execution of upcoming organizational changes and ensuring smooth leadership transitions. Effective management of these risks will be crucial in translating the board's and executives' experience into profitability.","6",""
"166","b148030e","CTSH op profit trends in the FS Health Sci segment over the last 3 yrs.","Over the last three years, Cognizant's segment operating profit and margin trends in the Financial Services (FS) and Health Sciences (HS) segments were impacted by several factors:\n\n- In 2023, segment operating margins across all segments, including FS and HS, were negatively affected by increased compensation costs, primarily due to two merit increase cycles since October 2022. This impact was partially offset by the depreciation of the Indian rupee against the U.S. dollar and savings from the NextGen program.\n- Specifically for 2023, the Health Sciences segment benefited from improved profitability on a large contract with a payer client.\n- In 2022 and 2021, results were recast to conform to a new internal measurement methodology for segment operating profit, which now includes allocations of SG&A costs and the excess or shortfall of incentive-based compensation.\n- The context does not provide exact operating profit figures for the FS and HS segments for each year but indicates that segment operating profit margins faced pressure from increased compensation costs in 2023, with some offsetting benefits in HS from contract improvements.\n\nIn summary, operating profit trends in FS and HS over the last three years show margin pressure due to rising compensation costs, with the HS segment seeing a specific benefit in 2023 from improved contract profitability. Exact profit numbers are not provided in the available context.","Based on the provided segment operating profit data, we can compare the performance over the three years (2021, 2022, and 2023) for each reportable business segment.\n\n1. **Financial Services:**\n   - **2021:** $1,296 million\n   - **2022:** $1,323 million\n   - **2023:** $1,156 million\n   - **Change from 2021 to 2022:** An increase of $27 million, which is approximately a 2.1% growth ((1323-1296)/1296 * 100 ≈ 2.1%).\n   - **Change from 2022 to 2023:** A decline of $167 million, or about a 12.6% drop ((1156-1323)/1323 * 100 ≈ -12.6%).\n   - **Trend:** While there was a slight improvement between 2021 and 2022, Financial Services experienced a notable contraction in 2023.\n\n2. **Health Sciences (formerly Healthcare):**\n   - **2021:** $1,247 million\n   - **2022:** $1,190 million\n   - **2023:** $1,352 million\n   - **Change from 2021 to 2022:** A decline of $57 million, or about a 4.6% drop ((1190-1247)/1247 * 100 ≈ -4.6%).\n   - **Change from 2022 to 2023:** An increase of $162 million, roughly a 13.6% growth ((1352-1190)/1190 * 100 ≈ 13.6%).\n   - **Trend:** Health Sciences had a modest contraction in 2022, but it rebounded strongly in 2023, suggesting recovery and growth momentum.\n\n3. **Products and Resources:**\n   - **2021:** $960 million\n   - **2022:** $1,071 million\n   - **2023:** $984 million\n   - **Change from 2021 to 2022:** An increase of $111 million, approximately an 11.6% rise ((1071-960)/960 * 100 ≈ 11.6%).\n   - **Change from 2022 to 2023:** A decline of $87 million, or about an 8.1% drop ((984-1071)/1071 * 100 ≈ -8.1%).\n   - **Trend:** The segment saw significant growth in 2022 before retracting somewhat in 2023, yielding a marginal net increase when comparing 2021 to 2023.\n\n4. **Communications, Media and Technology:**\n   - **2021:** $691 million\n   - **2022:** $769 million\n   - **2023:** $625 million\n   - **Change from 2021 to 2022:** An increase of $78 million, around an 11.3% rise ((769-691)/691 * 100 ≈ 11.3%).\n   - **Change from 2022 to 2023:** A decline of $144 million, roughly an 18.7% decrease ((625-769)/769 * 100 ≈ -18.7%).\n   - **Trend:** This segment also experienced strong growth in 2022 followed by a significant contraction in 2023.\n\n**Key Insights:**\n- Financial Services had steady but very modest improvement initially, then a marked decline in 2023, indicating potential challenges or market changes in that segment.\n- Health Sciences, after a slight dip in 2022, showed robust recovery and growth in 2023, suggesting resilience and possibly improved demand or operational efficiency.\n- Both the Products & Resources and Communications, Media and Technology segments show volatility with a cycle of strong growth in 2022 followed by contraction in 2023, which may reflect external market pressures or adjustments in cost and expense allocations.\n\nOverall, the company's reportable segments exhibit mixed trends, with Health Sciences emerging as a growth driver in 2023 while other segments like Financial Services and Communications, Media and Technology faced notable declines in the same period.","3",""
"167","1c47856d","Impact on strategy & growth from FIS software & PPE investments.","FIS's investments in software and property, plant, and equipment (PPE) have played a strategic role in supporting its growth and competitive positioning. The company has made significant capital expenditures--over $1 billion in 2022 and $953 million in 2021, including investments in hardware and software--which have been directed towards modernizing its platforms, expanding its cloud infrastructure, and developing innovative solutions (Chunks 1, 8).\n\nThese investments enable FIS to offer a broad portfolio of flexible, modern, and cloud-based technologies. This, in turn, allows the company to provide tailored and integrated services to its clients, respond effectively to individualized client needs, and compete across a wide range of markets. By modernizing its solutions and moving compute resources into private cloud data centers, FIS enhances the reliability, scalability, and security of its offerings, fostering long-term client relationships and high retention rates (Chunk 8).\n\nAdditionally, ongoing investment in technology supports the company's strategy to maintain a recurring revenue model with multi-year contracts, providing revenue stability and enabling further innovation (Chunk 11). These investments are considered critical for differentiating FIS's offerings, supporting digital transformation for clients, and sustaining the company's leadership in financial services technology solutions (Chunks 4, 8, 11).","The provided financial data indicates that the company is intentionally and significantly allocating capital to enhance its technology and operational infrastructure. Investments in software, both purchased and internally developed, are fundamental to maintaining and upgrading its technological capabilities. These expenditures support the company's business strategy by enabling the development and improvement of its digital solutions and platforms, which are critical for meeting client needs, streamlining processes, and facilitating innovation. Additionally, investments in property and equipment help ensure that the necessary physical and operational infrastructure is in place to support growing demand and improve efficiency. This dual focus on software and capital infrastructure allows the company to scale operations, enhance competitive positioning, and drive future growth by staying at the forefront of technology trends and customer requirements.","10",""
"169","adcd97ab","Ticker analysis of COO OCF liquidity dependence.","Based on the provided documents, The Cooper Companies, Inc. (ticker: COO) demonstrates significant operational cash flow (OCF) generation, but its liquidity shows dependence on both operating cash flows and external financing activities.\n\nKey observations:\n\n- In fiscal year 2024, COO generated net cash from operating activities of $709.3 million, an increase from $607.5 million in 2023 (Chunk 1).\n- However, net cash used in investing activities was substantial at $(764.6) million in 2024, primarily due to significant capital expenditures and acquisitions.\n- Financing activities in 2024 resulted in a modest net inflow of $39.2 million, with large proceeds from long-term debt ($3,524.2 million) nearly offset by repayments ($3,506.8 million).\n- The company's cash and cash equivalents decreased slightly to $107.7 million at year-end 2024 from $120.9 million at year-end 2023 (Chunk 1, Chunk 5).\n- The balance sheet shows sizable current and long-term liabilities, including $2,550.4 million in long-term debt (Chunk 5).\n\nAnalysis:\nCOO's liquidity is strongly supported by its operating cash flow, which covers a significant portion of its investing and financing needs. However, the company's ongoing investment activities (such as acquisitions and capital expenditures) often exceed the cash generated from operations, necessitating reliance on external financing, especially debt. This pattern is evident in the company's large-scale borrowing and repayment activity.\n\nIn summary, while COO maintains solid OCF, its liquidity is dependent not only on operational performance but also on access to capital markets and effective debt management.","The provided financial data makes it possible to assess the company's reliance on operating cash flows as a primary source of liquidity. In 2024, the operating activities generated $709.3 million, an increase from $607.5 million in 2023. This positive and growing operating cash flow indicates that the company is heavily dependent on its core operations to generate cash. Here are the key points that support this view:\n\n1. Cash Flow Generation: The operating cash flow in both 2023 and 2024 significantly exceeds the net change in cash. For example, despite generating over $700 million in operating cash flow in 2024, the net decrease in cash was only $13.2 million. This discrepancy shows that the positive operating cash flows are being used to offset negative cash flows from investing activities, which were significant (e.g., -$764.6 million in 2024).\n\n2. Liquidity and Investment: The nature of cash flows indicates that while investing activities have been a drain on cash, the robust operating cash flow is what supports liquidity by fueling both operations and financing needs. This reliance on operating cash flows is crucial since it sustains the day-to-day liquidity and funds capital expenditures despite large outlays for investments.\n\n3. Growth Implication: The increase from $607.5 million in 2023 to $709.3 million in 2024 suggests an improvement in the company's operational efficiency. This improvement further strengthens the role of operating cash flows as a reliable liquidity source.\n\nOverall, while the company does use financing activities as well (as indicated by the mix of investing and financing cash flows), the consistent and improving operating cash flow demonstrates a strong reliance on its core business operations to maintain liquidity. This dependence is a positive sign of the company's operational health, ensuring that even when investing activities drain cash, the underlying business performance can support liquidity needs.","7",""
"170","1db14ead","CHRW's layered cybersecurity strategy enhances its comp. position amidst supply chain & tech dependencies, CHRW.","CHRW's layered cybersecurity strategy strengthens its competitive position by addressing the complex risks associated with supply chain and technology dependencies. The company implements multiple layers of defense focused on network and endpoint security, application security, and security operations, utilizing automated detection, event correlation, and threat intelligence to identify and respond to potential threats. \n\nTo manage third-party technology risks, CHRW has processes such as third-party risk management, risk assessments, and dedicated procurement functions, which help mitigate potential disruptions from external technology platforms. The company also involves external cybersecurity experts for assessments and maintains a cybersecurity insurance policy to limit exposure to incidents.\n\nMoreover, the cybersecurity team's expertise, regular employee training (including specialized training for certain roles), and periodic simulations and tabletop exercises ensure robust preparedness and response. Program performance is closely monitored and reported to senior leadership and the Audit Committee. This comprehensive approach to cybersecurity risk management is integrated into CHRW's overall enterprise risk management program, supporting business continuity and enhancing trust with customers and partners in a highly interconnected supply chain environment.","C.H. Robinson's layered cybersecurity strategy directly strengthens its competitive positioning by actively reducing the risks that could threaten its market share and financial health. By implementing multiple, overlapping security controls across its internal systems and third-party platforms, the company minimizes the chance of disruptive cyber incidents. Key elements of this strategy include:\n\n1. **Robust Defense Mechanisms**: The company employs layered security measures--focusing on network and endpoint security, application security, and security operations--which work together to detect, investigate, and remediate cyber threats quickly.\n\n2. **Proactive Threat Detection and Response**: Automated detection systems, event correlation, and integration of cyber threat intelligence ensure that potential threats are identified and controlled before they escalate. The security operations center plays a key role in this continuous monitoring process.\n\n3. **Comprehensive Risk Management**: Cybersecurity risks are integrated into the overall Enterprise Risk Management (ERM) framework, meaning that cyber risks are assessed and prioritized alongside other business risks. This facilitates informed decision-making at senior leadership and board levels, thereby reducing downtime and financial impacts.\n\n4. **Rigorous Third-Party Oversight**: Given its reliance on both internally developed and third-party technology, the company conducts detailed risk assessments and employs dedicated procurement and third-party risk management processes. This minimizes vulnerabilities that could arise from external platforms.\n\n5. **Continuous Employee Training and Simulations**: Regular cybersecurity training, tabletop exercises, and disaster recovery drills prepare all employees to respond effectively to potential breaches, further reducing operational disruptions.\n\nTogether, these measures foster confidence among customers and partners, solidifying C.H. Robinson's reputation as a secure and reliable operator. This defensive posture not only mitigates the risk of cyberattacks but also ensures operational continuity, thereby protecting and potentially enhancing its market share and financial stability in a competitive landscape.","9",""
"168","d563214e","TT's long-term debt maturities & 12-mo liquidity impact.","As of December 31, 2023, Trane Technologies (TT) has the following scheduled long-term debt maturities (including current maturities):\n\n- 2024: $801.9 million\n- 2025: $157.2 million\n- 2026: $398.9 million\n- 2027: $0\n- 2028: $547.3 million\n- Thereafter: $2,874.5 million\n\nTotal debt outstanding is $4,779.8 million.\n\n12-month liquidity impact:\nWithin the next 12 months (i.e., 2024), TT faces $801.9 million in debt maturities. However, as of December 31, 2023, the company had $1,095.3 million in cash and cash equivalents and access to two unused $1.0 billion senior unsecured revolving credit facilities, totaling $2.0 billion in additional liquidity. TT also maintains a $2.0 billion commercial paper program (unused as of year-end 2023).\n\nIn summary, TT's available liquidity (cash plus credit facilities) significantly exceeds its 2024 debt maturities, indicating a strong ability to meet these obligations without liquidity strain.","The available information shows that as of December 31, 2023, Trane Technologies plc had a total outstanding long-term debt principal of $4,809.8 million, with $802.5 million due within the next 12 months. This near‐term amount includes $295.0 million of debt that is redeemable at the option of the holder. The remaining maturities of these bonds are scheduled between 2027 and 2028. Regarding liquidity, having approximately 16.7% of the total long‐term debt (i.e., $802.5 million out of $4,809.8 million) due within a year can place pressure on the company's liquidity profile. It necessitates careful cash flow management, as sufficient funds (or access to refinancing options) must be available to meet this near-term obligation without adversely impacting ongoing operations or the company's overall financial flexibility.","8",""
"171","15f5d8fb","Impact of TXN geo rev mix on regional risk & growth opps, TXN.","Texas Instruments (TXN) generates about 65% of its revenue from customers headquartered outside the United States, with approximately 20% coming from customers headquartered in China. This geographic revenue mix exposes TXN to a range of regional risks and growth opportunities:\n\nRegional Risks:\n- TXN's global operations are subject to domestic and international political, social, and economic conditions. This includes exposure to inflation, security risks, acts of war or terrorism, public health crises, and disruptions in power, water, transportation, and communications.\n- Geopolitical tensions, particularly in countries where TXN operates or derives significant revenue (such as China), may result in tariffs, import/export restrictions, trade embargoes, sanctions, and investment restrictions. Such developments can impact TXN's ability to deliver products, support customers, or receive manufacturing equipment, and may prompt customers to seek alternate suppliers, potentially adversely affecting TXN's operations and financial results.\n\nGrowth Opportunities:\n- The diversity of TXN's geographic revenue base provides access to a broad range of customers and markets, which reduces dependency on any single region and helps offset economic downturns in specific areas.\n- Broader and deeper access to international customers enables TXN to gain better insight into customer needs, pursue more design projects, and sell a wider range of products.\n- TXN's investments in direct sales channels, e-commerce, and localized online experiences in many countries are aimed at strengthening customer relationships and supporting global growth.\n\nIn summary, TXN's geographic revenue mix increases its exposure to regional risks, especially related to geopolitical and economic instability, but also enhances growth opportunities by expanding its customer base and market reach worldwide.","The provided data allows us to assess the company's geographic revenue distribution and its implications for regional risks and opportunities. In recent years, revenue from China has declined both in absolute terms (from $4,807 million in 2022 and $4,586 million in 2021 to $3,293 million in 2023) and as a percentage of total revenue (dropping from 24-25% to 19%). This downward trend reduces the company's exposure to the economic, regulatory, and geopolitical risks inherent in the Chinese market, such as trade tensions or local regulatory changes. At the same time, revenue from the United States has remained stable at around 33% of total revenue, and European markets (including the broader Europe, Middle East, and Africa region) have delivered steady performance (with Europe accounting for roughly 26% of revenue in 2023 compared to 24% in 2022). This stability suggests that the company is less exposed to the volatility of emerging markets and may enjoy a more predictable demand environment in these regions. From a growth opportunity perspective, a stable performance in the United States and Europe indicates that while the company may have reduced reliance on faster‐growing yet riskier emerging markets like China, it is still positioned well within mature, higher‐income markets that often offer steady demand and better margins over time. Therefore, the geographic revenue distribution points to a strategic balancing act where reduced dependency on China mitigates regional risks and the consistent performance in the US and Europe provides reliable revenue bases, albeit with potentially lower growth rates compared to high-growth emerging economies.","6",""
"173","d1a85aab","Timing of revenue recognition related to control transfer vs. profitability for Garmin (GRMN).","I cannot find sufficient information in the provided documents to answer this question.","Garmin Ltd.'s revenue recognition policy means that for typical sales where the product is shipped and title along with risk of loss transfers immediately, revenue is recognized at that point. This timing means that for hardware sales, revenue is recorded in the short term--often resulting in a front-loaded revenue profile. However, for products bundled with ongoing services (such as map updates or server-based traffic), even though the product may be delivered initially, a portion of the contracted revenue is deferred and recognized ratably over the service period. As a consequence, in the near term, reported revenue and profits may be lower than the total contract value because a significant portion is deferred. Over the life of the contract, revenue recognition is spread out, which can improve long-term visibility of recurring revenue but may temper short-term profitability. In summary, the policy creates an immediate recognition of revenue from one-time product sales, enhancing short-term revenue figures, while deferring revenue associated with ongoing services, potentially delaying profit contributions from those segments until the service obligation is fulfilled.","1",""
"172","38337cc2","DFS's competitive positioning in human capital and operational risk is crucial.","Based on the provided context, DFS (Discover Financial Services) recognizes the critical importance of both human capital and operational risk management in maintaining its competitive positioning:\n\n1. **Human Capital**: DFS acknowledges that its ability to attract and retain qualified employees is essential for maintaining its competitive position. The company notes that regulatory requirements, such as those stemming from the Dodd-Frank Act and related rules on executive compensation, could impact its ability to offer competitive compensation packages. If compensation costs rise or if regulatory limits hinder their ability to attract and retain talent, DFS's performance and competitive standing could be materially affected (Chunk 1).\n\n2. **Operational Risk**: DFS is subject to operational risks that include human error, misconduct, inadequate or failed internal processes and systems, and external events such as fraud and breaches in data security. These risks also encompass reputational, compliance, and legal risks associated with violations or noncompliance with laws and regulations. Effective management of operational risk is necessary to protect the company's business, reputation, and to avoid material legal and financial exposure (Chunk 1).\n\nIn summary, DFS's competitive positioning relies significantly on effective human capital management and robust operational risk controls. Any weaknesses or regulatory challenges in these areas could adversely affect its ability to compete in the financial services industry.","Discover Financial Services emphasizes attracting, retaining, and developing skilled employees by investing significantly in employee learning and development, market-competitive compensation, and diversity, equity, and inclusion initiatives. With a workforce of approximately 21,100 primarily located in the U.S. and dedicated customer service agents also based in the U.S., the company appears to leverage its people-first culture to gain a competitive advantage. This approach enhances employee engagement, which in turn supports operational stability and may contribute positively to long-term profitability by reducing risks associated with talent shortages or service disruptions.","7",""
"175","e547f41c","Impact on revenue and liquidity from deferred rev for Nucor (NUE).","For Nucor (NUE), deferred revenue arises primarily when cash payments are received or due in advance of performance, such as when customers pay before products are shipped or control is transferred. Revenue is generally recognized upon shipment or when control is transferred to the customer. Deferred revenue is recognized as revenue once Nucor fulfills its contractual obligations.\n\nAt December 31, 2023, contract liabilities (primarily related to deferred revenue) totaled $313.8 million, up from $285.0 million at the end of 2022. During 2023, approximately $191.8 million of revenue was recognized from the contract liabilities balance as of December 31, 2022. These contract liabilities are included in accrued expenses and other current liabilities.\n\nImpact on Revenue:\n- Deferred revenue temporarily delays revenue recognition until performance obligations are satisfied. This means that while cash may be received upfront, revenue is only reported once products are shipped or control is transferred. Therefore, deferred revenue contributes to future reported revenue as obligations are fulfilled.\n\nImpact on Liquidity:\n- Deferred revenue improves liquidity because Nucor receives cash payments before delivering goods or services. This upfront cash can be used for operational needs, investments, or other purposes before the actual revenue is recognized in the financial statements.\n\nIn summary, deferred revenue enhances Nucor's liquidity by providing early cash inflow and contributes to reported revenue as performance obligations are met and revenue is recognized.","Deferring revenue when cash is received or due in advance means that the company records the cash as an asset and recognizes a corresponding deferred revenue liability until the performance obligation is met. As a result, the reported revenue on the income statement will be lower in the period when the cash is received, because only revenue corresponding to fulfilled obligations is recognized. However, short-term liquidity measures may appear strong, as the cash received boosts the cash balance and may improve ratios such as the current ratio. Analysts should therefore note the following key points:\n\n1. Reported Revenue: The revenue figure in the income statement understates actual cash inflows from customers because cash received in advance is not immediately recognized as revenue.\n2. Deferred Revenue Liability: This liability on the balance sheet represents cash received for future services or deliveries. It signals potential future revenue once the related performance obligations are settled.\n3. Short-term Liquidity: The increased cash inflows bolster liquidity metrics, but the timing difference between cash receipt and revenue recognition can create a disconnect in performance evaluation.\n\nUnderstanding this policy is essential for accurately interpreting Nucor Corporation's financial performance, especially when comparing liquidity measures versus period-specific revenue.","9",""
"174","201e1ddd","Repurchasing shares can boost EPS, enhancing profitability for Analog Devices (ADI).","Repurchasing shares can indeed boost earnings per share (EPS) for Analog Devices (ADI). The company calculates basic EPS based on the weighted average number of shares outstanding, and diluted EPS includes the dilutive effect of potential future issuances from stock options and other equity awards (using the treasury stock method). When ADI repurchases its own shares, the number of shares outstanding decreases, which can lead to a higher EPS if net income remains constant. The context shows that ADI actively repurchases shares, and as shares are reduced, the per-share earnings increase, enhancing the appearance of profitability.","The provided data allows us to analyze the impact of share repurchases on Analog Devices' earnings per share (EPS) and other profitability metrics, though some assumptions are necessary given the lack of detailed net income or full balance sheet data.\n\n1. EPS Impact: \n   - By repurchasing shares, the company reduces its outstanding share count. With fewer shares outstanding, the same net income distributed over a smaller base will lead to a higher EPS. In this case, the recent activity shows that 422,253 shares were repurchased in the three-month period (with the table providing details by period and an average repurchase price of approximately $223.98 per share). This reduction, even if modest compared to the total 207.7 million shares repurchased historically, will still support an EPS increase if net income remains unchanged.\n   \n2. Cost Considerations: \n   - The cash spent on repurchases (illustrated by reported figures on a per period basis) is significant. Using cash to buy back shares decreases liquidity, and if the repurchases are financed using available cash rather than debt, the cost is a direct reduction in free cash flow. Should this cash have been deployed in operations or other positive-return projects, there might be an opportunity cost.\n   \n3. Overall Profitability Metrics: \n   - Ratios like return on equity (ROE) and return on assets (ROA) may improve due to a reduced share base and potential lower equity base if treasury shares are deducted. However, if the repurchase reduces liquidity excessively or forces the company to incur additional financing costs (if relying on debt), these benefits might be offset by increased financial risk or lower cash deposits that could have otherwise contributed to profit.\n   \n4. Market Valuation and Cost Efficacy: \n   - The average price per share repurchased also plays a critical role. If shares are bought at a premium compared to their intrinsic value, the EPS boost is achieved at a higher cost, potentially diluting overall value. Conversely, if the market price is higher than the cost basis incurred by the repurchase, the effect is value-accretive over time.\n   \nIn summary, the recent share repurchases are expected to improve EPS purely by reducing the denominator in the EPS calculation, but they also represent a significant cash outlay. The net effect on profitability metrics will depend on how these repurchases interact with the company's net income performance, liquidity needs, and overall cost of capital. The strategy appears to be aimed at optimizing the capital structure and potentially enhancing shareholder value, provided that the cost of repurchases does not excessively strain the company's financial flexibility.","7",""
"177","b85d77d9","Domestic-to-total employee ratio for MGM (MGM).","As of December 31, 2023, MGM had approximately:\n\n- 45,000 full-time and 18,000 part-time employees domestically (total domestic: 63,000)\n- 12,000 employees at MGM China\n- 1,000 employees at LeoVegas\n\nTotal employees: 63,000 (domestic) + 12,000 (MGM China) + 1,000 (LeoVegas) = 76,000\n\nDomestic-to-total employee ratio = 63,000 / 76,000 ≈ 82.9%\n\nSo, approximately 83% of MGM's employees are domestic.","The ratio is calculated as 63,000 / 76,000 = 0.8289, which rounds to approximately 0.829. This means that domestic employees constitute about 82.9% of the overall workforce.","10",""
"180","f6bf681e","Chipotle's ticker on the market reflects its commitment to workforce invest., ensuring long-term stability & growth for investors.","Based on the provided context, Chipotle demonstrates a strong commitment to investing in its workforce, which supports its long-term stability and growth--factors that can positively influence its performance in the market and, by extension, its stock ticker.\n\nKey points from the context include:\n\n- Chipotle employs over 116,000 people worldwide and invests heavily in recruiting, developing, and retaining talent, including innovative hiring practices and opportunities for internal growth (Chunks 1, 2, 3).\n- The company promotes diversity, equity, and inclusion through structured interview processes, internal job boards, equity audits, and participation in programs aimed at Black equity (Chunks 3, 4).\n- Substantial investments are made in compensation and benefits, including competitive wages, bonus programs, debt-free degree offerings, tuition assistance, mental health support, and student loan payment matching (Chunks 5, 8).\n- Chipotle offers additional financial wellness programs such as a 401(k) plan with matching contributions and an Employee Stock Purchase Plan (Chunks 14).\n- Employee feedback is solicited and acted upon to foster a strong workplace culture, which is linked to high onboarding satisfaction and collaborative work environments (Chunk 5).\n- These workforce investments are part of Chipotle's broader strategy to develop world-class people leadership, drive operational excellence, and deliver long-term shareholder value (Chunk 11).\n\nThis comprehensive approach to workforce investment helps Chipotle maintain a strong, motivated team, which underpins its operational success and growth--key attributes supporting the long-term stability and attractiveness of its stock for investors.","Chipotle employs 116,068 people worldwide, with 114,042 in the U.S., including 112,572 in restaurants and 1,470 in Restaurant Support Centers. This significant investment in its workforce, combined with an emphasis on developing a strong company culture and effective labor relations (evidenced by the absence of union petitions in 2023), supports operational stability and competitive advantage. These factors can contribute to sustainable growth and manage operational risks, which are key considerations for investors.","9",""
"181","1b8c157c","Impact of 2-for-1 stock split on repurchases & market performance at Hormel Foods (HRL).","Hormel Foods Corporation approved a two-for-one stock split effective January 27, 2016. As part of the stock split resolution, the number of shares remaining to be repurchased under the company's authorized repurchase program was adjusted proportionately to reflect the split (Chunk 1). This means that the stock split doubled the number of shares that could be repurchased without changing the total dollar amount authorized for repurchases.\n\nRegarding market performance, there is no specific information provided in the context about how the stock split directly impacted Hormel's market performance. The documents do mention that Hormel's common stock is traded on the New York Stock Exchange under the symbol HRL, but do not detail the stock price movement or trading volume after the split (Chunks 1, 2).\n\nIn summary:\n\n- The 2-for-1 stock split led to a proportional adjustment in the share repurchase program, effectively doubling the number of shares eligible for repurchase.\n- There is no provided information on the direct impact of the stock split on market performance.\n\nIf you need details on market performance after the split, additional sources would be required.","The data indicates that when Hormel Foods Corporation executed the two‐for‐one stock split on January 27, 2016, the number of shares authorized for future repurchases was adjusted in proportion to the split. In practical terms, this means that every share that was formerly considered under the repurchase plan was effectively doubled in count post‐split. For example, if the original authorization was for 10,000,000 shares, the split would have doubled that number to 20,000,000 shares; however, as repurchases have occurred over time, the current maximum number available for future repurchases stands at 3,677,494 shares - this figure is already the split‐adjusted number.\n\nRegarding market performance implications, stock splits are generally viewed as cosmetic changes that increase the number of shares outstanding without altering a company's valuation or fundamentals. However, splits often have secondary benefits: they can lower the per‐share price, increasing affordability for retail investors, and enhance liquidity in the trading market. In Hormel Foods' case, while the mechanical adjustment has increased the count of repurchase-eligible shares, the overall intent of the share repurchase program remains the same. Investors may interpret the stock split positively--since improved liquidity and a more attractive share price can drive greater participation--but it is important to note that the split, on its own, does not change the fundamental value of the company or the inherent economics of the repurchase program.","7",""
"179","496c3b3c","HIL's variable interests risk profile is crucial for cash flow mgmt.","I cannot find sufficient information in the provided documents to answer this question.","The provided information allows us to assess the potential impact on Hilton's risk profile and future cash flow management due to the variable interests created by its performance and debt guarantees. First, these guarantees expose Hilton to contingent liabilities. Although the performance clauses often allow for termination rather than immediate cash payments, in certain situations Hilton must fund shortfalls if specific performance levels are not met. This means that if a hotel underperforms, Hilton could be obligated to make cash payments, potentially affecting liquidity and cash flow.\n\nSecond, the debt guarantees and letters of credit, which currently have possible cash outlay exposures of $140 million, increase Hilton's financial risk. These guarantees create variable interests in the hotel ownership entities--even though Hilton is not the primary beneficiary--indicating that any significant deterioration in the operating performance of the underlying hotels could trigger financial commitments. This link between operating performance and future cash outlays may influence how the company manages its liquidity and might require maintaining additional cash reserves or adjusting financing strategies.\n\nOverall, the variable interests contribute to a risk profile that includes potential unpredictability in cash flows and liquidity management challenges. The company must monitor the operating performance of its managed or franchised hotels closely to mitigate the risk of unexpected cash outlays impacting its financial position.","1",""
"182","e89c5bd8","Impact of WRB cybersecurity measures on profitability & liabilities, ticker in last position.","Based on the provided context, there is no specific information available regarding the impact of W. R. Berkley Corporation's (WRB) cybersecurity measures on its profitability or liabilities. The retrieved documents do not discuss cybersecurity risk management, incidents, or their effects on financial performance or obligations for WRB. Therefore, I cannot find sufficient information in the provided documents to answer this question.\n\nThe ticker ""WRB"" is for W. R. Berkley Corporation.","The proactive cybersecurity measures described--such as regular vulnerability scanning, incident monitoring, and breach notification--can reduce potential liabilities and enhance profitability in several concrete ways:\n\n1. Risk Mitigation and Cost Reduction: Regular vulnerability scans help identify and remediate security weaknesses before they can be exploited. This proactive approach minimizes the likelihood of costly cybersecurity breaches or data loss incidents that could lead to expensive remediation, regulatory fines, or litigation expenses.\n\n2. Incident Response and Business Continuity: Effective incident monitoring enables rapid detection of potential threats, allowing the Company to respond swiftly. Quick response and robust breach notification procedures can mitigate the impact of an incident, reducing business interruption costs and preserving revenue streams. Maintaining business continuity is essential for protecting the bottom line over the long term.\n\n3. Regulatory Compliance and Legal Protection: By adhering to both U.S. and international cybersecurity regulations (including those applicable to financial services), these measures lower the risk of non-compliance, which in turn minimizes legal liabilities and potential penalties. A well-structured cybersecurity program can also limit the Company's exposure to litigation from shareholders or customers affected by a breach.\n\n4. Enhanced Reputation and Market Confidence: Maintaining strong cybersecurity measures builds trust with clients, partners, and regulators. A reputation for robust risk management can be a competitive advantage, leading to improved market confidence, reduced insurance premiums, and potentially higher profitability due to lower costs of capital and better investment opportunities.\n\n5. Long-term Operational Efficiency: Investing in cybersecurity initiatives proactively helps prevent future disruptions and supports a culture of risk management throughout the organization. The resulting operational stability and efficiency mean that fewer resources are diverted to firefighting incidents, allowing for greater focus on core business activities that drive growth and profitability.\n\nIn summary, by reducing the likelihood and impact of costly cybersecurity incidents and ensuring regulatory compliance, these proactive measures not only protect the Company from financial and reputational harm but also contribute to long-term profitability through cost savings, enhanced operational efficiency, and stronger market positioning.","1",""
"176","e13a4600","Net earnings to operating cash adjustments for HPE and earnings quality.","For fiscal year 2024, Hewlett Packard Enterprise (HPE) reported net earnings attributable to HPE of $2,579 million. To reconcile net earnings to net cash provided by operating activities (operating cash flow), several non-cash and working capital adjustments were made:\n\nKey adjustments (in millions for 2024):\n\n- Depreciation and amortization: +$2,564\n- Stock-based compensation expense: +$430\n- Provision for inventory and credit losses: +$175\n- Deferred taxes on earnings: -$64\n- Earnings from equity interests: -$147\n- Gain on sale of equity interest: -$733 (non-cash gain)\n- Changes in working capital, such as:\n    - Accounts receivable: -$83\n    - Inventory: -$3,358\n    - Accounts payable: +$3,927\n    - Other assets and liabilities: -$291\n    - Other items: net effects from taxes, restructuring, etc.\n\nAfter all adjustments, HPE reported net cash provided by operating activities of $4,341 million in 2024 (Chunk 1).\n\nEarnings Quality Assessment:\n\n- Operating cash flow ($4,341M) is substantially higher than net earnings ($2,579M), suggesting strong earnings quality. This indicates that HPE's reported profits are well-supported by cash generation from core operations.\n- Most adjustments are typical non-cash items (depreciation, stock-based compensation) and working capital movements.\n- Large non-cash gains (e.g., $733M from sale of equity interest) are subtracted, highlighting that cash flow is not artificially inflated by such one-time gains.\n- Free cash flow (after capital expenditures and asset sales) was $2,297 million in 2024, also positive and stable compared to prior years (Chunk 6, Chunk 8).\n\nIn summary, HPE's net earnings are backed by robust operating cash flows, and the adjustments from net earnings to operating cash are mainly due to standard non-cash expenses and working capital changes, indicating good earnings quality.","The data provided allows us to identify several key adjustments that reconcile net earnings to net cash provided by operating activities. For example:\n\n1. Depreciation and Amortization: Consistently large across the years (e.g., $2,564 million in 2024, $2,616 million in 2023, and $2,480 million in 2022). These are non‐cash expenses that reduce net earnings but, because they don't involve a cash outflow, they add back to operating cash flow. This suggests that even if net earnings are affected by depreciation, the underlying cash generation remains robust.\n\n2. Restructuring Charges: Noticeable in each period (e.g., $33 million in 2024 versus $242 million in 2023 and $214 million in 2022). Such charges often reflect one‐time expenses related to business adjustments. While they lower reported earnings, since the cash impact may occur during restructuring rather than in the period's regular operations, they may signal that part of the expense is non‐recurring. However, significant restructuring charges can also indicate operational challenges or significant changes in business strategy.\n\n3. Changes in Operating Assets and Liabilities: The adjustments include significant movements in items like inventory, accounts receivable, and accounts payable. For instance, there are large adjustments in inventory (-$3,358 million in 2024 compared to more modest or even positive changes in some other periods) and notable swings in accounts receivable and payable. These changes can create volatility in cash flows from operations and are indicative of working capital management. If a substantial part of the operating cash flow change is due to fluctuations in working capital rather than changes in the core profitability, it might lead investors to scrutinize the quality of earnings more closely.\n\nOverall, while non‐cash items like depreciation and amortization add back to cash flow, and one-off items such as restructuring charges lower earnings but might not depress cash flows over the long term, significant changes in working capital can cause variability in operating cash flows. Analysts typically interpret strong cash flows from operations -- especially when supported by adjustments that are largely non‐cash or one‐time in nature -- as a sign of high-quality earnings. Conversely, if working capital adjustments are driving a large portion of the operating cash flow, it might be important to assess if the core profitability is sustainable or merely a reflection of timing differences in cash transactions.","9",""
"178","e75c04e9","CRL - expected sci. pro. count in 1k headcount expansion Charles River Labs.","Based on the provided context, Charles River Laboratories reports that in 2023, its RMS (Research Models and Services) segment accounted for approximately 4,300 employees, including about 200 science professionals with advanced degrees. This suggests that roughly 4.65% of the RMS segment employees are science professionals with advanced degrees (200 out of 4,300).\n\nIf Charles River Labs were to expand its headcount by 1,000 employees, and the proportion of science professionals with advanced degrees remains consistent, you could expect approximately 47 science professionals with advanced degrees (4.65% of 1,000) in that expansion. \n\nSo, the expected science professional count in a 1,000 headcount expansion would be about 47, assuming the same ratio as currently observed in the RMS segment.","The calculation is based on maintaining the same proportion of science professionals in the expanded workforce. Currently, there are 2,600 science professionals out of 21,800 total employees, which is approximately 11.93% (2600/21800 ≈ 0.1193). If the workforce increases by 1,000 employees, the new total is 22,800 employees. The expected number of science professionals would therefore be 22,800 * (2600/21800) ≈ 2,719. In other words, there would be about 2,719 science professionals in the expanded workforce.","2",""
"185","5c8c2bc6","MCK share repurchase drivers: stock price, reg's, op cash.","The primary drivers for McKesson Corporation's share repurchase activity include the company's stock price, corporate and regulatory requirements, tax implications, restrictions under debt obligations, other uses for capital, impacts on the value of remaining shares, cash generated from operations, and overall market and economic conditions. Share repurchases may be conducted through open market transactions, privately negotiated transactions, or accelerated share repurchase (ASR) programs, and may utilize pre-arranged trading plans compliant with Rule 10b5-1(c) of the Securities Exchange Act of 1934. The amount and timing of share repurchases depend on these factors, especially the company's stock price, regulatory requirements, and the cash generated from operations (operating cash flow) (see Chunks 1, 2, 3, 5).","The provided information clearly explains that several factors influence the timing and scale of McKesson Corporation's share repurchase activities. Specifically, McKesson considers its stock price because repurchases might be more attractive when the stock is trading at relatively lower prices, thus potentially enhancing shareholder value. Regulatory requirements and corporate obligations (including restrictions under debt agreements) also play a role; these requirements ensure that repurchase activities are compliant with rules such as those under Rule 10b5-1(c) of the Exchange Act and other regulatory or tax-related stipulations (for example, the 1% excise tax imposed under the IRA, which affects the accounting of repurchase costs). Finally, cash generated from operations is a critical factor because it determines the availability of funds to finance these repurchases without jeopardizing other corporate priorities such as debt servicing or capital allocation to growth initiatives. In summary, these factors collectively ensure that McKesson's decision on when and how many shares to repurchase is based on market conditions, regulatory and tax considerations, and the company's financial strength.","10",""
"183","b1f6a515","CATX revenue recog. implications of combined mfg & QA performance obligation.","For CATX (Catalent), when manufacturing and quality assurance (QA) services are combined as a single performance obligation in a contract, the following revenue recognition implications arise:\n\n- The contract terms for manufacturing services and related product quality assurance procedures are highly interdependent due to the regulated nature of the business. As a result, they are considered a single combined performance obligation rather than separate obligations (see [Chunk 1], [Chunk 10], [Chunk 11]).\n- The transaction price is generally stated as a fixed price per unit, and there is typically no contractual provision for refund or price concession.\n- Control is transferred to the customer over time, as there is no alternative use for the asset created and the company has an enforceable right to payment for performance completed to date.\n- Revenue is recognized over time, typically measured by the units of product that have successfully completed the contractually required product quality assurance process. This point marks when the customer can exercise control over the product.\n\nIn summary, for combined manufacturing and QA performance obligations, revenue is recognized over time as the combined obligation is satisfied, with progress typically measured by units that have passed quality assurance and are ready for customer control. This approach reflects the interdependent nature of the services and ensures revenue recognition aligns with the actual transfer of control to the customer.","Catalent, Inc. treats manufacturing and the associated quality assurance procedures as a single performance obligation because these elements are highly interdependent due to regulatory requirements. By combining them, revenue is recognized over time as progress is made on the entire combined obligation rather than separately. This approach has two main effects on the financial reporting:\n\n1. Timing of Revenue Recognition: Revenue is recognized gradually based on the combined progress of manufacturing and quality assurance rather than at distinct points for each service. This means that revenue recognition reflects the continuous delivery of both services and aligns with the pace at which the obligation is fulfilled throughout the contract period.\n\n2. Reliability of Revenue Estimates: Grouping these interdependent services into one performance obligation enhances the reliability of revenue recognition. It reduces the risk of prematurely or inappropriately recognizing revenue for one component without the other, leading to more accurate and consistent matching of revenue with the fulfillment of the contract. By basing the recognition on the progress toward the combined obligation, it minimizes the chance of revenue reversals, ensuring that income is more reliably recorded as the services are delivered.\n\nIn summary, combining manufacturing with quality assurance into a single performance obligation means that Catalent's revenue recognition is more reflective of the integrated delivery process and regulatory compliance requirements. This results in revenue being recognized evenly and more reliably as the combined performance obligation is being satisfied, thereby enhancing both the timing and accuracy of the recognized revenue in their financial statements.","8",""
"184","318d7f99","Engagement risk monitoring, vendor liabilities, sustainable growth, and valuation for AZO.","Based on the provided context, here is a summary addressing engagement risk monitoring, vendor liabilities, sustainable growth, and valuation for AutoZone (AZO):\n\n**Engagement Risk Monitoring:**\n- AutoZone is subject to numerous federal, state, and local laws and regulations, including those related to marketing, environmental matters, labor and employment, and data privacy. Compliance with these regulations is monitored and, to date, has not had a material adverse effect on the company's capital expenditures, earnings, or competitive position. However, future costs of compliance cannot be assured (Chunks 5, 9).\n- The company's internal controls over financial reporting are audited annually, with the most recent audit expressing an unqualified opinion, indicating no material weaknesses in internal control as of August 31, 2024 (Chunks 14, 16).\n\n**Vendor Liabilities:**\n- In fiscal 2024, one class of similar products accounted for approximately 15% of total revenues, and one individual vendor accounted for 12% of total purchases. No other vendor provided more than 10% of total purchases. AutoZone believes alternative sources of supply exist at similar costs for most products, reducing dependency risk (Chunk 5).\n\n**Sustainable Growth:**\n- AutoZone's net sales increased to $18.5 billion in fiscal 2024, a 5.9% increase over the prior year, with operating profit and net income also rising. Both retail and commercial sales grew domestically and internationally. The company continues to focus on improving parts availability and customer service as part of its growth initiatives (Chunk 8).\n- Store count expansion continues, with 6,432 stores in the U.S., 794 in Mexico, and 127 in Brazil as of August 31, 2024. The company recognizes challenges in profitably increasing market share, especially in the commercial segment, due to intense competition and the need to attract and retain qualified employees (Chunks 2, 7, 12).\n\n**Valuation:**\n- Goodwill on the balance sheet was approximately $302.6 million as of August 31, 2024, allocated to the Domestic Auto Parts segment. Goodwill is tested annually for impairment, with the most recent assessments concluding no impairment (Chunk 4).\n- AutoZone's financial statements are audited and present fairly, in all material respects, the financial position of the company (Chunk 14).\n\nIn summary, AutoZone actively monitors its risks related to compliance and vendor concentration, maintains robust internal controls, continues to grow sustainably through sales and store expansion, and values its assets conservatively, as evidenced by regular goodwill impairment testing.","AutoZone's robust vendor engagement and third-party risk monitoring programs are central to reducing potential liabilities and supporting sustainable growth. First, by actively assessing the cybersecurity practices of vendors and regularly monitoring third-party risk, AutoZone can proactively identify and mitigate vulnerabilities before they escalate into costly cyber incidents. This risk management approach minimizes the chances of data breaches or system compromises that could otherwise result in financial penalties, remediation costs, and reputational damage--all potential liabilities that may adversely affect the company's financial health.\n\nSecond, by integrating these programs with an enterprise risk management framework and involving independent expert assessments, the company not only safeguards its operations but also creates a resilient environment that supports consistent, sustainable growth. A secure and stable operational framework reduces uncertainty and can lead to a lower perceived risk premium from investors. Over time, such stability may result in improved investor confidence, lower borrowing costs, better credit ratings, and, consequently, a higher valuation.\n\nIn summary, these proactive measures work together to reduce material liabilities by mitigating cybersecurity threats, while promoting trust and operational resilience, both of which are key drivers to support a sustainable growth strategy and favorably influence AutoZone's valuation.","6",""
"188","b3219177","Impact on margins from ADP's dual role.","Based on the provided context, ADP operates with a dual role through its two main business segments: Employer Services (offering technology-based HCM solutions and HR outsourcing) and the Professional Employer Organization (PEO), known as ADP TotalSource, which provides comprehensive employment administration outsourcing through a co-employment model (Chunks 7, 13).\n\nRegarding the impact on margins, the context highlights that for the fiscal year ended June 30, 2024, ADP experienced:\n- Earnings before income taxes (EBIT) margin expansion of 70 basis points.\n- Adjusted EBIT margin expansion of 70 basis points.\n- Diluted and adjusted diluted earnings per share growth of 11% and 12%, respectively (Chunk 14).\n\nThese margin improvements are attributed to strategic execution across both segments, enhancements to platforms and services, and strong business performance metrics such as client revenue retention and new business bookings (Chunk 16).\n\nIn summary, ADP's dual role--combining Employer Services and PEO--supports margin expansion and strong financial performance, as seen in the recent increase in both EBIT and adjusted EBIT margins. This is achieved by leveraging their broad suite of HCM solutions, outsourcing expertise, and global scale.","The provided reference details the company's approach to revenue recognition clearly enough to assess the impact on margins and financial health. When acting as an agent for payroll processing and associated payroll taxes, the company presents revenue on a net basis. This means that only the fee it earns for arranging and processing these transactions is recorded and the related costs are minimal. Consequently, margins in this segment tend to be higher since the company is not exposed to the risks or costs associated with holding or managing the full amount of the payroll funds. In contrast, when acting as a principal for related services such as benefits, workers' compensation, and state unemployment taxes, the company takes on more risk because it is responsible for fulfilling the service. It records the full fee in revenue along with the costs of providing these services (such as compensation, insurance or other direct costs), which can compress margins due to higher cost recognition. Overall, this dual approach implies that the profitability from the agent-based services might enhance operating margins, while the principal-based services might result in lower margins and potentially higher variability in profitability. Furthermore, since some items (like benefit-related fees) are subject to cost matching and risk retention, they may also affect cash flow characteristics and require additional capital allocation to support risk exposure. In summary, the dual role allows the company to balance high-margin, low-risk fee income (agent model) with broader, more complex revenue streams where margins are inherently lower due to higher costs and risk (principal model), impacting both the overall reported margins and the financial health of the business.","4",""
"186","3e5ab321","PEP ratio of other pension/retiree medical income from 2022 to 2023.","I cannot find sufficient information in the provided documents to answer this question.","For 2023, the proportion of net income represented by other pension and retiree medical benefits income is calculated as follows: 250 / 9,074 ≈ 0.0276, or about 2.76%. For 2022, the proportion is 132 / 8,910 ≈ 0.0148, or about 1.48%. Thus, the ratio increased from approximately 1.48% in 2022 to approximately 2.76% in 2023.","1",""
"189","a9938d07","The impact of the AXP TRIS program on capital allocation and financial health is noteworthy.","Based on the provided context, the AXP (American Express) TRIS (Technology Risk and Information Security) program is primarily focused on managing information security and cybersecurity risks as part of the company's operational risk management and Enterprise Risk Management (ERM) framework. The TRIS program is designed to protect the confidentiality, integrity, and availability of information and information systems, using advanced security technology, expert teams, and alignment with global regulatory requirements. It deploys multiple layers of security controls, conducts regular audits and third-party assessments, and includes robust incident response and crisis management plans (Chunks 1 and 2).\n\nHowever, there is no direct information in the provided context that links the TRIS program specifically to capital allocation decisions or quantifies its direct impact on the company's overall financial health. The context focuses on risk management, governance, and operational resilience rather than explicit financial or capital allocation outcomes.\n\nTherefore, while the TRIS program contributes to the protection and resilience of AXP's operations, which can indirectly support financial stability, there is not sufficient information in the provided documents to detail its direct impact on capital allocation or overall financial health.\n\nSummary: The TRIS program strengthens AXP's risk management and operational resilience, indirectly supporting financial health, but there is no direct information provided about its explicit impact on capital allocation or financial outcomes.","The provided data, while qualitative in nature, allows for a reasoned assessment of how investments in the TRIS program can affect capital allocation and overall financial health. First, by investing in advanced security technology, threat intelligence, and regular drills, American Express is clearly prioritizing cybersecurity risk mitigation. This proactive approach can influence capital allocation decisions in several ways:\n\n1. Risk-Adjusted Capital Allocation: Ongoing investments in cybersecurity may require allocating more funds toward technology and security, potentially diverting a portion of capital from other initiatives. However, this allocation is justified by reducing the risk of costly incidents, such as data breaches, which could lead to reputational damage, regulatory fines, and financial losses.\n\n2. Cost Savings from Risk Mitigation: Although such investments increase operating expenditure in the short term, they may lower overall risk exposure and avoid large, unpredictable losses in the future. This can improve overall financial health by reducing the probability of significant operational disruptions and costly remedial actions in the event of a cyber incident.\n\n3. Investor and Stakeholder Confidence: A strong, well-governed cybersecurity program can bolster investor confidence by demonstrating that the company is managing its risks effectively. This may lead to a lower cost of capital or improved terms in financing, thus influencing future capital allocation decisions positively.\n\n4. Competitive Positioning and Long-Term Value Creation: Robust cybersecurity can be a competitive differentiator. By investing in state-of-the-art measures, the company not only protects its operational integrity but also builds trust among customers and partners, potentially driving long-term revenue growth. In this sense, capital allocated to cybersecurity is viewed as an investment in the resilience and sustainability of the business.\n\nWhile specific numerical calculations aren't provided in the text, these qualitative insights indicate that the ongoing investments in the TRIS program likely represent a strategic decision to manage risk. This decision influences how and where the company allocates resources, with the dual aim of protecting against cyber threats and enhancing overall financial stability and market reputation.","3",""
"187","d1a4c48e","Q3 2024 share repurchase volume for DIS, along with the weighted avg. cost.","For The Walt Disney Company (DIS), the share repurchase volume for Q3 2024 (covering June 30, 2024 - September 28, 2024) was 5,011,000 shares. The weighted average price paid per share during this period was $92.49.","The company repurchased a total of 5,011,000 shares during the quarter ended September 28, 2024. This is the sum of shares repurchased in each period: \n- June 30, 2024 - July 31, 2024: 2,732,000 shares\n- August 1, 2024 - August 31, 2024: 1,536,500 shares\n- September 1, 2024 - September 28, 2024: 742,500 shares\n\nThe weighted average cost per share paid is reported as $92.49. This figure is derived from the total cost of all repurchased shares divided by the total number of shares repurchased, confirming the provided average cost.","10",""
"191","96608d35","Impact on growth & competitive positioning from SYK's lower acquisition cash flows.","Stryker's cash used for acquisitions decreased in 2023 compared to 2022, primarily due to lower amounts paid for acquisitions--$390 million in 2023 versus $2,563 million in 2022. In 2023, Stryker's acquisition activity included the purchase of Cerus, whereas 2022 saw the larger acquisition of Vocera (Chunks 1, 3, 4).\n\nDespite this lower acquisition cash flow, Stryker still achieved strong growth in 2023, with reported net sales growth of 11.1% and continued high adjusted net earnings growth (13.5%). The company's strategy prioritizes acquisitions as the first use of excess operating cash, aiming to complement and expand its portfolio of businesses (Chunk 1, 4). Stryker remains one of the leading global competitors in its key business segments, maintaining a significant market presence (Chunks 14, 15).\n\nWhile the decrease in acquisition spending could limit the pace at which Stryker adds new businesses or technologies compared to years with larger acquisitions, the company's substantial organic growth suggests it is not currently dependent on large acquisitions to drive competitive positioning or growth. Stryker's ability to generate substantial operating cash flow and its ongoing access to capital markets support its continued competitiveness and financial flexibility for future strategic acquisitions (Chunk 1).\n\nIn summary, the lower acquisition cash outflows in 2023 did not adversely impact Stryker's growth or its competitive positioning, as the company demonstrated robust organic performance and maintained its leadership in the medical technology industry.","The provided data indicates that Stryker Corporation's cash used for acquisitions was considerably lower in 2023 compared to 2022, suggesting less spending on growth through acquisitions. This can have several implications:\n\n1. Strategic Focus and Capital Allocation: The lower cash outflow for acquisitions may indicate a more selective or cautious acquisition strategy. Stryker could be preserving its cash to invest in organic growth initiatives or to strengthen existing business lines. This disciplined capital allocation could lead to a more sustainable growth path if the company can generate higher returns internally.\n\n2. Competitive Positioning: By reducing acquisition expenditures, Stryker may be relying more on building competitive advantage through innovation, efficiency improvements, and strengthening its core operations rather than pursuing rapid expansion. However, if competitors continue to aggressively acquire and integrate complementary businesses, there could be a risk of lagging in market share or technological advancements.\n\n3. Risk Management: Lower acquisition spending also suggests a conservative financial stance during the reporting period. This could help mitigate integration risks and financial strain from large-scale acquisitions. It may also provide a buffer during economic uncertainties, allowing Stryker to retain liquidity.\n\n4. Market Perception: Investors and analysts may interpret the move as a positive sign of prudent financial management or a signal that fewer attractive acquisition targets are available. The actual impact on future growth will depend on how effectively Stryker leverages its internal capabilities and navigates competitive dynamics.\n\nOverall, while lower cash outflows for acquisitions can position Stryker well in terms of financial flexibility and risk management, the long-term impact on growth and competitive positioning will hinge on the effectiveness of its organic strategies and the timing and execution of any future acquisitions.","8",""
"190","b4b123fa","Execs on SBAC board vs risk oversight of independent governance comp. SBAC.","Based on the provided context, the SBA Communications Corporation (SBAC) Board of Directors includes both executive officers and independent directors. For example, Brendan T. Cavanagh serves as Chief Executive Officer and President, and Marc Montagner serves as Chief Financial Officer and Executive Vice President, both of whom are executive officers and are listed as signatories on the company's Form 10-K. Other board members, such as Jeffrey A. Stoops (Chairman), Steven E. Bernstein, Mary S. Chan, Laurie Bowen, George R. Krouse Jr., Jack Langer, Amy E. Wilson, and Jay L. Johnson, are listed as directors, but the provided context does not specify their independence or committee assignments (Chunk 2).\n\nRegarding risk oversight by independent governance and compensation committees, there is no specific information in the provided context about the composition or risk oversight roles of SBAC's governance or compensation committees, nor details indicating their independence or specific risk responsibilities. The available excerpts do reference various compensation and severance plans, as well as management agreements, but do not discuss the risk oversight functions or independence of these committees (Chunks 4, 8).\n\nTherefore, while it is clear that SBAC's board includes executive officers, there is insufficient information in the provided documents to detail the risk oversight roles or independence of the governance or compensation committees.\n\nSummary: SBAC's board includes executive officers, but the provided context does not give enough detail on the independent governance or compensation committees' risk oversight functions.","Based on the signature reference, the Board of Directors at SBA Communications Corporation appears to consist of 12 members. The executive officers on the board are identifiable by their management roles, namely:\n- Brendan T. Cavanagh - Chief Executive Officer and President\n- Marc Montagner - Chief Financial Officer and Executive Vice President\n- Brian D. Lazarus - Chief Accounting Officer and Senior Vice President\n\nThese three members, who hold executive positions and are involved in day‐to‐day operations, account for 3 out of 12 board members, or 25% of the board.\n\nThe remaining nine members include the Chairman (Jeffrey A. Stoops) and eight individuals who are listed solely as directors. In many corporate governance structures, the Chairman is considered an independent director if he does not hold an executive management position; thus, these nine members are viewed as independent directors which is 75% of the board.\n\nImplications: A board with 75% independent directors compared to 25% executive officers generally implies a strong governance structure with robust risk oversight. With a majority of independent directors, the board is well positioned to oversee management actions, provide unbiased risk management, and ensure that decisions are made in the best interests of the shareholders. This separation between executive management and independent oversight is typically viewed as a best practice for aligning the board's focus on long-term strategy, accountability, and effective risk control.","3",""
"195","7d97976b","PSA recording of ancillary rev & fee breakdown with ticker in the middle.","I cannot find sufficient information in the provided documents to answer this question.","Ancillary revenues for Public Storage are recorded based on the accrual accounting principle - that is, they are recognized in the period in which they are earned. In this context, the ancillary revenue stream includes fees such as late charges and administrative fees, which are distinct from the primary rental income. These revenues are recognized when the service related to these charges has been performed, ensuring that revenue recognition accurately reflects the timing of the related economic activities.","1",""
"193","ac2812b8","Repurchase timing magnitude vs. capital allocation liquidity for Vertex.","Vertex Pharmaceuticals' share repurchase activity and capital allocation reflect a measured approach that balances repurchase timing and magnitude with liquidity and broader capital allocation priorities:\n\n- In February 2023, Vertex's Board of Directors authorized a share repurchase program for up to $3.0 billion of common stock, with no set expiration date and the ability to discontinue at any time.\n- Repurchases are made from time to time through open market or privately negotiated transactions, including possible use of Rule 10b5-1 plans, and are subject to management's discretion and market conditions.\n- During the fourth quarter of 2023 (October-December), Vertex repurchased a total of 398,016 shares at an average price of $360.62 per share, totaling approximately $143.5 million for the quarter. As of December 31, 2023, $2.57 billion remained authorized for future repurchases.\n- Vertex has never paid cash dividends and does not anticipate paying any in the foreseeable future, suggesting a preference for reinvesting cash in the business or returning capital via share buybacks rather than dividends.\n\nThe magnitude and timing of repurchases are flexible, allowing Vertex to adjust based on liquidity, market conditions, and capital allocation priorities. The open-ended nature of the program, and the ability to discontinue at any time, provide further liquidity flexibility. Repurchases are funded through the company's available cash resources, reflecting prudent liquidity management alongside capital returns to shareholders.\n\nIn summary, Vertex's share repurchase program is designed to provide flexibility in timing and magnitude, ensuring capital allocation decisions remain aligned with liquidity needs and overall corporate strategy.","The provided reference only describes the accounting treatment for share repurchases (i.e., reductions to Common Stock, Additional Paid-In Capital, and Retained Earnings under certain conditions) and does not include specific details on the timing, magnitude, or actual execution of these transactions. Without additional information on the actual amounts, dates of repurchases, the overall liquidity position, and other elements of Vertex's capital allocation strategy, it is not possible to accurately evaluate the alignment between repurchase activities and the company's broader financial strategy.","8",""
"197","4bd71aae","Share buyback suspension at UAL may negatively impact short-term EPS & shareholder value.","Based on the provided context, United Airlines Holdings, Inc. (UAL) suspended its share repurchase program in 2020, and no purchases of its common stock were made during the three months ended December 31, 2023. This suspension of share buybacks means that the company is not reducing the number of shares outstanding, which could potentially limit short-term increases in earnings per share (EPS) that might result from buybacks. Additionally, the lack of buybacks may affect shareholder value in the short term, as repurchase programs can support the stock price and return capital to shareholders. Therefore, the suspension of share buybacks at UAL may indeed negatively impact short-term EPS and shareholder value.","The termination of the share repurchase program means that United Airlines Holdings, Inc. has not been buying back its outstanding shares, which typically serves to reduce the share count and boost earnings per share (EPS) on a per-share basis. In the short term, this suspension could have the following potential implications:\n\n1. EPS Growth Impact: Without share repurchases, the company will not be reducing its number of outstanding shares. If the company's total earnings remain unchanged, the EPS will be lower than it would have been with a reduced share base. Therefore, EPS growth may be subdued in the absence of the leverage effect created by share repurchases.\n\n2. Shareholder Value Considerations: Share repurchases are often viewed favorably by investors as they can signal management's confidence in the company's prospects and work to support the share price. Without these repurchases, there might be a less active mechanism to provide immediate value to shareholders, possibly resulting in less upward pressure on the stock price.\n\n3. Alternative Uses of Capital: The cessation of share repurchases could mean that capital is being redirected elsewhere (for example, to debt reduction, reinvestment in the business, or other strategic initiatives). While these actions may support long-term value, in the short term, the lack of share count compression may not produce as immediate an EPS boost.\n\n4. Market Perception: In the short term, investors may interpret the termination of the repurchase program as a cautious signal by management regarding the company's valuation or near-term cash flow prospects. This could affect investor sentiment and, in turn, the market price of the stock.\n\nIt is important to note that while the suspension of share repurchases can have a tangible effect on EPS growth through the lack of share count reduction, the overall impact on shareholder value will also depend on underlying earnings performance, alternative capital allocation strategies adopted by the management, and broader market conditions.","9",""
"196","37b76f4a","Cybersecurity risk mgmt. impact on long-term valuation.","Cybersecurity risk management can have a significant impact on a company's long-term valuation. Effective management of cybersecurity risks helps protect a company's systems, data, reputation, and financial condition. Companies invest in cybersecurity processes, technologies, training, and insurance to prevent and mitigate risks such as data breaches, business disruptions, and regulatory penalties (Chunks 1, 3, 5, 10, 13).\n\nFailure to manage cybersecurity risks can result in financial loss, reputational damage, litigation, theft of intellectual property, regulatory fines, and increased costs for protection and remediation. Such consequences can adversely affect a company's competitiveness, results of operations, and overall valuation (Chunks 1, 3, 4, 5).\n\nConversely, robust cybersecurity risk management programs--especially those integrated with enterprise risk management and informed by industry standards--can reduce the likelihood and impact of material incidents. This stability and resilience can support investor confidence and long-term value (Chunks 6, 7, 8, 10, 13).\n\nIn summary, strong cybersecurity risk management practices help protect against material adverse effects and support the sustainability and growth of a company's long-term valuation, while poor management can lead to significant negative financial and reputational impacts.","Visa's comprehensive cybersecurity governance and risk management practices can positively influence investor confidence and, hence, the company's long‐term market valuation. Strong cybersecurity measures reduce the likelihood of disruptive or costly cyber incidents, thereby lowering operational and reputational risks. This risk mitigation contributes to investor confidence as it suggests that the company has robust risk controls in place, which in turn reduces the risk premium that investors might otherwise demand. Additionally, efficient internal processes, regular audits, board-level oversight, and proactive third-party risk assessments can enhance the company's reputation for reliability and resilience. Over the long term, this can lead to a perception of sustainable growth, lower volatility in earnings, and potentially a pricing premium in the market. Thus, investors are more likely to view Visa as a lower-risk, well-governed entity, which can contribute to a higher market valuation.","8",""
"194","90e8944d","Legal exposures from OMC affect risk profile & capital allocation.","Based on the provided information, Omnicom Group Inc. (OMC) is involved in various legal proceedings in the ordinary course of business. However, these proceedings are not expected to have a material adverse effect on the company's results of operations or financial position. There is no indication from the available documents that legal exposures significantly affect OMC's overall risk profile or capital allocation. \n\nTherefore, while legal exposures exist as part of normal business operations, they do not materially impact OMC's risk profile or capital allocation according to the information provided.","Based on the reference provided, the company acknowledges that it is involved in several legal proceedings but does not view these as having a material adverse effect on its current operations or financial position. However, from a risk management and strategic planning perspective, potential legal exposures still factor into the company's overall risk profile and future capital allocation decisions in several ways:\n\n1. Risk Profiling: Even if the current litigation is not anticipated to materially impact financial results, the presence of legal proceedings adds an element of uncertainty. Analysts and investors generally account for potential tail risks in their risk models, which may affect the company's credit rating and perceived riskiness.\n\n2. Capital Allocation and Contingency Planning: The company may reserve portions of its capital or set aside contingency reserves to prepare for any unfavorable developments in these legal matters. This prudent measure ensures that if litigation outcomes suddenly deteriorate, there will be available resources to cover any unforeseen liabilities without sacrificing growth or operational investments.\n\n3. Investment and Funding Strategies: While planning for future investments or funding opportunities, the company might factor in possible legal contingencies. For instance, if legal outcomes were to require significant financial outlays, this might influence decisions on dividend payouts, share repurchases, or reinvestment in growth opportunities.\n\n4. Competitive Positioning: A well-managed legal risk portfolio can also bolster investor confidence. By demonstrating awareness and proactive management of legal risks, the company can maintain a competitive edge, even if legal matters pose low material risks at present.\n\nIn summary, while current legal proceedings are not expected to have a material adverse effect, they are still an important aspect of the company's risk assessment. This influences future decisions on capital allocation, ensuring that adequate prudence is maintained should the nature or outcome of these legal proceedings change.","3",""
"192","5c465dfe","CPT exec ratio vs. industry benchmarks.","I cannot find sufficient information in the provided documents to answer this question. The retrieved context does not include the executive pay ratio for Camden Property Trust (CPT) or industry benchmark data for comparison.","Calculation: With 1,640 employees and assuming that 10% of these are executives and key administrative personnel, the number would be 1,640 x 0.10 = 164 higher-tier employees. Industry benchmarks for the ratio of management to staff can vary by sector and company size. Typically, many organizations have between 5% and 15% of their workforce in upper management roles, with many large companies clustering around a 10% figure. Based on this assumption, Camden Property Trust's ratio of 10% is within the common range seen in the industry. However, it is important to note that benchmarks can vary depending on the specific industry segment and business model. More detailed external data or context could help refine the comparison further.","2",""
"198","73a13b04","Impact of regulatory factors on dividend liquidity for CINF subsidiary.","Regulatory factors significantly impact the dividend liquidity of Cincinnati Financial Corporation's (CINF) insurance subsidiaries. State regulatory requirements, particularly those of Ohio (the domiciliary state), restrict the amount of dividends that insurance subsidiaries can pay to the parent company. Generally, the maximum dividend that can be paid without prior regulatory approval is the greater of 10% of statutory capital and surplus or 100% of statutory net income for the prior calendar year, up to the amount of statutory unassigned capital and surplus as of the end of the prior calendar year. Any dividends exceeding these thresholds require approval from the Ohio Department of Insurance.\n\nThese regulatory restrictions mean that the parent company's ability to receive cash from its subsidiaries--thereby affecting its overall liquidity and its ability to pay dividends to its own shareholders or service debt--can be limited by law. If the subsidiaries cannot pay dividends in the necessary amounts, the parent company may need to liquidate securities to meet its obligations. Thus, regulatory limits on subsidiary dividends are a key factor that can constrain parent company liquidity and influence its financial flexibility.","The data provided allows us to assess the significance of the potential $729 million maximum subsidiary dividend on the parent company's liquidity, especially in light of regulatory constraints. The dividend from the lead insurance subsidiary is a key source of cash inflow, as evidenced by historical trends and its inclusion among the primary liquidity sources (alongside investment income and proceeds from the sale of securities). However, the fact that the $729 million is a maximum potential amount and that dividend payments are subject to regulatory restrictions (for example, limitations imposed by Ohio regulations) means that the parent company cannot fully rely on receiving the maximum amount every period. \n\nKey insights include:\n1. Diversification of Liquidity Sources: While the potential subsidiary dividend is a significant contributor to liquidity, the company maintains a robust liquidity position through other sources. At December 31, 2023, the parent company had $4.858 billion in cash and marketable securities. This diversified funding regime mitigates the potential risk of any shortfall in dividend payments. \n\n2. Regulatory Impact: The regulatory framework may limit the amount that can be paid by the insurance subsidiary. Should regulators restrict this dividend payment, the expected inflows may not be realized, thereby reducing the liquidity available to the parent company. This makes the company sensitive to regulatory changes and enforces a need for alternative liquidity measures (such as selling a portion of high-quality securities or drawing on lines of credit).\n\n3. Risk Management Consideration: The firm also emphasizes strong liquidity and consistent cash flows as part of its risk management strategies. Reliance on the subsidiary dividend comes with inherent uncertainties related to regulatory approval and potential operational factors that could impact dividend declarations. In such cases, the parent company's strong cash reserves and other income sources provide a cushion.\n\nIn summary, while the potential $729 million dividend is an important and attractive liquidity source, its dependency is tempered by regulatory constraints. The company has structured its overall liquidity profile to ensure that even if the full dividend is not paid in a given period, it can still meet its obligations and pursue growth opportunities. This balanced approach reduces the risk inherent in relying on a single, contingent source of liquidity.","7",""
"200","6a56ccd8","Exec role diversity at Sempra boosts investor confidence & drives growth/profitability; SRE.","The provided documents do not specifically discuss how executive role diversity at Sempra (SRE) directly boosts investor confidence or drives growth and profitability. However, they do highlight Sempra's commitment to fostering a diverse, inclusive, and high-performing workplace where employees of all backgrounds feel valued and respected. Sempra invests in recruiting, developing, and retaining high-potential employees, provides leadership training, supports employee resource groups, and promotes a supportive culture (Chunks 1 and 2). These efforts may contribute to a positive company culture and operational effectiveness, which are factors that can enhance investor confidence and support long-term growth and profitability. \n\nNonetheless, there is no explicit statement in the provided context linking executive role diversity at Sempra directly to increased investor confidence or improved financial performance.\n\nIf you need a direct link or quantitative evidence of the impact of executive diversity on growth, profitability, or investor sentiment at Sempra, that information is not present in the retrieved documents.","The provided data gives insight into the structure and overlapping responsibilities among Sempra's senior executives, which can be interpreted in several ways regarding investor confidence in future growth and profitability. First, executives holding dual roles (for example, simultaneously managing operations and finance) may signal a cross‐functional expertise that enhances strategic decision-making. This dual exposure can help ensure that financial decisions are informed by operational realities, leading to a more coherent and agile approach to managing the company's growth and effectively controlling costs.\n\nAdditionally, the depth of experience reflected in overlapping roles suggests that the leadership team is versatile and well‐versed in multiple areas critical to business performance. This versatility may be viewed positively by investors because it shows that the company has leaders who can coordinate different aspects of the business--from capital allocation and risk management to day-to-day operations--in an integrated manner. Such integration can result in better resource management and a proactive approach to mitigating challenges.\n\nOn the flip side, the same concentration of responsibilities might raise concerns about whether the leadership is overly stretched, potentially leading to conflicts of interest or decision-making bottlenecks. However, in Sempra's case, the detailed role timelines and the appointment of executives to both operational and financial positions might also be a sign of deliberate succession planning and a strategy for leveraging in-depth institutional knowledge. Ultimately, investors could view these dual roles as a positive indicator of strong internal controls and a unified strategy for future growth, provided that performance metrics and strategic execution align with these integrated responsibilities.\n\nIn summary, the diversity of roles held by executives can positively affect investor confidence by demonstrating a robust, multi-skilled leadership team capable of effectively aligning operations with financial strategy, thereby potentially enhancing future growth and profitability.","3",""
"199","ab915391","The impact of NCLH's legal proceedings on cash flows and financial health is a key focus for investors.","Based on the provided context, the most significant disclosed legal proceeding impacting Norwegian Cruise Line Holdings Ltd. (NCLH) is the Havana Docks Matter under the Helms-Burton Act. In December 2022, a final judgment of approximately $112.9 million was entered against the company, and NCLH filed a notice of appeal in January 2023. A sufficient supersedeas bond was posted in April 2023 to prevent collection efforts during the appeal process. As of now, the company believes the likelihood of loss is ""reasonably possible but not probable,"" and therefore no liability has been recorded for this matter (Chunk 10).\n\nThere is no indication in the provided documents that this or other legal proceedings have had a direct, material impact on NCLH's cash flows or financial health as of December 31, 2023. The absence of a recorded liability for the Havana Docks Matter means that no cash outflow related to this judgment has been reflected in the financial statements for 2023. The company's liquidity remains substantial, with $2.3 billion in available liquidity at year-end 2023, including $402.4 million in cash and cash equivalents and significant undrawn credit facilities (Chunks 2, 5, 14).\n\nIn summary, while NCLH faces potentially material legal proceedings, particularly the Havana Docks Matter, as of the latest reporting period, these have not resulted in recorded cash outflows or a recognized liability, and the company's liquidity position remains strong. However, investors should be aware that if the appeal is unsuccessful, a future cash outflow could occur, which may impact financial health.","Based on the available information, we can provide a qualitative assessment of the potential impact of these legal matters on Norwegian Cruise Line Holdings Ltd.'s projected cash flows and overall financial health, although an exact numerical cash flow forecast isn't possible with the current data. Here are the key insights:\n\n1. Helms-Burton Act Lawsuit Impact: \n   - The company received a final judgment requiring approximately $112.9 million in damages, for which an appeal is ongoing. Although a supersedeas bond has been posted to forestall immediate collection, if the company ultimately loses the appeal, it could face an outflow of cash equivalent to or potentially greater than the judgment amount (including interest, trebled damages, and related legal fees).\n   - The company states that the likelihood of loss is reasonably possible, but not probable at this time. This means that while no liability has been recorded in the financial statements to date, a negative outcome could translate into a one-time significant cash outlay that would affect liquidity and potentially alter capital allocation decisions.\n\n2. Integration into Overall Financial Health:\n   - The potential liability, if realized, would likely require management to adjust cash flow projections by setting aside additional reserves, which could reduce the cash available for operations or reinvestment, potentially affecting growth initiatives.\n   - The inherent uncertainty and the duration of the appeal contribute to risk and volatility in the company's financial planning. Investors might view the contingent liability as a headwind, particularly if adverse judgments emerge in the future.\n\n3. Relative Size and Offsetting Matters:\n   - While the Helms-Burton matter poses a material risk, the company has other legal cases, including a favorable outcome in a separate claim resulting in a $159 million verdict and a settlement that also includes a 10‐year arrangement with preferred rates. However, the positive impact of the settlement may be offset by the potential cash drain from this $112.9 million judgment if the appeal does not ultimately reverse the decision.\n\nIn summary, even though the exact future cash flow effects cannot be precisely calculated without further detailed financial projections and updated estimates on the resolution of these legal matters, the pending litigation (specifically the Helms-Burton Act lawsuit) poses the risk of a significant cash outlay if the appeal fails. This would negatively impact Norwegian Cruise Line Holdings Ltd.'s overall financial condition by reducing available liquidity and potentially necessitating additional financing or revised capital allocation strategies. The uncertainty regarding the timing and final outcome of these legal matters also introduces an element of volatility in the company's future cash flow projections.","8",""
"202","17756967","Hershey's strong operating cash flows (HSY) enhance liquidity & support strategic investment funding.","Hershey's strong operating cash flows significantly enhance its liquidity and support strategic investment funding. In 2023, the company generated $2.32 billion in cash from operating activities. This robust cash flow is the principal source of liquidity for the company, allowing it to fund capital expenditures, acquisitions, dividends, and share repurchases. Hershey's ability to generate substantial cash from operations ensures it can meet working capital needs, support ongoing investments in capabilities and technology, and manage seasonal fluctuations in sales. The company also maintains access to additional liquidity through credit facilities and capital markets, but its operating cash flow remains the foundation for funding both short-term and long-term strategic initiatives.","The Hershey Company is well positioned to fund future strategic investments and growth initiatives while maintaining robust liquidity. The company consistently generates strong operating cash flows--approximately $2.3 billion annually--demonstrating its solid capacity to produce cash from core operations. This sustained level of operating cash flow provides the flexibility needed to allocate capital toward reinvestment, acquisitions, and other growth-related activities without severely impacting cash reserves. Furthermore, the company's discussion of liquidity highlights multiple financing avenues, including the use of commercial paper, bank lines of credit, and long-term capital arrangements, which further support its ability to fund strategic initiatives while preserving liquidity. In summary, Hershey's solid cash flow from operations, combined with its access to diverse capital sources, positions it favorably to drive growth while maintaining sufficient liquidity.","10",""
"201","ef7f4dc1","Recent share repurchase volume and cost for IFRA.","I cannot find sufficient information in the provided documents to answer this question.","The provided data does not include any financial statements, disclosures, or detailed information regarding share repurchase activities. Without access to such data, it is not possible to determine whether International Flavors & Fragrances Inc. has repurchased shares recently, nor can the number of shares repurchased or the total cost incurred be calculated. Additional information from the company's financial reports or press releases would be required to answer this question.","9",""
"205","f1eb3b32","AOS's capex in ROW & Corp segments affects its future expansion.","The provided context does not specify the exact capital expenditures (capex) for A. O. Smith's Rest of World (ROW) and Corporate segments. However, it does indicate that capital expenditures are important for future expansion. The company notes ongoing investments and expansions, such as increasing manufacturing capacity and launching new products in high-growth regions like China and India (Chunk 9). These capex activities support geographic growth, product introductions, and capacity expansion, which are critical for the company's future expansion in ROW and Corporate segments.\n\nIn summary, while specific capex figures for ROW and Corporate are not provided, the context shows that capex in these segments is used to drive future growth, expand product offerings, and increase operational capacity in targeted markets.\n\nIf you need precise capex figures for ROW and Corporate, I cannot find sufficient information in the provided documents to answer this question.","The provided data allows us to discuss how capital expenditures in the Rest of World and Corporate segments could support future initiatives despite not specifying the exact projects or locations. For example:\n\n1. Rest of World: The capital expenditures in this segment (approximately $11.0 million in 2023, down from $15.8 million in 2021) suggest that A. O. Smith is allocating funds to maintain or expand its overseas assets. These investments may be aimed at updating operational facilities, expanding production capacities, or enhancing local distribution networks in international markets. Such initiatives are critical for supporting future international expansion, as they help ensure that the company's existing infrastructure is competitive and scalable in emerging markets.\n\n2. Corporate: The Corporate segment's capital expenditures (declining from $11.3 million in 2021 to $3.2 million in 2023) might reflect a shift in strategy or a more efficient use of resources at the corporate level. These investments could be linked to initiatives such as upgrading technology platforms, centralizing administrative systems, or streamlining back-office functions. By enhancing corporate capabilities, A. O. Smith can better support strategic initiatives across all segments, including facilitating international operations through improved corporate oversight and integrated systems.\n\nWhile the data does not provide insight into the specific projects or strategic priorities, the observed capital expenditures indicate a targeted allocation of funds that, if managed effectively, can foster both international expansion (via the Rest of World investments) and enhanced corporate capabilities (via Corporate spending) to support overall growth and operational efficiency.","5",""
"206","848b7c90","CSX's long-term growth strategy focuses on operating model improvements & capital allocation.","CSX's long-term growth strategy is centered on improving its operating model and making disciplined capital allocation decisions. The company emphasizes developing and maintaining a scheduled service plan to improve customer service, optimize assets, and increase employee engagement. Continuous investment in infrastructure, safety, and service performance is a key priority, with capital directed toward maintaining and expanding network capacity for long-term profitable growth.\n\nCSX reviews its capital structure, investments, and cash distributions--such as dividends and share repurchases--at least annually, seeking to balance investments in infrastructure and shareholder returns. The company intends to fund capital investments primarily through cash generated from operations and remains committed to initiatives that promote safety, service enhancements, and productivity. Management also regularly evaluates market and regulatory conditions to ensure capital is allocated efficiently for sustained value creation.","The provided information allows us to draw a qualitative connection between CSX's operating model enhancements and its capital allocation decisions. Specifically, CSX's focus on asset optimization and increased employee engagement is designed to improve operational efficiency, enhance customer service, and reduce costs. These improvements, in turn, contribute to robust free cash flow generation. The strong free cash flow, a byproduct of these operating improvements, supports the company's ability to make strategic long‐term investments that drive profitability and growth. In practice, the efficiency gains and cost reductions achieved through optimized assets and more engaged employees allow CSX to allocate capital to projects that enhance infrastructure, modernize its service capabilities, and expand its market share. Thus, the operating model enhancements create a positive feedback loop: better operations lead to increased financial flexibility, which then allows for further investments aimed at long-term competitive positioning and growth.","9",""
"203","d414f672","AIZ runoff exposure cash flow risk from reinsurer default & client non-payment.","Based on the provided context, AIZ (Assurant, Inc.) manages its exposure to reinsurance cash flow risk, including the risk of reinsurer default and client non-payment, through several measures:\n\n- Reinsurer Default Risk: AIZ evaluates the financial condition of its reinsurers and assigns credit ratings, either from external sources or by internal analysis for unrated reinsurers. As of December 31, 2023, 82% of reinsurance recoverables were rated A- or better, indicating a strong credit profile. The company establishes an allowance for credit losses on reinsurance recoverables, adjusting it based on changes in collateral held and ceded reserves, and monitors for credit downgrades or negative indications that could increase default probabilities. If there are downgrades or reductions in collateral, the allowance--and thus recognized credit loss--may increase in the future (Chunk 2, Chunk 1).\n\n- Client Non-Payment Risk: For premiums receivable, AIZ mitigates exposure by the ability to terminate policies upon client default and offset against unearned premium liabilities. There are also other offsets, such as amounts payable on commissions and profit-sharing arrangements with counterparties who are agents or sponsors of AIZ's insurance products (Chunk 2).\n\nIn summary, AIZ monitors and manages cash flow risks from reinsurer default through credit evaluation, collateral management, and setting allowances for credit losses. For client non-payment, policy termination rights and offsetting arrangements help reduce exposure.","The provided data gives us insights into two key risk exposures that can jeopardize future cash flows. First, for fully reinsured runoff operations, there is a noted gross reserve of $597.9 million that is excluded from the table because it represents future policy benefits payable over a long period (30+ years) if reinsurers were to default. Should the reinsurers default on their arrangements, Assurant could be forced to cover these significant liabilities from its own cash resources, thereby straining available liquidity and potentially impacting the company's ability to meet other obligations. Second, the exposure for high deductible recoverables in the sharing economy--amounting to $369.5 million where Assurant is responsible for paying the claim amount in full if clients default--introduces counterparty credit risk. In this scenario, if clients fail to meet their contractual commitments, Assurant would have to advance payments without guaranteed reimbursement, leading to unplanned cash outflows and negatively affecting cash flow stability. Both risks demonstrate liquidity and credit concerns that can result in increased operating costs, tighter cash margins, and potentially constrain the company's ability to fund other growth initiatives. No specific numerical calculation is necessary beyond understanding the magnitude of the exposures; instead, the focus is on the qualitative impact of these contingencies on liquidity and cash flow adequacy.","5",""
"204","2c234abc","Impact on cap structure & EPS from equity comp plan shares of Bunge Global SA.","Based on the provided information, here is the impact of Bunge Global SA's equity compensation plan shares on its capital structure and earnings per share (EPS):\n\n**Capital Structure:**\n- As of December 31, 2023, Bunge Global SA had 3,514,972 registered shares to be issued upon vesting/exercise of outstanding options, warrants, and rights under equity compensation plans. \n- There were 2,842,938 shares remaining available for future issuance under these plans (Chunk 1, Chunk 3).\n- The maximum number of registered shares issuable under the 2016 Equity Incentive Plan is 10,900,000, and under the 2017 Non-Employee Directors Equity Incentive Plan, 320,000 shares (Chunk 11, Chunk 12).\n- Outstanding awards include stock options, time-based restricted stock units (TBRSUs), and performance-based restricted stock units (PBRSUs). As of December 31, 2023, there were 1,691,109 outstanding stock options, 1,149,459 TBRSUs, and 674,404 PBRSUs (Chunk 3, Chunk 11).\n\n**EPS (Earnings Per Share):**\n- The calculation of both basic and diluted EPS includes the effect of shares issued under equity compensation plans.\n- For the year ended December 31, 2023, the weighted-average number of shares outstanding for basic EPS was 148,804,387. The effect of dilutive shares (primarily from stock options and awards) added 1,983,530 shares, resulting in 150,787,917 diluted shares (Chunk 2, Chunk 10).\n- The diluted EPS for 2023 was $14.87, compared to basic EPS of $15.07, indicating that the equity compensation shares have a dilutive effect on EPS, although the impact is relatively modest.\n\n**Summary:**\n- The issuance of shares under equity compensation plans increases the total number of shares outstanding, which dilutes existing shareholders' ownership and reduces EPS.\n- For 2023, equity compensation-related shares increased the diluted share count by about 1.3% over the basic share count, leading to a slight decrease in EPS from $15.07 (basic) to $14.87 (diluted).\n\nIn conclusion, equity compensation plan shares have a dilutive effect on both Bunge Global SA's capital structure (by increasing total shares outstanding) and on EPS (by increasing the denominator in the EPS calculation, thus reducing EPS). The effect is present but not substantial in the most recent reporting period.","The 2,842,938 securities remaining available for future issuance under the equity compensation plans represent a pool of shares that the company can issue in the future for various purposes such as employee compensation, incentives, and retention. This has two main implications:\n\n1. Capital Structure Impact: If and when these securities are issued (for example, in connection with stock options exercised or restricted stock units vesting), the total number of outstanding shares will increase. This change in the share count will dilute the ownership percentages of existing shareholders. Although raising these awards can help align the interests of employees and management with shareholders, it also means that the capital structure may shift toward being more equity-heavy as new shares are added.\n\n2. Earnings Per Share (EPS) Dilution: An increase in the total number of shares outstanding, as a result of these awards being granted and eventually exercised, will generally reduce the EPS if net earnings remain constant. For instance, if the company does not proportionately increase its net income to offset the dilution, the diluted EPS will be lower. Analysts and investors will monitor this potential dilution, as it may affect the company's financial ratios and overall valuation in the market.\n\nIn summary, while having 2,842,938 available securities provides flexibility in compensating and incentivizing employees - which could potentially drive future performance - it also carries the risk of diluting existing shareholders' stake and moderating EPS figures if a significant number of these securities are eventually issued.","10",""
"207","66c75d0f","Impact of cybersecurity cap allocation and investor returns on PPG.","I cannot find sufficient information in the provided documents to answer this question. The context discusses PPG's cybersecurity program, oversight, and insurance coverage, but does not address the specific impact of cybersecurity capital allocation on investor returns.","Based on the provided cybersecurity disclosure, PPG Industries has already made significant investments in a robust cybersecurity program aligned with the NIST framework. Going forward, potential capital allocation adjustments or strategic investments could include:\n\n1. Enhanced Cybersecurity Technologies and Tools: PPG may allocate additional capital towards next-generation threat detection, advanced encryption technologies, artificial intelligence-based monitoring tools, and endpoint security technologies. Such enhancements would further reduce the risk of sophisticated attacks, thereby potentially decreasing costs related to incident response and production downtimes.\n\n2. Expansion of Cybersecurity Talent and Training: Further investments in recruiting and retaining top cybersecurity talent, along with expanding continuous training programs and advanced threat intelligence research, could be expected. By investing in human capital, PPG can improve its incident detection and rapid response capabilities, reducing the likelihood of significant operational disruptions.\n\n3. Increased Insurance Coverage and Cyber Risk Management: While PPG currently maintains cybersecurity insurance that is described as commensurate with its operations, future capital allocation could be directed towards broadening this coverage and addressing any gaps as threats evolve. This might involve earmarking funds for potential cyber risk transfer solutions, which could mitigate unexpected financial losses from cyber incidents.\n\n4. Strategic Partnerships and Mergers/Acquisitions: PPG could consider strategic alliances or even acquiring smaller cybersecurity firms specializing in innovative technologies or niche threat areas. Such moves could fast-track technological upgrades and offer competitive advantages by integrating state-of-the-art security innovations into PPG's systems.\n\nRegarding the impact on future returns for investors: \n- Short-Term Impact: These strategic investments may result in higher operating expenses, which can impact near-term profit margins. However, such costs should be viewed as a necessary expense, akin to an insurance premium against a potential high cost from a cyber incident.\n- Long-Term Impact: In the medium to long term, enhancing cybersecurity reduces overall operational risk, minimizes potential losses from disruptive cyber events, and supports the company's reputation. Reduced risk exposure and improved systems resilience can help sustain operational continuity, protect shareholder value, and contribute to steady earnings growth. These benefits could manifest as improved risk-adjusted returns and increased investor confidence over time.\n\nThe provided data allows this analysis by outlining PPG's current posture and strategy, which suggests that any additional capital allocation or strategic investment would be aimed at further mitigating severe risks while balancing the cost implications to ultimately support long-term sustainable returns.","1",""
"208","9f644173","2023 PP&E & infra inv. trends for EOG Resources.","In 2023, EOG Resources invested significantly in property, plant, and equipment (PP&E) and infrastructure. The company funded $6.6 billion in exploration and development and other PP&E expenditures (excluding asset retirement obligations), with $195 million of this total being non-cash. These investments included development drilling, facilities, leasehold acquisitions, capitalized interest, dry hole costs, and other property, plant, and equipment. A portion of these expenditures also went toward gathering and processing infrastructure, transportation infrastructure, and environmental projects.\n\nNet capitalized costs relating to oil and gas producing activities increased, with net capitalized costs at $28.8 billion at the end of 2023, up from $26.5 billion in 2022. Accumulated depreciation, depletion, and amortization also rose, reflecting ongoing investment and asset utilization (from $40.8 billion in 2022 to $43.3 billion in 2023).\n\nOverall, EOG's 2023 PP&E and infrastructure investment trends show a continued focus on internal development, efficiency improvements, and supporting infrastructure, funded primarily through internally generated cash flows and cash on hand.","The data shows that spending on Other Property, Plant and Equipment more than doubled from $381 million in 2022 to $800 million in 2023. Notably, $134 million of the 2023 expenditures was allocated for acquiring a gathering and processing system in the Powder River Basin. This significant increase in spending, and the specific investment in processing infrastructure, suggests that EOG Resources is strategically enhancing its infrastructure to support production activities and improve operational efficiency. In contrast to previous years--where investments in this category were lower and primarily related to routine maintenance and smaller-scale capacity expansions--the 2023 initiative reflects a deliberate move toward bolstering downstream assets. This increased focus on capital allocation towards infrastructure may be aimed at reducing bottlenecks, optimizing production flow, and potentially reducing costs in the long term, aligning with strategic investments to strengthen the company's competitive positioning.","6",""
"210","eb1b6c28","YoY trends for effective tax rate of LDOS.","The effective income tax rate for Leidos Holdings, Inc. (LDOS) over the past three years was as follows:\n\n- 2023: 48.4%\n- 2022: 21.8%\n- 2021: 21.5%\n\nThe effective tax rate significantly increased in 2023, primarily due to non tax deductible goodwill impairments. In contrast, the rates for 2022 and 2021 were lower, largely due to favorable impacts from federal research tax credits and excess tax benefits related to employee stock-based payment transactions.","To calculate the effective tax rate (ETR) for each year, we divide the income tax expense by income before income taxes for that year. Using the provided data:\n\n- For 2023: The income tax expense is $195 million and income before income taxes is $403 million. The ETR is calculated as 195/403 ≈ 48.4%.\n\n- For 2022: The income tax expense is $193 million and income before income taxes is $886 million. The ETR is 193/886 ≈ 21.8%.\n\n- For 2021: The income tax expense is $208 million and income before income taxes is $967 million. The ETR is 208/967 ≈ 21.5%.\n\nObservation: The effective tax rate in 2023 (approximately 48.4%) is substantially higher than those in 2022 (about 21.8%) and 2021 (about 21.5%). This sharp increase suggests a notable change in the tax expense relative to income before taxes in 2023, which could be indicative of changes in taxable income, differences in the treatment of certain expenses or adjustments (such as impairment charges), or shifts in the tax legislation or effective tax rate adjustments. Further investigation into the company's tax footnotes or management discussion could provide more insight into the reasons behind this significant jump.","10",""
"211","56ead4af","BIIB facility alt use impact on future capex.","I cannot find sufficient information in the provided documents to answer this question.","The provided reference does not specify the alternative uses being evaluated for the facility beyond mentioning that several options are being considered. Without additional details on what these alternatives might be, it is not possible to accurately assess how they would impact the company's future capital allocation. Further disclosure would be needed to address both what alternative uses are under consideration and their potential financial implications.","9",""
"213","7ef2383e","Jabil FY2024 net cash financing comps: buybacks, debt, treasury tax, dividends; ticker at the end.","For Jabil Inc. (JBL) in fiscal year 2024, the key components of net cash used in financing activities were:\n\n- Buybacks (Payments to acquire treasury stock): $2,500 million\n- Debt:\n  - Borrowings under debt agreements: $1,992 million\n  - Payments toward debt agreements: $(2,103) million\n- Treasury stock minimum tax withholding related to vesting of restricted stock: $68 million\n- Dividends paid to stockholders: $42 million\n\nThe net cash used in financing activities for FY2024 totaled $(2,668) million.\n\nTicker: JBL\n\n(Source: see Chunk 2 for cash flow details)","For fiscal 2024, the financing section of Jabil Inc.'s cash flow statement indicates that the net cash used in financing activities (a total outflow of $2,668 million) was largely driven by four main outflow components:\n\n1. Share Repurchases: The company used cash to repurchase its common stock under its share repurchase authorization. This represents a significant use of cash as part of its capital allocation strategy.\n\n2. Debt Repayments: Payments made for debt agreements were another key component. These repayments reduced the company's outstanding liabilities, contributing to the outflow.\n\n3. Treasury Stock Tax Withholdings: This relates to the minimum tax withholding on treasury stock associated with the vesting of restricted stock. Essentially, when restricted shares vest, a portion of shares is withheld to cover tax obligations, which results in a cash outflow.\n\n4. Dividend Payments: The payment of dividends to shareholders also contributed to the financing activities' cash outflow.\n\nIt should be noted that these outflows were partially offset by two inflow items:\n(a) Proceeds from borrowings under debt agreements, and\n(b) Net proceeds from the exercise of stock options and the issuance of common stock under the employee stock purchase plan.\n\nWhile the data does not provide quantifiable amounts for each individual component, the qualitative description from the financial statement clearly details these items and their roles in the overall financing cash flow.","10",""
"212","80a834eb","WMT EDLP EDLC margin impact from omni-channel competition.","Walmart's EDLP (Everyday Low Price) and EDLC (Everyday Low Cost) strategies are central to how it competes, especially in the face of intense omni-channel competition. EDLP involves consistently pricing items low so customers trust prices won't fluctuate due to promotions, while EDLC focuses on controlling expenses to pass cost savings to customers (Chunks 1, 4, 6).\n\nOmni-channel competition--coming from brick-and-mortar, eCommerce, and integrated retailers--puts pressure on Walmart to maintain low prices and high convenience. To respond, Walmart invests in omni-channel offerings such as pickup, delivery, and the Walmart+ membership, aiming to enhance convenience and serve customers how they prefer (Chunks 1, 2, 11, 13).\n\nThese competitive dynamics can impact Walmart's margins in several ways:\n- The need to keep prices low (EDLP) while providing additional omni-channel services can increase operational costs (e.g., fulfillment, delivery, technology investments).\n- To maintain its margin, Walmart relies on EDLC--driving productivity and cost control to offset the higher costs associated with omni-channel operations (Chunks 1, 2, 12).\n- Increased competition may require Walmart to absorb more costs or invest further in digital and physical integration, which could pressure gross profit margins if not offset by operational efficiencies (Chunks 5, 9).\n\nIn summary, omni-channel competition challenges Walmart to balance its EDLP pricing with the cost discipline of EDLC. Maintaining margins depends on Walmart's ability to control expenses and drive productivity, even as it invests in omni-channel capabilities to stay competitive.","The question is answerable as a qualitative inquiry into how Walmart's EDLP (Everyday Low Prices) and EDLC (Everyday Low Cost) strategies affect its operating margins and overall profitability amid competitive pressures. In qualitative terms, Walmart's EDLC focus is designed to keep costs low across operations, which helps preserve and even boost operating margins despite the aggressive pricing commitments required by the EDLP strategy. This cost control approach means that while everyday low prices could compress margins in a highly competitive market, the rigorous cost discipline (through efficient supply chain management, technology investments, and scale) tends to mitigate this risk and therefore supports overall profitability.\n\nMoreover, as Walmart faces competition in both physical and digital retail segments, the EDLC strategy plays a critical role in maintaining favorable cost structures, allowing the company to invest competitively in its omni-channel experience without severely impacting margins. However, to concretely quantify the impact on operating margins through calculations, one would normally examine detailed financial statements including cost of goods sold, operating expenses, and margin trends over time. In this case, the reference provides the strategic context but does not offer specific numerical results. Therefore, while a precise quantitative assessment isn't possible without additional data, the qualitative insight is that Walmart's cost control measures, as embodied in their EDLC strategy, help cushion the lower margins inherent in an EDLP pricing approach, supporting stable overall profitability in a competitive environment.","9",""
"214","33bd358a","Contingent vs salaried labor flex ratio for Aptiv PLC.","I cannot find sufficient information in the provided documents to answer this question.","The contingent workforce to salaried employee ratio is calculated by dividing the number of contingent employees (47,000) by the number of salaried employees (31,000), which gives approximately 1.52. This means that for every salaried employee, there are about 1.52 contingent employees. The implications of this ratio indicate that Aptiv PLC has structured its workforce to allow for significant labor flexibility. A higher ratio of contingent workers enables the company to scale labor capacity more readily in response to fluctuations in customer demand, manage costs more effectively by adjusting workforce levels without the fixed costs associated with salaried employees, and potentially respond faster to market changes by leveraging a flexible, scalable workforce. This flexibility can be particularly advantageous in industries subject to seasonal or cyclical demand variations.","1",""
"209","19ad81b6","Competitive edge in talent strategy & workforce dist. for GPN.","Global Payments Inc. (GPN) maintains a competitive edge in talent strategy through several key initiatives:\n\n- Global Workforce and Expertise: GPN employs approximately 27,000 team members in 35 countries, with about 59% in the Americas, 19% in Europe, and 22% in Asia Pacific. Many employees are highly skilled in technical areas specific to payment technology and software solutions, supporting the company's global reach and innovative capabilities.\n\n- Strategic Human Capital Management: GPN emphasizes attracting and retaining a diverse workforce that reflects the communities it serves worldwide. The company regularly engages employees through surveys and feedback mechanisms to inform its talent management strategies and initiatives, ensuring alignment with employee needs and business objectives.\n\n- Leadership and Oversight: Human capital strategies are developed by the Chief Human Resources Officer and overseen by the board of directors and Compensation Committee, including matters of diversity, equity, inclusion (DEI), and succession planning for critical talent.\n\n- Focus on Inclusion and Engagement: GPN fosters an inclusive culture, using regular engagement with employees to gather feedback on workplace culture, engagement, inclusion, and well-being. These insights drive continuous improvement in talent management and retention programs.\n\nThis approach enables GPN to operate efficiently and maintain leadership in the payments technology sector, leveraging a globally distributed, skilled, and engaged workforce.","The reference indicates that Global Payments Inc. operates with a diverse workforce of 27,000 team members across 35 countries, with 59% in the Americas, 19% in Europe, and 22% in Asia Pacific. The company's management, led by the Chief Human Resources Officer and overseen by the board and Compensation Committee, actively leverages employee feedback (through periodic surveys) and prioritizes diversity, equity, and inclusion (DEI) as well as talent succession planning. This strategic focus on human capital is key to fostering technical expertise and ensuring talent retention, both of which are crucial for sustaining their competitive edge in payment technology and software solutions.","10",""
"215","fa4fb739","$TSLA internal promo practices & mgt retention posits competitive growth.","Tesla's internal promotion practices and management retention are positioned as strengths that support its competitive growth. In 2024, over 13,000 employees--80% of whom were frontline workers--advanced their careers within the company. More than two-thirds (68%) of Tesla's managers were promoted from internal, non-managerial positions, and 45% of the management team has been with Tesla for over five years. These statistics indicate a strong emphasis on internal mobility and retention, which are considered competitive advantages for attracting, developing, and retaining talent necessary for ongoing growth and innovation.","Tesla has demonstrated a strong commitment to employee development and retention. The fact that nearly 65% of its managers were promoted from within and that 43% of management employees have been with the company for more than five years underscores its focus on cultivating internal talent. This strategy not only helps retain valuable institutional knowledge but also bolsters employee motivation by providing clear career development paths. Combined with a significant workforce growth of 35% over the past two years, these practices suggest that Tesla's investment in its human capital effectively supports its competitive edge and ongoing growth prospects.","9",""
"216","9912e204","Impact of exec tenure on DIS strategy consistency & profitability.","The provided documents do not directly address the specific impact of executive tenure on Disney's (DIS) strategy consistency and profitability. However, there are some relevant points:\n\n- The company discusses the execution risk associated with new strategies and organizational changes, noting that over the long term, new organization and strategies could be less successful than previous ones (Chunk 1). This suggests that leadership stability and experience might play a role in maintaining strategy consistency and mitigating execution risk.\n- Disney's management is focused on developing talent for critical roles and leadership positions for the future, which supports long-term strategic continuity (Chunk 8).\n- The list of executive agreements and amendments (Chunks 10, 13) implies that Disney values continuity by extending or amending executive contracts, potentially supporting strategy consistency.\n- Profitability is discussed in terms of financial results (Chunk 6), but there is no direct tie made between executive tenure and profitability within the provided information.\n\nIn summary, while the context suggests that leadership development and retention are important to Disney's approach to strategy and operations, there is no explicit analysis or data provided on how executive tenure specifically impacts strategy consistency and profitability.\n\nI cannot find sufficient information in the provided documents to answer this question.","The recent appointments of key executives at The Walt Disney Company (with many starting in 2022 or 2023) imply that the strategic direction might be undergoing adjustments. On one hand, new leadership can bring fresh perspectives, potentially driving innovation and addressing evolving market challenges. This could lead to improved operational efficiencies and profitability in the long term if these new strategies are successfully implemented. On the other hand, recent changes in the executive team may also lead to transitional challenges, such as short-term inconsistency in strategic decision-making and learning curves in adapting to the company's established culture and operational structures. In such cases, the impact on long-term profitability depends on how smoothly the transition is managed, the alignment of the new team with the company's core values, and their ability to maintain strategic continuity while also embracing necessary innovation. Overall, while fresh leadership might be a positive signal for future growth, investors should be mindful of potential short-term uncertainties as these leaders solidify their long-term plans.","3",""
"218","a7379ea7","Operating margin for Globe Life in 2023 compared to 2022 and 2021, GL.","For Globe Life, the operating margin is primarily represented by the underwriting margin from its main business segments.\n\n- In 2023, the life insurance underwriting margin was $1,192,972,000, up from $1,129,525,000 in 2022 and $1,161,638,000 in 2021.\n- The health insurance underwriting margin was $377,937,000 in 2023, nearly flat compared to $377,137,000 in 2022 and up from $352,478,000 in 2021.\n- The annuity underwriting margin was $8,492,000 in 2023, down from $10,511,000 in 2022 but up from $9,826,000 in 2021.\n\nOverall, the pre-tax total operating margin (which aggregates these and other segment results, excluding taxes and non-operating items) was:\n- $1,265,012,000 in 2023,\n- $1,186,466,000 in 2022,\n- $1,227,190,000 in 2021.\n\nThis indicates that Globe Life's operating margin increased by approximately 7% in 2023 compared to 2022, after a decrease of about 3% from 2021 to 2022. The life insurance segment remained the largest contributor to the operating margin in each year.","To calculate the operating margin for each year, we use the formula:\n\n  Operating Margin = (Income Before Income Taxes) / (Total Revenue)\n\nFor 2023:\n - Income Before Income Taxes = 1,194,266\n - Total Revenue = 5,447,533\n - Operating Margin = 1,194,266 / 5,447,533 ≈ 0.219, or about 21.9%\n\nFor 2022:\n - Income Before Income Taxes = 1,102,111\n - Total Revenue = 5,226,740\n - Operating Margin = 1,102,111 / 5,226,740 ≈ 0.211, or about 21.1%\n\nFor 2021:\n - Income Before Income Taxes = 1,274,611\n - Total Revenue = 5,112,038\n - Operating Margin = 1,274,611 / 5,112,038 ≈ 0.249, or about 24.9%\n\nComparison:\n- In 2021, Globe Life Inc. had the highest operating margin at approximately 24.9%.\n- The margin decreased in 2022 to about 21.1%.\n- In 2023, the margin slightly improved to roughly 21.9%, but it remains below the 2021 level.\n\nThis analysis shows that while there was a small recovery from 2022 to 2023, the operating margin in both 2022 and 2023 is lower than that of 2021.","5",""
"217","616a32d2","Impact of compliance costs & fines on AES Corp (AES).","I cannot find sufficient information in the provided documents to answer this question.","The available disclosures provide specific cost estimates and penalty amounts for several environmental and regulatory matters, although they span a range of proceedings and are not aggregated into one single figure. For example, in the AES Indiana matter, the settlement required payment of civil penalties of approximately $1.5 million, a $5 million environmental mitigation project, and an additional $0.3 million expenditure on a state‐specific environmentally beneficial project. In the AES Andes case, the approved compliance program for the Ventanas Complex is estimated at approximately $10.8 million, with potential additional fines if the program is not satisfactorily executed. Other proceedings suggest estimated remediation or potential penalty ranges--for example, one litigation relating to contamination suggests remediation costs ranging from $3 million to $12 million. \n\nWhen viewed in aggregate, these individual exposures--generally on the order of a few million dollars to perhaps tens of millions in the most adverse scenarios--must be weighed against the overall size of AES Corporation's consolidated financial statements. In that context, while the observed amounts could be significant on a project‐by‐project basis, they would likely not have a material adverse effect on the overall financial health of a large global utility like AES. Therefore, while there is a nontrivial amount of potential exposure (perhaps in the low tens of millions of dollars under adverse outcomes), the relative scale of AES Corporation's operations suggests that these compliance program costs and potential fines are not likely to threaten the overall financial stability of the company.","1",""
"220","70d73918","Trends in net earnings for Lennar from 2021 to 2023 & margin outlook, LEN.","From 2021 to 2023, Lennar's net earnings attributable to the company showed the following trend:\n\n- 2022: $4.61 billion\n- 2023: $3.94 billion\n\nThis reflects a decrease in net earnings from 2022 to 2023. Basic earnings per share also decreased from $15.74 in 2022 to $13.73 in 2023, and diluted earnings per share went from $15.72 to $13.73 in the same period.\n\nRegarding margin outlook, Lennar anticipates gross margins of 19% to 19.25% in the first quarter of fiscal 2025. For the full year 2024, gross margins on home sales were 22.3%, compared to 23.3% in 2023. The decrease in gross margins was primarily due to a lower average sales price and increased land costs, partially offset by other factors.\n\nIn summary, Lennar experienced a decline in net earnings and gross margins from 2022 to 2023, and expects gross margins to further compress to around 19%-19.25% in early 2025.","From the data provided, we can assess Lennar's net earnings attributable to the company for 2021, 2022, and 2023. The key figures are:\n\n- 2021: $4,430,111 thousand\n- 2022: $4,614,125 thousand\n- 2023: $3,938,511 thousand\n\nTrend Analysis:\n1. Between 2021 and 2022, there was a modest increase in net earnings, rising by roughly $184 million. This suggests that the company was able to maintain or slightly improve its profitability relative to its operations despite rising revenues (from $27.13 billion in 2021 to $33.67 billion in 2022).\n\n2. However, in 2023, net earnings fell to about $3,938 million - a decline of approximately $676 million from 2022 - even though total revenues increased further to $34.23 billion. Calculating an approximate net profit margin helps illustrate this trend:\n   - 2021 Margin: 4,430,111 / 27,130,676 ≈ 16.3%\n   - 2022 Margin: 4,614,125 / 33,671,010 ≈ 13.7%\n   - 2023 Margin: 3,938,511 / 34,233,366 ≈ 11.5%\n\nImplications for Operating Profitability and Margin Sustainability:\n- The initial improvement from 2021 to 2022 indicates that Lennar was able to translate higher revenues into earnings growth, reflecting operational efficiency or effective cost management during that period.\n- The decline in 2023, however, coupled with the narrowing net margin, indicates that operating costs or other expense components (including items such as cost escalation in homebuilding, increased general and administrative expenses, or impacts from non-operating factors) likely increased at a faster rate than revenue. This compression of margins may raise concerns about the sustainability of its profitability if such trends continue.\n- In essence, while the company experienced revenue growth, the declining net profit margin points to potential pressure on operating profitability. The company may need to focus on cost control or improving operational efficiencies to sustain its margins in the future.\n\nOverall, the observed trend suggests that although Lennar managed growth in revenue, 2023's decline in net earnings relative to revenue indicates challenges in maintaining its profitability margins.","8",""
"219","dbc2f26b","HD notes maturity trends & refinancing risk are noted.","Based on the provided context, there is information listing the maturity dates of various Home Depot (HD) notes, showing a range of maturities extending to 2052 (see Chunk 1, Chunk 4). However, there is no detailed discussion in the provided context specifically analyzing trends in these maturities or discussing refinancing risk for Home Depot.\n\nTherefore, I cannot find sufficient information in the provided documents to answer this question.","The data allows us to observe several key trends in the maturity distribution of The Home Depot's senior notes. First, the maturities are well‐staggered over a long period -- with relatively small amounts due in the near-term and escalating amounts spread out over the next few decades, up to maturities extending into the 2050s. For example, only a few senior notes have maturities in the very near future (e.g., the 2.70% Senior notes due April 2023 show no balance, and the next due in February 2024 is around $1,100 million) while the bulk of the debt is maturated between 2025 and the 2040s and beyond. This gradual distribution means that in any given year only a small portion of the debt is maturing, thereby reducing the immediate refinancing risk. In other words, the company is not overly dependent on market conditions at one single time period to reinvest or refinance a massive portion of its debt.\n\nFurthermore, this spread-out maturity profile helps in managing the interest expense profile. Because the debt is locked in at various fixed rates (ranging roughly from 0.90% up to around 5.95%), The Home Depot benefits from a degree of stability in its interest payments over time. This allows the company to mitigate the impact of any sudden changes in market interest rates when refinancing. While refinancing will eventually be needed, the diversified schedule means fewer refinancing events at any one time, potentially allowing the company to secure favorable rates over time if market conditions improve.\n\nIn summary, the staggered distribution reduces near-term refinancing risk and provides flexibility to manage interest expense more effectively. However, the company will still need to monitor future market conditions and ensure that its long-term financing strategy can accommodate any shifts in interest rate environments as portions of the debt mature in the far future.","1",""
"221","2db079d1","Governance via WRB board signatories enhances long-term shareholder value.","I cannot find sufficient information in the provided documents to answer this question.","The provided data--while not a full financial statement--is sufficient to address the question. The list of board members and their documented signatories illustrates a clear structure of accountability and responsibility that aligns with the company's commitment to strong corporate governance and long-term value creation for shareholders. For example, having roles such as an Executive Chairman, a President/CEO, and a Chief Financial Officer among the signatories reinforces the system of checks and balances necessary for sound governance. The combination of executive leadership and an independent director cadre (evidenced by multiple directors with diverse backgrounds) suggests that the board oversees key functions and ensures that management decisions are aligned with shareholder interests. This structured board composition helps mitigate risk, promote transparency, and drive strategic initiatives that are essential for long-term value creation. In summary, the responsibilities of the board members--as demonstrated through these signatories--indicate a well-rounded approach to corporate oversight, ensuring that the company maintains high governance standards while focusing on sustainable growth and shareholder value.","1",""
"223","2da12e10","Ameren's (AEE) remediation expense control measures.","Ameren implements several control measures to manage remediation expenses:\n\n1. Regulatory Recovery Mechanisms: Ameren Illinois is allowed to recover remediation and related litigation costs for former manufactured gas plant (MGP) sites from electric and natural gas customers through environmental cost riders, which are subject to annual prudence reviews by the Illinois Commerce Commission (ICC). This helps control the financial impact of remediation expenses by passing costs through to customers in a regulated manner [Chunk 1].\n\n2. Liability Estimation and Recording: Ameren and Ameren Illinois record liabilities for estimated minimum obligations related to remediation, ensuring that expenses are recognized and managed appropriately. For example, they recorded a liability of $51 million for remaining MGP site obligations, representing the estimated minimum obligation [Chunk 1, Chunk 3].\n\n3. Expense Deferral: Costs are expensed or deferred as regulatory assets when it is expected that the costs will be recovered from customers in future rates. This practice helps spread the financial impact over time and aligns cost recovery with regulatory approval [Chunk 11].\n\n4. Dedicated Compliance Personnel: Ameren employs dedicated personnel knowledgeable in environmental matters to oversee compliance with environmental laws and manage associated costs [Chunk 12].\n\n5. Monitoring and Adjusting Remediation Activities: Ameren recognizes that actual costs and timing of remediation may vary due to site-specific factors and maintains flexibility to adjust estimates and activities as new information becomes available [Chunk 1].\n\nIn summary, Ameren controls remediation expenses through regulatory cost recovery, careful liability estimation and recording, expense deferral strategies, specialized personnel oversight, and ongoing adjustment of remediation efforts based on evolving site conditions and regulatory requirements.","Ameren Corporation is managing its environmental remediation and related liabilities through a series of measures designed to both control costs and lessen their potential negative financial impact. First, the company's strategy involves planning and executing capital projects--such as the closure of CCR (coal combustion residual) surface impoundments with an expected substantial completion by the end of 2026, as well as the installation of groundwater monitoring and treatment facilities--to manage and contain ongoing CCR management costs. In addition, for its former Manufactured Gas Plant (MGP) sites, where a minimum liability of approximately $51 million has already been recorded, Ameren is actively remediating the majority of the affected sites. The remediation costs are structured to be recoverable through environmental cost riders in its electric and natural gas tariffs. These cost recovery measures are subject to regulatory prudence reviews by bodies like the Illinois Commerce Commission (ICC) and the Missouri Public Service Commission (MoPSC), which helps to shift the financial burden away from the company's balance sheet over time. Furthermore, the company employs dedicated environmental personnel to ensure compliance with evolving environmental regulations, which aids in anticipating and managing additional remediation and mitigation costs. Lastly, in litigation contexts--such as those related to Clean Air Act enforcement--Ameren has taken steps (for example, seeking modifications of remedy orders and challenging additional mitigation claims) to limit non-recoverable expenses. Together, these measures help the company control environmental remediation expenses and mitigate their impact on overall financial health.","9",""
"222","b95501b3","MFA policies, FRT cybersecurity risk mitigation, and internal controls training.","Based on the provided context, there is limited direct information regarding Federal Realty Investment Trust's (FRT) specific Multi-Factor Authentication (MFA) policies and internal controls training related to cybersecurity. However, the documents do discuss the following relevant points:\n\n- FRT addresses risks related to cybersecurity and has a dedicated section on ""Cyber Security"" in its annual report (see Table of Contents in Chunk 1), indicating that cybersecurity is a recognized area of risk and disclosure.\n- The company maintains effective internal control over financial reporting, as confirmed by an independent audit (Chunks 7 and 12), and management is responsible for maintaining these controls.\n- FRT faces risks related to complex regulations and the potential for cyber threats, as noted in their risk factors (Chunk 5), and acknowledges the need to adapt to external threats such as cyber incidents.\n- There is mention of policies and procedures concerning technology standards, including multi-factor authentication, in a document about cybersecurity frameworks--however, this information is not specific to FRT, but rather appears to be from another company (HAS.pdf, Chunk 10).\n\nTo summarize: \nFRT recognizes cybersecurity as a risk and has internal controls over financial reporting, confirmed effective by external audit. While the context confirms the presence of internal controls and the importance placed on cybersecurity, it does not provide detailed descriptions of FRT's MFA policies, specific cybersecurity risk mitigation strategies, or the structure of internal controls training.\n\nI cannot find sufficient information in the provided documents to answer this question in detail regarding FRT's MFA policies, cybersecurity risk mitigation strategies, or internal controls training.","The internal procedures play a key role in mitigating cybersecurity risks for Federal Realty Investment Trust. Specifically, regular employee training helps ensure that all staff remain aware of evolving cybersecurity threats, company policies, and best practices, thus reducing the likelihood of errors or successful phishing attacks. Multi-factor authentication adds an extra layer of security by requiring additional verification beyond just a password, which decreases the risk of unauthorized access to sensitive systems. Meanwhile, stringent password policies that mandate strong, regularly updated, and encrypted credentials help prevent the exploitation of weak passwords, further reinforcing the trust's cyber defenses. Together, these measures contribute to a comprehensive risk management strategy by addressing both human and system vulnerabilities, reducing the overall exposure to cybersecurity incidents and ensuring that any potential risks are promptly identified and remediated.","2",""
"224","78168ac6","Impact on consolidated GP & margins 2022-2024 by WD Flash vs HDD.","From 2022 to 2024, the impact of Western Digital's Flash and HDD segments on consolidated gross profit (GP) and gross margin was significant, with notable differences between the two segments:\n\nGross Profit and Margins by Segment (in millions, except percentages):\n\n- 2022:\n  - Flash: GP $3,527 (Gross Margin 36.2%)\n  - HDD: GP $2,661 (Gross Margin 29.4%)\n  - Consolidated: GP $5,874 (Gross Margin 31.3%)\n\n- 2023:\n  - Flash: GP $433 (Gross Margin 7.1%)\n  - HDD: GP $1,505 (Gross Margin 24.1%)\n  - Consolidated: GP $1,887 (Gross Margin 15.3%)\n\n- 2024:\n  - Flash: GP $1,079 (Gross Margin 16.1%)\n  - HDD: GP $1,881 (Gross Margin 29.8%)\n  - Consolidated: GP $2,945 (Gross Margin 22.6%)\n\nKey Impacts and Trends:\n- In 2022, Flash contributed significantly more to consolidated GP and margin than HDD, with higher gross profit and margin.\n- In 2023, Flash gross profit and margin declined sharply (from $3,527 million/36.2% to $433 million/7.1%), mainly due to unfavorable supply-demand conditions and lower pricing. This led to a substantial drop in consolidated GP and margin.\n- HDD gross profit and margin also fell in 2023, but less dramatically than Flash.\n- In 2024, both segments recovered, but HDD contributed a higher gross profit and margin than Flash. Flash improved from its 2023 lows (to $1,079 million/16.1%), but still lagged behind its 2022 performance. HDD reached $1,881 million gross profit and 29.8% margin.\n- The increase in consolidated GP and margin in 2024 (to $2,945 million and 22.6%) was driven by higher revenues from both segments, improved pricing, cost reductions, and a more favorable product mix. The improvements were particularly notable for HDD.\n\nSummary:\nFlash was the stronger driver of consolidated gross profit and margin in 2022, but performance declined sharply in 2023, impacting overall results. HDD provided more stable performance and led the recovery in 2024, with Flash also rebounding but not to 2022 levels. The overall consolidated gross profit and margin trends from 2022 to 2024 reflect these segment dynamics.","The data allow us to assess the relative performance of the Flash and HDD segments and understand how their results drove changes in the overall consolidated gross profit and margins over the three years. In 2022 the Flash segment generated very high gross margins (36.2%) and contributed substantially to gross profit ($3,527 million) despite its lower revenue compared to 2023. In contrast, by 2023 the Flash segment's margin collapsed to 7.1% with gross profit falling to $433 million, which significantly dragged down the consolidated results (consolidated gross margin dropped to 15.3% and total gross profit to roughly $1,887 million for segments before corporate items). Meanwhile, the HDD segment remained relatively more stable. HDD margins were 29.4% in 2022, dipped to 24.1% in 2023, and then improved to 29.8% in 2024, with gross profit figures that, while lower than in 2022, did not exhibit the same extreme volatility as Flash. In 2024, the Flash segment rebounded to a 16.1% margin with gross profit recovering to $1,079 million, while the HDD segment maintained its improved margin. The net effect was a recovery in consolidated gross profit (up to $2,945 million after corporate adjustments in 2024) and an improvement in the consolidated gross margin to 22.6% in 2024. Thus, the dramatic fluctuations in the Flash segment's margins and associated gross profit - a sharp decline in 2023 followed by a partial recovery in 2024 - were the primary drivers behind the changes in the company's overall consolidated performance, while the HDD segment provided a more stable performance that helped cushion or enhance the consolidated margins as market conditions changed.","9",""
"225","b8f2e37f","Turnover rates & demographics of WMB employees affect competitive positioning & operational efficiency, WMB.","I cannot find sufficient information in the provided documents to answer this question.","The reference indicates that as of February 1, 2024, The Williams Companies, Inc. employed 5,601 full-time employees, with approximately 21 percent being women and 16 percent being ethnically diverse. Additionally, the company experienced a voluntary turnover rate of 7.2 percent during 2023. Investors could consider that a relatively low turnover rate might reflect strong employee retention and operational stability, which can contribute to sustained performance. However, the demographic data also suggests opportunities for improvement in workforce diversity, which is increasingly valued by investors and stakeholders. Thus, these factors together might influence the company's competitive positioning by affecting both operational efficiency and its appeal as an inclusive employer.","1",""
"226","cde54e71","Reserves methodologies for legal proceedings related to contingent liabilities at Live Nation.","Live Nation establishes reserves for contingent liabilities related to legal proceedings when a liability is probable and the amount can be reasonably estimated. Changes in fair value for contingent consideration associated with acquisitions are recorded in the statements of operations as selling, general, and administrative expenses, and these fair value estimates are updated each reporting period until settled. Legal expenses for defending governmental investigations and litigation are incurred as needed, and unfavorable outcomes could require payment of monetary damages, fines, penalties, or other sanctions, potentially having a material adverse effect on the business, financial condition, and results of operations. Even if Live Nation successfully defends against claims, significant financial and management resources may be required to address such issues (Chunks 1 and 6).","The provided information indicates that Live Nation Entertainment, Inc. manages its contingent liabilities primarily through disclosure in the notes rather than by recording a liability directly on the balance sheet when a loss is not deemed probable. Specifically, management assesses each litigation matter and determines whether the likelihood of a loss is sufficiently probable and measurable. In cases where a loss is probable and can be reasonably estimated (such as some of the other legal proceedings mentioned), the company accrues an estimate of the expected loss. This accrual is developed in consultation with legal counsel and is based on an analysis of the range of potential outcomes, which can include estimated redemption rates for any proposed settlement offers, combined with litigation and settlement strategies.\n\nConversely, for matters like the ongoing class action lawsuits in Canada and the Astroworld litigation--as described in the reference--the current management views do not support the recognition of a liability on their balance sheet because a loss is either not deemed probable or the amount cannot be reliably estimated. Instead, these are disclosed as contingent liabilities with a detailed explanation of the uncertainty and their potential impact (or lack thereof) on the company's financial condition, cash flows, and results of operations.\n\nIn summary, the methodologies used comprise:\n- Evaluation of the probability of an adverse outcome based on legal and factual analysis.\n- Consultation with legal counsel to develop estimates and assess potential damages.\n- Consideration of historical outcomes and redemption rates where settlements are involved.\n- Continuous monitoring and updating of assumptions in response to new developments. \n\nThis approach is consistent with the accounting standards that require accrual for contingent liabilities only when a loss is probable and can be reasonably estimated, with full disclosure in the financial statements for matters that do not meet these criteria.","7",""
"228","7dc64b77","Litigation reserve variance for VTRS impacts valuation and investor sentiment.","A variance in litigation reserves for Viatris (VTRS) can materially impact both the company's valuation and investor sentiment. The company notes that a 5% variance between estimated and recorded litigation reserves and actual resolution of certain legal matters would affect its litigation reserve balance by approximately $8.6 million. Given the subjective nature of assessing litigation outcomes and the potential for adverse effects on business, financial condition, results of operations, cash flows, and share price, such variances are considered critical accounting estimates. Therefore, unexpected increases in litigation reserves could negatively impact the company's consolidated financial condition and results, which, in turn, could influence investor sentiment and valuation.","The volatility in estimating litigation reserves introduces uncertainty in financial reporting, which poses several risks to the company's valuation and investor sentiment. For example, a 5% variance amounting to approximately $8.6 million suggests that the underlying estimates for legal contingencies are highly sensitive to assumptions. This raises two key concerns:\n\n1. Valuation Risk: Investors rely on accurate and stable estimates to forecast future earnings and cash flows. A potential underestimation of litigation liabilities could lead to unexpected charges in future periods once actual losses materialize. With a rough back-of-the-envelope calculation (5% variance corresponding to $8.6 million), the estimated total litigation reserve might be around $172 million. Even a small percentage deviation can therefore translate into a significant absolute dollar impact, requiring revisions to projected profitability and cash flows. This kind of variance, when adjusted in subsequent financial periods, can affect valuation multiples, alter discount rate assumptions, and potentially lead to a downward revision in the company's stock price.\n\n2. Investor Sentiment and Perception of Risk: Effective risk management and transparency are highly valued by investors. The inherent subjectivity in legal assessments and the inability to predict the ultimate outcomes of these uncertainties may cause investors to view the risk profile of the company as higher. If future disclosures indicate that actual litigation costs exceed estimates (or if the estimates prove unusually volatile), investor confidence may wane. This adds to market uncertainty and could result in heightened stock price volatility, increased risk premiums, and potential downgrades from credit rating agencies. All these factors combined might lead to a less favorable investment outlook.\n\nIn summary, the volatility in litigation reserve estimates represents both a direct risk to reported earnings if losses exceed expectations and an indirect risk by affecting investor confidence and market valuation. Hence, meticulous disclosure and cautious modeling of these contingencies are crucial to mitigate adverse market reactions.","8",""
"227","f6300dd1","Competitive pricing of TMUS vs AT&T, Verizon, and DISH remains critical for market positioning, TMUS.","Competitive pricing is a key factor for T-Mobile US (TMUS) in maintaining and improving its market position relative to AT&T, Verizon, and DISH. The wireless communications services industry is highly competitive and approaching market saturation, which intensifies competition across all segments--including postpaid, prepaid, enterprise, and government customers. This competitive environment puts pressure on pricing and margins for all providers, including TMUS.\n\nTMUS identifies competitive pricing, along with network quality, customer service, effective marketing, and compelling value propositions, as essential factors in attracting and retaining customers. In addition to traditional wireless carriers like AT&T and Verizon, TMUS also faces competition from DISH and numerous smaller regional providers, as well as from alternative technologies and broadband service providers. Maintaining competitive pricing is necessary for TMUS to differentiate itself and respond to aggressive pricing and promotions from its rivals, which remains a central aspect of its strategy in the U.S. market.","T-Mobile's status as the second largest wireless provider in the U.S. plays a critical role in shaping its competitive pricing strategy. Being the runner-up gives T-Mobile a sizable customer base and substantial network investments, allowing it to leverage economies of scale that can support aggressive pricing without necessarily compromising network quality. This positioning allows T-Mobile to offer attractive pricing and flexible bundled service offerings--often highlighted by its well-known ""Un-carrier"" initiatives--that are designed to lure consumers away from its larger rivals (AT&T and Verizon) as well as to counter emerging discount-driven players like DISH.\n\nIn contrast to the market leaders, which may enjoy the ability to justify a premium based on brand strength and broader service components, T-Mobile focuses on offering competitive rates and customer-friendly, no-contract options. This strategy is intended to appeal not only to cost-conscious consumers but also to those who value simplicity and transparency in their service agreements. At the same time, T-Mobile must navigate the competitive pressure from discounted pricing from both traditional large carriers and smaller, regional providers, ensuring that its pricing remains attractive without sacrificing margin or long-term investment in network quality.\n\nOverall, T-Mobile's second largest position provides it with the scale and resources necessary to engage in a pricing strategy that strikes a balance between competitive discounting and sustainable profitability, positioning the company as a dynamic challenger in a highly competitive industry.","7",""
"230","78855844","FY23 svc rev proj of 10% growth for IRM.","Based on the provided documents, Iron Mountain's (IRM) service revenue grew from $2,069.6 million in 2022 to $2,109.6 million in 2023, which is an increase of approximately 1.9% year-over-year, not 10%. There is no indication in the provided context that IRM projected or achieved a 10% growth in service revenue for FY23. The actual reported growth for FY23 was significantly lower.","To project the 2024 service revenue with a 10% increase, we multiply the 2023 service revenue by 1.10. Calculation: 2,109,644 x 1.10 = 2,320,608.4. Rounding this number, the projected service revenue would be approximately 2,320,608 (in thousands, consistent with the statement's unit of measure).","2",""
"229","5e536f91","Liquidity & refinancing risk for American Airlines (AAL).","American Airlines (AAL) manages liquidity and refinancing risk through a combination of significant available liquidity, regular refinancing activity, and compliance with various debt covenants.\n\nLiquidity:\n- As of December 31, 2023, AAL had $10.4 billion in total available liquidity, including $7.6 billion in unrestricted cash and short-term investments and $2.9 billion in undrawn capacity under revolving credit and other short-term facilities ([Chunk 5], [Chunk 10]).\n- In addition, AAL had $910 million in restricted cash and short-term investments ([Chunk 10]).\n\nRefinancing Risk:\n- AAL regularly undertakes refinancing and liability management activities. In 2023, it refinanced approximately $1.8 billion of term loans, issued new secured notes and term loans, redeemed all outstanding 11.75% senior secured notes due 2025, and repurchased $552 million of secured and unsecured notes in the open market ([Chunk 5], [Chunk 9], [Chunk 12]).\n- The company faces significant debt maturities in the coming years: $3.5 billion in 2024, $3.7 billion in 2025, $4.6 billion in 2026, $4.6 billion in 2027, $5.1 billion in 2028, and $6.1 billion in 2029 and thereafter ([Chunk 2]).\n- Debt agreements include covenants that may restrict additional borrowing and require maintaining a minimum liquidity buffer (at least $2.0 billion of unrestricted cash and available revolving credit) and compliance with loan-to-value and collateral coverage ratios ([Chunk 5], [Chunk 10], [Chunk 6], [Chunk 7]).\n- The company is subject to refinancing risk if access to capital markets is constrained or if borrowing costs rise. Economic downturns or increases in interest rates could impact its ability to generate cash or refinance obligations ([Chunk 11]).\n\nOverall, while AAL currently maintains strong liquidity, it is exposed to refinancing risk due to large upcoming maturities and market conditions. The company actively manages this risk through refinancing, maintaining liquidity, and compliance with debt covenants.","The provided financial data allows us to assess American Airlines' liquidity position relative to its near‐term debt maturities. As of December 31, 2023, the company had a total of approximately $2.862 billion available under its revolving credit and other facilities. In addition, there is a cargo receivables facility with $49 million available, bringing the total liquidity available to roughly $2.911 billion. In comparison, the debt maturities schedule states that for 2024 there is $3.501 billion due. This indicates that, without additional financing actions or refinancing, there is a liquidity gap of about $590 million in 2024. \n\nHowever, additional factors mitigate this apparent shortfall. The revolving credit facilities are collateralized by a diverse range of assets--from aircraft and engines to intellectual property and loyalty program assets. This collateral base strengthens the company's access to refinancing options and additional capital if market conditions are favorable. Moreover, future maturities are spread out over subsequent years (e.g., $5.189 billion in 2025, etc.), which means the company can potentially plan staggered refinancing strategies rather than needing to cover the entire debt schedule with immediate cash. \n\nIn summary, while the liquidity available covers a significant portion of the upcoming maturities, the gap in 2024 suggests that American Airlines will need to execute refinancing strategies or secure additional funding to fully manage its near-term obligations. The quality and structure of its secured credit facilities, along with the diversity of the collateral, position the company relatively well to mitigate refinancing risks, though close attention must be paid to market conditions and refinanced terms when the maturities approach.","8",""
"231","70f76191","Impact of exec appointments' ages on long-term strategy & financial stability for Conagra (CAG).","I cannot find sufficient information in the provided documents to answer this question. The context includes executive backgrounds, roles, and company strategies, but does not discuss the ages of executive appointments or analyze how their ages impact Conagra's long-term strategy or financial stability.","The provided data gives insight into the tenure and age diversity of Conagra Brands' executive team, which can be qualitatively linked to considerations around strategic planning and financial stability. For example, a mix of appointment dates indicates a blend of long-established leaders (e.g., Thomas M. McGough, appointed in 2013, and executives appointed in 2015) and newer appointees (e.g., Noelle O'Mara in 2024 and William E. Johnson in 2023). This combination suggests a dual focus: experienced leadership likely ensures continuity in financial management and risk approaches, while new leadership might introduce fresh perspectives and innovation necessary for long-term growth. In addition, the range of ages, from early-career (42 years old) to more experienced individuals (up to 62 years old), could indicate a balance between dynamic strategic initiatives and seasoned judgment in capital allocation decisions. While these qualitative observations do not provide quantitative calculations, they offer a basis for understanding how leadership composition might influence the company's future strategic direction and ability to manage financial stability. Therefore, the information is sufficient to discuss potential impacts from strategic and financial perspectives.","2",""
"233","c5664588","Exec tenure at Costco affects stability & profitability, COST.","Based on the provided documents, there is no direct discussion or data specifically linking executive tenure at Costco to the company's stability or profitability. The context does mention high employee retention rates and compensation plans for executives, but does not elaborate on executive tenure or its impact on corporate outcomes.\n\nI cannot find sufficient information in the provided documents to answer this question.","The data on Costco's executive team reveals significant longevity and depth of internal experience among the leadership. Many executives have been with the company for decades, which suggests a stable management structure and deep understanding of the company's operations, culture, and market. This continuity can lead to several potential benefits:\n\n1. Operational Stability: A long-tenured team is likely to have a consistent strategic vision, well-established operational processes, and a familiarity with the company's internal systems. This continuity reduces the risk of disruption from leadership turnover and can provide smoother execution of key initiatives.\n\n2. Future Profitability: With a leadership that has a longstanding history at Costco, there is a higher probability that the company can efficiently navigate challenges and leverage long-term relationships within the industry. Continuity in leadership often contributes to operational efficiencies and sound capital allocation decisions--all of which positively impact profitability. Moreover, the depth of experience suggests a strong reservoir of institutional knowledge that can help in identifying growth opportunities while mitigating risks.\n\n3. Risk Mitigation and Competitive Positioning: Executives with long service understand not only the internal dynamics but also the competitive landscape, which helps in proactive risk management and informed strategic planning. Their deep-rooted expertise could play a crucial role in anticipating market shifts and maintaining a competitive edge.\n\nIn summary, the long tenure and significant internal experience of Costco's executive team are likely to bolster operational stability, ensure continuity in strategic decision-making, and contribute to the company's long-term financial health and profitability.","1",""
"232","de43cc85","Aligning investment strategy with long-term profitability & capital allocation involves T-R-V: VP, IPC Chair, co-CIO roles.","At The Travelers Companies (T-R-V), aligning investment strategy with long-term profitability and capital allocation involves several key executive roles:\n\n- The Vice President and Co-Chief Investment Officers (Co-CIOs), David D. Rowland and Daniel T.H. Yin, are responsible for implementing and overseeing investment strategies across the company's portfolio. Their backgrounds include leadership in fixed income, alternative investments, and global portfolio management.\n- The Vice Chairman and Chairman of the Investment Policy Committee (IPC), William H. Heyman, plays a pivotal role in setting investment policy and overseeing the company's investment strategy. He has extensive experience as a former Chief Investment Officer and in high-level investment roles at major financial institutions.\n\nTogether, the Co-CIOs and IPC Chair work to ensure that investment decisions are consistent with the company's long-term profitability goals and effective capital allocation, monitoring risk, performance, and alignment with overall corporate objectives.","The composition of top management roles in investment governance at The Travelers Companies, Inc.--specifically the Vice Chairman who also chairs the Investment Policy Committee, along with the co-Chief Investment Officers--facilitates a multi-layered oversight structure that aligns the company's investment strategy with its long-term profitability and capital allocation goals. In this structure:\n\n1. The Vice Chairman, serving as the Chairman of the Investment Policy Committee, provides overall strategic oversight. This role is charged with establishing the guidelines and risk parameters for investment activities, ensuring that the investment policy is consistent with the company's broader strategic objectives. By setting these policies, the Vice Chairman drives consistency between short-term actions and long-term financial goals.\n\n2. The Investment Policy Committee, under the leadership of the Vice Chairman, is responsible for reviewing and updating investment policies. This committee evaluates market trends, adjusts risk exposures, and ensures that any investment decisions remain in tune with the company's capital allocation strategy. The committee's work is critical to maintaining a disciplined approach toward investments, balancing risk and return in line with long-term profitability targets.\n\n3. The co-Chief Investment Officers (David D. Rowland and Daniel T.H. Yin) bring specialized expertise in asset management and investment strategy execution. Their roles involve day-to-day management of investment portfolios, assessing the performance of various asset classes, and making tactical decisions that align with both the short-term market environment and the long-term capital allocation plan. By often working in tandem, they can provide a balanced perspective on risk management and performance measurement, ensuring that the investment strategy remains robust and adaptive.\n\nTogether, these roles create a system of checks and balances where strategic guidance, policy setting, and operational execution work in tandem. This structure helps ensure that investment decisions are not made in isolation but are instead integrated with the company's broader mission to achieve sustainable profitability and judicious capital allocation over the long term.","9",""
"234","f1f9565c","Impact of senior mgmt. tenure at Loews Corp on financial stewardship (L), along w/ capex strategy.","I cannot find sufficient information in the provided documents to answer this question. The context does not discuss the tenure of senior management at Loews Corporation or directly link management tenure to the company's financial stewardship or capital expenditure (capex) strategy. The documents primarily detail financial results, segment operations, dividend and stock repurchase activity, and risk factors, but do not address the impact of management tenure on these areas.","The reference data lists key leadership appointments along with the years in which these appointments were made. Notably, some positions have been held for several decades (for example, James S. Tisch has been the President and CEO since 1981, and Jonathan M. Tisch since 1987), suggesting long-term continuity in leadership. This long tenure of top executives may indicate a stable strategic vision and consistent decision-making in areas such as financial stewardship and capital allocation. Additionally, more recent appointments (e.g., Jane J. Wang as CFO in 2022, Benjamin J. Tisch in corporate development in 2022, and Alexander H. Tisch as CEO of Loews Hotels & Co in 2023) show that while there is continuity at the very top, the company also infuses newer leadership in other key roles. This blend of long-term leadership alongside periodic infusions of fresh perspectives could point to an approach where the company is balancing consistency in overarching strategy with an openness to innovation in financial and capital allocation decisions over time. However, while these insights suggest stability and a deliberate, measured evolution in leadership, a comprehensive evaluation of financial stewardship would require additional financial performance data and details of capital allocation outcomes. In summary, the varied appointment years imply that Loews Corporation relies on deep-rooted, experienced leadership to maintain steady financial management, while selectively introducing new talent to support emerging business challenges and opportunities.","2",""
"236","504ed7e5","Sum & growth impact of S&M + product dev exp for MTCH 2023, ticker at end.","For Match Group (ticker: MTCH), the sum of Selling and Marketing (S&M) expense and Product Development expense for 2023 is:\n\n- Selling and Marketing expense (2023): $586,262,000\n- Product Development expense (2023): $384,185,000\n\nSum: $586,262,000 + $384,185,000 = $970,447,000\n\nGrowth impact:\n- S&M expense increased by $51,745,000 or 10% compared to 2022, primarily due to higher marketing spend at Tinder, Hinge, and some Emerging brands.\n- Product Development expense increased by $50,546,000 or 15% compared to 2022, mainly due to higher compensation expense (including stock-based compensation) from increased headcount at Hinge and Tinder.\n\nTicker: MTCH","The selling and marketing expense for 2023 is $586,262 (in thousands) and the product development expense is $384,185 (in thousands). Their sum is calculated as follows:\n\n586,262 + 384,185 = 970,447 (in thousands).\n\nThis combined expense of approximately $970,447 (in thousands) supports the company's growth initiatives in several key ways. Investment in selling and marketing helps drive user acquisition, brand recognition, and market expansion, while spending on product development fosters innovation, enhances user experience, and enables the launch of new features or products. Together, these expenses are strategically aimed at strengthening the company's competitive positioning and fueling long-term revenue growth.","10",""
"237","a38864af","AMETEK's financial health, risk mgmt, strategy, purchase obligations, lease commitments, and debt interest - AME.","Here is a summary of AMETEK's financial health, risk management, strategy, purchase obligations, lease commitments, and debt interest based on the provided information:\n\n**Financial Health:**\n- AMETEK posted record results in 2023, with net sales of $6,597.0 million (up 7.3% from 2022) and net income of $1,313.2 million (up 13.3%). Diluted EPS was $5.67, up 13.2% from the prior year. Cash provided by operating activities was $1,735.3 million, a 51% increase from 2022. The company also reported record backlog and operating cash flow (Chunks 5, 10, 12, 13).\n\n**Risk Management:**\n- AMETEK is subject to risks such as economic downturns, especially in key markets like aerospace, defense, oil and gas, and power. The company's diversified geographic and industry presence helps mitigate risks associated with unfavorable developments in any single industry or country (Chunks 3, 10, 12).\n- The company is also exposed to risks from litigation, regulatory matters, and environmental liabilities but does not expect these to have a material adverse impact on its financials (Chunk 9, 14).\n\n**Strategy:**\n- AMETEK's strategy centers on four key areas: Operational Excellence, Strategic Acquisitions, Global & Market Expansion, and New Products (Chunks 2, 10, 12).\n- The company focuses on acquiring businesses that complement its operations, having spent $2,237.9 million in 2023 to acquire four businesses (Chunks 12, 13).\n- Capital deployment is balanced among acquisitions, dividends, and share repurchases (Chunk 4).\n\n**Purchase Obligations:**\n- As of December 31, 2023, AMETEK had $790.0 million in purchase obligations, mainly for contractual commitments to purchase inventories at fixed prices (Chunk 1).\n\n**Lease Commitments:**\n- As of December 31, 2023, right-of-use assets were $229.7 million, and total lease liabilities were $243.5 million. Lease liability payments are scheduled through 2028 and beyond, with $59.5 million due in 2024. Weighted average remaining lease term for operating leases is 6.66 years, and the average discount rate is 4.48% (Chunk 1).\n\n**Debt Interest:**\n- Interest expense for 2023 was $81.8 million (Chunk 5).\n\n**Other Notes:**\n- The company's principal market is the New York Stock Exchange (AME), and it maintains a strong market position in several niche sectors.\n- AMETEK does not have any significant uncommenced leases and does not routinely provide significant guarantees, though it has issued some guarantees and surety bonds in the ordinary course of business (Chunk 1).\n\nIn summary, AMETEK demonstrates strong financial health, prudent risk management through diversification, a strategy focused on operational excellence and strategic acquisitions, manageable purchase and lease commitments, and moderate debt interest expenses.","The provided data allows us to draw several insights into AMETEK, Inc.'s financial health and risk management approach. First, the company's purchase obligations of $723.6 million due within one year and $66.4 million due beyond one year indicate that a significant portion of its contractual commitments are due in the near term. This concentration of near-term obligations requires robust liquidity management to ensure the company can meet its short-term commitments without straining its cash flows. \n\nSecond, the lease commitments, which extend from 2024 to 2032 and include options for renewal or purchase, suggest that AMETEK has structured its long-term operating expenses in a flexible manner. This flexibility through renewal or purchase options mitigates the risk of sudden increases in occupancy costs and allows the company to adapt as market conditions change. \n\nThird, the inclusion of long-term debt and related interest payments within the contractual obligations indicates that the company has incorporated debt financing into its capital structure but managed it within a framework that outlines specific payment obligations. When viewed alongside standby letters of credit and surety bonds amounting to $193.6 million, it is clear that AMETEK has taken additional steps for performance and payment guarantees. These measures help to mitigate credit and counterparty risks, suggesting a conservative risk management posture. \n\nOverall, these insights point to a strategy where AMETEK endeavors to manage liquidity and operational risks proactively by spacing out obligations over different time horizons, incorporating flexibility via lease options, and securing collateral through guaranteed instruments. The data reflects a balanced approach to meeting contractual and debt-related commitments, which is a positive indicator of sound financial management and risk mitigation strategies.","9",""
"238","66717c5b","Key financial metrics for resilience amid economic and supply volatility for Valero Energy (VLO) remain robust.","Valero Energy's key financial metrics demonstrate resilience amid economic and supply volatility:\n\n- For the year ended December 31, 2023, Valero reported $8.8 billion in net income attributable to stockholders, driven by strong worldwide demand for petroleum-based transportation fuels and constrained supply, resulting in strong refining margins.\n- Operating cash flow was $9.2 billion in 2023, with $1.9 billion invested back into the business and $6.6 billion returned to stockholders through share repurchases and dividends.\n- The company increased its cash and cash equivalents by $562 million, reaching $5.4 billion as of December 31, 2023, and had total liquidity of $10.5 billion.\n- Total assets rose to $63.1 billion at year-end 2023, with a strong equity position of $28.5 billion.\n- Valero also reduced outstanding debt by $199 million in 2023.\n- The company actively manages commodity price risks through derivative instruments and maintains daily oversight of these positions to ensure compliance with risk management policies.\n\nThese metrics highlight Valero's robust financial position and ability to generate strong cash flows, maintain liquidity, and manage risks effectively despite economic and supply chain volatility.","Investors looking to assess Valero's capacity to endure economic downturns and disruptions in feedstock supply should focus on several key areas in the company's financial statements and accompanying disclosures:\n\n1. **Liquidity and Cash Flow Strength**: Check the balance sheet and cash flow statement to evaluate current and quick ratios as well as operating cash flows. A strong liquidity position ensures that the company can meet its short-term obligations when faced with supply disruptions or margin compressions.\n\n2. **Leverage and Debt Servicing**: Examine the debt levels (total debt, debt/equity ratio, and interest coverage ratios) to understand how much financial flexibility Valero has. Lower leverage or strong capability to service debt suggests that the company is better insulated against periods of depressed cash flows.\n\n3. **Margin Analysis**: Look at operating margins and EBITDA margins in the income statement. Stability in margins over time suggests that Valero can manage cost fluctuations even when feedstock prices change significantly. Changes in these metrics might signal vulnerability to cost pressures or competitive disadvantages.\n\n4. **Hedging and Risk Management Disclosures**: Review the notes related to derivative positions and risk management strategies. Valero might use hedging to offset volatility in feedstock prices. Adequate and effective hedging mechanisms can mitigate the impact of supply disruptions or price shocks.\n\n5. **Strategic Investments and Capital Allocation**: Assess the company's investments in refining capacity, technology improvements, or diversification of supply sources mentioned in capital expenditures (CAPEX) notes or MD&A sections. These investments could enhance operational resilience during downturns.\n\n6. **Competitive Positioning and Revenue Diversification**: Finally, compare disclosures regarding feedstock procurement and marketing operations. While Valero doesn't have an integrated retail network or significant primary feedstock production like some competitors, any strategic measures or diversification in operation that are noted may help to offset cyclic pressures.\n\nBy monitoring these financial metrics and associated disclosures, investors can gain insights into how effectively Valero is positioned to manage industry-specific economic risks and supply shocks.","8",""
"235","41f5d451","Impact of AES board expertise on financial stability & risk mgmt, AES.","The expertise of AES's Board of Directors contributes positively to the company's financial stability and risk management. Under the leadership of experienced executives such as President and CEO Andrés R. Gluski, who has held senior roles at AES since 2007 and has academic credentials in economics, the company has become a leader in clean technologies and energy innovation (Chunk 1). Other board members and executives, including those with backgrounds in human resources, legal, and international operations, add to the breadth of expertise overseeing AES's strategic direction.\n\nThe Board has adopted a Code of Business Conduct and Corporate Governance Guidelines, which govern the actions of all employees and are designed to promote ethical behavior and compliance with laws, thereby helping to prevent risks related to corruption, bribery, and other financial misconduct (Chunks 3, 9, 11).\n\nAES also maintains robust oversight of cybersecurity and related risks, with the Chief Information Security Officer reporting to the General Counsel and leading the company's cyber risk management (Chunk 2). This structure supports the safeguarding of AES's systems and data, which is critical for financial stability in a modern energy business.\n\nAdditionally, the Audit Committee plays a key role in risk oversight, particularly regarding financial statements, internal controls, compliance, and auditing (Chunk 4). Independent auditors have expressed unqualified opinions on both AES's financial statements and its internal control over financial reporting, indicating effective governance and risk management practices are in place (Chunks 6, 8).\n\nIn summary, the diverse experience and governance practices of the AES Board, combined with formal risk management frameworks and strong internal controls, support the company's financial stability and effective risk management.","The information provided clearly demonstrates that AES Corporation's board and executive leadership comprises individuals with broad-based, cross-functional expertise and extensive international experience. This diversity is evident in several ways:\n\n1. Broad Industry and Functional Expertise: Many executives such as Stephen Coughlin, Bernerd Da Santos, Ricardo Falú, and Juan Ignacio Rubiolo have held multiple roles that span finance, strategy, operations, and corporate governance. Their multifaceted backgrounds allow them to provide holistic oversight of the company's financial planning and risk management processes.\n\n2. Global Perspective and Local Insights: Their leadership in diverse global subsidiaries--AES Clean Energy, AES Andes, IPALCO and others--ensures that decision-making benefits from both global economic perspectives and local market nuances. This enables the company to better hedge against country-specific risks and regulatory uncertainties by understanding local market dynamics.\n\n3. Integrated Risk Management: With experience in handling operations across various regions and sectors (from renewables to traditional energy markets), the board's cross-functional experience aids in identifying, assessing, and mitigating risks. Their prior roles in financial planning, strategy, and operational adjustment in international settings contribute to robust risk management practices and financial discipline.\n\n4. Enhanced Financial Stability: The diversity in their skill sets and experience in capital allocation, investment planning, and efficiency improvements strengthens AES's financial underpinnings. By integrating insights from multiple business areas, the leadership can make informed strategic decisions, optimize cash flow management, and allocate resources wisely, all of which enhance the company's overall financial stability.\n\nIn summary, the diverse expertise and cross-functional experience of AES Corporation's board members foster financial stability and effective risk management by enabling a comprehensive, well-informed, and globally attuned approach to decision-making and oversight.","8",""
"239","1b0fa6b2","AEE repurchase activity for Oct-Dec '23: volume, avg price, cap allocation.","Ameren Corporation (AEE) did not purchase any equity securities reportable under Item 703 of Regulation S-K during the period from October 1, 2023, to December 31, 2023. Therefore, there was no repurchase activity--no shares repurchased, no average price, and no capital allocated to repurchases in that period.","In October 2023, Alliant Energy repurchased 5,338 shares at an average price of $49.75, which was the highest volume month. In November, the company reduced the repurchase volume to 3,685 shares, purchasing them at a slightly lower average price of $49.32. December saw a very minimal repurchase of only 25 shares at a higher average price of $51.16, suggesting that market conditions or internal strategic decisions led to a pause or reduction in active buying near the quarter‐end.\n\nThis pattern indicates that the company was more aggressive with its share repurchases when share prices were in a lower range during October and November. The significant drop in repurchase volume in December, particularly at a higher price, may suggest that the board or management was cautious about spending capital when the share price was less attractive, thereby reflecting a disciplined approach to capital allocation. Essentially, the timing and pricing suggest that Alliant Energy pursued share repurchases as a means to optimize shareholder value by taking advantage of favorable market conditions when possible.","1",""
"240","a6c10bf2","Calc Bio-Techne's 2024 net profit margin, assessing tickers' interest/non-op exp impact vs prior periods.","Bio-Techne's net profit margin for fiscal year 2024 can be calculated using net earnings attributable to Bio-Techne and net sales:\n\n- Net earnings attributable to Bio-Techne (2024): $168,105,000  \n- Net sales (2024): $1,159,060,000\n\nNet profit margin = (Net earnings / Net sales) x 100  \nNet profit margin = ($168,105,000 / $1,159,060,000) x 100 ≈ 14.5%\n\nAssessing the impact of interest and other non-operating expenses:\n- In 2024, total other income (expense), net was $(20,997,000), a shift from income of $39,715,000 in 2023 and $4,796,000 in 2022 (Chunk 1).\n- Interest expense rose to $15,736,000 in 2024 from $11,215,000 in 2023 and $11,309,000 in 2022.\n- The swing to a sizable non-operating expense in 2024 (compared to prior years' net income from these items) negatively affected pre-tax and net earnings.\n- Earnings before income taxes dropped to $185,689,000 in 2024 from $338,659,000 in 2023.\n\nSummary:\nBio-Techne's 2024 net profit margin is approximately 14.5%. The decline from prior years is largely due to a reversal from positive to negative non-operating income (especially a sharp drop in other non-operating income and higher interest expense), which significantly reduced pre-tax and net earnings compared to 2023 and 2022.","To calculate the net profit margin for 2024, you use the formula:\n\n  Net Profit Margin = (Net Earnings Attributable to Bio-Techne / Net Sales) x 100\n\nFor 2024, using the provided numbers:\n  Net Earnings = $168,105 thousand\n  Net Sales = $1,159,060 thousand\n\nSo, Net Profit Margin = (168,105 / 1,159,060) x 100 ≈ 14.5%\n\nWhen comparing this margin to previous years, several factors influenced the 2024 margin:\n\n1. Increased Interest Expense: The interest expense in 2024 was $15,736 thousand, which is higher than $11,215 thousand in 2023. This increased cost of borrowing reduces earnings, thereby compressing the net profit margin.\n\n2. Non-Operating Expenses: In 2024, the net amount from other non-operating income/expenses was a negative $20,997 thousand compared to net positive figures in previous years (for example, $39,715 thousand in 2023). This significant swing deteriorated the earnings available to cover net sales.\n\nOverall, despite net sales increasing slightly over the years, the elevated interest expense combined with the shift in non-operating items from a net benefit in previous years to a net expense in 2024 have both contributed to a lower net profit margin in 2024 relative to past years.","10",""
"241","cab1585f","Revenue from Comcast Corp theme parks, along with EBITDA & operational drivers, emphasizes sustainability. CMCSA.","Comcast Corporation's theme parks segment generated $8,617 million in revenue for the year ended December 31, 2024, compared to $8,947 million in 2023, representing a 3.7% decrease year-over-year. Adjusted EBITDA for the theme parks segment was $2,949 million in 2024, down from $3,345 million in 2023, an 11.8% decline.\n\nOperational drivers for the theme parks business include guest spending (ticket sales and in-park purchases of food, beverages, and merchandise), as well as revenue from consumer products and licensing of the Universal Studios brand and intellectual property. Revenue is closely tied to the overall environment for travel and tourism, consumer spending on leisure, and investment in new attractions, hotels, and infrastructure.\n\nComcast continues to emphasize sustainability and long-term growth in its theme parks by investing significantly in new destinations and experiences. Notably, the company is constructing Epic Universe in Orlando, expected to open in May 2025, and developing other projects such as Universal Kids Resort in Texas and Universal Horror Unleashed in Las Vegas. These investments are intended to positively impact attendance and guest spending, supporting both operational performance and sustainability of growth for the segment.\n\nReferences: [Chunks 1, 4, 5, 7, 14]","The provided data and segment commentary allow us to identify several key operational factors driving the growth in Theme Parks revenue and adjusted EBITDA in 2023 and to discuss the sustainability of this growth. First, on the operational side, Theme Parks revenue is generated primarily from guest spending - which includes ticket sales as well as in-park spending on food, beverages, merchandise and consumer products - and from licensing of the Universal Studios brand. The narrative indicates that, alongside strong attendance figures (reflected in revenue increases from $5,051 million in 2021 to $8,947 million in 2023), there have likely been improvements in guest spending per visit and additional revenue streams from service diversification (such as consumer products and licensing agreements). Moreover, adjusted EBITDA for Theme Parks increased from $2,683 million in 2022 to $3,345 million in 2023, suggesting that cost efficiencies or higher margin activities (e.g., an enhanced guest experience or premium pricing) are also at work. \n\nIn terms of sustainability, while the strong performance is underpinned by robust guest demand and diversified revenue drivers, future performance will depend on several factors. Recoveries in consumer discretionary spending, successful integration of diversified services, and the ability to manage increased operating costs (potentially driven by inflation or economic uncertainty) will be crucial. Additionally, theme park operations tend to be sensitive to economic cycles and external events (e.g., travel restrictions or economic slowdowns), so although the current growth appears promising, it may face headwinds if macroeconomic conditions deteriorate. Overall, while the increased revenue and EBITDA suggest healthy operational execution, sustainability will depend on maintaining high levels of guest engagement and managing costs in the face of a challenging economic environment.","8",""
"244","c8228f04","Blackstone's impact on cybersecurity risk and contractual liabilities.","Blackstone faces significant cybersecurity risks, which, if realized, could result in loss of data, business interruptions, reputational damage, regulatory actions, increased costs, and financial losses. These risks also expose the company to potential contractual liabilities, particularly if systems are compromised or if there is a failure to provide appropriate notifications in a timely manner. Blackstone's reliance on third-party service providers for technology platforms and cloud-based services introduces additional cybersecurity risks, as these vendors could also face threats and breaches, potentially leading to unauthorized access to sensitive information.\n\nTo manage these risks, Blackstone maintains a comprehensive cybersecurity program with measures such as physical and digital access controls, patch management, identity verification, employee training, vulnerability scanning, and annual penetration tests. The company conducts regular assessments of third-party vendors, including cybersecurity risk reviews and, where appropriate, contractual provisions that address best practices, audit rights, and remediation requirements. These efforts are designed to mitigate both cybersecurity risks and related contractual liabilities that could adversely affect Blackstone's business and financial results if not properly managed (Chunks 1, 2, 3, 7).","The provided information offers qualitative insights that allow us to assess several potential financial implications from Blackstone's approach to managing third‐party cybersecurity risks. First, by performing risk assessments and including cybersecurity best-practice clauses in contractual arrangements, Blackstone is likely aiming to mitigate the financial consequences of a cybersecurity breach. Specifically, contractual protections can shift or share financial liabilities with third-party vendors if a breach occurs, potentially reducing Blackstone's exposure to direct remediation costs, legal liabilities, and regulatory fines. Additionally, these contractual clauses might help prevent costly operational disruptions and reputational damage, which could adversely affect revenue. On the cost side, the rigorous vendor assessment and continuous monitoring programs can imply higher ongoing operational expenditures, as Blackstone allocates resources to ensure compliance and monitor vendor risks. In summary, while there may be increased upfront or operational costs associated with risk management and contractual enforcement, these measures are designed to lower potential liabilities and financial losses from cybersecurity incidents, improving Blackstone's overall risk profile and potentially stabilizing future financial performance.","8",""
"242","027b67ae","% change in diluted EPS FY Sept 29, 2024 vs Oct 1, 2023 for SBUX.","The diluted earnings per share (EPS) for Starbucks were $3.31 for the fiscal year ended September 29, 2024, and $3.58 for the fiscal year ended October 1, 2023.\n\nTo calculate the percent change:\n% change = [(3.31 - 3.58) / 3.58] x 100 = (-0.27 / 3.58) x 100 ≈ -7.54%\n\nSo, the diluted EPS decreased by approximately 7.5% from fiscal 2023 to fiscal 2024.","The diluted EPS for Starbucks Corporation for the fiscal year ended September 29, 2024 is $3.31. For the period ending October 1, 2023, the diluted EPS was $3.58. To calculate the percentage change:\n\nPercentage Change = [(New EPS - Old EPS) / Old EPS] x 100\n                   = [(3.31 - 3.58) / 3.58] x 100\n                   = [(-0.27) / 3.58] x 100 ≈ -7.54%\n\nThis means that the diluted EPS for fiscal year ended September 29, 2024 is approximately 7.54% lower than that reported for October 1, 2023.","10",""
"243","5fb47282","Impact on rev rec timing from EQIX output method.","I cannot find sufficient information in the provided documents to answer this question.","Under ASC 606, Equifax applies the output method to measure the transfer of control for its performance obligations, which has a direct impact on the timing of revenue recognition for both transactional and multi-year contracts. For transactional contracts, where services are provided on a one-time or on-demand basis, the output method means that revenue is recognized at the point when the customer consumes the service. In other words, as soon as the service is delivered and billed (with consumption being the measure of transfer to the customer), revenue is recognized because there are no rights of return once the service is consumed.\n\nFor multi-year contracts, even though these contracts span a longer period, the same output method is applied on a periodic (typically monthly) basis. This means that as each distinct performance obligation is satisfied over time--reflecting the consumption or delivery of a portion of the services--revenue is recorded accordingly. For example, if a multi-year contract uses tier pricing or has defined pricing with an undefined quantity, revenue is recognized monthly as the service is provided and billed, ensuring that the revenue recognition is aligned with the ongoing transfer of services.\n\nThus, the use of the output method standardizes the revenue recognition model across both types of contracts by aligning revenue recognition with the delivery and consumption of services, ensuring timely and systematic revenue recording based on service delivery.","1",""
"247","39bd185d","Monitoring liquidity & working capital for unbilled rev at CMS Energy.","CMS Energy monitors liquidity and working capital, including the management of unbilled revenues, through several key processes:\n\n- Unbilled revenues represent amounts for electricity or natural gas delivered to customers but not yet billed as of month-end. These are estimated by applying an average billed rate to total unbilled deliveries for each customer class and are recorded as accounts receivable and accrued revenue on CMS Energy's and Consumers' consolidated balance sheets. As of December 31, 2023, unbilled revenues were $494 million (down from $663 million in 2022) (Chunk 6).\n\n- Liquidity and working capital are managed by controlling operating expenses and capital expenditures, and by evaluating market conditions for financing and refinancing opportunities. CMS Energy and Consumers expect their present level of cash and expected cash flows from operations, along with access to sources of liquidity, to be sufficient to fund contractual obligations and material cash requirements for 2024 and beyond (Chunk 4).\n\n- Cash management includes using cash flows generated from operations (which would include collections of billed and unbilled revenues as they convert to cash), external financing, and stockholder contributions to fund capital expenditures, retire debt, pay dividends, and meet other obligations (Chunk 7).\n\n- CMS Energy continually assesses the allowance for uncollectible accounts, which affects working capital, based on historical losses, economic conditions, and customer payment trends. Accounts are written off when deemed uncollectible, generally when they are six months past due (Chunk 2, Chunk 6).\n\nOverall, CMS Energy's approach to monitoring liquidity and working capital incorporates careful estimation and collection of unbilled revenues, management of accounts receivable, and proactive liquidity planning to ensure sufficient cash resources to meet obligations.","The reference provides sufficient detail to assess the impact of a decrease in unbilled revenues on liquidity and working capital management. In this case, unbilled revenues declined from $663 million in 2022 to $494 million in 2023. Unbilled revenues represent the portion of revenue that has been earned (as the service is provided) but not yet billed due to timing differences in the billing cycle. A lower balance generally indicates that a smaller amount of revenue is tied up in this interim stage, which can have several implications:\n\n1. Liquidity Impact: A decrease in unbilled revenues can be positive for short‑term liquidity because less revenue is pending billing and thus less likely to be delayed in conversion to cash. Since unbilled revenues eventually become part of the accounts receivable pool, a decrease might imply that billed revenues and cash collections are occurring more promptly, thereby improving the cash conversion cycle.\n\n2. Working Capital Management: Unbilled revenues are a component of current assets. A smaller balance in unbilled revenue might improve working capital efficiency by reducing the asset balance that is in transition. This reduction could lower the risk of misstatement related to timing and collection, thereby helping management maintain a clearer picture of receivables and available liquidity. However, it is important that the decrease is consistent with operational changes (for example, more rigorous billing processes or shifts in consumption patterns) rather than a sign of declining customer usage.\n\n3. Monitoring by Management: The company's management monitors unbilled revenues by estimating the amount at each period‑end using an average billed rate applied to the total unbilled deliveries segmented by customer class. This estimation helps reconcile the timing differences due to the billing cycles that do not coincide with the month‑end. Furthermore, management assesses payment trends and historical losses to adjust the allowance for uncollectible accounts, which indirectly monitors the quality of both billed and unbilled revenues. Any changes in these balances are examined in the context of the underlying consumption patterns and rate adjustments set by the regulator (MPSC).\n\nIn summary, the decline in unbilled revenues could signal improvements in the cash conversion cycle and more efficient working capital management, provided that it reflects timely billing rather than reduced service consumption. Management actively tracks these metrics by estimating unbilled revenue based on actual delivery data and historical trends, ensuring that the liquidity and working capital positions are maintained in line with regulatory and operational expectations.","9",""
"246","a2d42ec3","Global union % for Vulcan Materials (VMC) and the US labor risk profile.","As of January 1, 2024, Vulcan Materials Company employed a total of 11,000 people globally:\n\n- United States: 10,382 employees, of whom 1,140 are represented by labor unions (approximately 11% unionized in the US).\n- Mexico: 335 employees\n- Honduras: 163 employees\n- Canada: 80 employees\n- Bahamas: 1 employee\n- Of the employees outside the US, 266 are represented by labor unions.\n\nCombining both US and international numbers, Vulcan Materials has 1,406 union-represented employees out of 11,000 total, resulting in a global unionization rate of approximately 13%.\n\nRegarding the US labor risk profile, Vulcan reports enjoying a satisfactory relationship with its employees, including its unionized workforce, and does not anticipate any significant issues with any unions in 2024. There is no indication of imminent labor instability or significant union-related risks in the US according to the most recent disclosures.","By summing the unionized employees in the United States (1,140) with those in other regions (266), we have a total of 1,406 unionized employees. The total global workforce is 10,382 (US) + 579 (from Mexico, Honduras, Canada, and the Bahamas) = 10,961 employees. Therefore, the overall percentage of unionized employees is approximately 12.83% (1,406 divided by 10,961 multiplied by 100). Notably, about 81% of the unionized workforce is in the United States, which means that labor relations risks are more concentrated domestically. Given the company's indication of a satisfactory relationship with its employees and unions, the risk seems managed; however, investors should monitor any changes in union dynamics, particularly in the U.S.","9",""
"248","251b390e","KMI's labor strategy, incorporating risk mitigation, emphasizes long-term performance.","I cannot find sufficient information in the provided documents to answer this question.","Kinder Morgan emphasizes a strategic human capital management approach by developing, retaining, and engaging a diverse workforce and maintaining strong employee relations. The reference indicates that the company employs 10,891 full-time personnel, including a portion of hourly employees covered by collective bargaining agreements with known expiration dates, suggesting predictability in labor costs and stability in labor relations. These factors can help mitigate operational risks related to workforce disruptions, labor disputes, or talent shortages, potentially supporting stable operational performance and enhancing competitive positioning over the long term.","1",""
"245","990bcfc5","Historical profitability of system executions & competitive position of Lockheed Martin vs Boeing & Northrop Grumman, TKR: LMT, BA, NOC.","Based on the provided context, here is a summary of the historical profitability of system executions (operating income and margins) and the competitive position of Lockheed Martin (LMT) versus Boeing (BA) and Northrop Grumman (NOC):\n\nLockheed Martin (LMT):\n\n- Profitability: For the year ended December 31, 2024, Lockheed Martin reported net earnings of $5.34 billion, down from $6.92 billion in 2023 and $5.73 billion in 2022. Comprehensive income for 2024 was $5.69 billion, compared to $6.14 billion in 2023 and $8.72 billion in 2022. (Chunk 5)\n- Business Segments: Lockheed Martin operates in four main segments: Aeronautics, Missiles and Fire Control (MFC), Rotary and Mission Systems (RMS), and Space. (Chunk 9)\n- Customer Base: In 2024, 73% of Lockheed Martin's $71.0 billion net sales were from the U.S. Government (65% from the Department of Defense), 26% from international customers, and 1% from U.S. commercial and other customers. (Chunk 9)\n- Competitive Position: Lockheed Martin is identified as a primary competitor in the defense, intelligence, and federal civil markets alongside Northrop Grumman, Boeing, RTX, General Dynamics, and L3Harris Technologies. The industry is characterized by long operating cycles and intense competition, with companies often acting as both competitors and subcontractors on different programs. (Chunk 2, 4)\n\nNorthrop Grumman (NOC):\n\n- Profitability: Northrop Grumman reported total operating income of $4.37 billion in 2024, up from $2.54 billion in 2023 and $3.60 billion in 2022. Earnings before income taxes were $5.02 billion in 2024, $2.35 billion in 2023, and $5.84 billion in 2022. (Chunk 11)\n- Segment Results: The company operates in four segments: Aeronautics Systems, Defense Systems, Mission Systems, and Space Systems. Segment operating income in 2024 was $4.54 billion, up from $2.76 billion in 2023 and $4.25 billion in 2022. (Chunk 11)\n- Customer Base: Northrop Grumman's largest customer is the U.S. government, accounting for 87% of sales in 2024, 86% in 2023, and 86% in 2022. (Chunk 2)\n- Competitive Position: Northrop Grumman, like Lockheed Martin, is a primary competitor in the sector, with intense competition and frequent collaboration or subcontracting among peers. (Chunk 2, 4)\n\nBoeing (BA):\n\n- The provided context does not include specific financial or segment profitability data for Boeing. However, Boeing is repeatedly cited as a primary competitor to Lockheed Martin and Northrop Grumman in the defense and aerospace sector. (Chunk 2, 4, 6, 7)\n\nStock Performance (as a measure of competitive position):\n\n- Both Lockheed Martin and Northrop Grumman provide a stock performance graph comparing themselves to the S&P 500 Index and the S&P Aerospace & Defense Index, which includes Lockheed Martin, Northrop Grumman, Boeing, and other major industry players. (Chunk 6, 7)\n- The presence of both LMT and NOC in the S&P Aerospace & Defense Index highlights their status as leading players in the industry.\n\nSummary of Competitive Position:\n\n- Lockheed Martin, Northrop Grumman, and Boeing are all major competitors in the aerospace and defense market, frequently bidding against each other and sometimes collaborating on large programs.\n- Both Lockheed Martin and Northrop Grumman have significant U.S. government exposure and similar business segment structures.\n- Lockheed Martin reported higher net earnings and sales than Northrop Grumman in 2024, but both showed strong profitability and leadership positions in their respective market segments.\n\nThere is insufficient information in the provided documents for Boeing's detailed profitability, but Lockheed Martin and Northrop Grumman are both highly competitive and profitable within the sector.","Lockheed Martin's historical performance in executing complex, integrated systems and its strong record of meeting program requirements play a pivotal role in both its profitability and competitive positioning. First, successful execution in this domain builds a reputation for technical excellence and reliability. This reputation not only fosters customer confidence -- which is crucial when competing for high-value government and defense contracts -- but also often enables the company to leverage premium pricing and improved profit margins on contracts. Additionally, dependable performance minimizes the risk of cost overruns and delays, thus safeguarding profitability through efficient project delivery and cost control.\n\nWhen compared with key industry players such as Boeing and Northrop Grumman, Lockheed Martin's proven ability to deliver integrated systems under stringent performance requirements becomes a differentiator. In an industry characterized by long operating cycles and high competitive pressure, a robust track record enhances its market credibility, making it more attractive for repeat business, joint ventures, and collaboration opportunities. Strong program execution also improves Lockheed Martin's position in competitive bids by reducing perceived risk by both customers and partners. While this narrative does not provide explicit quantifiable metrics or financial ratios, the qualitative evidence suggests that historical program success directly contributes to maintaining recurring revenue streams, operational efficiency, and a competitive edge in the defense and aerospace market.","8",""
"250","f5fdadad","Liquidity impact from McKesson's off-balance sheet obligations.","McKesson's off-balance sheet obligations, as of March 31, 2024, include interest on borrowings, purchase obligations, and other commitments. Specifically:\n\n- Interest on borrowings: $1,171 million\n- Purchase obligations: $7,305 million\n- Other off-balance sheet obligations: $348 million\n\nThese obligations represent future cash outflows for interest payments, purchases of goods and services (including inventory and capital commitments), and guarantees related to customer inventory and debt (Chunk 3).\n\nDespite these significant future commitments, McKesson indicates that it expects available cash from operations, its short-term investment portfolio, and access to liquidity from credit facilities and a $4.0 billion revolving credit facility to be sufficient to fund both short-term and long-term requirements, including off-balance sheet obligations. The company was in compliance with all debt covenants as of March 31, 2024, and believes it can continue to meet them (Chunk 7).\n\nIn summary, while off-balance sheet obligations represent substantial future cash requirements, McKesson expects to have sufficient liquidity to manage these commitments without adverse impact on its overall financial position.","The data shows that off‐balance sheet purchase obligations total $7,305 million, with nearly all ($7,297 million) due within one year. This indicates that while these obligations are not recorded as traditional debt on the balance sheet, they represent significant short-term cash commitments. In terms of short-term liquidity and working capital management, the following points are key:\n\n1. Short-Term Cash Outflow: With $7,297 million due within one year, the company must ensure that its operating cash flows, short-term borrowing facilities, or other liquid assets are sufficient to cover these obligations when they fall due. Failure to do so could strain liquidity, potentially forcing the company to liquidate assets or take on additional debt at unfavorable terms.\n\n2. Working Capital Planning: Although purchase obligations are part of normal operational commitments--such as buying inventory and services--they still require funding. The company must effectively integrate these outflows into its working capital cycle. This might involve negotiating favorable payment terms with vendors or ensuring that receivables and inventory turnover are managed efficiently to free up cash.\n\n3. Off-Balance Sheet Nature and Risk Management: Since these obligations are off-balance sheet, they do not immediately impact standard liquidity ratios calculated on the balance sheet. However, they are real commitments that will require cash. Therefore, liquidity risk assessments and working capital forecasts need to factor in these off-balance sheet items. \n\nOverall, the large short-term purchase obligation emphasizes the need for robust cash flow forecasting and working capital management. The company must maintain sufficient liquidity buffers and possibly secure committed credit lines to manage these near-term commitments without disrupting other operational needs.","8",""
"249","e325dfe4","GPM for TSN FY24 compared to historical margins.","For Tyson Foods (TSN), the gross profit margin (GPM) for fiscal year 2024 was 6.8%. This is calculated from sales of $53,309 million and cost of sales of $49,682 million, resulting in a gross profit of $3,627 million (GPM = $3,627 / $53,309 ≈ 6.8%).\n\nComparatively, the gross profit margins for previous years were:\n- Fiscal 2023: Gross profit margin was 5.0% ($2,631 million gross profit on $52,881 million sales).\n- Fiscal 2022: Gross profit margin was 12.5% ($6,668 million gross profit on $53,282 million sales).\n\nThus, TSN's FY24 gross margin (6.8%) increased from FY23 (5.0%), but remains significantly lower than FY22 (12.5%).","For the fiscal year ended September 28, 2024, Tyson Foods' gross profit margin is calculated as Gross Profit divided by Sales. The calculation is as follows:\n\nGross Profit Margin (2024) = 3,627 / 53,309 ≈ 0.0681, or about 6.81%.\n\nFor comparison with previous fiscal years:\n\n- Fiscal Year Ended September 30, 2023:\n  - Gross Profit Margin = 2,631 / 52,881 ≈ 0.0498, or about 4.98%.\n\n- Fiscal Year Ended October 1, 2022:\n  - Gross Profit Margin = 6,668 / 53,282 ≈ 0.1253, or about 12.53%.\n\nThus, in fiscal 2024, the gross profit margin increased to 6.81% from 4.98% in fiscal 2023, but it is still considerably lower than the 12.53% margin reported in fiscal 2022. This comparison highlights that while there was an improvement from 2023 to 2024, the margin remains significantly decreased relative to the 2022 performance.","10",""
"252","9b0ad675","Competitive positioning of United Airlines' domestic route network versus foreign carriers, TKR: UAL.","United Airlines' domestic route network is primarily positioned against other U.S. airlines rather than foreign carriers. By U.S. law, foreign carriers are prohibited from carrying local passengers between two points within the United States, and United generally faces similar restrictions abroad. This means foreign carriers cannot directly compete with United on domestic U.S. routes (Chunk 1, Chunk 8).\n\nUnited's competitive positioning domestically is influenced by its comprehensive route network, with major hubs in large business and population centers such as Chicago, Denver, Houston, Los Angeles, New York/Newark, San Francisco, and Washington, D.C. This hub-and-spoke system enables United to offer frequent service and connect a large number of destinations, providing a significant advantage in capturing ""origin and destination"" traffic within the U.S. (Chunk 10, Chunk 14).\n\nWhile foreign carriers cannot compete directly on U.S. domestic routes, they can access interior U.S. markets through alliances, joint business agreements (JBAs), and codeshare arrangements with U.S. airlines like United. These agreements allow foreign carriers to exchange traffic with United and reach beyond traditional U.S. gateway cities, but always in partnership with a U.S. airline (Chunk 3, Chunk 8).\n\nOverall, United's domestic network is protected from direct foreign carrier competition by regulatory barriers, and its competitive positioning relies on the scale and connectivity of its hub system, frequent service, and strategic partnerships. The principal domestic competitors for United remain other U.S. carriers, especially traditional network, low-cost, and ultra-low-cost carriers (Chunk 4, Chunk 12).","The provided reference indicates that United Airlines' integrated domestic route network is a key asset that enhances its competitive positioning against foreign carriers, even those benefiting from fifth freedom rights and other operational advantages. Specifically, an integrated domestic network allows the company to:\n\n1. Generate Robust Feeder Traffic: The extensive domestic network ensures a steady stream of passengers connecting to international flights. This connectivity is crucial because it drives overall traffic to international routes where foreign carriers might have operational advantages.\n\n2. Enhance Flexibility and Coverage: An integrated domestic route system provides scheduling flexibility and increased market reach within the United States. This means United can optimize its network to better match demand patterns and adjust capacity, making it less dependent solely on international operations.\n\n3. Create Synergies and Operational Efficiency: By coordinating domestic and international services, the company can streamline operations, reduce turnaround times and improve load factors. This synergy is essential when competing on international routes where foreign rivals may have more favorable regulatory or operational conditions (such as fifth freedom rights).\n\n4. Overcome Regulatory Limitations: Since U.S. carriers are often limited by regulations in terms of carrying passengers between domestic points, a robust domestic network helps in building a strong feeder system that supports international connectivity despite these limitations. This network compensates for any competitive disadvantages by ensuring that passengers have a seamless travel experience.\n\nIn summary, United Airlines leverages its integrated domestic network to not only generate additional passenger traffic through domestic-feeder flights but also to create operational and strategic synergies. This enhanced connectivity and flexibility position the company favorably against foreign carriers that might otherwise have advantages in specific international markets.","6",""
"253","1cd23310","Incremental net profit vs sales CAT for 2023-2022.","For Caterpillar (CAT), the incremental net profit and sales from 2022 to 2023 are as follows:\n\n- Net profit increased from $6.705 billion in 2022 to $10.335 billion in 2023, which is an increase of $3.630 billion.\n- Total sales and revenues increased from $59.427 billion in 2022 to $67.060 billion in 2023, an increase of $7.633 billion.\n\nSo, between 2022 and 2023, Caterpillar's incremental net profit was $3.630 billion, and incremental sales were $7.633 billion.","For Caterpillar Inc., the incremental increase in net earnings from 2022 to 2023 is calculated by subtracting the 2022 net profit ($6,705 million) from the 2023 net profit ($10,335 million), which gives an increase of $3,630 million. Similarly, the increase in sales is calculated by subtracting 2022's total sales and revenues ($59,427 million) from 2023's total sales and revenues ($67,060 million), resulting in an increase of $7,633 million. This demonstrates that while net earnings increased by $3,630 million, sales increased by $7,633 million over the same period.","10",""
"251","fa1591d6","TPR's (Tapestry, Inc.) gift card liability breakage impact on revenue/prof profitability amid changing redemption patterns.","I cannot find sufficient information in the provided documents to answer this question.","The data provided on the recognition and accounting treatment of gift cards makes it possible to analyze how changes in redemption patterns may affect future revenue recognition and overall profitability. Since gift cards are recorded as liabilities until redeemed and the company uses historical breakage rates (i.e., the portion of gift cards estimated never to be redeemed) to recognize revenue over time, any deviation in redemption patterns from historical norms will have a notable impact:\n\n1. Timing of Revenue Recognition: \n   - If customers redeem more gift cards than historically expected, a larger portion of the liability will be converted to revenue at the time of redemption. This may delay recognition of revenue if the higher-than-expected redemptions occur in future periods, causing a potential mismatch between cash receipt and revenue recognition. \n   - Conversely, if fewer gift cards are redeemed (i.e., higher breakage rates than anticipated), then revenue may be recognized sooner based on estimates, as the company adjusts the breakage estimation. \n\n2. Accuracy of Revenue Estimates: \n   - Changes in redemption behavior mean that historical estimates may no longer be reliable. If the company continues to use outdated breakage assumptions, it might overestimate or underestimate the amount of deferred revenue.\n   - Overestimating breakage (assuming more gift cards will go unredeemed than actually do) could lead to prematurely recognizing revenue, inflating current period profitability, but then later, when redemptions occur, adjustments might be needed which can impact future periods negatively.\n   - Underestimating breakage would result in slower recognition of revenue despite higher cash inflows, potentially deferring earnings and affecting profitability metrics in the short term.\n\n3. Overall Profitability Effects: \n   - Altered redemption patterns can shift the timing of when revenue (and thus profits) is recognized. For instance, delayed revenue recognition can lead to lower reported profit margins in the current period even though cash has been received, impacting key financial metrics and investor perceptions.\n   - Additionally, if redemption patterns become unpredictable, it may require the company to increase reserves or adjust its accounting estimates, possibly affecting its reported net income and necessitating more conservative future forecasting.\n\nIn summary, if customer redemption patterns change significantly relative to historical data, the timing and magnitude of revenue recognition will shift, which in turn may create volatility in reported profitability. Management will need to reassess and adjust the breakage estimates to ensure that the financial statements accurately reflect the economic reality. This is crucial for maintaining transparent and consistent profit margins and revenue forecasts.","1",""
"256","39cede68","CHRW's defined contribution plan expns. for 2021-2023.","I cannot find sufficient information in the provided documents to answer this question.","Between 2021 and 2023, the defined contribution plan expenses experienced noticeable fluctuations. In 2021, expenses were $48,714K. They increased by approximately $10,545K (or about 21.6%) to $59,259K in 2022, and then decreased by approximately $13,405K (or about 22.6%) to $45,854K in 2023. Overall, compared to 2021, expenses in 2023 are slightly lower by roughly $2,860K (a decrease of about 5.9%). \n\nThese changes could indicate that the company's strategy for managing employee benefits costs is dynamic. The sharp increase from 2021 to 2022 might suggest an expansion in the employee base, changes in compensation levels, or a higher cost associated with plan matching contributions. The subsequent reduction in 2023 could imply improved cost control measures, adjustments in the structure of the benefit contributions, or fluctuations in the number of eligible participants. Despite maintaining a consistent six percent matching contribution over the three years, the variations in total expenses reflect how operational factors (such as workforce size or wage levels) and possibly strategic cost management practices are influencing overall expenses related to the defined contribution plan.","1",""
"254","e045ad71","Risk of delivery timing for UAC due to mfr. issues.","Based on the provided context, the risk of delivery timing for UAC (assuming UAC refers to an entity receiving manufactured products) due to manufacturer issues is significant. Delays in delivery schedules can occur for various reasons, including production delays by the manufacturer, regulatory concerns, and manufacturing process issues. These issues may result in longer-than-normal lead times and unpredictable delivery schedules, potentially having a material impact on operations (see Chunk 1 and Chunk 10).\n\nManufacturing issues that can cause such delays include component shortages, errors, defects in materials, equipment malfunctions, and disruptions at manufacturing facilities (Chunk 3, Chunk 6, Chunk 7). These disruptions can lead to increased costs, reduced ability to meet customer demand, and negative impacts on revenue and gross margins.\n\nIn summary, manufacturer issues present a real risk to delivery timing for UAC, potentially leading to material delays and adverse financial impacts.","The provided data allows investors to assess that United's future commitments, amounting to around $60.1 billion over multiple years, are spread out with differing levels of commitment across 2024, 2025, 2026, 2027, 2028, and after 2028. This multifaceted schedule implies both near-term and longer-term capital allocation pressures. Investors, therefore, should interpret the risk profile as follows:\n\n1. Timing Adjustments: The data notes that the aircraft are scheduled for delivery through 2033 and that the expected delivery numbers may be adjusted based on communications from Boeing and Airbus or estimates by United. This means that while contractual obligations exist, the actual delivery timing can shift. For instance, the uncertainty marked for the 737 MAX 10 deliveries (where certification delays have led to difficulties in forecasting delivery periods) highlights that some aircraft categories are more prone to timing adjustments.\n\n2. Manufacturer Issues: The detailed notes make clear that manufacturer performance (including potential issues such as production delays or certification challenges) can affect delivery schedules. This indicates that even with fixed capital commitments, if Boeing or Airbus encounter difficulties, United's planned fleet expansion or modernization schedule might be disrupted. Such disruptions could lead to periods of underutilization of aircraft capacity or require adjustments in fleet planning and financing.\n\n3. Overall Risk Assessment: Given these factors, investors should view United's risk as twofold. First, there is execution risk related to the manufacturers meeting delivery timelines - potential delays could impact operational planning and financial forecasts. Second, the adjustment clause, where the amount and timing of commitments might change due to contract modifications or cancellation rights, means there is inherent flexibility (and uncertainty) in the commitment schedule. However, the diversification of delivery dates helps mitigate the risk by not concentrating capital outlay in a single period.\n\nIn summary, while the capital commitment schedule is clearly structured, the embedded notes about adjustments and potential manufacturing issues indicate that investors should remain cautious. Monitoring the progress of aircraft certifications (e.g., for the 737 MAX 10) and any communications from the manufacturers will be key for a dynamic risk assessment moving forward.","5",""
"255","b0597a7c","Seller experience on eBay directly impacts buyer confidence, which in turn affects competitive positioning & profitability.","The seller experience on eBay is closely tied to buyer confidence, which directly impacts eBay's competitive positioning and profitability. eBay invests in technology and tools to improve the quality of the selling experience, such as AI-driven listing descriptions, streamlined payment processes, and expanded international shipping, all designed to make selling easier and more attractive (Chunks 2, 5, 6, 9). A positive seller experience helps eBay attract and retain sellers, which increases the volume and selection of goods available, a key competitive factor (Chunk 1).\n\nTo foster buyer confidence and trust, eBay offers protections like the Money Back Guarantee and Authenticity Guarantee, covering most purchases in major markets and authenticating eligible luxury and collectible items (Chunks 2, 7, 11). These programs reduce risks for buyers, encourage purchases, and enhance satisfaction.\n\nIf the seller experience is poor, resulting in issues like delayed shipments, misrepresented items, or increased fraud, buyer trust can erode, leading to a decline in transaction volume, loss of market share, and diminished brand value (Chunks 4, 7, 10). Conversely, a strong seller experience supports a healthy marketplace, bolsters buyer confidence, and sustains eBay's profitability and competitive edge.","eBay's strategic emphasis on delivering a high-quality seller experience combined with building buyer confidence creates a strong dual engine for growth that can improve both its competitive positioning and overall profitability. By investing in advanced technologies such as an AI-driven 'magical listing experience' and expanded Promoted Listings, eBay is enhancing the speed and efficiency of listings, which can attract and retain top sellers. Improved seller tools lead to a more robust and diverse inventory, directly contributing to an increase in gross merchandise volume (GMV). \n\nAt the same time, buyer-centric initiatives like the eBay Money Back Guarantee and Authenticity Guarantee foster trust and safety in the marketplace. This, in turn, improves customer loyalty and repeat purchase rates. The combination of these measures helps create a reliable, scalable, and customer-focused platform, effectively differentiating eBay in the competitive e-commerce landscape. \n\nUltimately, the improved seller and buyer experiences are likely to result in higher quality listings and transactions, better price realization, and fewer disputes. This could translate into enhanced revenue streams, improved margins, and a stronger market share, thus making a positive impact on overall profitability.","9",""
"257","bcdb1074","Impact of net investments on investing cash flow for ETSY in 2023 vs. 2022.","In 2023, Etsy's net cash used in investing activities was $73.3 million, compared to $30.0 million in 2022. A significant driver of this increase was higher purchases of investments, which totaled $342.9 million in 2023 versus $270.3 million in 2022. Although there were also sales and maturities of investments ($309.5 million in 2023 and $277.5 million in 2022), the net effect of these investment activities resulted in a greater outflow in 2023 compared to 2022. Other components, such as capital expenditures and internal-use software development, also contributed to the total, but the net investments (purchases less sales/maturities) had the largest impact on the change in investing cash flow between the two years.","In 2023, in addition to the $39.9 million spent on capital expenditures (which included $27.0 million for website development and internal-use software), the company used an extra $33.4 million for net purchases of investments. This means that for 2023, the overall cash outflow from investing activities was driven by both significant capital expenditures and this additional investment purchase activity. In contrast, for 2022, while capital expenditures of $30.7 million (including $20.5 million for website development) were reported, there is no mention of any net purchases of investments. Therefore, the 2023 cash flow from investing activities experienced a notably higher outflow, partially due to the additional $33.4 million spent on investments--a factor that was not present (or at least not mentioned) in the 2022 data.","8",""
"258","de70a4bc","Age, role dist., & governance of Synopsys execs is crucial for sustainable decision-making.","As of December 18, 2024, the executive officers of Synopsys and their ages and roles are:\n\n- Sassine Ghazi, 54 - President and Chief Executive Officer\n- Aart J. de Geus, 70 - Executive Chair of the Board of Directors\n- Shelagh Glaser, 60 - Chief Financial Officer\n- Richard Mahoney, 62 - Chief Revenue Officer\n- John F. Runkel, Jr., 69 - General Counsel and Corporate Secretary\n\nGovernance Structure:\n- Synopsys maintains a robust governance structure, with executive management and the Board of Directors actively overseeing key areas such as cybersecurity, ESG (Environmental, Social, and Governance) efforts, and human capital.\n- The Board, including a Corporate Governance and Nominating (CGN) Committee, is engaged in regular oversight of strategic risks and organizational culture. The CGN Committee comprises individuals with strong backgrounds in relevant areas like cybersecurity.\n- Senior management, including the Chief Information Security Officer (CISO), regularly reports to the Board and CGN Committee on risk management, cybersecurity, and other critical business areas.\n- The company emphasizes inclusion, leadership development, and succession planning as part of its human capital strategy, supported by programs to ensure strong, diverse, and effective leadership.\n\nThis combination of experienced leaders, clear roles, and active governance supports sustainable and well-informed decision-making at Synopsys.","The available data--showing the ages and roles of Synopsys' five key executives--allows for a qualitative assessment of the company's leadership profile as it relates to governance and sustainable decision‐making. The team consists of individuals aged 54, 60, 62, 69, and 70, covering roles from President/CEO to Executive Chair, CFO, Chief Revenue Officer, and General Counsel. This mix suggests a blend of experience and presumably a deep industry understanding, which is an essential element for robust governance. For example, the Executive Chair at age 70 and the General Counsel in their late 60s imply a wealth of experience and possibly long-established networks and insights into regulatory, legal, and strategic matters. Meanwhile, the President/CEO at 54 might be more in touch with current market trends and innovative approaches, which can complement the stability offered by older executives. Additionally, having specialized roles such as CFO and Chief Revenue Officer in their early 60s indicates that financial discipline and revenue strategy are in capable hands with seasoned professionals.\n\nOverall, this age and role distribution can be interpreted as a sign of balanced leadership: seasoned executives bring continuity and risk management capabilities, whereas the relatively younger CEO can drive change and adapt to evolving business challenges. This balance is generally favorable for sustainable decision-making. However, while the data supports observations regarding experience and maturity, a full evaluation of governance quality would additionally require insights into board diversity, tenure, specific decision-making processes, and strategic vision. With the current data, though, the outlook on stable, experienced governance that potentially enables sustainable decision-making is well-supported.","9",""
"259","27902306","AVB net cash investing breakdown: dev/redev, acquisitions, capex?","For the year ended December 31, 2023, AvalonBay Communities (AVB) had the following breakdown of net cash used in investing activities (amounts in thousands):\n\n- Development/redevelopment of real estate assets (including land acquisitions and deferred development costs): $901,847\n- Acquisition of real estate assets: $215,889\n- Capital expenditures on existing real estate assets: $178,312\n- Capital expenditures on non-real estate assets: $18,962\n\nThese were the primary components of net cash used in investing activities for AVB in 2023.","AvalonBay Communities, Inc.'s net cash used in investing activities is broken down as follows:\n1. Development and Redevelopment Investments: $901,847,000 was invested in the development and redevelopment of communities.\n2. Acquisitions: $215,889,000 was used for the acquisition of three wholly-owned communities.\n3. Capital Expenditures: $197,274,000 was spent on capital expenditures for wholly-owned communities and non-real estate assets.\nThese uses of cash were partially offset by $467,096,000 received from the disposition of four operating communities and the sale of for-sale residential condominiums. While the question primarily asks for the detailed allocation of cash used (which is clearly provided), it is useful to note that the total cash outflow before considering offsets sums to $1,315,010,000 (i.e., $901,847,000 + $215,889,000 + $197,274,000). After accounting for the offset from the sales proceeds, the net cash used in investing activities would be $847,914,000. However, the detailed breakdown being requested focuses on the three primary amounts as listed above.","8",""
"261","2344e0e3","Impact of CAT geo/product mix on rev & profit.","The provided documents do not contain specific quantified details on the impact of Caterpillar's (CAT) geographic or product mix on revenue and profit. However, it is noted that Caterpillar operates globally through three main segments (Construction Industries, Resource Industries, and Energy & Transportation), and its performance is influenced by factors such as product performance, customer service, quality, price, and competition in various regions and product categories (Chunks 8, 9, 13).\n\nWhile the documents explain that changes in product and geographic mix can affect sales and margins due to varying demand, competition, and pricing environments in different markets, there is no direct breakdown or analysis of how geographic or product mix specifically impacted CAT's 2023 revenues or profits.\n\nTherefore, the answer is:\nI cannot find sufficient information in the provided documents to answer this question.","The provided reference text includes qualitative risk disclosures that allow us to address the question from a qualitative perspective, though not with precise numerical calculations. In general, changes in the geographic mix of sales can have a significant impact on revenue growth and overall profitability because each region may have different economic conditions, regulatory environments, competitive pressures, and pricing dynamics. For example, if Caterpillar increases its share of revenue from regions with slower economic growth or tighter margins, its overall profitability could decline despite higher overall sales volumes. Similarly, changes in product mix are critical: if the product portfolio shifts toward lower-priced or discount segments to gain market share in competitive environments, revenue might grow but at the expense of profit margins. Conversely, focusing on higher-margin, premium products might boost overall profitability even if revenue growth is more modest.\n\nThus, the key insights are:\n1. Geographic mix risk: Diversification in regions can help mitigate risks, but if the shift capitalizes on markets with lower profitability or greater price competition, it can depress margins, thus affecting overall profitability despite higher top-line revenue.\n2. Product mix risk: An increased proportion of lower-margin products can drive revenue growth, yet result in decreased profitability. On the other hand, a heavier reliance on higher-margin products, although potentially limiting revenue growth in volumes, may improve overall profitability.\n\nIn summary, while shifts in geographic and product mix can contribute to changes in revenue growth, they also pose risks to profitability. The company's performance will depend on how well it balances these shifts with strategies to manage cost structures and competitive pricing pressures.","2",""
"260","50a5fbfa","Impact of BR depreciation/amortization evolution on profitability & cash flow, Ticker.","Based on the provided context, Broadridge Financial Solutions, Inc. (Ticker: BR) reports depreciation and amortization as part of its operating expenses, specifically within ""cost of revenues"" and ""selling, general and administrative expenses."" However, the exact figures for depreciation and amortization are not separately disclosed in the context above.\n\nRegarding the impact on profitability and cash flow:\n\n- Profitability: Depreciation and amortization are non-cash expenses that reduce reported operating income and net earnings. As operating expenses have increased over the past years (total operating expenses were $5,489.7 million in 2024, $5,124.5 million in 2023, and $4,949.2 million in 2022), they have an effect on profitability by lowering operating income and net earnings. Net earnings for BR were $698.1 million in 2024, $630.6 million in 2023, and $539.1 million in 2022.\n\n- Cash Flow: Since depreciation and amortization are non-cash charges, they do not directly impact operating cash flow. In cash flow statements (not provided here), these expenses are typically added back to net income to arrive at cash flows from operating activities, thus improving reported operating cash flow compared to net earnings.\n\nIn summary, while increased depreciation and amortization lower reported profitability, they do not reduce cash flow from operations, as these are non-cash expenses. The context does not provide specific trends or figures for depreciation and amortization themselves, so a more granular analysis is not possible with the provided information.\n\nTicker: BR (Broadridge Financial Solutions, Inc.)","Over the three-year period, the evolution of non‐cash expenses is evident in the reported figures for depreciation, amortization, and amortization of acquired intangibles and other assets. Specifically:\n\n1. **Depreciation and Amortization**: The combined amount increased from $82.4 million in FY2022 to $84.4 million in FY2023, and further to $119.8 million in FY2024. This upward trend suggests that either the asset base has grown or newer assets are being depreciated on an accelerated schedule. It may also be an indication that investments in capital assets are increasing, which in turn can affect the future depreciation expense profiles.\n\n2. **Amortization of Acquired Intangibles**: This expense has been decreasing over the period. It fell from $250.2 million in FY2022 to $214.4 million in FY2023 and further to $200.3 million in FY2024. Such a decline could be interpreted as the outcome of prior acquisitions being amortized over time--indicating that either fewer new intangible assets have been acquired or that the existing intangible assets are aging, resulting in a smaller amortization burden going forward.\n\n3. **Amortization of Other Assets**: This line item shows some fluctuation. It was $131.4 million in FY2022, dipped slightly to $126.2 million in FY2023, and then increased to $157.8 million in FY2024. Such variability could suggest changes in the composition or valuation of other intangible or deferred-assets that are being amortized.\n\n**Impact on Profitability and Cash Flow Analysis**:\n\n- **Profitability**: Although depreciation and amortization expenses lower reported earnings (e.g., earnings before income taxes), they do not represent actual cash outflows. Therefore, when analysts look at profitability metrics like operating income or net income, they may also consider non-cash adjustments. The increasing trend in depreciation and amortization may depress reported profits even as the underlying cash generation remains robust.\n\n- **Cash Flow**: In a cash flow analysis, these non-cash expenses are typically added back to net income in the operating cash flow calculation. This means that while they reduce EBIT and pre-tax earnings, they do not reduce the actual cash available to the business. However, a trend of increasing depreciation could signal growing capital investments that might require future cash outlays for ongoing capital expenditures or eventual asset replacement.\n\nOverall, the evolution in these non-cash charges should prompt analysts to adjust earnings for a clearer picture of cash flow generation and operational efficiency. The decline in amortization of acquired intangibles might indicate a maturation phase of prior acquisition costs, while the rising depreciation and amortization expense could be reflective of an expanding asset base or changes in depreciation methods, each with implications for future cash flow and investment requirements.","5",""
"263","f8aec91a","Impact of Hasbro share repurchases on EPS dilution.","Hasbro did not repurchase any of its common stock during 2023. The company maintains a share repurchase authorization but has no obligation to repurchase shares, and the timing and amount of any repurchases depend on several factors, including stock price and cash needs. Historically, Hasbro has used share repurchases to offset dilution caused by stock issuances related to its equity compensation program and when management believes it is a good use of cash (see Chunk 4 and Chunk 14).\n\nBecause there were no share repurchases in 2023, there was no impact from share repurchases on EPS dilution for that year. In general, share repurchases can help offset EPS dilution by reducing the number of shares outstanding, particularly those issued for equity compensation. However, in years when no shares are repurchased, there is no mitigating effect on dilution from equity-based awards.","The available data allow us to evaluate Hasbro's approach qualitatively, though not with precision using specific EPS numbers. Hasbro has a long-established framework for returning cash through dividends as well as share repurchases, and this strategy is designed in part to mitigate dilution from equity compensation programs. Historically, the Company has authorized significant share repurchase programs (a total of $4.3 billion since 2005, with a recent $500 million authorization) that could help offset dilution. However, in 2023 no shares were repurchased, leaving $241.6 million still available under the authorization. This means that in the most recent year, the potential dilution from equity compensation was not counterbalanced through repurchases.\n\nEffectiveness: If and when executed, share repurchases tend to reduce the outstanding share count and thus help maintain or even boost earnings per share (EPS) by offsetting the dilutive effects of new equity issuance. In periods when repurchases are active, this strategy can be very effective at supporting EPS growth. However, the absence of repurchases during 2023 suggests that, at least for that period, the mechanism was not directly employed to offset dilution.\n\nImplications for Future EPS Growth: Looking ahead, Hasbro's ability to deploy its authorized repurchase programs could be a useful tool for managing share count growth. Should the Company decide to resume repurchases--especially in a favorable market and if it generates strong cash flows--the potential exists to limit the incremental dilution from equity-based compensation, thereby supporting future EPS growth. Investors should, however, monitor both the rate of share issuance through compensation programs and the execution of repurchase activities to fully assess the impact on per-share earnings.\n\nIn summary, while the historical framework and availability of repurchase funds underline a readiness to manage dilution, the actual effectiveness in managing dilution--and, by extension, bolstering future EPS--depends on the future execution of share repurchase programs. Additional metrics, such as historical EPS trends and the rate of share issuance under equity compensation, would offer further clarity on the strategy's success over time.","9",""
"262","71e2b68b","$MO 2023 capex is a $196M decline, affecting cap allocation & investment strategy.","Altria Group, Inc. (MO) reported that its capital expenditures (capex) for 2023 decreased by 4.4% to $196 million. This reduction in capex reflects a more conservative approach to capital allocation and investment strategy. For 2024, Altria expects capital expenditures to be in the range of $175 million to $225 million, which are anticipated to be funded from operating cash flows. The decline in capex suggests a focus on maintaining financial flexibility and prioritizing shareholder returns, such as dividends and share repurchases, over significant new investments or expansion projects.","The decrease in capital expenditures to $196 million in 2023 signals that Altria Group is likely adopting a more cautious and measured approach to capital allocation. With a 4.4% reduction compared to previous levels, the company appears to be carefully managing its investments by prioritizing core operations and ensuring that funds are available for strategic initiatives. This measured spending could indicate that management is focusing on optimizing cash flow from operations while funding essential growth projects, as evidenced by the forecasted capital expenditures for 2024 being maintained within a relatively narrow range ($175 million to $225 million) and expected to be supported through operating cash flows. Moreover, the strategic financing of the NJOY Transaction and the sale of IQOS System commercialization rights further suggest that Altria is reallocating its capital toward high-impact, potentially higher-return investments. Overall, the controlled capex spending underscores an investment strategy aimed at balancing growth with financial discipline and risk management.","9",""
"265","443e45f5","Margins impact of BSX vs competition from ABT & MDT.","Based on the provided context:\n\nBoston Scientific (BSX):\n\n- Boston Scientific's 2023 net income attributable to common stockholders was $1.570 billion ($1.07 per diluted share). Adjusted net income for 2023 was $2.999 billion ($2.05 per diluted share), up from $2.459 billion ($1.71 per share) in 2022 (Chunk 4, 13).\n- The context does not provide explicit operating margin percentages for Boston Scientific.\n\nAbbott (ABT):\n\n- Abbott's operating margin as a percentage of sales decreased over the past three years: 19.6% in 2021, 19.2% in 2022, and 16.2% in 2023. The decline was due to lower COVID-19 testing sales, foreign exchange impacts, and higher manufacturing costs, partially offset by margin improvement initiatives (Chunk 3).\n- For Abbott's Medical Devices segment specifically, the operating margin was 31.3% in 2021, 30.0% in 2022, and increased to 31.4% in 2023 (Chunk 3).\n\nMedtronic (MDT):\n\n- The provided context does not include specific margin information for Medtronic.\n\nSummary Comparison:\n\n- Abbott's overall operating margin decreased to 16.2% in 2023, but its Medical Devices segment saw an increase to 31.4%.\n- Boston Scientific's explicit operating margin is not stated, but its adjusted net income and revenue growth suggest strong performance.\n- No margin data is available for Medtronic in the provided materials.\n\nConclusion:\n\nBased on available data, Abbott's Medical Devices segment operating margin (31.4% in 2023) is clearly stated and strong. Boston Scientific's specific operating margin is not provided, but its net income and adjusted figures indicate healthy profitability. There is insufficient information to compare Medtronic's margins.\n\nIf you need a direct operating margin comparison for Boston Scientific or Medtronic, more detailed data would be required.","The provided reference offers a qualitative discussion about competitive pressures, highlighting factors such as pricing, reimbursement rates, and market dynamics. However, it does not include specific financial statement data (such as operating margins, profitability figures, or related quantitative metrics) that would allow us to directly assess the impact of competition from Abbott Laboratories, Medtronic, and others on Boston Scientific's operating margins and overall profitability. Therefore, in the absence of detailed financial results and quantitative data, the question cannot be accurately answered using the provided information.","8",""
"266","cbe5d68e","SAP ERP & Sovos tech investments by Campbell Soup are aimed at boosting efficiency by 2025.","Campbell Soup Company is investing in technology, including the implementation of its existing SAP enterprise-resource planning (ERP) system for Sovos Brands, as part of its major capital projects planned for 2025. These investments are aimed at boosting efficiency through network optimization for the Meals & Beverages business, finalization of capacity projects for the Snacks business, and enhancements to information technology infrastructure. The company expects these initiatives, including SAP ERP implementation and Sovos Brands integration, to optimize operations and contribute to ongoing cost savings and improved effectiveness by 2025 and beyond.","The provided disclosure indicates that Campbell Soup Company is allocating part of its 2025 capital expenditure budget to implement its existing SAP enterprise-resource planning system for Sovos Brands. Although detailed operational efficiency metrics or projected outcomes are not explicitly stated in the data, the investment demonstrates a strategic effort to leverage advanced technology to streamline operations. By integrating a robust ERP system like SAP, Campbell Soup Company likely aims to enhance data integration across its business units, improve the visibility of supply chain and financial processes, and reduce manual processing, thereby driving efficiencies in planning, resource allocation, and decision-making at Sovos Brands. In essence, the company is positioning technology as a critical lever to optimize operations and increase overall efficiency, even though the exact performance improvements remain to be quantified in future reporting.","9",""
"267","2b72a7fb","12m breakdown of debt maturity structure for Equifax (EFX).","Based on the provided context, the breakdown of Equifax's (EFX) debt maturity structure for the next 12 months is as follows:\n\nAs of December 31, 2023, Equifax reported short-term debt and current maturities of long-term debt totaling $963.4 million. This represents the amount of debt maturing within the next 12 months (Chunk 2, Chunk 8).\n\nA detailed schedule of the exact maturities within the 12-month period is not provided in the retrieved context, but the total amount due within one year is $963.4 million.","Equifax Inc. classifies its debt maturities by separating the amounts due within the next twelve months from those with longer maturities. According to the data provided, the company has an aggregate outstanding debt principal of $5.7 billion, of which $963.4 million is due within the next twelve months. This represents the portion of its fixed‐rate and variable‐rate debt that must be repaid in the short term. In addition to the principal maturities, the future interest payments on the outstanding debt total $1,103.5 million, with $237.9 million of that interest due within the next twelve months. Thus, in the upcoming year, Equifax is expected to make combined cash outflows of $963.4 million in principal repayments and $237.9 million in interest payments. This structure indicates that roughly 17% of the total debt principal and approximately 22% of the total interest obligations are short‐term (due within one year), which implies that the remaining portions of the debt are scheduled to mature beyond the next twelve months.","6",""
"264","7c95d380","Risk liquidity of share repurchase methods F5.","F5, Inc. (FFIV) utilizes various methods for share repurchases, including private transactions, accelerated share repurchase programs, and open market purchases, as permitted by securities laws and other legal requirements. The company's share repurchase programs can be terminated at any time, providing flexibility in execution (Chunk 11).\n\nThe amount, timing, and execution of share repurchases can fluctuate based on F5's strategic approach and priorities for the use of cash. Factors that may impact share repurchases include changes in stock price, profitability, capital structure, or cash flows. Additionally, F5's revolving credit facility and other agreements may include provisions that limit the company's ability to make payments for share repurchases. The company may also choose to use cash for other purposes, such as investing in strategic assets or paying dividends, instead of share repurchases (Chunk 5).\n\nIn summary, the liquidity risks associated with F5's share repurchase methods include potential limitations from credit agreements, the need to balance repurchases with other cash priorities, and exposure to market and financial condition changes that could affect the timing and scale of repurchases.","The provided reference outlines that F5, Inc. intends to use multiple methods--private transactions, accelerated share repurchase programs, and open market purchases--for executing its share repurchase program. Each method supports the company's risk management and liquidity strategies in different ways:\n\n1. Private transactions allow F5, Inc. to negotiate directly with a counterparty. This method can reduce market volatility risks as large block purchases do not influence the public market price significantly. By avoiding open market purchases during volatile periods, the company can better manage pricing risk and unexpected liquidity shortages.\n\n2. Accelerated share repurchase programs provide a mechanism for purchasing a large number of shares quickly. This method minimizes execution risk by locking in a price and reducing the uncertainty associated with market fluctuations. It also offers speed, thereby mitigating the risk of adverse market movements while ensuring that the company's liquidity isn't overly stretched over an extended buyback period.\n\n3. Open market purchases offer flexibility. Since these purchases are made as market conditions allow, F5, Inc. can exercise discretion based on pricing, current market volatility, and available capital. This approach enables the company to adjust its buying strategy based on its current liquidity position and regulatory requirements, thereby aligning with its broader risk management framework.\n\nIn summary, by using a mix of these methods, F5, Inc. can balance its share repurchase activities with liquidity needs and risk management. Private transactions and accelerated repurchase programs offer price certainty and reduced market impact during volatile periods, while open market transactions provide the flexibility to respond to favorable market conditions, ensuring that both risk exposure and liquidity concerns are adequately managed.","6",""
"268","e4b7f43e","Litigation mgmt risk, LYB, affects investor confidence and capital allocation.","Litigation management risk at LyondellBasell (LYB) can have significant effects on investor confidence and capital allocation. Litigation is inherently unpredictable, may extend for prolonged periods, and can be very expensive, with the potential for substantial damages, fines, or penalties. Adverse outcomes could require LYB to cease certain practices or activities, including the manufacture, use, and sale of products. Even with or without merit, litigation matters may be complex and the related expenses may be unpredictable (Chunk 4).\n\nSuch risks and uncertainties can adversely affect LYB's business, operating results, financial condition, and the value of its common stock. Investors may perceive increased litigation risk as a threat to future profitability and stability, leading to reduced confidence and potentially impacting the company's ability to attract or allocate capital efficiently (Chunk 5).","The company's litigation management process mitigates legal risk by implementing a structured approach that includes early evaluation and quantification of potential exposures, rigorous tracking of cases (whether destined for trial, mediation, or another form of resolution), and the regular assessment of legal accruals using professional judgment and experience. This proactive process helps identify and set aside appropriate reserves for potential liabilities, which in turn minimizes unexpected financial impacts and provides a clearer, more predictable picture of its financial condition.\n\nFor investors, this disciplined approach translates to reduced uncertainty regarding future legal liabilities. By effectively managing and mitigating legal risk, the company fosters confidence that any financial setbacks from litigation will be contained and managed within expected parameters. This, in turn, supports more stable and reliable future capital allocation, as investors are reassured that legal risks are being proactively controlled, reducing potential negative surprises on the financial statements.","6",""
"270","9a55a405","STX's revenue, supply chain, & operating perf. can be significantly influenced by lead-time extensions & long-term demand forecasts.","Yes, STX's (Seagate Technology Holdings plc) revenue, supply chain, and operating performance are significantly influenced by lead-time extensions and long-term demand forecasts:\n\n- Lead-time extensions and supply chain constraints have led to longer product lead times and tighter supply conditions, affecting operational efficiency and profitability. The company notes that if demand forecasts are inaccurate, it may incur inventory and manufacturing costs in advance of anticipated sales that may not materialize, resulting in excess and obsolete inventory, higher carrying costs, and underutilization charges (Chunks 1, 3).\n\n- If actual demand is lower than forecasted, STX may face factory underutilization charges and manufacturing rework costs, as has occurred in fiscal years 2024 and 2023 due to customer inventory adjustments and reduced demand, particularly in mass capacity markets (Chunk 3).\n\n- Factors such as competitive product announcements, variable demand, changes in product mix, customer order fluctuations, manufacturing delays, and limited access to components from single or limited suppliers can also impact the company's ability to meet demand and affect results of operations (Chunks 3, 5, 6).\n\n- Inaccurate long-term demand forecasts can lead to over-investment or under-investment in manufacturing capacity, potentially resulting in excess capacity, underutilization charges, or impairments (Chunks 5, 6).\n\n- The unpredictability of the sales cycle and the length of development and qualification programs make it difficult for STX to accurately forecast product demand, which can result in excess inventory, inventory write-downs, and fluctuations in results of operations (Chunk 4).\n\nIn summary, extended lead times and challenges in accurately forecasting long-term demand can materially impact STX's revenue, supply chain management, and operating performance.","The changes described have a multifaceted impact on the business. First, revenue stability improves because requiring longer-term demand forecasts with cancellation penalties means that customers are more committed, reducing the uncertainty associated with order deferments and cancellations. This commitment helps in smoothing out revenue fluctuations over time despite extended production lead-times. \n\nOn the supply chain management side, the longer production lead-times necessitate more advanced planning and inventory management. By obtaining longer-term demand forecasts, Seagate can better align production schedules with committed future demand. This in turn reduces the risk of mismatches between supply and demand, mitigates inventory shortages or overstock issues, and improves overall supply chain predictability. \n\nRegarding overall operating performance, the combination of extended lead-times and the financial discipline imposed through cancellation penalties encourages a more stable production environment. This stability allows for better capacity utilization, more efficient capital allocation in production and inventory, and reduced volatility in manufacturing operations. In essence, while extended lead-times can pose operational challenges, the tighter commitment from customers and the improved forecasting process ultimately lead to a more robust and efficient operating model.","8",""
"271","00e57882","debt improvement impact on investor sentiment for PAYC, enhancing operational financial discipline.","Paycom Software, Inc. (PAYC) made significant improvements to its debt structure in 2023. The company increased its revolving credit facility from $650 million to $1.0 billion, terminated its term loan facility (without making any draws on it), and subsequently fully repaid all outstanding indebtedness under the revolving credit facility by November 21, 2023. At the time of the term loan facility's termination, unamortized debt issuance costs totaling $1.2 million were written off as a loss on extinguishment of debt.\n\nThese actions likely have a positive impact on investor sentiment for several reasons:\n\n- Repayment of outstanding debt and the termination of unused facilities demonstrate enhanced operational financial discipline, as the company is reducing its leverage and related interest expenses.\n- The ability to increase the revolving credit facility and then repay it in full signals strong liquidity and financial flexibility.\n- Writing off unamortized debt issuance costs and recognizing them transparently in the financial statements reflects prudent financial management.\n\nOverall, these improvements in PAYC's debt position suggest a lower risk profile and a commitment to maintaining a strong balance sheet, both of which are typically viewed favorably by investors and can contribute to increased investor confidence in the company's financial discipline and long-term stability.","The available data shows that as of December 31, 2023, Paycom Software, Inc. no longer had the revolving credit facility debt that was present at $29,000 as of December 31, 2022. This yearly improvement in the debt position could influence investor perceptions in several ways:\n\n1. Reduced Leverage and Financial Risk: Investors often view a reduction in debt as a sign that a company is lowering its financial leverage and, consequently, the risk associated with high debt levels. Removing the revolving credit facility may suggest that the company is relying less on external financing to fund its operations, which can lead to a lower risk profile.\n\n2. Improved Cash Flow and Liquidity: Eliminating existing long-term debt can free up cash previously earmarked for interest and principal payments. This can indicate better cash flow management and a stronger liquidity position, reassured by investors that the company is efficiently deploying its capital.\n\n3. Operational Discipline and Financial Management: A significant debt reduction year-over-year tends to signal disciplined financial management. It reflects the company's ability to generate sufficient operational cash flow to not only support growth and operations but also to control and reduce its debt. This disciplined approach can be perceived as a marker of overall operational efficiency and strong corporate governance.\n\n4. Enhanced Creditworthiness and Lower Borrowing Costs: By showing an improvement in the debt position, the company may enhance its credit profile. Investors might expect that the company will face lower borrowing costs in the future if it needs external capital, which again is a positive indicator of sound financial management.\n\nIn summary, the removal of the revolving credit facility debt from one year to the next stands as a strong indicator of operational and financial discipline, thereby potentially boosting investor confidence in the company's strategy and risk management.","8",""
"269","8aede22f","Fin. treatment & strategy for SJM 10b5-1 vs stock plan shrs, ticker last: SJM.","Based on the provided context, here is a summary of the financial treatment and strategy for The J. M. Smucker Company (ticker: SJM) regarding Rule 10b5-1 trading plans and stock plan shares:\n\n10b5-1 Trading Plans:\n- There is no direct mention in the provided context of specific SJM executives or directors adopting Rule 10b5-1 trading plans or details about such plans for SJM.\n- Rule 10b5-1 plans generally allow insiders to prearrange sales or purchases of shares, providing an affirmative defense against insider trading claims. However, the context does not indicate that SJM insiders are currently using these plans or provide any specifics on their structure or volume.\n\nStock Plan Shares:\n- SJM has various equity compensation plans for employees and directors, as listed in the context (e.g., 2006, 2010, and 2020 Equity and Incentive Compensation Plans, and several forms of restricted stock and deferred stock unit agreements) [Chunk 6, Chunk 3].\n- In the fourth quarter of 2024, SJM repurchased 1,842 shares at an average price of $121.73 per share, but these were ""shares repurchased from stock plan recipients in lieu of cash payments,"" not under a publicly announced repurchase program [Chunk 1].\n- Over the year ended April 30, 2024, SJM repurchased approximately 2.4 million common shares under its repurchase program. As of April 30, 2024, about 1.1 million shares remained available for repurchase [Chunk 1].\n- Shares from stock plans repurchased in lieu of cash payments are typically treated as treasury stock and reduce shares outstanding, impacting earnings per share calculations.\n\nStrategy:\n- SJM uses equity compensation to incentivize employees and directors.\n- It also actively repurchases shares both from open market activity (repurchase program) and from employees/directors as part of its stock compensation plans.\n- Repurchases from stock plan recipients are a way to handle tax withholding or provide liquidity for vested equity awards.\n\nSummary:\n- SJM's financial treatment for stock plan shares involves repurchasing shares from recipients (often for tax or compensation purposes), which are not part of the public repurchase program.\n- There is no specific disclosure in the provided context about SJM's use of Rule 10b5-1 trading plans.\n- The last reported ticker is SJM, traded on the NYSE.\n\nIf you need details on the mechanics of 10b5-1 plans, or further specifics on SJM's financial reporting for these activities, additional context would be necessary.","The provided data allows us to distinguish between the two types of share repurchases and to highlight their different financial treatments and strategic implications.\n\n1. Financial Treatment:\n   - 10b5-1 Plan Repurchases: These are executed under a prearranged trading plan, with transactions carried out through a designated broker. The purchases are recorded as a reduction of outstanding stock at a specific cost (e.g., repurchasing approximately 2.4 million shares for $362.8 million in 2024). An excise tax (e.g., $3.6 million for the repurchased shares due to the Inflation Reduction Act) is separately accrued and included within additional capital on the balance sheet. This treatment clearly isolates the buyback costs and related tax implications.\n   - Repurchases from Stock Plan Recipients: These transactions occur when shares are acquired in lieu of cash payments to employees or stock plan participants. They are not executed through a market-driven repurchase plan but are instead part of the company's compensation management. Financially, these transactions serve the dual purpose of offsetting additional shares issued under employee compensation plans and mitigating dilution--often recorded differently from cash-based repurchases since they do not involve an outlay of cash nor incur an excise tax in a similar manner.\n\n2. Strategic Implications:\n   - 10b5-1 Plan Repurchases: This method is typically used as a strategic tool to reduce the number of shares outstanding, which can boost earnings per share (EPS), improve return on equity (ROE), and signal management's confidence in the company. The prearranged nature of the plan minimizes market timing risks while providing flexibility under board authorization. It is often viewed as a proactive capital allocation decision aimed at enhancing shareholder value.\n   - Repurchases from Stock Plan Recipients: The acquisition of shares from compensation plans is primarily focused on managing dilution. By reclaiming shares that would otherwise increase the total outstanding share count, the company offsets the share-based compensation expenses. This has the strategic benefit of maintaining a more stable share count, but it typically does not have the same market signaling or EPS-enhancing effect as discretionary buybacks under a 10b5-1 plan.\n\nIn summary, while both methods reduce the total shares outstanding, the 10b5-1 repurchases are capital allocation moves with measurable market and financial impacts (including cash outflows and tax implications), whereas the repurchases from stock plan recipients are part of compensation management designed to mitigate dilution without affecting cash reserves directly.","6",""
"273","1b3c8958","Impacts on revenue & profitability due to J&J's product lifecycle & competitive dynamics.","Johnson & Johnson's revenue and profitability are significantly influenced by its product lifecycle management and the competitive dynamics it faces.\n\nProduct Lifecycle:\n- New products introduced within the past five years accounted for approximately 25% of J&J's 2023 sales, highlighting the importance of continuous innovation and lifecycle management in driving revenue growth.\n- The company invests heavily in research and development ($15.1 billion in 2023) to create and enhance products, which is essential for maintaining a competitive edge and supporting long-term profitability.\n- Protecting intellectual property and extending the lifecycle of existing products through improvements and new indications are key strategies for sustaining revenue streams and defending against generic and biosimilar competition.\n\nCompetitive Dynamics:\n- J&J competes with numerous local and global companies across all product lines, making competition intense regardless of the size or number of competitors.\n- The competitive environment demands substantial investments in research and ongoing innovation, as the development of new and improved products is particularly significant for success.\n- J&J must continually innovate to protect its market position, as competition exists in research as well as in the market for final products.\n\nOverall, J&J's ability to manage the lifecycle of its products and respond to competitive pressures is a critical driver of its revenue and profitability. Failing to innovate or respond to competition could negatively impact both, while successful innovation and lifecycle management enhance them.","The provided data describes how Johnson & Johnson establishes its sales returns reserves based on historical patterns, market research, and internal analyses, which sets the context for understanding the impact of changing market conditions. Changes in product lifecycle or competitive dynamics can affect future revenue estimates and profitability in the following ways:\n\n1. Product Lifecycle Changes: As a product matures or approaches the end of its lifecycle, patterns of usage and consumer behavior may change. For instance, products nearing obsolescence might see higher return rates or decreased demand because of newer alternatives. If historical trends no longer accurately predict returns for aging products, the sales returns reserve may be underestimated, potentially leading to overstatement of current revenue. Conversely, if a product is in its growth phase, returns might be lower if consumers are more satisfied or less likely to return items, possibly resulting in more favorable profitability.\n\n2. Competitive Dynamics: Increased competition can pressure companies to alter pricing strategies which often include higher rebates, discounts, or additional promotional allowances to maintain market share. Competitive dynamics might also lead to enhanced product features or improved customer service by rivals, prompting a need for Johnson & Johnson to adjust their allowances to maintain competitiveness. If competitors drive down prices and increase the use of incentives, the impact could be a downward adjustment of revenue on a net basis, thereby affecting both the overall revenue estimates and profitability. More generous or frequent sales incentives based on competitive pressures could also result in lower gross margins if not managed carefully.\n\nOverall, if historical data becomes less representative due to shifts in product lifecycle or increased competitive pressures, there is a risk that revenue could be overstated if future returns and promotional costs exceed those estimated. The company would then need to revise its assumptions and update the sales returns reserve calculations to better reflect the current market conditions, potentially leading to reduced future revenue estimates and profitability margins.","6",""
"276","981f58c1","Q4 2023 repurchase volumes & pricing timing for PNC.","During the fourth quarter of 2023, PNC repurchased a total of 525,000 shares of common stock at an average price of $149.83 per share. The repurchase activity by month was as follows:\n\n- October 2023: 10,000 shares at an average price of $118.13 per share\n- November 2023: 78,000 shares at an average price of $128.58 per share\n- December 2023: 437,000 shares at an average price of $154.36 per share\n\nOf the total shares repurchased, 515,000 were part of publicly announced programs.","In October 2023, the repurchase volume was very low at 10 thousand shares with an average purchase price of $118.13. In November, the volume increased to 78 thousand shares and the average price rose to $128.58. December saw both the highest volume and highest price, with 437 thousand shares repurchased at an average price of $154.36. This clear progression suggests that the company accelerated its buyback activity toward the end of the quarter. The higher volumes in December, despite the increasing average prices, indicate that the timing of the repurchase program was potentially driven by a desire to return capital within the quarter (in line with the Supervisory Capital Buffer (SCB) framework) even as market prices were rising. It could also reflect the company's response to market and regulatory expectations, with a modest repurchase outlook for early 2024 indicated by the note on expected future activity. In summary, the data shows a ramp-up in both repurchase volume and average price, which underscores a timing strategy geared toward maximizing capital return during the quarter amid changing market conditions.","10",""
"272","22f7fccb","Cognizant's TM impact on SVC quality & profitability is noteworthy.","Cognizant's talent management (TM) has a significant impact on both service quality and profitability. The company emphasizes recruiting, training, and retaining skilled employees, which is crucial in the highly competitive IT industry. Lower voluntary attrition rates--13.8% in 2023 compared to 25.6% in 2022--help maintain service consistency and reduce costs related to employee turnover.\n\nCognizant invests heavily in upskilling and reskilling its workforce, training 137,000 employees in digital skills like AI, GenAI, IoT, and cloud, which supports high service quality and keeps the company aligned with client needs. Robust leadership development programs, such as LEAD@Cognizant and Propel, further strengthen the company's ability to deliver quality services by developing high-performing leaders.\n\nFrom a profitability perspective, talent management also influences operating margins. In 2023, increased compensation costs, including two merit increase cycles, negatively impacted operating margins, though this was partially offset by cost-saving initiatives. Thus, while ongoing investment in talent is essential for sustaining service quality and supporting growth, it can also increase costs and affect profitability if not managed carefully.\n\nOverall, Cognizant's focus on talent management is central to maintaining high service quality and supporting long-term profitability, even as it requires balancing compensation costs and investments in employee development.","The provided information allows us to answer the question qualitatively. Cognizant's strong recruiting, training, and retention strategy helps ensure that the firm attracts and maintains high-caliber employees, which in turn proves critical for sustaining superior service quality and operational efficiency. Specifically, an effective talent management approach tends to lead to:\n\n1. Enhanced service quality: Skilled and well-trained employees are better equipped to handle complex projects, provide innovative solutions, and meet rigorous client expectations. This strengthens client relationships, drives repeat business, and can result in premium pricing or increased market share.\n\n2. Improved operational efficiency: Retaining experienced staff reduces the loss of institutional knowledge and minimizes the disruptions caused by high turnover. Lower turnover translates into reduced recruitment and training costs, more consistent project execution, and smoother delivery of services, thereby reducing operating expenses.\n\n3. Direct impact on profitability metrics: The benefits from a robust talent strategy are generally reflected in improved financial performance. For instance:\n   - Higher operating margins may be achieved as the company reduces costs associated with high turnover and leverages operational efficiencies.\n   - Increased productivity and consistent service quality can drive higher revenue growth and improved profitability ratios, such as EBITDA margins and return on invested capital (ROIC).\n   - A strong human capital strategy often supports long-term competitive positioning, which is critical for sustained revenue generation and profitability.\n\nWhile the snippet does not provide quantitative data to calculate exact margins or profitability ratios, these strategic initiatives are commonly linked to improved financial metrics through better cost control and revenue enhancement over the long term. In summary, Cognizant's recruitment, training, and retention efforts bolster its operational framework and service delivery standards, which are key drivers in improving its profitability metrics in a competitive market.","9",""
"274","2791fff4","UDR's workforce strategy emphasizes community roles, ticker, employee engagement, and growth.","UDR's workforce strategy places significant emphasis on several key areas:\n\n- Community Roles: As of December 31, 2023, UDR employed 1,397 full-time and 13 part-time associates, with 991 associates focused on roles directly associated with UDR's apartment communities, while the remainder support corporate functions. This demonstrates a strong commitment to roles that directly serve and interact with residents and communities.\n\n- Ticker: UDR's ticker symbol is ""UDR"".\n\n- Employee Engagement: UDR prioritizes employee engagement through various initiatives, such as quarterly pulse surveys to gather feedback on engagement, company culture, and work-life balance. The company also runs programs to increase communication and collaboration, such as HR newsletters and internal recognition programs. In 2023, UDR provided 1,041 hours of paid volunteer time and organized community drives, further integrating associates with the communities they serve.\n\n- Growth: UDR invests in employee growth and development by offering over 6,000 training courses, management development programs, and partial tuition reimbursement for professional certifications. Associates average 10 hours of training per year, and every associate participates in annual performance reviews. UDR also focuses on succession planning and organizational development, having hired a Vice President dedicated to these areas in 2023.\n\nOverall, UDR's workforce strategy is designed to enhance the associate experience, foster diversity and inclusion, and drive both employee and company growth through a focus on community engagement, professional development, and open communication.","The reference indicates that UDR, Inc. employs 1,397 full-time and 13 part-time associates, with 991 associates dedicated to roles directly associated with its communities. This significant focus on community-centric roles, paired with a comprehensive approach to the entire employee lifecycle--from recruitment to retention--demonstrates the company's commitment to fostering diversity, improving engagement, and ultimately increasing productivity. For investors, this implies that UDR's robust human resource strategy is designed to foster a motivated workforce, which is likely to support long-term growth and stable financial performance.","10",""
"278","a9a83309","Net product sales delta for 2022 vs 2023, MRNA.","For Moderna (MRNA), net product sales for the year ended December 31, 2023 were $6.671 billion, compared to $18.435 billion for the year ended December 31, 2022. The delta (change) in net product sales from 2022 to 2023 is a decrease of $11.764 billion, which represents a 64% decline.","The net product sales for 2023 were $6,671 million while in 2022 they were $18,435 million. The change is calculated as 6,671 - 18,435 = -11,764 million. This indicates a decrease of $11,764 million in net product sales from 2022 to 2023.","10",""
"277","b049d7dc","JNPR's inclusive culture drives talent & innovation advantage.","Juniper Networks (JNPR) emphasizes that its inclusive culture is fundamental to its success in delivering high-performance networks and driving innovation. The company believes that inclusion and diversity are competitive assets that drive positive change within the organization and the wider community. By fostering a workplace where employees from diverse backgrounds feel respected, included, and empowered, Juniper aims to inspire collaboration, engagement, and innovation.\n\nJuniper has implemented various initiatives to support this inclusive culture, such as global sponsorship and leadership development programs, Affinity Groups for professional development and belonging, and a global allyship program to increase awareness and support for under-represented groups. The company also provides frameworks like Talent Matters and tools such as Junivator Career Connect (JCC), which help employees explore career pathways, connect with mentors, and pursue internal opportunities. Training and development opportunities, including LinkedIn Learning and role-specific courses, further support employee growth.\n\nThrough these efforts, Juniper is recognized as a great place to work and has received accolades for its ethical practices and workplace culture. By intentionally seeking out diverse ideas and fostering an environment where all employees belong, Juniper believes it gains a talent and innovation advantage, enabling it to solve complex challenges and remain competitive in the digital transformation era.","Juniper Networks has over 11,144 employees worldwide, with a balanced regional presence in the Americas, APAC, and EMEA. This diversity, along with multiple recognitions such as being named a Great Place to Work in several key regions and accolades from Fortune and Ethisphere, indicates that the company not only invests heavily in employee well-being and growth but also creates a compelling work environment. Such attributes improve the company's competitive positioning by attracting top-tier talent, fostering a culture of innovation and ethical behavior, and ultimately driving long-term growth and market leadership.","9",""
"279","d1c0598c","Molson Coors (TAP) exec team age & experience influence cap alloc & growth.","The executive team at Molson Coors (TAP) brings substantial experience and tenure, with ages ranging from 45 to 61 among key leaders as of February 20, 2024:\n\n- Gavin D.K. Hattersley, 61, President and Chief Executive Officer\n- Tracey I. Joubert, 57, Chief Financial Officer\n- Sergey Yeskov, 47, President and CEO, Molson Coors EMEA&APAC\n- Natalie Maciolek, 45, Chief Legal & Government Affairs Officer\n- Michelle E. St. Jacques, 46, Chief Commercial Officer\n\nThis experienced leadership team has overseen significant strategic shifts and capital allocation decisions, such as:\n\n- The company's expansion beyond beer, including launches in flavored beverages and spirits.\n- The development and execution of the Acceleration Plan (announced in October 2023), which aims to consistently grow core power brand sales, aggressively premiumize the portfolio, expand into ""beyond beer"" categories, and invest in company capabilities, people, and sustainability.\n- Historical mergers and acquisitions, such as the 2005 merger with Molson Inc., the 2008 MillerCoors joint venture, the 2016 acquisition of MillerCoors, and the 2020 rebranding to Molson Coors Beverage Company, reflecting growth ambitions.\n\nThe executive team's deep industry experience and stability have enabled them to identify and act on growth opportunities, manage risk, and allocate capital strategically to support both core and emerging business areas. Their approach balances heritage with innovation, targeting a wide range of consumer segments and adapting to changing market dynamics to sustain the company's growth trajectory.\n\nOverall, the age and collective experience of Molson Coors' leadership have played a pivotal role in shaping the company's capital allocation and growth strategies.","The provided data, although limited to age and executive positions, offers some insights into the leadership's potential capability to manage capital allocation and drive sustainable growth. For instance, the appointment of senior executives such as Gavin D.K. Hattersley, the President and CEO at 61, and Tracey I. Joubert, the CFO at 57, suggests that they likely possess decades of industry and managerial experience. This level of experience can be associated with a deep understanding of financial management, risk mitigation, and strategic decision-making, all of which are crucial for effective capital allocation.\n\nFurthermore, the mix of ages and responsibilities--such as Sergey Yeskov, who at 47 oversees operations for EMEA & APAC--indicates an integration of both veteran leadership and dynamic, potentially more regionally focused perspectives. This diversity in experience can be advantageous in navigating different market conditions, assessing both long-term risks and opportunities, and ensuring that capital is deployed in a way that supports sustainable future growth.\n\nWhile more detailed information on each executive's track record would be necessary for deeper analyses, the age and role distribution provided supports the view that Molson Coors Beverage Company is led by a balanced team capable of strategic capital allocation and long-term growth planning.","9",""
"280","801ff629","SWK contractual cash obligations maturity breakdown & liquidity demand.","I cannot find sufficient information in the provided documents to answer this question.","The provided data breaks down Sherwin-Williams' contractual cash obligations as follows:\n\n- Less than 1 year: $2,925.4 million\n- 1-3 years: $2,962.1 million\n- 3-5 years: $2,568.4 million\n- More than 5 years: $9,208.9 million\n\nWith a total of $17,664.8 million in contractual obligations, we observe that approximately 16.5% (around $2,925 million) is due within one year, representing the near-term liquidity demand. The remaining 83.5% is split across the periods beyond one year, with the largest portion (over 52%) maturing in more than five years. This indicates that while immediate liquidity pressures are relatively modest, the company must manage significant long-term obligations. The near-term obligations are substantially less compared to the long-term ones, which typically implies that the company has more flexibility in its short-term cash flow. However, it must strategically plan for refinancing or ensuring sufficient capital to meet its long-term commitments.","1",""
"282","efb47c52","ZBH's recent share repurchase volume & cost metrics.","Zimmer Biomet Holdings, Inc. repurchased a total of 3,770,867 shares of its common stock during the three months ended December 31, 2023, at an average price of $115.60 per share. The total repurchase cost for this period was approximately $435.6 million (calculated as 3,770,867 shares x $115.60 per share). After these repurchases, the maximum approximate dollar value of shares that may yet be purchased under the program was $155,805,204 as of the end of December 2023.","Yes, Zimmer Biomet Holdings, Inc. executed share repurchases in the recent months. Specifically, in November 2023, 1,610,580 shares were repurchased at an average price of $111.44 per share, and in December 2023, 2,160,287 shares were repurchased at an average price of $118.69 per share. In total, 3,770,867 shares were repurchased at a weighted average cost of $115.60 per share.","8",""
"283","4785e38b","PACCAR's revenue mix dynamics from 2021-2023.","Between 2021 and 2023, PACCAR's revenue mix saw significant growth across all major segments, with the following key dynamics:\n\n- Total net sales and revenues increased from $28.82 billion in 2022 to $35.13 billion in 2023, primarily due to higher truck and parts revenues.\n- Truck segment sales rose from $21.49 billion in 2022 to $26.85 billion in 2023, driven by higher deliveries and improved price realization in all markets.\n- Parts segment sales increased from $5.76 billion in 2022 to $6.41 billion in 2023, reflecting higher price realization.\n- Financial Services revenues grew from $1.51 billion in 2022 to $1.81 billion in 2023, due to portfolio growth and higher portfolio yields.\n\nThe revenue mix for 2023 was approximately:\n- Truck: 76% of total net sales and revenues\n- Parts: 18%\n- Financial Services: 5%\n\nThis represents a continuation of the trend from previous years, with the Truck segment remaining the largest contributor, followed by Parts and then Financial Services. The proportion of revenue from trucks and parts increased due to robust demand, higher deliveries, and price improvements, while Financial Services maintained a steady contribution (5% in both 2022 and 2023).\n\nIn summary, from 2021 to 2023, PACCAR's revenue mix was dominated by the Truck segment, with notable growth in Parts and Financial Services, maintaining a consistent overall segment distribution but with higher absolute revenues across all areas.","The provided geographic revenue data is sufficient to assess PACCAR's evolution in revenue mix over the past three years. In 2021, total net sales were $23,522 million, with approximately 53% from the United States (≈$12,389M), 27% from Europe (≈$6,325M), and 20% from Other regions (≈$4,808M). In 2022, net sales increased to $28,820 million: U.S. sales grew to about $15,379M (roughly 53%), Europe to about $7,487M (26%), and Other regions to about $5,954M (21%). By 2023, total net sales reached $35,127 million with U.S. sales at $18,842M (≈54%), European sales at $8,741M (≈25%), and Other regions at $7,544M (≈21%).\n\nThese figures indicate that while all regions experienced strong absolute growth year-over-year, the U.S. segment maintained a steady and dominant share of around 53%-54% of total revenue. In contrast, Europe's relative share dropped slightly from about 27% in 2021 to 25% in 2023, and the Other regions experienced a modest increase both in absolute terms and in revenue mix from about 20% to roughly 21%.\n\nThis evolution suggests a few key regional market dynamics: \n1. The U.S. market continues to be a robust driver of PACCAR's revenues, showing consistent high growth rates. \n2. The modest decline in Europe's percentage share may indicate increased competition, economic headwinds, or slower market expansion in that region relative to PACCAR's domestic market. \n3. The slight uptick in the Other regions' share might reflect emerging opportunities in markets outside the U.S. and Europe, signaling a diversification strategy or the initial stages of growth in new geographic areas.\n\nOverall, the data implies that while PACCAR's global operations are expanding, the firm is benefiting most from its U.S. market, with a cautious shift in revenue contributions from other regions reflecting evolving market conditions.","4",""
"284","c9d8da0a","Catalent's (CTLT) operational resilience and growth impact.","Catalent's operational resilience and growth are supported by several key factors:\n\n1. State-of-the-Art Manufacturing and Investment: Catalent has invested several billion dollars in recent years to expand its portfolio, manufacturing capacity, and development capabilities. This enables the company to meet the evolving needs of the biopharmaceutical, pharmaceutical, and consumer health industries, and to secure new business opportunities in the expanding market for outsourced product development and supply (Chunks 3, 15).\n\n2. Quality and Operational Excellence: The company operates with a quality-focused culture and utilizes enterprise management methodologies, including Lean Six Sigma and Lean Manufacturing, brought together as ""The Catalent Way."" This focus has led to high operational performance, such as achieving approximately 96% on-time shipment delivery in fiscal 2024 (Chunks 2, 8).\n\n3. Diverse and Inclusive Workforce: Catalent emphasizes employee engagement, diversity, and inclusion, which are seen as central to unlocking the company's full potential. Initiatives to retain talent, support employee development, and foster a values-based culture contribute to operational stability and innovation (Chunks 1, 5, 7).\n\n4. Supply Chain Management: The company manages a global and diverse supply base for raw materials and maintains strong relationships with suppliers to ensure continuity of supply and material quality. Catalent also evaluates alternative sources to mitigate supply risks (Chunks 2, 8).\n\n5. Customer Relationships and Innovation: Catalent has longstanding relationships with major pharmaceutical and consumer health companies and is involved in approximately 1,500 active product development programs as of June 30, 2024. Its inclusion in customer regulatory filings and long-duration commercial supply agreements provide revenue stability and growth opportunities (Chunks 6, 16).\n\n6. Financial Strength: The company maintains adequate liquidity, with sufficient cash flow from operations and available credit to meet future needs, supporting ongoing investments and resilience against market fluctuations (Chunk 9).\n\nIn summary, Catalent's operational resilience and growth are driven by continuous investment in capacity and technology, a focus on quality and efficiency, a diverse and engaged workforce, robust supply chain management, strong customer relationships, and sound financial resources. These factors collectively enable Catalent to adapt to industry changes and drive sustainable growth.","The provided information indicates that Catalent is proactively enhancing its operational resilience by implementing a comprehensive cybersecurity program. This program includes regular employee training, ongoing external threat intelligence, vulnerability assessments, and a robust incident response plan that escalates high-risk issues quickly to top management. By aligning its framework with the NIST-Cybersecurity Framework and engaging expert oversight through its Board and Audit Committee, Catalent demonstrates a strong commitment to managing and mitigating cybersecurity risks.\n\nIn terms of impact on future growth potential, these proactive measures help ensure that operational disruptions from cyber incidents are minimized. Maintaining resilient operations lowers the risk of financial losses and reputational damage, boosting investor confidence and customer trust. This stability allows Catalent to focus on its core business activities and pursue growth opportunities without the risk of being derailed by severe cybersecurity events. In summary, through strategic investments in cybersecurity, Catalent is not only safeguarding its current operations but is also positioning itself to support sustainable long-term growth by reducing risks and enhancing its overall competitive posture.","4",""
"285","c62dca3d","SBA's revenue mix: site leasing vs. dev. growth & profitability trends from 2021-23.","From 2021 to 2023, SBA Communications Corporation's revenue mix was dominated by site leasing, with site development contributing a much smaller proportion.\n\nRevenue Mix (in thousands):\n\n- 2023: Site leasing $2,516,935; Site development $194,649; Total revenues $2,711,584\n- 2022: Site leasing $2,336,575; Site development $296,879; Total revenues $2,633,454\n- 2021: Site leasing $2,104,087; Site development $204,747; Total revenues $2,308,834\n\nSite leasing comprised the vast majority of revenue each year (about 93% in 2023, 89% in 2022, and 91% in 2021).\n\nGrowth Trends:\n\n- Site leasing revenue grew each year: up $180.4 million from 2022 to 2023 and up $232.5 million from 2021 to 2022.\n- Site development revenue was more volatile: it increased from 2021 to 2022 but dropped significantly in 2023 (down $102.2 million from 2022 to 2023).\n\nProfitability Trends:\n\n- Site leasing generated nearly all of SBA's segment operating profit--97.4% in 2023 and 2021, 96.2% in 2022.\n- Domestic site leasing segment operating profit increased by $64.5 million in 2023 (vs. 2022), primarily due to organic growth and new towers.\n- International site leasing segment operating profit increased by $88.8 million in 2023, mainly from tower acquisitions/builds and organic growth.\n- Site development, while a complementary business, contributed minimally to total operating profit and experienced a revenue drop in 2023 due to reduced carrier activity.\n\nSummary:\nFrom 2021 to 2023, SBA's revenues and profits were overwhelmingly driven by site leasing, which showed consistent growth and high margins. Site development provided ancillary revenue, with growth in 2022 but a sharp decline in 2023, and had a much smaller impact on overall profitability.","Between 2021 and 2023, total revenues increased from $2,308,834 thousand in 2021 to $2,711,584 thousand in 2023. This growth is driven largely by the site leasing segment, which rose from $2,104,087 thousand in 2021 to $2,516,935 thousand in 2023. In contrast, site development revenue peaked at $296,879 thousand in 2022 but declined to $194,649 thousand in 2023. This shift in the revenue mix suggests that while overall revenue growth is positive, it is increasingly supported by the more stable site leasing operations, which could positively influence profitability as reflected in relatively steady operating income levels over the period.","10",""
"281","98cd5ed6","Impact of deferred rev on rev timing accuracy in Waste Mgt.","In Waste Management, Inc. (WM), deferred revenue arises when cash payments are received or due in advance of performance, such as for certain commercial and residential contracts or equipment rentals. This deferred revenue is then recognized as revenue in the period when the related services are actually provided.\n\nThe impact on revenue timing accuracy is that deferred revenues help ensure revenue is recognized in the correct accounting period, aligning with when the service is performed rather than when cash is received. Most of WM's deferred revenues are realized as revenue within one to three months after receipt, which supports timely and accurate revenue recognition. This process avoids premature revenue recognition and enhances the accuracy of reported revenue timing (Chunks 3 and 7).","The provided data allows us to assess the impact of advanced billing and deferred revenue treatments on both the timing and accuracy of reported revenue. Here are the key points:\n\n1. Timing of Revenue Recognition: \n   - Advanced billing means that cash is received before the service is actually performed or the product is delivered. However, instead of being immediately reported as revenue, these amounts are recorded as deferred revenue on the balance sheet. \n   - The deferred revenue is then recognized as revenue when the related service is performed--typically within one to three months. This creates a lag between the cash receipt and revenue recognition, ensuring that the financial statements reflect economic activity in the period when services are provided.\n\n2. Accuracy of Revenue Reporting:\n   - By deferring the recognition of revenue until the service is completed, the company avoids overstating revenues in the period when cash is received but the work has not yet been performed.\n   - This matching of revenue with the associated costs and service period improves the accuracy of reported performance. It minimizes the risk of misrepresenting revenue levels, thereby enhancing comparability over reporting periods.\n   - The short realization period (one to three months) further mitigates potential distortions because the delay is minimal; it ensures that revenue recognition closely follows service delivery, which keeps the reported numbers accurate, relevant, and timely.\n\n3. Broader Implications:\n   - The practice also supports robust internal controls and helps provide investors and analysts with a clear picture of underlying operational performance by separating cash collection from revenue generation.\n   - Additionally, it ensures that performance-related revenue is recognized gradually rather than as a lump sum, which might obscure short term trends or misrepresent changes in operational performance.\n\nOverall, advanced billing and the resulting deferred revenue treatment improve the accuracy of reported revenue by aligning it with the actual delivery of services. Although there is a timing delay due to the deferral of cash receipts, the relatively short deferral period ensures that reported revenues remain timely and representative of the company's ongoing performance.","9",""
"286","f3af39b3","Implications for liquidity in repurchase funding for PYPL.","Based on the provided context, PayPal (PYPL) has taken several steps to support its liquidity, including entering into a multi-year agreement in June 2023 to sell up to €40 billion of its eligible consumer installment receivables portfolio. During 2023, $5.5 billion of loans and interest receivable were sold under this agreement. This type of asset sale (sometimes structured as a repurchase or forward-flow arrangement) is designed to provide external funding for PayPal's credit products, thereby reducing reliance on internal liquidity and freeing up capital for other uses [Chunks 1, 2, 4].\n\nIn addition, PayPal maintains significant credit facilities to support liquidity needs. In June 2023, PayPal entered into a $5.0 billion, five-year unsecured revolving credit facility, which can be used for working capital, capital expenditures, acquisitions, and other corporate purposes. The facility is flexible, allowing borrowing in multiple currencies and the possibility to increase commitments by up to $2.0 billion, subject to lender agreement and conditions [Chunk 6]. PayPal also maintains uncommitted credit facilities totaling around $80 million globally as of December 31, 2023 [Chunk 16].\n\nThe sale of receivables and access to credit facilities enhance PayPal's liquidity position, especially as its credit products grow and require more funding. However, the availability and terms of third-party funding through such arrangements are subject to market conditions, and there is no guarantee that favorable terms will always be available. If PayPal is unable to fund its credit products adequately or cost-effectively, it could materially and adversely impact the growth of these products and the company's overall financial condition [Chunk 4].\n\nIn summary, repurchase funding and similar arrangements are an important tool for PayPal to manage liquidity, enabling the company to support the growth of its credit products while reducing the potential strain on corporate liquidity. However, these benefits depend on continued access to favorable funding arrangements and market conditions.","Using working capital or alternative financing to execute stock repurchases has several implications for PayPal's liquidity and overall financial health. First, if repurchases are primarily funded from working capital, it means that cash or cash equivalents that could otherwise serve as a liquidity buffer or support operational needs are being used for these buybacks. This could diminish the company's immediate liquidity cushion, which is important for meeting unexpected operational expenditures or taking advantage of unforeseen investment opportunities. \n\nSecond, if PayPal resorts to other financing alternatives (for instance, issuing debt) to fund part of these repurchases, it might increase the company's leverage and interest expenses. This in turn can put pressure on the balance sheet and may affect its credit profile, potentially raising the cost of future borrowing. \n\nAdditionally, it is important to consider that while lowering the number of outstanding shares can enhance earnings per share and potentially drive up the stock price, it also represents an opportunity cost. The capital being deployed to repurchases could have been invested into growth initiatives or returned to shareholders through other means (like dividends), which might offer a better long-term profile if liquidity constraints were to emerge. \n\nOverall, while the decision to repurchase stock can signal management's confidence in the value of the company, its reliance on working capital or external financing underlines the need for careful balance. The impact on liquidity will depend on the scale of repurchases relative to the company's total cash reserves and operating cash flows, and the use of debt will need to be managed prudently to sustain overall financial health.","2",""
"288","189384db","Innovation comp strategy for ABT nutritional products.","Abbott's innovation strategy for its Nutritional Products segment centers on research and development focused on both pediatric and adult nutrition. The company invests in developing products that address key health areas such as gastrointestinal/immunity health, brain health, mobility and metabolism, and user experience platforms. Numerous new products building on advances in these platforms are currently under development, including those undergoing clinical outcome testing and expected to be launched over the coming years.\n\nAbbott aims to introduce science-based products and line extensions to enhance its portfolio and drive global growth. The company also emphasizes securing recommendations from physicians and health care professionals, as well as direct marketing to consumers and institutions.\n\nIn terms of competition, Abbott's Nutritional Products compete on the basis of technological innovation, product performance, convenience, price, service, and potential for overall cost-effectiveness and productivity gains. The company recognizes that some products can be subject to rapid obsolescence and regulatory changes, so ongoing innovation is critical to maintaining competitive advantages.\n\nAdditionally, Abbott's nutritional innovation strategy includes responding to regulatory requirements, such as conducting clinical studies for efficacy claims, and obtaining necessary approvals for new formulations or packaging changes, especially for infant formula products.\n\nOverall, Abbott's innovation comp strategy in nutrition focuses on continuous product development, leveraging scientific advances, regulatory compliance, and targeted marketing to maintain and grow its competitive position globally.","Based on the provided references, Abbott Laboratories appears to tackle competitive pressures in its nutritional products segment by actively monitoring and assessing market trends, especially innovations in product formulation, packaging, and ingredient development. The company recognizes that competitors may introduce new formulations, innovative packaging and improved ingredients that could potentially render existing products less competitive. In response, Abbott pursues several strategic measures:\n\n1. Research and Development & Scientific Innovation: Abbott invests significantly in R&D to stay at the forefront of scientific and technological advancements. This involves a continuous effort to improve product formulations and incorporate the latest ingredient innovations, ensuring that their nutritional product offerings are both effective and appealing to consumers.\n\n2. Product and Process Innovation: Abbott keeps a vigilant eye on competitor product launches and technological advances. This monitoring allows them to refine their own product designs and packaging solutions, addressing both consumer and regulatory requirements while maintaining a competitive edge.\n\n3. Market Positioning via Branding and Distribution: Along with product innovation, Abbott leverages strong consumer advertising and strategic retail distribution networks. These channels help to highlight the superior features of their products--such as improved performance, enhanced safety, or better nutritional value--in contrast to competitors, including private labels or local manufacturers.\n\nIn summary, Abbott laboratories employs an integrated approach that combines market surveillance with robust R&D and strategic marketing initiatives. This multi-faceted response helps the company adapt its nutritional products to evolving competitive pressures stemming from innovations in formulation, packaging, and ingredient development.","8",""
"287","8f62cc27","Impact of contract cost amortization on Stanley Black & Decker (SWK).","I cannot find sufficient information in the provided documents to answer this question.","Incremental costs of obtaining or fulfilling contracts are capitalized on the balance sheet--as Other current assets or Other assets--when they are expected to be recovered. This capitalization recognizes that these costs provide future economic benefits by aiding in securing revenue. The amortization of these costs occurs systematically over the life of the contract, matching the expense recognition with the period over which the underlying revenue is earned. When amortized, these costs are charged to operating expenses, which means that they contribute incrementally to the expense line over the contract period rather than causing a one-time hit to earnings. This has the effect of smoothing expense recognition over time and can improve the comparability of operating performance across periods. In cases where the expected amortization period is one year or less, the costs are expensed immediately, which could lead to a higher operating expense in that period. For a company like Stanley Black & Decker, Inc., while these costs may be a smaller component relative to overall operating expenses, proper capitalization and subsequent amortization help ensure that the income statement accurately reflects the consumption of economic benefits over time, thereby impacting profitability measurements and perceptions of overall financial health.","1",""
"290","46f556a4","Competitor consolidation in adjacent mkts affects AUTDSK's pricing power, rev margins, & overall impact.","Based on the provided context, competitor consolidation in adjacent markets can negatively impact Autodesk's pricing power, revenue margins, and overall business. Specifically:\n\n- When competitors consolidate, they may become stronger, potentially acquiring significant market share and operating more successfully. This increased competition can make it harder for Autodesk to attract and retain customers, possibly leading to customer attrition and revenue loss.\n- Consolidation among competitors can present risks to Autodesk's business model and have a negative impact on revenues, as larger or more integrated competitors may offer more attractive solutions or pricing to customers ([Chunk 1]).\n- The software industry, including Autodesk's markets, is characterized by limited barriers to entry, rapid change, and competitive pressure from both large and small firms, as well as new entrants. This competitive environment, intensified by consolidation, could disrupt Autodesk's ability to maintain pricing power and strong revenue margins ([Chunk 3]).\n- Failure to effectively compete--whether by not developing new offerings quickly enough, not meeting evolving customer needs, or being outpaced by consolidated competitors--may materially adversely affect Autodesk's financial condition, cash flows, and results of operations ([Chunk 1], [Chunk 3]).\n\nIn summary, competitor consolidation in adjacent markets could erode Autodesk's pricing power, compress revenue margins, and threaten its overall financial performance.","The provided reference indicates that Autodesk, Inc. faces an intensely competitive market that is further complicated by the trend toward consolidation and the entry of firms from related vertical markets. These dynamics can affect Autodesk's business in several ways:\n\n1. Pricing Power: Increased consolidation among competitors can create entities with broader product portfolios and enhanced integrated solutions. These new, larger competitors may have greater pricing leverage due to economies of scale or bundled service offerings. Additionally, when firms from adjacent verticals enter the market, they may leverage competitive pricing strategies to gain market share. Consequently, Autodesk could be pressured to lower prices in order to remain competitive, thereby reducing its pricing power.\n\n2. Net Revenue: As competitors push for lower prices and market share through consolidation or new entries, Autodesk might see downward pressure on its net revenue. If Autodesk is forced to lower prices to compete, the company could struggle to achieve the same revenue growth as the market expands. Furthermore, aggressive pricing by competitors might capture some of Autodesk's traditional customer base, further affecting net revenues.\n\n3. Overall Profit Margins: With reduced pricing power and potential decreases in net revenue, Autodesk's profit margins could also suffer. Lower prices generally lead to thinner margins unless offset by significant cost reductions or higher volumes. Additionally, if competitors are able to operate more efficiently due to scale or integrated offerings after consolidation, they may maintain healthier margins, putting additional pressure on Autodesk's profitability.\n\nIn summary, the increasing consolidation among competitors and the entry of firms from adjacent verticals could likely force Autodesk to adopt more competitive pricing strategies. This, in turn, could reduce net revenue and exert downward pressure on overall profit margins unless the company is able to efficiently manage costs and continually innovate to justify its pricing.","9",""
"291","530979cf","SDI share repurchase breakdown (shrs & expenditures by period)","I cannot find sufficient information in the provided documents to answer this question.","The provided data clearly details Steel Dynamics, Inc.'s share repurchase activities over the past few years. Specifically: \n- In 2021, the company repurchased 16.9 million shares at a total cost of $1.1 billion. \n- In 2022, the company repurchased 23.0 million shares for a total of $1.8 billion. \n- In 2023, the company repurchased 13.4 million shares costing $1.5 billion. \n\nAdditional context explains that various repurchase programs were authorized over time (beginning in February 2020 through November 2023) with specific authorized amounts. However, only the above figures relate to the actual activities (shares repurchased and expenditures), offering the required breakdown.","1",""
"289","89ae7f9f","CME Group's financial impact from cybersecurity risk mitigation efforts.","I cannot find sufficient information in the provided documents to answer this question.","CME Group Inc.'s cybersecurity framework, including its state-of-the-art Cyber Defense Center, plays a crucial role in mitigating operational risks that could impact its financial performance. Specifically, the framework helps protect the company's information assets and ensures the confidentiality, integrity, and availability of data and services. By implementing a multi-layered, defense-in-depth strategy, the company reduces the likelihood and severity of cyber incidents that could disrupt operations, erode client trust, or cause financial losses. \n\nKey components include:\n1. Comprehensive Monitoring and Incident Response: The Cyber Defense Center provides 24/7 surveillance and real-time threat detection, enabling the company to quickly respond to cyber threats and minimize damage. This proactive approach limits potential disruptions to trading systems and other critical operations.\n\n2. Risk Management Alignment: By integrating cybersecurity risk into its overall Enterprise Risk Management (ERM) framework, CME Group systematically identifies and addresses vulnerabilities, which helps prevent incidents that could escalate into significant financial liabilities.\n\n3. Regular Testing and Third-Party Evaluations: Continuous internal and external testing, as well as third-party assessments, ensure that information security controls remain effective. This ongoing effort helps to close any gaps that might otherwise expose the company to cost-intensive cyber events.\n\n4. Strategic Investment in Threat Intelligence and Training: The investment in threat intelligence and regular cybersecurity training equips the organization to better understand emerging threats and maintain robust defenses, thereby reducing the risk of operational disruptions.\n\n5. Clear Governance and Incident Escalation: The structured incident response plan, complete with governance oversight by senior leaders such as the CISO, CIO, and COO, ensures swift escalation and management of incidents, which protects the company's reputation and minimizes potential financial fallout.\n\nOverall, by preventing, detecting, and effectively managing cybersecurity threats, CME Group Inc. not only protects its operational functionality but also safeguards its financial performance against risks such as operational downtime, data breaches, and reputational damage that could adversely affect direct and indirect revenue streams.","1",""
"292","481f256c","MGM's repurchase of shares impacts EPS valuation.","MGM's repurchase of shares reduces the number of common shares outstanding, which generally results in an increase in earnings per share (EPS), assuming net income remains constant. The reduction in the denominator (weighted-average common shares outstanding) due to share repurchases means that the company's net income is distributed over fewer shares, leading to higher basic and diluted EPS.\n\nFor example, MGM's weighted-average common shares outstanding (basic) decreased from 481,930 thousand in 2021 to 354,926 thousand in 2023, largely due to significant share repurchases during these years. As a result, even if net income fluctuates, the EPS can be positively affected by this lower share count, enhancing the per-share value for remaining shareholders.\n\nIn summary, MGM's share repurchase activity directly supports EPS valuation by reducing the number of shares among which earnings are distributed.","The provided data confirms that the repurchased shares were all retired, meaning they were permanently removed from the pool of outstanding shares. With fewer shares outstanding, if MGM Resorts International's net income remains unchanged, the earnings per share (EPS) will increase because the same earnings are now divided by a smaller number of shares. This can be beneficial for shareholders as a higher EPS is often viewed as a marker of improved profitability. From an overall valuation perspective, an increased EPS could lead to higher market multiples (such as the price-to-earnings ratio) if investors view the move as a signal of confidence by management and an effective use of capital. However, it's important to note that while the EPS improvement reflects the share count reduction, the underlying business performance and cash flow remain key drivers of the company's real valuation. In summary, the retirement of repurchased shares is likely to boost EPS mathematically, which could enhance investor perception and potentially support a higher overall valuation, assuming the company's underlying financial performance remains strong.","9",""
"294","c87bf5e6","NEM Q4 2023 share repurchase volumes & monthly avg price variation.","For Q4 2023, Newmont (NEM) repurchased a total of 16,175 shares of its equity securities. The monthly breakdown and average price per share were as follows:\n\n- October 2023: 798 shares at an average price of $41.13 per share\n- November 2023: 14,957 shares at an average price of $37.79 per share\n- December 2023: 420 shares at an average price of $38.70 per share\n\nThe average price paid per share varied month to month, with the highest in October and the lowest in November. These repurchases were primarily for covering employee tax withholding obligations upon vesting of stock awards, not part of a publicly announced repurchase program at that time.","The data provided allows us to calculate the total number of shares repurchased during the period and to report the average prices per share for each month. During October 2023, 798 shares were repurchased at an average price of $41.13 per share. In November 2023, 14,957 shares were repurchased at an average price of $37.79 per share. In December 2023, 420 shares were repurchased at an average price of $38.70 per share. Adding these figures together, the total number of shares repurchased from October 1, 2023 through December 31, 2023 is 798 + 14,957 + 420 = 16,175 shares. The average price per share varied across the months, with a high in October at $41.13, a lower price in November at $37.79, and a moderate price in December at $38.70.","10",""
"293","ea4d9ae5","Loews Q4 2023 share repurchase split for Loews, Oct vs Nov/Dec.","During the fourth quarter of 2023, Loews Corporation repurchased its common stock as follows:\n\n- October 2023: 1,104,316 shares at an average price of $63.40 per share\n- November 2023: 252,096 shares at an average price of $64.98 per share\n- December 2023: 785,300 shares at an average price of $68.45 per share\n\nSo, in Q4 2023, the split was:\n- October: 1,104,316 shares\n- November and December combined: 1,037,396 shares (252,096 in November + 785,300 in December)","First, we sum up the total shares repurchased in Q4 2023:\n- October: 1,104,316 shares\n- November: 252,096 shares\n- December: 785,300 shares\nTotal shares = 1,104,316 + 252,096 + 785,300 = 2,141,712 shares\n\nNext, we compute the proportion of shares bought in October relative to total shares purchased:\nProportion = 1,104,316 / 2,141,712 ≈ 0.5159, or approximately 51.6%\n\nThus, about 51.6% of the total Q4 2023 share repurchases occurred in October.","8",""
"295","5507934d","Execs at MetLife (MET) transition dec decision-making cap allocation.","MetLife (MET) has established several senior management committees as part of its capital management process, notably the Capital Management Committee and the Enterprise Risk Committee (ERC). These committees, composed of senior executives including the Chief Financial Officer (CFO), Treasurer, Chief Risk Officer (CRO), and Chief Investment Officer, regularly review both actual and projected capital levels (including under stress scenarios) and the annual capital plan, all in line with the company's capital policy.\n\nThe Board of Directors and senior management are directly involved in developing and maintaining the capital policy, which sets minimum and target capital levels and governs the capital management process. Any proposed changes to the annual capital plan, capital targets, or capital policy are reviewed by the Finance and Risk Committee of the Board before full Board approval. The Board approves the capital policy, annual capital plan, and authorizes capital actions as required.\n\nThis structure ensures that decisions on capital allocation and transitions are rigorously reviewed and approved at the highest levels, integrating both executive management and Board oversight in the process. (See Chunks 1 and 6.)","The executive transitions provide qualitative insights into MetLife's approach to decision-making and capital allocation--especially as these transitions span multiple core functions (finance, risk management, operations, and human resources). Key observations include:\n\n1. Integration of Multiple Disciplines: The reallocation of roles (e.g., John D. McCallion's multiple stints as CFO and his involvement in investment management, or Ramy Tadros' elevation from business operations to leading U.S. Business and holding roles in risk) suggests that MetLife values leaders who can see the big picture. By rotating executives through different, critical areas, the company fosters a decision-making framework that is well-informed by both risk and growth considerations.\n\n2. Agility in Leadership: The frequent transitions and appointment of experienced executives in overlapping functional areas indicate a flexible leadership culture. This agility may enable the company to rapidly adjust its capital allocation strategies in response to shifting market or internal performance dynamics, as executives develop an integrated understanding of both operations and financial risk.\n\n3. Emphasis on Risk Management and Operational Synergy: The overlapping roles, particularly those involving risk management and financial oversight, highlight a deliberate alignment between capital allocation and risk appetite. By having leaders with comprehensive backgrounds in both risk and finance (as seen with transitions in roles for individuals like Marlene Debel and John D. McCallion), MetLife likely ensures that investment decisions are balanced with careful risk assessment--a key tenet for insurance and financial services companies.\n\n4. Talent Development for Strategic Consistency: The pattern of rotating leadership roles may also suggest a long-term succession planning strategy, where instilling cross-functional expertise helps maintain strategic consistency. As leaders progress through various operational, financial, and risk-based roles, they can better evaluate and allocate capital in a manner that supports the company's strategic objectives over the long run.\n\nWhile the data does not provide quantitative metrics on capital allocation or explicit details on decision-making processes, these qualitative insights imply that MetLife's leadership structure is designed to integrate multiple perspectives. This likely supports a capital allocation strategy that is both dynamic and risk-aware, enhancing the company's ability to respond to market changes while ensuring coherent strategic execution.","6",""
"297","86fc0568","Teleflex's strategic focus on exec specialization is key, with strong emphasis on risk mgmt.","Teleflex's strategic focus includes leveraging executive specialization to drive business success. The company is led by a team of executive officers with extensive experience in their respective fields, such as operations, finance, human resources, legal, commercial, and supply chain management. Each executive brings specialized expertise from both within and outside the medical device industry, supporting Teleflex's objectives of consistent, sustainable, and profitable growth through product development, operational efficiency, and market expansion (Chunks 4, 5).\n\nWhile the provided context does not contain a detailed section specifically about risk management processes, it does mention that Teleflex identifies and considers risk factors that could materially affect its business, financial condition, and operations. These include competitive risks, regulatory risks, and risks associated with international operations (Chunks 1, 14). This suggests that risk management is an important consideration for the company, though the context does not provide a comprehensive description of an enterprise risk management framework.\n\nIn summary, Teleflex's executive team's specialization is a key element of its strategic focus, and risk management is a recognized priority, even if the specific risk management structures are not detailed in the provided information.","The executive information provided offers several insights regarding Teleflex's strategic focus and approach to risk management. First, the roles are distinctly specialized, indicating that the company values deep expertise in each operational area. For example, the Chairman, President, and CEO role held by Liam J. Kelly signals centralized leadership and unified vision. The presence of a Chief Financial Officer (Thomas E. Powell) highlights a strong commitment to financial oversight and risk management related to capital structure, cost control, and investor relations. \n\nAdditionally, having a Corporate Vice President for Human Resources and Communications (Cameron P. Hicks) shows that Teleflex prioritizes both talent management and transparent communication, which can mitigate human capital risks and enhance corporate reputation. The appointment of a Corporate Vice President for General Counsel and Secretary (Daniel V. Logue) underscores an emphasis on legal risk management, regulatory compliance, and governance, which are crucial for mitigating legal and reputational risks. \n\nLastly, the inclusion of roles such as Corporate Vice President and President, Global Commercial (Jay White) and Corporate Vice President for Manufacturing and Supply Chain (James Winters) indicates that Teleflex is strategically focused on not only expanding its market presence and customer reach but also ensuring efficient and reliable operational execution. This spread of expertise across financial, legal, human resources, and operational areas signifies that the company is geared towards a balanced strategy that supports growth while managing risks across its business functions.","7",""
"296","e95ef96c","Cash flow rev stability over the long term from PPAs for CMS Energy.","CMS Energy's long-term PPAs (Power Purchase Agreements) provide a significant and stable source of cash flow and revenue. As of December 31, 2023, Consumers (CMS Energy's utility subsidiary) had future commitments to purchase capacity and energy under long-term PPAs estimated to total $7.2 billion through 2048, with annual payments for the next five years ranging from $0.7 billion to $0.8 billion. These contracts typically require monthly capacity payments based on plant availability or deliverability, which supports predictable cash outflows and corresponding revenue streams for the counterparty (CMS Energy, when acting as lessor).\n\nFor 2023, lease revenue from power sales agreements accounted for as operating leases was $116 million, including $74 million from variable lease payments. The prior year (2022) saw $240 million in lease revenue, including $191 million in variable payments. This demonstrates that while there is some variability due to energy delivered, the majority of payments are fixed or capacity-based, supporting long-term revenue stability.\n\nOverall, CMS Energy's PPAs contribute to stable and predictable cash flows and revenue over the long term, given the magnitude, duration, and structure of these agreements.","The provided data contains detailed information on CMS Energy's long‐term contractual obligations under PPAs--including explicit schedules of cash payments due in future periods as well as the components of the agreements such as fixed capacity and energy charges. This structure allows us to assess how these commitments tie into future cash flow forecasts and revenue stability. Specifically:\n\n1. Predictable Cash Inflows: The data shows that both CMS Energy and its affiliate Consumers have committed to fixed dollar payment obligations (e.g., specific scheduled amounts for 2024, 2025, etc.) from long-term PPAs. Fixed capacity charges and, in some cases, fixed energy charges create assured revenue streams, reducing the uncertainty of future cash inflows.\n\n2. Cash Flow Forecasting: With future payment obligations clearly laid out - for example, the obligations are forecasted over multiple periods (2024, 2025, etc.) - analysts can model expected cash receipts more accurately. This helps in forecasting overall cash flow with lower volatility, as part of the revenue stems from these contractual commitments.\n\n3. Revenue Stability and Risk Mitigation: The long-term nature of these contracts locks in revenue for extended periods (with some contracts extending up to 2048). Although some elements, such as variable energy charges tied to production costs, might introduce minor fluctuations, the predominant fixed components (as seen in the capacity and base energy charges) lend stability to the revenue base. This stability is crucial for financial planning and reduces the impact of short-term market variations on the company's cash positioning.\n\n4. Underlying Agreement Structure: The detailed breakdown shows that CMS Energy's purchase obligations, including those related to PPAs with specific energy and capacity pricing, are substantial. For instance, comparing the MCV PPA figures over several years demonstrates a consistent revenue contribution. Such steady revenue inputs are crucial for a stable outlook in both operating metrics and strategic investment decisions.\n\nIn summary, the contractual commitments under long-term PPAs directly enhance volume visibility and reduce cash flow variability for CMS Energy, enabling more stable and predictable revenue forecasts in their financial models. This benefit largely stems from the fixed-charge components and the multi-year recognition of purchase obligations delineated in the data.","9",""
"275","5441cb00","Trends in D&O trading vs insider ownership for TE Connectivity.","I cannot find sufficient information in the provided documents to answer this question.","The provided reference only offers a snapshot of directors' and officers' trading plans for a single quarter, with no historical context or detailed insider ownership data over time. Thus, while one could speculate that a lack of trading might signal confidence, there is insufficient data to rigorously use this as a proxy for long-term confidence or to compare it with historical insider ownership trends. Additional data such as past trading behaviors across multiple periods and detailed insider ownership records would be necessary for a comprehensive analysis.","2",""
"298","2448d34a","2023 interest exp. for PPL Corp sees a 20% reduction.","The statement that PPL Corp saw a 20% reduction in interest expense for 2023 is not accurate. According to the provided data, PPL's total interest expense increased from $513 million in 2022 to $666 million in 2023. This represents an increase, not a reduction, in interest expense for the year 2023.","To calculate the new interest expense after a 20% reduction, we multiply the 2023 interest expense of $666 million by 0.80. The calculation is: 666 * 0.80 = 532.8. Therefore, the resulting interest expense would be $532.8 million.","1",""
"299","1be331b8","Impact of AAL LAX modernization on capital allocation & investment cash flows, AAL.","The LAX modernization project has a significant impact on American Airlines' (AAL) capital allocation and investment cash flows. As of December 31, 2023, AAL had incurred $862 million in costs related to the LAX modernization, with $283 million incurred in 2023 alone. These expenditures are reflected within ""other investing activities"" on AAL's consolidated statements of cash flows.\n\nDuring construction, AAL holds legal title to the assets, and these are recognized on its consolidated balance sheets as operating property and equipment. As each phase is completed and the assets are ready for use, they are sold and transferred to Los Angeles World Airports (LAWA). The cash proceeds from LAWA for non-proprietary improvements that are not yet ready for use are recorded as a financial liability under noncurrent other liabilities and are reflected as other financing activities on AAL's consolidated statements of cash flows. As of year-end 2023, $53 million of such cash proceeds had been received for assets not yet ready for use.\n\nIn summary, the project directs a substantial portion of AAL's capital allocation towards construction costs, which are primarily recorded as investing cash outflows, with reimbursements from LAWA treated as either investing or financing cash flows depending on the readiness of the improvements for transfer.","The provided data allows us to assess the impact of the $1.6 billion LAX modernization project on capital allocation and investment cash flows in several ways:\n\n1. **Capital Expenditure and Investment Commitment**: The project represents a significant capital investment, with the company committing $1.6 billion to modernize LAX Terminals 4 and 5. This substantial outlay is capitalized as operating property and equipment during construction, which is reflected on the balance sheet. The phased nature of the construction implies that the company will incur these capital expenditures over several years, affecting the timing of cash outflows in investing activities.\n\n2. **Cash Outflows for Construction Costs**: As of December 31, 2023, the company incurred $862 million in costs to date (with $283 million incurred in 2023). These expenditures are classified as investing cash outflows, particularly under cash paid for non-proprietary improvements. Such outflows reduce available liquidity and indicate a high level of reinvestment in physical infrastructure.\n\n3. **Cash Inflows from Sale/Transfer of Assets**: The project also involves the sale and transfer of non-proprietary improvements to Los Angeles World Airports (LAWA). So far, $346 million of such improvements have been sold and transferred (with $170 million occurring in 2023). These receipts are recognized as cash inflows, which can partially offset the investing cash outflows from construction. However, since only a portion of the project's total cost is being recouped through asset sales over time, the net impact remains a significant investment outlay.\n\n4. **Timing and Phasing Impact**: The phased delivery of improvements means that cash flows will be spread out over the project's duration (completion is expected in 2028). Early phases require higher capital allocation with subsequent inflows as assets are transferred. This creates a schedule of mixed cash flow impacts - substantial outflows initially, followed by incremental cash inflows as each phase is completed and assets are sold or transferred.\n\n5. **Overall Capital Allocation Strategy**: By taking on the modernization project, the company is choosing to allocate capital toward long-term infrastructure improvements that are expected to support future operational efficiency and possibly enhance revenue generation (e.g., attracting higher passenger volumes by providing improved terminal facilities). The model of managing and controlling assets during construction, and then transferring them, allows American Airlines to optimize its balance sheet - initially capitalizing the project and later partially recycling capital through asset disposals. This strategy affects the investment cash flows by creating a mix of significant investing cash outlays and episodic cash inflows tied to the sale of non-proprietary improvements.\n\nIn summary, the LAX modernization project affects capital allocation by committing significant capital expenditures that lower short-term liquidity and come with structured long-term investments, while also generating future cash inflows through phased transfers. The net effect on investment cash flows is a substantial outflow over the construction period, with gradual recovery as parts of the project are sold or transferred to LAWA, thus reflecting both the investment commitment and the eventual recycling of capital.","8",""
"300","b63edeb7","Impact on net margin and financial health from VICI's 2023 interest exp. % of rev.","I cannot find sufficient information in the provided documents to answer this question.","Calculation Step 1: Identify the relevant figures for 2023 from the provided statements. The total revenues for 2023 are reported as $3,611,988 (in thousands) and the interest expense is $818,056 (in thousands).\n\nCalculation Step 2: Compute the percentage of total revenues represented by the interest expense:\n\n Percentage = (Interest Expense / Total Revenues) x 100 = (818,056 / 3,611,988) x 100 ≈ 22.6%\n\nThus, approximately 22.6% of the total revenues in 2023 is consumed by interest expense.\n\nAnalysis of the Impact on Profitability and Financial Health:\n- Net Income Margin: For 2023, the net income attributable to common stockholders is $2,513,540 (in thousands). This leads to a net income margin of roughly (2,513,540 / 3,611,988) x 100 ≈ 69.6%. Despite the high financing cost, the REIT's operating model--which is based on sales-type leases and stable recurring revenues--helps ensure a very strong net income margin. \n\n- Influence of Financing Cost: While an interest expense that amounts to about 22.6% of revenues is significant and reflects the heavy reliance on debt financing intrinsic to REIT operations, the robust earnings indicate that these costs are effectively managed. The substantial net margin demonstrates that although the financing cost reduces overall profitability relative to a hypothetical interest-free scenario, it does not undermine the company's overall financial health. \n\n- Overall Financial Health: The company's high margin and strong net income suggest that its current capital structure is sustainable and that it is efficiently covering its debt service obligations. Nevertheless, the sizable proportion of interest expense does underline a vulnerability to changes in interest rates or debt refinancing risks, which should be monitored as part of ongoing risk management strategies.\n\nIn summary, the company's interest expense is approximately 22.6% of its total revenues in 2023. Although this is a significant financing cost, VICI Properties Inc. maintains a high net income margin (around 69.6%), indicating that its leasing operations are robust enough to absorb such costs. The current financial health appears sound, but the reliance on debt does imply some sensitivity to changes in market interest rates and refinancing conditions.","1",""
