"original_row","query_id","query","rag_answer","ground_truth","score","evaluation_error"
"8","0bd0d81f","YoY headcount change calc and its impact on growth/scalability for Cencora, Inc. CEN.","The provided documents do not give explicit year-over-year (YoY) headcount numbers or a direct calculation of headcount changes for Cencora, Inc. However, there are several insights related to employee development, restructuring, and costs: - Cencora emphasizes talent development as a strategic priority, investing in employee growth, leadership programs, and professional development (Chunks 8 and 9). In fiscal 2024, more than 75% of team members participated in the Employee Experience Survey, suggesting a focus on engagement and retention. - The company undertook restructuring and workforce reductions in both fiscal 2023 and 2024. Restructuring and employee severance costs were $105.2 million in 2023 and $69.97 million in 2024, indicating ongoing efforts to optimize the workforce and possibly reduce headcount (Chunk 15). - Restructuring costs in 2024 specifically included expenses related to facility closures and workforce reductions in both reportable segments, which implies a decrease in headcount during that period. Impact on Growth and Scalability: - The restructuring and workforce reductions are part of broader business transformation initiatives aimed at improving operational efficiency and scalability. These efforts, including technology and strategic initiatives, are designed to position Cencora for future growth even as they may temporarily reduce the workforce. - Investments in talent development and a strong focus on diversity and inclusion are intended to create a supportive, innovative workplace that can scale effectively as the business grows (Chunks 8 and 9). In summary, while specific YoY headcount figures are not provided, the context indicates that Cencora has reduced headcount through restructuring, with the goal of improving scalability and operational efficiency, while continuing to invest in employee development to support long-term growth. If you require the exact headcount numbers or a precise calculation of YoY change, that information is not available in the provided documents.","To compute the year-over-year (YoY) percentage change in headcount, you would use the following formula:\n\n  YoY Percentage Change = ((Current Year Headcount - Prior Year Headcount) / Prior Year Headcount) x 100\n\nFor example, if Cencora, Inc. had 40,000 employees in the prior year and 46,000 employees as of September 30, 2024, the calculation would be:\n\n  ((46,000 - 40,000) / 40,000) x 100 = (6,000 / 40,000) x 100 = 15%\n\nThe magnitude of this percentage change carries key insights about the company's growth trajectory and operational scalability. A large positive YoY change in headcount can imply that the company is aggressively expanding its operations, investing in growth, or entering new markets, which may be a sign of strategic scaling. On the other hand, a smaller change or reduction could suggest a more mature company with a focus on incremental growth, process optimization, or operational efficiency. Large increases also raise considerations about integration and scalability challenges, whereas moderate changes may indicate a cautious and sustainable growth approach.","3",""
"4","11dac9fd","Impact on rev. forecast for EU&I GU&I from DUK contract structure.","The revenue forecast for Duke Energy's Electric Utilities & Infrastructure (EU&I) and Gas Utilities & Infrastructure (GU&I) segments is shaped by their contract structures, which provide both stability and some degree of variability: 1. EU&I Segment: - Revenues are largely derived from retail and wholesale electric service contracts. Retail contracts are typically at-will (customers can cancel anytime without penalty), and are billed based on actual usage for each billing period, usually one month. Tariff rates are set by regulators and include energy, demand, facilities, and other charges, all bundled into a single performance obligation (Chunks 2, 10). - Wholesale contracts are generally long-term with cost-based pricing, regulated by FERC, and include both energy and demand charges (Chunk 2). - This contract structure means EU&I's revenues are closely tied to regulatory-approved rates and actual customer usage, making them relatively stable but still subject to fluctuations from weather, economic activity, and changes in usage patterns (Chunks 1, 2, 5). - In Ohio, competition affects only the supply portion, as EU&I earns margin from transmission and distribution, not the energy cost itself (Chunk 5). 2. GU&I Segment: - Revenues are based on regulated rates, with most contracts structured to reduce volatility from usage fluctuations due to weather. Mechanisms such as margin decoupling (NC) and weather normalization (SC, TN, KY) provide set margins or adjust revenues for weather deviations, stabilizing revenue streams even if actual usage varies (Chunk 4). - In Ohio, most non-fuel revenue is collected through fixed monthly charges, further insulating revenue from usage changes (Chunk 4). - GU&I's structure as the sole provider in its regions, with regulated rates and decoupling mechanisms, reduces exposure to competitive and weather-driven revenue risks (Chunk 4, 14). In summary, both EU&I and GU&I's contract structures, with regulatory oversight and specific mechanisms (like decoupling and weather normalization), provide a high degree of predictability and stability to revenue forecasts, mitigating the impact of short-term fluctuations in customer usage or weather. However, EU&I is somewhat more exposed to variable usage and economic factors, while GU&I's regulatory mechanisms provide even greater revenue stability.","The information provided is sufficient to analyze how Duke Energy's revenue forecast and growth prospects in its EU&I and GU&I segments are impacted by the different contract structures. In the EU&I segment, the majority of retail electric revenues come from short‐term, at-will contracts that are governed by regulated tariffs and delivered on a monthly basis. These contracts are subject to customer behavior--since customers can cancel at any time--and thus they introduce an element of variability in short-term cash flows and revenue forecasts. However, because pricing is set by regulators through published tariffs and includes multiple rate components (energy, demand, basic facilities, etc.), the revenue is still relatively predictable on a recurring monthly basis, albeit with the possibility of adjustments tied to changes in consumption. In contrast, the long-term wholesale contracts in the EU&I segment are structured with cost-based pricing and include provisions (such as annual true-ups) that make revenue recognition more stable and predictable over longer periods. The presence of clearly defined remaining performance obligations, as evidenced by the tabulated forecasts for block sales, provides additional forward visibility and reduces the uncertainty normally associated with at-will contracts. This long-term visibility is valuable for forecasting future revenues, and any growth in this area can be more readily anticipated as performance obligations are fulfilled over a series of years.\n\nFor the GU&I segment, a similar dynamic exists. Although retail natural gas service is also provided on at-will contracts and recognized monthly, the regulated tariff structure and the fact that natural gas is consumed almost immediately help in maintaining steady revenue recognition. The existence of long-term fixed capacity payments under contracts (with remaining performance obligations detailed in the reference for segments like Piedmont) adds stability comparable to the wholesale side of the EU&I business. Such long-term commitments provide Duke Energy with a more predictable cash flow and the ability to plan for investment and growth with a clearer view of future revenue streams.\n\nIn summary, the short-term at-will retail contracts drive monthly and consumption-based revenue which can fluctuate with customer usage patterns and cancellation behavior, potentially limiting short-term growth prospects. Conversely, the long-term wholesale contracts, supported by clearly defined remaining performance obligations, offer greater revenue stability and predictability. This mix implies that while there is some exposure to revenue variability in the retail segments, the wholesale elements, along with carefully structured regulatory pricing, contribute to a more predictable and potentially less volatile revenue forecast and growth outlook in both EU&I and GU&I segments.","9",""
"3","9fd50629","Capex trend for WST 2023 vs 2022 will impact ops efficiency and risk significantly.","West Pharmaceutical Services, Inc. (WST) increased its capital expenditures (capex) from $284.6 million in 2022 to $362.0 million in 2023, reflecting a significant investment in its operations. However, there is no indication in the provided documents that this increase in capex will have a material effect on operational efficiency or risk for 2024 compared to prior periods. Specifically, it is noted that there were no required material capital expenditures for regulatory compliance or environmental controls in 2023, and none are planned for 2024. The company explicitly states that compliance with existing and forthcoming laws and regulations did not require material capital expenditures in 2023 and is not expected to have a material effect on capex, results of operations, or competitive position in 2024 compared to prior periods. In summary, while capex increased in 2023, West does not expect this trend to significantly impact operational efficiency or risk in the near future.","The data provided allows us to comment on the implications of the significant increase in capital expenditures for contract-manufactured products. In 2023, spending on these products rose to $90.2 million from $34.0 million in 2022, an approximate increase of 165%. Here are the key implications:\n\n1. Operational Efficiency: \n   - The substantial increase may signal that the company is investing in expanding or modernizing its contract manufacturing capabilities. This could lead to improved production processes, increased capacity, and potential cost efficiencies over time, provided these investments deliver the expected technological and operational enhancements.\n   - The higher capital allocation might also be an effort to integrate more advanced equipment or better automation into existing production lines, which can reduce cycle times and improve overall throughput.\n\n2. Risk Profile: \n   - Investing significantly in contract-manufactured products carries execution risk. The company assumes risk related to the successful integration and performance of new or upgraded manufacturing operations. If the investments do not yield the anticipated improvements, the company might face higher operating costs or under-utilized assets.\n   - There is also a financial risk as large capital outlays can increase depreciation expenses and potentially affect cash flow if not matched by corresponding improvements in revenue or efficiency.\n   - Additionally, focusing more capital on contract manufacturing could expose the company to supply chain disruptions specific to contract manufacturers, if those partners experience operational or financial difficulties.\n\nIn summary, while the increased capital expenditure suggests a proactive approach to enhancing operational efficiency and modernizing manufacturing capabilities, it also implies a higher execution risk. The company must successfully integrate these investments to realize cost savings and efficiency gains, without incurring prolonged financial strain or operational disruptions.","4",""
"5","c055991e","How are energy efficiency and Green500 recognition impacting profitability and cost mgmt in Nvidia GPU businesses (NVDA)?","NVIDIA's focus on energy efficiency, particularly through its GPU-accelerated computing, plays a significant role in its business strategy and operational outcomes. Their GPUs are designed to be more energy efficient than traditional computing for many workloads, as they are optimized for throughput and performance per watt, which translates to lower power consumption and operational costs for both NVIDIA and its customers (Chunk 1, Chunk 2). Recognition on the Green500 list--where NVIDIA powered 24 of the top 30 most energy-efficient systems--demonstrates the effectiveness of their energy-efficient technologies (Chunk 1, Chunk 3). This strong presence on the Green500 list reinforces NVIDIA's value proposition to customers seeking high performance with lower energy costs, which can drive sales and market share in power-sensitive sectors such as data centers and supercomputing. From a cost management perspective, NVIDIA's commitment to energy efficiency and renewable energy sourcing has not materially increased their capital expenditures or negatively impacted their competitive position (Chunk 5). In fact, their ongoing improvements in energy efficiency and recognition for these achievements likely help attract customers and partners, further supporting revenue growth and profitability. Overall, NVIDIA's emphasis on energy efficiency and its Green500 recognition enhance profitability by: - Lowering operational energy costs for customers, making NVIDIA products more attractive, - Supporting higher demand for energy-efficient solutions, boosting sales, - Avoiding significant increases in company operating costs related to sustainability, and - Strengthening NVIDIA's reputation and competitive differentiation in key markets. Thus, energy efficiency and Green500 recognition positively impact both profitability and cost management in NVIDIA's GPU businesses.","The provided text offers enough qualitative support to analyze how NVIDIA's emphasis on energy efficiency and its recognition on the Green500 list could translate into improved profitability and cost management for its GPU-accelerated computing businesses. First, by focusing on energy efficiency, NVIDIA is positioning its products as having lower operating costs - for example, improvements in performance per watt mean that end users can achieve higher throughput with less energy consumption. This not only reduces the total cost of ownership for customers but can make NVIDIA's offerings more attractive compared to traditional computing solutions, potentially driving increased sales volume and allowing for premium pricing. \n\nSecond, the strong performance on the Green500 list enhances NVIDIA's reputation for sustainable and efficient technology. This recognition can serve as a competitive differentiator, opening up opportunities in markets (such as high-performance computing and AI) where energy costs are a critical consideration and ESG (environmental, social, governance) criteria are increasingly factored into purchasing decisions. A better brand reputation and leadership in energy efficiency can reduce customer acquisition costs and lead to stronger margins. \n\nThird, the integration of energy-efficient design reflects positively on operational risk management. It likely minimizes future capital expenditures related to energy sourcing and regulatory adjustments (as noted by the company's plans and targets), thereby stabilizing cost structures and contributing to long-term profitability. \n\nIn summary, NVIDIA's strategy in emphasizing energy efficiency and its visible performance on the Green500 list can help reduce operational costs, improve product competitiveness, and potentially lead to enhanced profitability through both higher sales and more efficient cost management.","9",""
"10","18325403","Agilent's rev rec timing criteria & key indicators show strong performance, A, indicating robust demand signals.","Agilent recognizes revenue when control of the promised products or services is transferred to customers and the performance obligation is fulfilled, in an amount that reflects the consideration expected in exchange (Chunks 1, 4). For equipment, consumables, and most software licenses, control generally transfers at a point in time. Key indicators for the transfer of control include present right to payment, legal title, physical possession of the asset, and the transfer of risks and rewards of ownership. For products and services where control transfers over time, revenue is recognized as the performance obligation is satisfied, such as when an asset is created that the customer controls as it is built, the asset has no alternative use, and Agilent has an enforceable right to payment (Chunk 4). While these criteria support proper revenue recognition and reflect strong compliance with accounting standards, the context does not directly indicate that these criteria or performance signals alone show robust demand signals or strong performance. In fact, Agilent's recent financial statements indicate a decrease in net revenue for the year ended October 31, 2024, compared to the prior year, mainly due to pressures on customers' capital expenditures, especially in the pharmaceutical market (Chunks 2, 6). Therefore, while Agilent's revenue recognition timing and indicators are clear and in line with best practices, they do not necessarily indicate robust demand; actual demand trends are reflected separately in the reported revenue figures.","Agilent Technologies determines whether revenue is recognized at a point in time or over time by assessing when control of a promised product or service is transferred to the customer. For many products such as equipment, consumables, and most software licenses, control is considered to have been transferred at a specific point in time. In these cases, Agilent uses critical indicators such as the present right to payment, legal title, physical possession of the asset, and the transfer of risks and rewards of ownership to determine that point. \n\nFor products and services that transfer control over time (e.g., long-term service contracts, installation services where installation is considered a separate performance obligation, and specific service events), revenue is recognized as the performance obligation is satisfied. In such cases, they also consider whether the service creates an asset that the customer controls as it's being created, whether the asset has no alternative use, and if there is an enforceable right to payment. \n\nIn summary, Agilent's revenue recognition policy relies on evaluating both the nature of the product or service (i.e., whether it qualifies for point in time or over time recognition) and using key control indicators (legal title, physical possession, risks and rewards, and present rights to payment) to determine when control is transferred and revenue can be accurately recognized.","9",""
"7","c094f362","Fox Corp's workforce strategy may impact risk & profitability. FOXA.","Fox Corporation's workforce strategy is focused on recruiting a talented and diverse workforce, fostering inclusion, offering competitive compensation and benefits, supporting work-life balance, and investing in employee growth and development. This strategy can impact risk and profitability in several ways: Risk Mitigation: - By fostering a diverse, inclusive, and respectful workplace, Fox aims to reduce risks related to harassment, discrimination, and workplace misconduct. Policies, training, and anonymous reporting channels are in place to address and prevent such risks. - Health and safety programs, along with mental health support and emergency planning, work to minimize risks associated with workplace incidents and support business continuity. - Efforts to recruit and retain talent--including leadership development, succession planning, and specialized training--help mitigate the risk of talent shortages and ensure operational stability. Profitability Enhancement: - Competitive pay, comprehensive benefits, and programs for employee wellness, career development, and leadership training help attract and retain top talent, which can enhance productivity and innovation. - Linking senior employee pay to corporate performance aligns employee interests with those of shareholders, potentially driving better financial results. - A diverse and engaged workforce supports the creation of programming that appeals to a broad audience, which may improve market reach and revenue. Overall, Fox's workforce strategy is designed to reduce human capital-related risks and support profitability by cultivating a high-performing, stable, and innovative workforce.","Fox Corporation emphasizes the importance of its human capital by recruiting a talented, diverse workforce and offering competitive compensation, benefits, and professional growth opportunities. With 10,200 full-time employees as of June 30, 2024, and additional freelance/temporary workers providing production and broadcast support, the company demonstrates its commitment to maintaining operational flexibility and efficiency. Moreover, initiatives such as promoting work-life balance, fostering inclusion, and publicly reporting through mechanisms like the EEO-1 data provide transparency, contribute to a stable and productive work environment, and help mitigate risks, thereby potentially supporting sustained profitability and growth.","9",""
"2","89a360a7","EPS growth multiplier check HES from 2021 to 2023.","To determine the EPS (Earnings Per Share) growth multiplier for Hess Corporation (HES) from 2021 to 2023, we compare the diluted EPS for both years: - 2021 Diluted EPS: $1.81 - 2023 Diluted EPS: $4.49 Growth multiplier = 2023 EPS / 2021 EPS = $4.49 / $1.81 ≈ 2.48 So, Hess Corporation's diluted EPS grew by a multiplier of approximately 2.48 from 2021 to 2023.","Yes, the question is answerable with the provided data. The diluted EPS for 2021 is $1.81, and multiplying it by a cumulative growth multiplier of approximately 2.48 yields the following calculation:\n\n1.81 x 2.48 = 4.4888, which rounds to about $4.49.\n\nThis result is consistent with the reported 2023 diluted EPS of approximately $4.49.","10",""
"6","66e3354c","Ticker VRTX: near-term global launch strategy & long-term value outlook.","Near-Term Global Launch Strategy: Vertex Pharmaceuticals (VRTX) is actively preparing for several near-term product launches globally. Key aspects of their strategy include: - Expansion of Treatment Centers: Vertex has activated 12 authorized treatment centers (ATCs) in the U.S., 3 in Europe, and 1 in Saudi Arabia, with goals to increase to approximately 50 ATCs in the U.S. and 25 in Europe. This supports access to their gene-editing therapy CASGEVY. - Access Agreements: They have secured an agreement with Synergie Medication Collective, providing access to CASGEVY for about 100 million people. - Upcoming Product Launches: - Vanzacaftor/tezacaftor/deutivacaftor (a new once-daily triple combination for cystic fibrosis): Positive Phase 3 data has been announced, and global regulatory filings (FDA, EMA, Health Canada) are planned by mid-2024. - VX-548 for moderate-to-severe acute pain: Positive Phase 3 trial results were announced in January 2024, with plans to submit a New Drug Application (NDA) to the FDA by mid-2024. VX-548 has received Breakthrough Therapy and Fast Track designations in the U.S. - Commercial Infrastructure: Vertex is building and hiring teams to support product launches, particularly for VX-548 in U.S. hospitals and ambulatory surgery centers, targeting an estimated 80 million acute pain patients annually. Long-Term Value Outlook: - Pipeline Strength: Vertex is advancing a diversified pipeline of potentially transformative medicines across serious diseases, including cystic fibrosis (with ongoing work on mRNA therapeutics with Moderna), acute and neuropathic pain, and type 1 diabetes. - Leadership in Cystic Fibrosis: The new triple combination therapy aims to reinforce Vertex's position as a leader in CF, offering a once-daily regimen with a lower royalty burden and targeting broader patient segments (current users, new initiates, and those who discontinued previous modulators). - Non-Opioid Pain Market: VX-548 is positioned as a transformative, non-opioid option for acute pain, addressing the limitations and risks of opioids, and backed by clinical trial data. - Reimbursement and Market Access: Vertex emphasizes the importance of reimbursement from third-party payors and is working with policymakers to facilitate patient access, especially for non-opioid pain therapies. Overall, Vertex's near-term strategy centers on launching new products with global reach, expanding access infrastructure, and leveraging positive clinical data. Long-term value is supported by a robust pipeline, leadership in key therapeutic areas, and strategic commercial execution, aiming to sustain innovation and market growth.","Vertex's strategy of focusing on validated targets and rapid paths to registration positions the company strongly for capitalizing on near-term global commercial launches and enhancing long-term shareholder value. The company leverages a diversified pipeline that moves multiple candidates into early clinical trials to establish proof-of-concept, thereby reducing developmental risk and expediting regulatory approval. In particular, the advancement of its cystic fibrosis (CF) therapies--now benefiting from label expansions and reimbursement improvements--demonstrates the company's ability to generate increasing revenue from established products. Moreover, the recent approvals in sickle cell disease (SCD) and transfusion-dependent thalassemia (TDT) demonstrate its potential to enter new markets quickly. By investing in both internal research and strategic business development, Vertex enhances its competitive positioning, which can translate into improved cash flows, increased market share, and ultimately, long-term shareholder value. The strategic emphasis on validated targets and rapid development further supports the potential for accelerated revenue recognition from near-term launches, while fostering innovation that underpins sustained growth over the long term.","9",""
"9","4c76abf9","Impact on capital allocation & growth risks for PYPL trial.","Based on the provided context, PayPal (PYPL) faces several risks that can impact capital allocation and growth: 1. **Regulatory Risks**: PayPal operates in a rapidly evolving regulatory environment with heightened focus on areas such as anti-money laundering, privacy, cybersecurity, and consumer protection. New or changing laws, regulations, and increased penalties for non-compliance could have a material adverse effect on PayPal's business, results of operations, and financial condition. This uncertainty requires PayPal to monitor these areas closely and design compliant solutions, which can affect how capital is allocated to ensure compliance and manage potential liabilities (Chunks 1, 5, 11). 2. **Litigation and Regulatory Proceedings**: PayPal is involved in ongoing legal and regulatory proceedings, some of which may require changes to business practices or result in financial liabilities. If a loss from such matters is probable and can be reasonably estimated, PayPal accrues the estimated liability. This means capital may need to be set aside for potential legal costs, affecting funds available for growth initiatives (Chunk 12, 13). 3. **Business and Operating Risks**: Fluctuations in transaction revenues, impacted by factors such as declines in core product revenues, foreign exchange fees, and hedging, can influence the funds available for reinvestment and growth. Additionally, risks related to consumer and merchant lending products, including potential losses and regulatory requirements in different jurisdictions, may impact capital allocation decisions (Chunk 2, 10). In summary, regulatory changes, legal proceedings, and operational challenges create risks that can require PayPal to adjust its capital allocation--potentially diverting resources away from growth initiatives to compliance, legal reserves, and risk management--thereby impacting its growth strategy.","Based on the available legal information about the Hawai'i Action, the potential risks to PayPal Holdings, Inc.'s capital allocation strategies and future growth prospects include the following:\n\n1. Increased Legal and Settlement Costs: If the trial results in an unfavorable outcome or a significant settlement, it may require PayPal to allocate substantial capital towards legal defense or settlement payments. This could divert funds that might otherwise be invested in growth initiatives, technological advancements, or strategic acquisitions.\n\n2. Impact on Cash Flow and Capital Flexibility: The possibility of large and unforeseen expenditures related to the trial may lead to a more conservative capital allocation framework. This may result in decreased discretionary cash flow available for investment in new product lines, market expansion, or other high-growth projects.\n\n3. Heightened Risk Profile and Investor Sentiment: Legal proceedings of this nature can increase the perceived risk associated with the company. A potential deterioration in investor sentiment could elevate the company's cost of capital (through higher borrowing costs or other financing challenges), thereby impacting the affordability and attractiveness of pursuing aggressive growth strategies.\n\n4. Strategic Reallocation of Resources: In anticipation of potential adverse outcomes, the management might choose to retain a larger portion of its earnings rather than distribute them as dividends or share buybacks, limiting capital available for reinvestment. This could slow down the pace of innovation and market expansion, affecting long-term growth prospects.\n\nOverall, while the trial is a single element among multiple litigation issues, its uncertain outcome adds a layer of caution that could compel PayPal's management to reallocate capital toward mitigating legal risks rather than investing in growth avenues. The final impacts would depend on the trial's outcome and the subsequent actions taken by the company's Board and management team.","6",""
"11","10610066","CarMax (KMX) capital allocation favors organic growth vs share repurchases.","Based on the provided information, CarMax's capital allocation strategy currently prioritizes focusing on its core business and organic growth. The company has taken a conservative approach to its capital structure, aligning expenses to sales and slowing the rate of store growth. While CarMax resumed share repurchases during the third quarter of fiscal 2024 after a pause, and plans to modestly accelerate repurchases in fiscal 2025, its primary ongoing cash requirements are to fund existing operations, store expansion and improvement, CarMax Auto Finance (CAF), and strategic growth initiatives. Capital expenditures are planned to increase in fiscal 2025 to support long-term growth, including new stores and reconditioning and auction facilities. In summary, while share repurchases are part of CarMax's capital allocation, the company's strategy currently favors organic growth and investment in its core business over share repurchases.","CarMax is strategically balancing its capital allocation by committing cash to both organic growth initiatives and shareholder returns through share repurchases. On the organic growth side, the company is investing in its core operations, which include store expansion, store improvements, and other strategic growth initiatives (such as those led by CAF). However, recognizing market uncertainties and the need for flexibility, CarMax has taken steps to slow the pace of its store growth and better align expenses to sales, thereby preserving liquidity.\n\nOn the shareholder return front, CarMax has historically used excess cash to repurchase its shares. After pausing this program in the third quarter of the prior fiscal year, they resumed share repurchases in the third quarter of fiscal 2024 and plan to modestly accelerate the pace of share repurchases in fiscal 2025. This balanced approach of investing in long-term growth while returning capital to shareholders reflects the company's conservative capital structure strategy, which aims to maintain operational flexibility while supporting future strategic investments.\n\nIn summary, CarMax is allocating funds between organic growth and share repurchases by carefully managing liquidity through various funding sources (including operational cash flow, non-recourse funding, and credit facilities), adjusting growth spending to reflect market conditions, and ensuring that the share repurchase program remains an integral component of its overall capital allocation strategy.","9",""
"12","8c7d8c55","MDT - Cybersecurity risks from Medtronic impact ERM (Enterprise Risk Management) capital allocation & mitigation strategies.","Medtronic integrates cybersecurity risks into its Enterprise Risk Management (ERM) program, which establishes a framework to identify, assess, and mitigate risks that could materially impact the company's business and operations. The ERM program includes regular briefings to the Board of Directors on the outcomes of risk assessments and the steps taken to mitigate those risks. The Quality Committee of the Board oversees cybersecurity strategies, systems, and controls, while the Audit Committee discusses risk assessment policies and receives regular updates from the CISO and CIO. While the provided context details how cybersecurity threats are embedded within Medtronic's ERM program and the governance structure for oversight and mitigation, it does not specifically mention the direct impact of cybersecurity risks on ERM capital allocation decisions. However, by integrating cybersecurity into the ERM framework, Medtronic ensures that these risks are considered alongside other material risks, which could influence prioritization and resource allocation for mitigation strategies as part of the overall risk management process. In summary, cybersecurity risks are a key component of Medtronic's ERM program and governance, impacting how the company identifies, prioritizes, and mitigates risks that could affect its operations and strategic outcomes.","The information provided outlines several key aspects of Medtronic plc's approach to integrating cybersecurity risk within its enterprise risk management (ERM) framework, which in turn influences its risk mitigation strategies. Specifically, Medtronic embeds cybersecurity risk into the ERM by:\n\n- Implementing a comprehensive cybersecurity risk management program that includes ongoing threat analysis, incident response planning, and multiple layers of internal and third-party assessments.\n- Ensuring that cybersecurity efforts are integrated into every aspect of its IT, application development, and operational processes, thereby actively mitigating risks that could affect business operations.\n- Maintaining oversight through executive roles (e.g., CISO, CIO) and board-level committees (e.g., Quality and Audit Committees) that regularly review risk exposures and security protocols.\n\nWhile explicit details on capital allocation (such as budget percentages or investment figures) are not provided in the referenced data, the integration of cybersecurity into the ERM framework implies that these risk management strategies inform and influence capital allocation decisions. In practice, this means that:\n\n- Resources are likely allocated based on a risk-based prioritization, ensuring that sufficient funds are dedicated to maintaining and enhancing cybersecurity measures, such as technology upgrades, workforce training, and third-party assessments.\n- Capital investment decisions are aligned with mitigating identified risks, thereby reducing the likelihood of a cybersecurity incident that could adversely impact financial performance or operational continuity.\n\nTherefore, even though specific capital allocation figures are not disclosed, the outlined integration ensures that both risk mitigation strategies and related capital investments are prioritized within Medtronic's overall risk management framework.","9",""
"16","e8d1315a","Operational resilience of Eli Lilly: audits, reviews, threat sims & their impact on cash flow/valuation.","Eli Lilly demonstrates operational resilience through a robust cybersecurity and risk management program. This includes: - Regular engagement of third-party auditors and consultants, as well as the use of internal audit functions, to assess various aspects of the cybersecurity program. - Completion of industry-standard assessments or certifications, maturity model reviews, threat simulations, and internal reviews to test the effectiveness of cybersecurity processes. - Oversight and identification of risks from cybersecurity threats associated with third-party service providers, including contractual requirements for cybersecurity controls and regular risk reviews. The impact of these operational resilience measures on cash flow and valuation is not quantified directly in the provided documents. However, cash flows from operating, investing, and financing activities are detailed, and the company maintains strong net income and shareholder equity, indicating a stable financial position (see consolidated financial statements and cash flows). Robust audit, review, and simulation processes help mitigate potential risks that could lead to financial loss, legal liability, or reputational harm. By proactively managing these risks, Eli Lilly aims to protect its assets and ensure business continuity, which supports stable cash flows and helps maintain or enhance company valuation. The effectiveness of these controls is confirmed by unqualified opinions from independent auditors on both the financial statements and internal controls over financial reporting. In summary, while specific dollar impacts are not broken out, these operational resilience activities are integral to Eli Lilly's risk management and help safeguard its cash flows and overall valuation.","The cybersecurity measures described in the reference play a dual role. First, third‐party audits, internal reviews, and threat simulations are critical tools in the risk management process. They allow Eli Lilly to validate its cybersecurity defenses against current and emerging threats by:\n\n-    Identifying vulnerabilities through objective assessments by external experts, internal audit reviews, and simulated threat conditions.\n-    Refining and updating its security policies and response strategies based on real-world threat simulations and maturity model reviews.\n-    Ensuring that both the organization and its third-party service providers adhere to high cybersecurity standards, thereby mitigating potential disruptions.\n\nThese efforts enhance the overall resilience of the company's operations by reducing the risk of breaches or system failures that could interrupt business activities or damage the company's reputation.\n\nIn terms of financial impact, robust cybersecurity measures contribute indirectly to the stability of cash flow and valuation metrics in several ways:\n\n-    Operational Continuity: By preventing or minimizing the impact of cyber incidents, the company lowers the risk of costly downtime, loss of revenue, or unplanned expenses related to remediation. This stability in operations generally supports a more predictable and steady cash flow.\n\n-    Risk Reduction: Reducing cybersecurity risks decreases the likelihood of incurring significant legal, regulatory, or reputational costs. This lower risk profile may lead to a reduced cost of capital, positively affecting valuation multiples.\n\n-    Investor Confidence: A strong cybersecurity program can boost investor confidence by demonstrating proactive risk management. Enhanced confidence can lead to a higher market valuation as the business is seen as less vulnerable to disruptions and unexpected financial shocks.\n\nIn summary, the rigorous application of cyber risk assessments and simulations provides a strong defense against potential disruptions. This robustness not only protects operational cash flows but also supports favorable valuation metrics by lowering risk premiums and enhancing investor trust.","9",""
"14","0ecb620f","TSC capex influence on positioning & SH value.","Based on the provided context, there is no direct mention of ""TSC"" or its capital expenditures (capex). If you are referring to TSMC (Taiwan Semiconductor Manufacturing Company), the context discusses how TSMC's manufacturing capabilities and capacity can significantly impact companies that rely on its foundry services (such as AVGO/Broadcom and AMD). For example, TSMC manufactures approximately 95% of Broadcom's outsourced wafers (Chunk 14), and AMD heavily depends on TSMC for advanced process nodes (Chunk 8). TSMC's capex, which is used to expand and upgrade its manufacturing capacity, directly influences its ability to meet the demand of its customers and maintain its position as a leading foundry. For its customers, TSMC's investments in capex enable access to advanced manufacturing technologies, which is critical for their competitiveness in performance, cost, and time-to-market (Chunks 6, 8, 14). If TSMC does not invest sufficiently in capex, it may be unable to supply enough wafers or advanced technology, potentially harming its customers' market positions and, consequently, their shareholder value due to lost revenue opportunities, higher costs, or competitive disadvantages. For TSMC itself, disciplined and forward-looking capex supports its leadership in the semiconductor foundry market, helping to secure long-term contracts, attract leading-edge chip designers, and ultimately enhance shareholder value through sustained growth and profitability. In summary, TSMC's capex plays a critical role in both its own market positioning and that of its customers, with downstream effects on shareholder value for all parties involved. If you intended ""TSC"" to refer to another company, please clarify.","The provided reference focuses on the competitive environment and factors such as store location, product assortment, and customer service, but it does not include specific details on capital allocation decisions like investments in store renovations or technology upgrades. Without access to additional data--such as detailed disclosures from management's discussion and analysis (MD&A), the notes to financial statements, or explicit commentary on capital expenditures--it is not possible to definitively assess how these investments enhance Tractor Supply's competitive positioning or generate long-term shareholder value.","1",""
"13","699a930e","YoY employee type diff cap allocation for PARA at Paramount Global.","I cannot find sufficient information in the provided documents to answer this question.","Subtracting the earlier employee figures from the current counts for both full-/part-time and project-based employees would yield the net change in each segment over a given period. This information can help distinguish whether the company is shifting its capital allocation toward more stable, long-term employees (full-/part-time) or moving toward a more flexible, project-based workforce. For example, a significant increase in full-/part-time employees relative to project-based staff may indicate a strategic decision to invest in a more permanent workforce, which could imply a focus on long-term stability, cost predictability, and possibly enhanced operational efficiency. Conversely, if project-based employees are growing faster, it might reflect an approach toward flexibility, potentially reducing long-term fixed costs. Over time, these trends would provide clear insights into how the company is prioritizing its workforce investments, which could also mirror broader capital allocation decisions related to investments in talent, infrastructure, and long-term growth initiatives. This analysis thereby supports understanding shifts in labor strategy and corresponding financial allocation.","1",""
"17","a105990c","Bio‑Rad GM trends from 2021-2023: net sales vs COGS impact, pricing/cost efficiency - Bio-Rad Laboratories, Inc. (BIO)","From 2021 to 2023, Bio-Rad Laboratories, Inc. experienced the following trends in gross margin (GM), net sales, and cost of goods sold (COGS): - Net sales declined each year: $2,922.5 million in 2021, $2,802.2 million in 2022, and $2,671.3 million in 2023. - COGS also decreased, but not as sharply: $1,284.4 million in 2021, $1,234.9 million in 2022, and $1,244.3 million in 2023. Gross profit, therefore, declined: $1,638.1 million (2021), $1,567.3 million (2022), and $1,426.9 million (2023). Gross margin (calculated as gross profit divided by net sales) also trended downward: - 2021: ~56.0% - 2022: ~55.9% - 2023: ~53.4% The decrease in gross margin from 2021 to 2023 reflects that the reduction in net sales outpaced any cost efficiencies achieved in COGS. In 2023, COGS slightly increased compared to 2022, despite lower sales, further pressuring gross margin. While specific details on pricing or cost efficiency actions are not mentioned, the overall trend suggests that cost management could not fully offset the negative impact of declining sales on gross margin in this period. (Source: Chunk 1)","Over the three-year period, Bio‑Rad's gross margin experienced a declining trend. In 2021, gross profit was $1,638.1 million on net sales of $2,922.5 million, resulting in a gross margin of approximately 56.1%. In 2022, with net sales of $2,802.2 million and a gross profit of $1,567.3 million, the margin slightly declined to around 55.9%. By 2023, net sales further decreased to $2,671.3 million and gross profit to $1,427.0 million, bringing the margin down to roughly 53.4%.\n\nThis trend suggests that as net sales decreased, cost of goods sold did not decline proportionately enough, leading to a compressed gross margin. The declining gross margin may indicate that Bio‑Rad has either faced pricing pressure--possibly having to lower prices to maintain sales volumes--or encountered rising production costs that were not fully offset by reductions in selling prices, pointing to challenges in cost efficiency or potentially changes in the product mix. Overall, while the company managed to keep its operations profitable at a gross level, the deterioration in gross margin could signal issues with competitive pricing strategy or increasing input costs impacting cost management.","9",""
"15","8dc5ccdd","Op margin trend for XEL from 2021 to 2023.","The operating margin for Xcel Energy (XEL) from 2021 to 2023 shows a declining trend: - 2021: 22.1% - 2022: 20.5% - 2023: 19.8% This indicates a steady decrease in operating margin over the three-year period.","In 2021, the operating margin was approximately 16.4% (Operating Income of $2,203 million on Total Operating Revenues of $13,431 million). In 2022, it slightly declined to about 15.9% (Operating Income of $2,428 million on Revenues of $15,310 million). However, in 2023, the operating margin improved to roughly 17.5% (Operating Income of $2,481 million on Revenues of $14,206 million). This rebound in 2023 suggests that despite a reduction in total operating revenues from 2022, Xcel Energy has become more efficient at managing its expenses and controlling costs, leading to an improved operating margin and enhanced operational efficiency.","2",""
"21","f46b1acc","Discover Financial - Balancing earnings w/ capital securities strategy.","Discover Financial Services manages the balance between earnings and its capital securities strategy by focusing on maintaining sufficient capital levels to support business growth, account for risks, and meet regulatory requirements, rating agency targets, and debt investor expectations. The company's primary sources of capital are earnings generated by its businesses and the proceeds from issuances of capital securities. Within these constraints, Discover aims to deploy capital in ways that provide attractive returns to stockholders. Discover and its banking subsidiary are subject to regulatory capital requirements, including those under the Basel III rules, which require maintaining minimum risk-based capital and leverage ratios. The company considers potential impacts from regulatory reforms when managing its capital position, ensuring that it can meet or exceed regulatory thresholds and remain ""well-capitalized."" Discover's capital management also includes returning value to shareholders through dividends and share repurchases, while regulatory restrictions ensure that such distributions do not compromise capital adequacy. The company must comply with regulatory requirements regarding capital distributions, which are influenced by stress testing frameworks and supervisory capital buffer requirements. In summary, Discover balances its earnings and capital securities strategy by carefully managing capital levels through a combination of earnings retention, capital issuances, regulatory compliance, and shareholder returns, all while adjusting to changing economic and regulatory environments (see chunks 4, 5, 15).","Discover Financial Services employs a balanced capital strategy by using two primary sources: the earnings generated from its businesses and the proceeds from the issuance of capital securities. The earnings provide a consistent, operationally generated source of funding, which supports organic growth and helps maintain a strong financial foundation. In contrast, the issuance of capital securities offers an additional liquidity source, ensuring that the company can access external funds when needed, particularly to support expansion initiatives or to meet unexpected capital requirements.\n\nThe company carefully manages its overall capital structure by considering several key factors: regulatory requirements, rating agency targets, and debt investor expectations. This comprehensive approach ensures that the firm maintains an adequate level of capital while simultaneously optimizing its capital composition. Additionally, external influences such as changes in the economic environment, strategic initiatives, and legislative or regulatory developments are continuously assessed, allowing the company to adjust its capital mix as needed.\n\nOverall, Discover Financial Services balances its reliance on earnings and capital securities issuances to support business growth and ensure financial health by aligning its capital strategy with both internal performance and external market conditions, thereby aiming to generate attractive returns for its stockholders.","9",""
"20","19590cee","Intel's long-term growth and competitive positioning driven by cybersecurity investments TICKER.","Based on the provided context, Intel (ticker: INTC) has made significant investments in cybersecurity, which contribute to its long-term growth and competitive positioning. Intel has a dedicated Chief Information Security Officer (CISO) with extensive experience, supported by a team of certified cybersecurity professionals. The CISO and Chief Technology Officer (CTO) regularly report directly to the Board of Directors, ensuring robust oversight and integration of cybersecurity into enterprise risk management and decision-making processes (Chunks 7, 14). Intel also requires its suppliers to maintain effective security management programs and regularly evaluates cybersecurity risks associated with third-party service providers. The company benchmarks its practices against industry standards and uses both internal and external audits to strengthen its cybersecurity posture. These comprehensive cybersecurity investments help protect Intel's assets, brand, and customer trust, supporting its growth strategy and enhancing its competitive position in the technology sector.","Intel's proactive investments in cybersecurity training and threat detection can play an essential role in sustaining long-term growth and competitive positioning, particularly in an increasingly regulated market. First, by enhancing employee awareness and robust threat detection mechanisms, Intel is reducing the likelihood and potential impact of cybersecurity breaches. This lowers the risk of costly incidents--including remediation expenses, reputational harm, and regulatory fines--which can otherwise disrupt operations and erode investor confidence. Second, a strong cybersecurity posture can protect and even enhance brand reputation. In markets where customers and regulators demand high levels of data protection, being known for best-in-class security can be a competitive differentiator, building customer trust and loyalty. Third, adhering to stringent cybersecurity standards and continuously updating protocols helps ensure compliance with evolving regulations. This reduces the chance of costly non-compliance penalties and can also shorten the time needed to manage regulatory inquiries or responses in the event of an incident. Finally, effective cybersecurity governance--as managed at the board level and supported by experienced executives such as the CISO and CTO--demonstrates robust risk management practices. This can translate into a lower cost of capital, as investors and partners recognize the reduced risk profile, further supporting long-term growth. Although no specific numeric calculations are provided, the qualitative benefits of reduced risk, enhanced reputation, and improved regulatory compliance cumulatively offer a strong foundation for sustainable growth and can positively influence competitive positioning in the market.","8",""
"23","3eb50135","Materiality assessment of Host Hotels' legal proceedings.","Host Hotels & Resorts is involved in various legal proceedings that arise in the ordinary course of its business. These include disputes involving hotel-level contracts, employment litigation, compliance with laws, tax disputes, and other general matters. The company notes that, based on its analysis of current legal proceedings and the resolution of similar claims in the past, it has recorded immaterial accruals as of December 31, 2023, and estimates that losses related to these proceedings will not be material. Furthermore, Host Hotels believes that, in the aggregate, the results of current legal proceedings will not have a material adverse effect on its financial condition, although individual cases could be material to operating results for a specific period depending on their magnitude relative to results for that period. The company emphasizes that no assurances can be given as to the outcome of any pending proceedings, but it is not aware of any other matters requiring disclosure of a loss contingency due to a reasonably possible unfavorable outcome (Chunks 1 and 2).","The company is involved in several categories of legal proceedings. These include disputes related to hotel-level contracts, employment litigation, compliance with laws such as the Americans with Disabilities Act, tax disputes, and other general matters. Host Hotels & Resorts, Inc. has assessed the aggregate materiality of these proceedings as immaterial. Based on their analysis of current legal claims and the resolution of similar claims in the past, they have recorded only immaterial accruals as of December 31, 2023, and have determined that the aggregate losses from these proceedings will not be material.","10",""
"25","0bb64eb9","Capex segment allocation for Live Nation Ent. in 2023 is detailed; ticker is LYV.","For the year ended December 31, 2023, Live Nation Entertainment (LYV) allocated its capital expenditures (capex) as follows: - Revenue generating capital expenditures: $321.9 million - Maintenance capital expenditures: $131.9 million This results in total capital expenditures of $453.8 million for 2023. Revenue generating capex is primarily related to enhancements at amphitheaters and theaters in North America, while maintenance capex is associated with the renewal and improvement of existing venues and technology systems (see Chunks 2 and 4).","For the year 2023, the consolidated capital expenditures for Live Nation Entertainment, Inc. were $468,751 thousand. This total is distributed across the segments as follows:\n\n- Concerts: $346,392 thousand\n- Ticketing: $68,991 thousand\n- Sponsorship & Advertising: $18,250 thousand\n- Corporate: $35,118 thousand\n\nWhen these amounts are summed (346,392 + 68,991 + 18,250 + 35,118), the total equals $468,751 thousand, which confirms the consolidated figure provided.","2",""
"1","6804abce","The impact of Albemarle's dividend policy on fin flex & growth is noteworthy, ALB.","Albemarle's dividend policy reflects a long-standing commitment to returning capital to shareholders, as demonstrated by increasing its quarterly dividend for the 29th consecutive year in the first quarter of 2023, raising it to $0.40 per share (Chunk 6). This consistent dividend growth signals financial stability and shareholder focus. At the same time, Albemarle maintains financial flexibility and supports growth. The company's principal uses of cash include capital investments, resource development, working capital, debt service, pension contributions, dividends, and share repurchases. Historically, Albemarle has funded these needs through cash from operations, debt financing, and equity issuances, indicating a balanced approach between returning capital and investing in future growth (Chunk 12). Albemarle's approach allows it to continue investing in high-priority businesses and maintain leverage flexibility, supporting both growth and shareholder returns (Chunk 11). The Board of Directors retains discretion over dividend payments and there is no guarantee of future dividends, which further supports financial flexibility (Chunk 1). In summary, Albemarle's dividend policy demonstrates a strong commitment to shareholder returns while preserving the financial flexibility needed to invest in growth opportunities and manage leverage.","The provided information about Albemarle Corporation's dividend history and its stated intention to continue paying comparable dividends allows us to qualitatively assess the potential trade‐offs associated with such a capital allocation policy. On one hand, consistently paying dividends at these levels can signal financial strength, stable cash flows, and management's confidence in the underlying business. This can make the company more attractive to income-focused investors and can enhance shareholder value if investors view the dividend payments as a reliable return on investment. \n\nHowever, paying regular and comparable dividends also means that a portion of the company's cash flows is committed to returning capital to shareholders rather than being reinvested in growth initiatives, research and development, or strategic acquisitions. This can reduce financial flexibility in several ways:\n\n- Cash Allocation: Regular dividend payments lock in recurring cash outflows. In periods when investment opportunities arise or during market downturns, the company may have reduced free cash flow to fund capital expenditures or take advantage of strategic acquisitions without resorting to additional debt or equity financing.\n\n- Capital Structure Constraints: Committing to dividends may limit the company's ability to adjust its capital structure. If cash is needed for growth projects, management might have to issue debt or equity, which can involve higher costs or dilution of existing shareholders.\n\n- Opportunity Cost: The funds used for dividend payouts are funds that are not available for reinvestment. This is especially relevant if the company faces attractive opportunities for internal growth or needs to build a stronger cash reserve to navigate economic uncertainty.\n\nIn summary, while a policy of paying consistent dividends can enhance investor confidence and reduce the perceived risk by signaling ongoing profitability, it may also limit the company's capacity to invest in high-growth opportunities or weather financial downturns. Ultimately, the effect on overall growth prospects will depend on how well Albemarle can balance the trade-off between rewarding shareholders and retaining enough capital to support expansion and maintain strategic flexibility.","8",""
"26","be3b1c90","Rollins branch office employee concentration's impact on operational efficiency and customer retention.","Rollins' extensive branch office network, supported by its proprietary technology platform (BOSS), significantly enhances operational efficiency and customer retention. The company's large footprint enables efficient and scalable service delivery, cross-selling opportunities, and cost efficiencies. Proprietary routing and scheduling systems allow for real-time service tracking and personalized customer interactions, while virtual route management tools optimize route efficiency, reducing miles driven and associated costs. This operational model contributes to higher customer retention by ensuring on-time, rapid response services and consistent customer experiences. The differentiated employee base, supported by best-in-class training and development at the Rollins Learning Center, further strengthens service quality and employee engagement, reinforcing customer loyalty and retention.","Based on the reference, Rollins, Inc. had 19,031 employees as of December 31, 2023, with approximately 17,100 employees in the United States and about 15,420 employees positioned at U.S. branch offices. This high concentration of staff in branch offices suggests that the company is well-equipped to deliver localized customer service, which, coupled with targeted training and talent development initiatives, likely enhances operational efficiency and customer retention. Additionally, the fact that less than 2% of U.S. employees are covered by a union indicates a flexible workforce that can quickly adapt to market and operational demands, further supporting effective customer engagement and retention strategies.","6",""
"19","e606e901","Impact on liquidity and profitability from KMI's 2023 capex.","Based on the provided information, Kinder Morgan, Inc. (KMI) does not directly state the exact impact of its 2023 capital expenditures (capex) on liquidity and profitability. However, some insights can be derived from the data: Liquidity: - KMI's working capital deficit increased by $1,552 million from year-end 2022 to 2023, primarily due to increased current debt and decreased cash and cash equivalents, which were partly used to repay maturing senior notes and fund the acquisition of STX Midstream (Chunk 9). - The decrease in cash and cash equivalents and increased current debt suggest that capex and acquisitions put pressure on liquidity, leading to a higher working capital deficit. Profitability: - KMI's Adjusted Net Income Attributable to Kinder Morgan, Inc. decreased by $226 million in 2023 compared to 2022, primarily due to higher interest expense (Chunk 2). - Distributable Cash Flow (DCF) decreased by $255 million, with the decline further impacted by an increase in sustaining capital expenditures in 2023 (Chunk 2). - Adjusted EBITDA increased by $45 million, due to favorable margins from settled derivatives, but was partially offset by lower commodity prices (Chunk 2). - Sustaining capital expenditures for 2023 were $868 million, up from $761 million in 2022 (Chunk 1). Summary: KMI's 2023 capex (including higher sustaining capital expenditures and acquisition spending) contributed to a higher working capital deficit, indicating a negative impact on liquidity. On profitability, increased capex (especially sustaining capex) was one of the factors contributing to a decrease in Distributable Cash Flow, though Adjusted EBITDA slightly improved due to other operational factors. Overall, 2023 capex put pressure on liquidity and was a factor in reduced profitability metrics such as DCF.","The 2023 data show that Kinder Morgan's capital expenditure profile is a blend of cash and non‑cash components, which has several implications:\n\n1. Cash Impact vs. Accounting Totals: Although the headline figure of total capital investments is $4,677 million, not all items require a cash outlay. For example, the sustaining capital expenditures by unconsolidated joint ventures generally do not require cash from Kinder Morgan, and certain contributions related to joint ventures are netted. This means that the actual cash expenditure may be materially less than the total reported expenditure, suggesting that the company's liquidity may be healthier than the raw capital expenditure figure implies.\n\n2. Acquisitions and Their Effect on Liquidity: The acquisitions component ($1,843 million) likely represents a significant cash outlay or financing requirement. While acquisitions can drive future growth and profitability if integrated successfully, they can also put pressure on liquidity in the short term, especially if funded with debt or if the cash flows from these investments take time to materialize.\n\n3. Sustaining vs. Expansion Investments: The sustaining capital investments (e.g., $868 million for property, plant, and equipment and adjustments for non-cash joint venture items) are necessary to maintain current operations. In contrast, expansion investments (significant cash investments for property, plant, and equipment plus acquisitions) are aimed at growth. While expansion investments may boost future earnings through increased capacity and market reach, they also carry risks related to overextension, integration challenges, or potential inefficiencies that might affect profitability if growth targets aren't met.\n\n4. Future Profitability Outlook: Given that a good portion of the capital expenditures is directed towards expansion, there is a clear intent to drive revenue growth and enhance future earnings. However, if the acquisitions and expansion projects do not generate the expected returns, the high capital intensity could negatively impact profitability. On the other hand, if these investments yield improvements in operational efficiency, market share, and capacity utilization, the company's future profitability could benefit substantially.\n\nIn summary, while the mix of cash and non-cash items implies that Kinder Morgan's liquidity might not be as strained as the headline number suggests, the substantial use of cash for acquisitions and expansion investments does require careful monitoring. This balance will be critical in ensuring that the company maintains liquidity while pursuing growth that can translate into higher long-term profitability.","7",""
"22","ba7a7626","Capital allocation & growth for CPRT FY22-24 involving investing & financing cash flows.","For Copart (CPRT) during fiscal years 2022 to 2024, the company's capital allocation and growth strategy focused on reinvesting in its business, maintaining a stock repurchase program, and retaining earnings for operational use rather than paying dividends. Investing Cash Flows & Growth: - Copart invested in its business operations, as reflected in continued growth in service revenues and vehicle sales over these years (from $3.50 billion in FY22 to $4.24 billion in FY24). - The company provides a range of services to vehicle sellers using its online auction platform, expanding in both the U.S. and internationally, including principal operations in the UK, Germany, and Spain. - There is no specific breakdown of capital expenditures or acquisitions in the provided context, but the company's strategy emphasizes maximizing the sales process through technological platforms and expanding service offerings (Chunk 8). - Copart did not declare or pay any cash dividends during this period, choosing to retain earnings to fund business growth (Chunk 2). Financing Cash Flows: - Copart maintained an active stock repurchase program, with authorization for up to 784 million shares. As of July 31, 2024, a total of 458.2 million shares had been repurchased, and 325.8 million shares remained available for repurchase under the program. However, no shares were repurchased in fiscal years 2022, 2023, or 2024 (Chunk 2). - The company has not paid cash dividends since becoming public in 1994 and stated an intention to retain earnings for business use (Chunk 2). - Employee stock option exercises (via cashless exercises) did not occur in FY22-24, so there was no impact on share count from this mechanism during these years (Chunk 2). - The company's credit agreement contains covenants that may limit or restrict dividend payments, but this was not a factor since no dividends were paid (Chunk 2). In summary, between FY22 and FY24, Copart allocated capital towards internal growth and maintaining operational flexibility, prioritized reinvestment in the business, and preserved shareholder value through an authorized but unused share repurchase program, while opting not to pay dividends. There is no evidence in the provided context of significant acquisition activity or new external financing during this period.","The data allow us to observe the evolution of investing and financing cash flows from 2022 to 2024 and deduce how the company's capital allocation strategy supports its long-term growth. In 2022, the company reported a relatively modest investing cash outflow (approximately -$442 million) and a significant negative financing cash flow (approximately -$383 million), suggesting that during that period, the company was using cash for investments and had a net outflow of funds from financing activities, which might be related to debt repayments or other capital management activities. In 2023, however, investing cash flows became more negative (approximately -$1,892 million), signaling a period of increased investment activity perhaps due to acquisitions, capital expenditures, or other strategic investments. Parallel to this, financing cash flows turned positive (approximately +$66.6 million), indicating that the company raised capital (possibly through equity issuance or debt financing) to support these higher investing outlays. By 2024, the investing cash flow outlay moderated (approximately -$940 million), suggesting a downscaling or completion of significant investment initiatives, while financing cash flows remained positive but smaller (approximately +$19.3 million). \n\nThese trends indicate a disciplined capital allocation strategy where the company relies primarily on internally generated cash (as seen in the steadily growing operating cash flows) and supplements its investment needs with external financing when necessary. The spike in investment activities in 2023 and the accompanying positive financing inflows imply a strategic move to fuel long-term growth through targeted capital expenditures and potential acquisitions. As these investments moderate in 2024, the reduced reliance on financing suggests the company is moving toward a more self-sustaining growth model, leveraging its operating results to support working capital and future investments. Overall, the trends reflect an approach where the company balances aggressive investment in growth opportunities with strategic financing to manage liquidity and capital structure efficiently over the long term.","5",""
"24","767cfdfd","Delta's 2023 capex breakdown aligns with its strategic priorities & environmental initiatives.","Delta's 2023 capital expenditures (capex) closely align with its strategic priorities and environmental initiatives. Key components of Delta's capex in 2023 included: - Significant investment in aircraft fleet renewal, which is a central part of Delta's environmental sustainability strategy. The addition of 43 new aircraft in 2023 improved fleet fuel efficiency, contributing to a 5.5% improvement compared to 2019. These newer aircraft are on average 28% more fuel efficient per seat mile than those retired since 2019. Fleet renewal and modification, such as installing split-scimitar winglets and lighter-weight tires, are aimed at reducing fuel consumption and emissions (Chunks 4, 8). - Investments in airport infrastructure, including the redevelopment of major terminals at New York-LaGuardia and Los Angeles, which enhance operational efficiency and customer experience while incorporating more sustainable facility designs (Chunks 4, 5, 9). - Ongoing commitment to technology and digital transformation, both to improve the customer experience and support operational efficiency (Chunk 2, 5). - Initiatives targeting reduced environmental impact in ground operations, such as the purchase of over 500 new electric ground support equipment across Delta's network (Chunk 1). - Increased use of sustainable aviation fuel (SAF), with over three million gallons used in 2023--nearly double the previous year--supporting Delta's goal of reducing lifecycle emissions from aviation fuel (Chunk 1). As of December 31, 2023, Delta had aircraft purchase commitments totaling approximately $17.5 billion, underscoring the long-term capital allocation toward fleet modernization and sustainability (Chunk 4). Overall, Delta's 2023 capex reflects its focus on operational excellence, customer service, digital innovation, and robust progress toward environmental sustainability.","The information provided confirms that Delta's 2023 capital expenditures--which totaled $5.3 billion--were predominantly used for aircraft purchases, airport construction projects, fleet modifications, and technology enhancements. Although the narrative does not break down the exact dollar amount allocated to each category, it clearly aligns the spending with Delta's strategic priorities. In particular, significant investment in aircraft and fleet modifications supports the company's environmental sustainability strategy. Modernizing the fleet not only improves fuel efficiency and reduces emissions but also underpins Delta's efforts to meet ambitious climate goals. Additionally, investments in airport construction (for example, the New York-LaGuardia terminal redevelopment and LAX upgrades) and technological enhancements emphasize the company's commitment to enhancing both operational efficiency and customer experience. Overall, Delta's capital allocation reflects a balanced approach: advancing its infrastructure to support growth and operational efficiency while prioritizing environmental sustainability through fleet renewal.","10",""
"27","6a870590","Rev drivers for GE HealthCare include Imaging & US pricing, new products, supply chain, and FX.","Revenue drivers for GE HealthCare include several key factors: - Imaging and Ultrasound (US) Pricing: The company experienced increased pricing for both products and services, which contributed positively to revenue growth. Pricing initiatives and improvements were specifically mentioned as drivers for both Imaging and Ultrasound segments (Chunks 4, 6). - New Products: The launch and follow-through on new product introductions, as well as ongoing product lifecycle maintenance, contributed to revenue, with engineering investments supporting these activities (Chunk 4). - Supply Chain: While supply chain cost inflation (labor, raw materials, shipping) has been a challenge, some easing of these pressures in 2023 helped support performance. However, ongoing or renewed supply chain issues could impact future revenues (Chunk 2). - Foreign Exchange (FX): Foreign currency exchange rates had a negative impact on reported revenues. Organic revenue growth figures are presented excluding the effects of FX, highlighting its influence on topline results (Chunk 6). In summary, GE HealthCare's revenue growth is driven by improved pricing in Imaging and Ultrasound, the introduction of new products, supply chain management, and is impacted by foreign exchange fluctuations.","For the Imaging segment, the revenue performance in 2023 was driven by a combination of pricing increases, new product introductions, and supply chain fulfillment improvements. These actions contributed to an organic revenue growth of 7%--particularly evident in the Magnetic Resonance and MI/CT product lines--resulting in a reported increase of $596 million (or 6% growth). However, the positive effects of these initiatives were partially offset by unfavorable foreign currency impacts, meaning that while the segment benefited from enhanced pricing and newer, more in-demand products along with improved product availability, the currency headwinds diminished the net growth.\n\nIn the Ultrasound segment, similar strategies were employed. New product introductions in the Cardiovascular and Point of Care and Handheld product lines, along with pricing increases and improved supply chain performance, drove an organic revenue growth of 2% and a reported increase of $35 million (or 1% growth). Again, these positive contributions were partially counteracted by unfavorable foreign currency effects, which limited the overall impact on revenue performance. \n\nIn summary, both segments experienced growth due to strategic price hikes, new products, and better supply chain execution. However, the net revenue gains in each segment were moderated by the negative effects of currency fluctuations, with the Imaging segment showing a more robust absolute and relative improvement compared to the more modest changes seen in the Ultrasound segment.","8",""
"28","04931eea","Impact on liquidity and operational confidence of HSIC's repurchase program.","Based on the provided information, HSIC (Henry Schein, Inc.) has an ongoing share repurchase program, with $265 million available for future common stock share repurchases as of December 30, 2023. The company has repurchased approximately $4.7 billion of common stock (90,394,805 shares) under these initiatives. The repurchase program indicates that HSIC has sufficient liquidity to allocate capital toward returning value to shareholders, while still maintaining the flexibility to continue such activities. The detailed record of consistent repurchases, along with the remaining authorized amount, suggests operational confidence and a stable financial position, as the company is able to manage share repurchases without adverse impact on its liquidity. There is no indication in the context that the program has negatively affected liquidity or operational capabilities. In summary, HSIC's repurchase program demonstrates operational confidence and a solid liquidity position, supporting continued share repurchases alongside regular business operations.","The expansion of the repurchase program by an additional $4.9 billion (including the recent $400 million) implies that Henry Schein, Inc. has strong liquidity and robust cash flow, which enables the company to allocate significant funds toward returning value to shareholders. This decision indicates management's confidence in the company's current operations and financial stability. By committing to a large share buyback, the Board is suggesting that it views the stock as potentially undervalued and believes that using excess cash for repurchases is a more beneficial use of capital compared to other alternatives, such as acquisitions or reinvestment in operations. In summary, this move highlights both the company's solid liquidity position and its positive outlook on future earnings and overall business performance.","8",""
"29","96e0be01","PHM's rev mix: land sale/contracting vs home sales & fin svc profit/growth.","PulteGroup's (PHM) revenue mix is predominantly from home sales, with smaller contributions from land sales/other revenues and financial services. - Home sales are the core business, generating the vast majority of total revenues. In 2023, home sale revenues were $15.6 billion out of total consolidated revenues of $16.1 billion--about 98% of total revenues (Chunk 1, Chunk 5). - Land sale and other revenues were $142 million in 2023, a very small portion compared to home sales (Chunk 1). - Financial Services (mortgage banking, title, and insurance agency operations) contributed $321 million in revenues in 2023 (about 2% of total revenues), with segment profits highly correlated to homebuilding activity (Chunk 1, Chunk 5, Chunk 6). In terms of profit and growth: - Net income for 2023 was $2.6 billion, with financial services segment income before taxes being much smaller than homebuilding segment income (Chunk 1, Chunk 6). - Home sales revenue has remained stable or grown slightly over the past three years, rising from $13.2 billion in 2021 to $15.6 billion in 2023 (Chunk 1). - Financial services revenue decreased from $390 million in 2021 to $321 million in 2023 (Chunk 1). - Land sale and other revenues have stayed relatively flat and represent a minor part of the total (Chunk 1). In summary: PHM's revenue mix is overwhelmingly from home sales, with land sales and financial services contributing much smaller portions. Profit is driven mainly by home sales, with financial services providing a supplementary, but much smaller, profit contribution. Growth in recent years has been primarily in home sales, with financial services revenue declining slightly and land sales remaining flat.","Based on the available reference, we can compare the revenue streams qualitatively even though we don't have full profitability margin metrics or detailed quantitative growth projections.\n\n1. Home Sales - Home sale revenues represent the core operating business. Revenues (and related profits) are primarily recognized at the closing date, when title and possession change hands. This segment generally reflects the primary product offering of PulteGroup and is supported by a well‐established sales cycle with deposits converting to close within one year. Its profitability tends to be driven by scale, operational efficiencies, and market conditions in the housing industry. The recurring and predictable nature of these transactions suggests a stable contribution to revenue over the long term.\n\n2. Land Sales & Other Construction Services - Land sales are described as strategic disposals--sales of parcels that no longer fit the company's plan or that are repurposed for commercial development. Such transactions are typically one‐off or opportunistic in nature rather than part of a recurring revenue stream. Although they may offer attractive profit margins when market conditions are favorable (for example, if the land is scarce), they are less predictable and less directly tied to the core residential construction cycle. Similarly, construction services revenues, recognized as materials and installation services are delivered, complement the home sales business but are similarly more episodic in nature than the core home sale revenues. Consequently, while they can be very profitable when executed, the long-term growth potential is generally viewed as more variable and less consistent compared to core home sales.\n\n3. Financial Services - Revenues here come from a mix of loan origination fees, commitment fees, discount points, interest income, and servicing fees. These are recognized over the period from loan origination until sale and are dependent on market interest rates and mortgage market activity. Although this revenue is accrued and provides additional, diversified income, its long-term outlook is sensitive to the interest rate environment and broader economic conditions. Generally, this revenue stream may not carry the same margin profile as a core home sale transaction but offers steady, ancillary income that can smooth earnings in periods when the residential market is under stress.\n\nIn summary, while home sales provide a stable and core revenue and profit base with predictable long-term growth subject to housing market cycles, land sales and other construction services tend to offer opportunistic, high-margin gains but are less recurring. Financial services revenues, although adding diversification, depend on market conditions (interest rates, mortgage activity) and tend to offer steady but more variable profitability. Thus, the long-term growth and stability are most anchored by home sales, with the other segments contributing either opportunistically (land sales/construction services) or as a complementary income stream (financial services).","9",""
"31","5b700c26","Impact on valuation models from NOC's legal & environmental disclosures.","I cannot find sufficient information in the provided documents to answer this question.","The disclosures are indeed relevant and play a significant role in the valuation models used by analysts. In practice, these legal disclosures, including potential environmental proceedings and other litigation risks, affect several key parameters in valuation:\n\n1. Risk Premium Adjustments: Analysts typically adjust the discount rate upward to reflect the uncertainty related to potential liabilities. The existence of legal proceedings, which could result in fines, penalties, or other liabilities, increases the company's risk profile, thereby potentially raising the cost of capital.\n\n2. Cash Flow Projections: Any contingent liabilities highlighted in the disclosures can prompt a downward revision of projected future cash flows. Analysts may allocate reserve amounts for expected outflows related to legal settlements or fines, resulting in lower free cash flow forecasts.\n\n3. Earnings Quality and Competitive Positioning: Persistent legal challenges and environmental risks can undermine earnings quality if significant financial resources are diverted to cover litigation costs. This could also impact Northrop Grumman's competitive positioning if such issues result in reputational damage or contractual penalties (e.g., suspension or debarment from government contracts).\n\n4. Scenario Analysis and Stress Testing: Valuation models may incorporate scenario analyses where different outcomes of these legal proceedings are modeled. By assessing the impact of best, base, and worst-case scenarios, analysts can better quantify the risk premium that should be embedded in the valuation.\n\nWhile the specific numerical impact (such as the exact increase in the discount rate or adjustment to cash flow forecasts) cannot be determined solely from the narrative disclosure, the qualitative information provided serves as a necessary input for analysts. It signals that the company accepts potentially material legal risks, which must be factored into both the growth potential estimation and long-term risk profiles. Thus, the disclosures influence valuation through higher risk adjustments and more conservative financial assumptions in forecasting models.","1",""
"30","50870904","impact on insider liquidity & behavior due to trading plan termination, with short-term valuation implications for EXR.","I cannot find sufficient information in the provided documents to answer this question.","The termination of the Rule 10b5-1 trading plan by the CEO changes the dynamic of potential insider trading from an automated, predetermined process to one where trades will now be executed at discretionary times. This shift can have several implications:\n\n1. Liquidity and Trading Behavior: \n   - With the predetermined plan ended, there is less likelihood of scheduled, routine insider selling. This means that in the absence of an automatic sell order, insiders will now trigger trades based on market conditions or personal assessments rather than a mechanical schedule. \n   - As a result, there might be a decrease in the predictable flow of shares entering the market, potentially reducing short-term liquidity. However, if insiders decide to sell under more favorable market conditions, the market might witness less volatility or trading momentum associated with scheduled discharges.\n   - The change could also signal that the insider intends to be more strategic and timing-dependent, which might reduce the frequency of minor transactions and alter the overall trading patterns typically associated with the insider's stock transactions.\n\n2. Short-Term Stock Valuation Implications: \n   - Investors might interpret the termination of the trading plan as a signal that insiders are more confident about the company's prospects. The absence of pre-scheduled selling could be perceived as an indication that insiders may wait for a more optimal market environment, thus reducing the anticipated immediate supply of shares in the market.\n   - In the short term, reduced anticipated selling pressure can be supportive of the stock price. However, increased discretion over trading timing might also introduce uncertainty. If an insider later chooses to sell at a large volume based on private market signals, it could lead to sudden changes in supply and demand dynamics.\n   - Market participants will likely monitor subsequent insider trading activity more closely, and any eventual insider sales outside of a pre-arranged plan could either bolster or undermine investor confidence depending on the timing and context of such transactions.\n\nOverall, while this change might reduce the predictability of insider trading and could initially lead to a more stable or positively perceived stock price (if interpreted as a sign of confidence), it also introduces an element of uncertainty in liquidity and future trading behavior. The long-term effect on short-term stock valuation will depend on how investors interpret the insider's future trading decisions in this now discretionary context.","1",""
"33","de4cb7cb","Net sales & OI correlation with segments, global exposure risk for COO EU/US ticker.","Based on the provided context, here is a summary addressing the correlation between net sales and operating income (OI) with business segments, and the global exposure risks relevant to a COO overseeing EU/US operations: **Net Sales & Operating Income (OI) Correlation with Segments:** - Companies generally report both net sales and operating income by geographic or business segments. For example, segments like North America, Europe, Asia/AMEA, and Latin America are common (see Chunks 1, 2, 3, 4, 5, 7, 11, 15). - Net sales are typically attributed to the customer's location, and segment OI is calculated based on income before certain corporate or non-operating items. - There is a clear correlation: higher net sales in a segment often support higher operating income, though this can be affected by factors such as cost structure, inflation, currency impacts, and specific segment performance (see Chunks 2, 4, 5, 10). - For example, in RL (Chunks 4 and 5), North America, Europe, and Asia segments show changes in both net sales and operating margins year over year, driven by factors like SG&A expenses, gross margin, foreign currency, and inventory charges. - K (Chunks 2, 6, 10) shows that regions with net sales growth often see an increase in operating profit, but this can be offset by inflation, foreign currency, and other local factors. **Global Exposure Risks for COO EU/US:** - Companies with significant operations in both the US and Europe face various global exposure risks: - Foreign currency fluctuations can significantly impact both revenue growth and profitability, especially in Europe and emerging markets (Chunk 13). - Economic downturns, changes in consumer/business confidence, and local market disruptions (e.g., political or economic instability) can affect demand and collections. - Exposure to multiple currencies (Euro, British Pound, Canadian Dollar, etc.) means that currency devaluation could impact creditworthiness of customers and asset values. - A COO for EU/US must also consider the potential impact of global supply chain disruptions, inflationary pressures, and regulatory differences between these markets. - Some companies mention that downturns in Europe or emerging markets might be offset by more stable conditions in North America, but overall growth and profitability are still at risk from global economic changes (Chunk 13). **Summary Table Example (based on context):** | Segment | Net Sales Growth | OI/Profit Growth | Key Risks/Drivers | |----------------|------------------|------------------|----------------------------------| | North America | Moderate/Stable | Follows sales | Inflation, input cost, demand | | Europe | Variable (FX) | Impacted by FX | Currency, economic cycles, FX | | Asia/AMEA | High in snacks | Follows sales | FX, cost inflation | | Latin America | High in snacks | Follows sales | FX, inflation, consumption | **In summary:** There is a strong correlation between net sales and operating income by segment, but this is moderated by cost structure, FX, and local market factors. For a COO responsible for EU/US operations, global exposure risks--especially currency fluctuations, economic volatility, and supply chain dynamics--are significant and must be actively managed.","The provided data allow us to correlate the geographic performance with the segment results. For example, in 2024 the consolidated net sales of US unaffiliated customers were US$1,965.9 million and Europe's were US$1,155.9 million - numbers that, after eliminating inter-geographic sales, tie together with the segmental consolidated net sales of US$3,895.4 million. In parallel, the operating income by geography shows Europe contributing US$601.8 million of the total US$705.7 million operating income, while the United States contributed only US$74.2 million. By comparison, when we look at segments, CooperVision (with higher margins) delivered US$676.2 million of operating income on net sales of US$2,609.4 million and CooperSurgical contributed US$118.3 million operating income on US$1,286.0 million net sales. This suggests that the profitability mix across segments is not uniform across regions. The European region, despite having lower unaffiliated net sales relative to the U.S., delivers disproportionately higher operating income. This could be indicative of several factors, including a more favorable product mix, pricing power, cost structure efficiencies and operating leverage in that region.\n\nThese correlations offer key insights: \n1. Global Market Exposure - The company's revenue is generated across different regions, evidencing that it does not rely solely on one geography. However, a large portion of operating profitability is concentrated in Europe, which means while overall revenues are diversified, earnings may be more sensitive to European market dynamics. \n2. Risk Diversification - The geographic breakdown shows that, although the U.S. region provides the bulk of gross sales (when looking at unaffiliated sales), lower operating income there indicates pressure (or strategic investment) that might be impacting margins. On the other hand, Europe contributes significantly to operating income, suggesting that economic, regulatory or competitive changes in Europe may have an outsized impact on the company's profitability. \n\nIn summary, the segmental performance (particularly the high margins generated by CooperVision) aligns with the geographic profitability pattern where Europe delivers robust operating income relative to its revenue share. This underlines that while the company is globally diversified in terms of revenue exposure, its earnings are more concentrated, thereby highlighting both the benefits of global presence and the inherent risk of relying on specific high-margin regions.","4",""
"34","8c33f607","Impact on profitability & cash flow due to AWK's near to medium-term competitiveness.","Based on the provided context, American Water Works Company, Inc. (AWK) appears to be in a strong liquidity and capital position, which supports its near to medium-term competitiveness and underpins its ability to generate profitability and cash flow. Key points impacting profitability and cash flow include: - Liquidity Position: As of December 31, 2023, AWK had $330 million in cash and cash equivalents and $2.495 billion available on its revolving credit facility, resulting in total available liquidity of $2.825 billion (Chunk 7). This strong liquidity position enables AWK to meet short-term obligations, fund capital investments, and manage expenditures even in the event of market disruptions (Chunks 1, 3, 5, 13). - Capital Structure: The company's capital structure improved in 2023 due to a significant common stock issuance and long-term debt issuance, with proceeds used to repay short-term borrowings. This reduced reliance on short-term debt and increased the proportion of equity in the capital structure, which generally supports financial stability and lower risk (Chunk 7). - Debt Management: AWK maintains access to diverse funding sources, including public and private debt offerings, commercial paper markets, and a substantial revolving credit facility. In 2023, the revolving credit facility was extended to October 2028, further supporting medium-term liquidity (Chunks 3, 5, 13). - Cash Flow Generation: Cash flows from operating activities, primarily from the sale of water and wastewater services, remain robust. While subject to factors like seasonality, customer payment ability, and economic conditions, these cash flows are the main source for funding capital-intensive operations, acquisitions, and dividends (Chunk 1). - Risk Management: AWK uses derivative contracts (e.g., treasury lock agreements) to manage interest rate exposure, which helps stabilize interest expenses and supports consistent profitability (Chunks 2, 5, 6). - Contingency Planning: The company has mechanisms in place to address potential disruptions, such as deferring capital expenditures or reducing discretionary spending if market access becomes constrained. However, there is currently no indication of imminent risk to liquidity or profitability (Chunks 1, 9, 12). In summary, AWK's current competitiveness, reflected by its strong liquidity, prudent capital structure, and effective risk management, positions it well to maintain profitability and generate sufficient cash flow in the near to medium term. There are no immediate indications from the provided context of adverse impacts on profitability or cash flow due to competitiveness issues.","The provided information allows us to assess several impacts on American Water Works Company, Inc.'s profitability and cash flow profile in the context of increasing competition:\n\n1. **Margin Pressure and Pricing Flexibility**: Even though the Company's Regulated Businesses historically enjoy limited competition due to regulatory frameworks and franchising, an increasing number of competitors--especially governmental agencies and investor-owned utilities--could lead to downward pressure on pricing. This might force the Company to limit rate increases, resulting in potential margin compression and lower profitability.\n\n2. **Increased Operating and Capital Costs**: As competitors enter the market, the Company may need to invest in infrastructure improvements, innovation in water treatment technologies, or customer service enhancements in order to maintain its competitive advantage. Such investments could temporarily increase operating and capital expenditures, affecting short-to-medium term cash flow.\n\n3. **Market Share Volatility**: Larger industrial customers that have the option to self-supply water or treatment may reduce their reliance on the Company's services. This shift could lower the overall volume of regulated revenues and, in turn, introduce variability or decline in cash flow if a substantial customer base shifts away.\n\n4. **Competitive Innovation**: The entry of strategic buyers and diversified utility companies might lead to heightened competition in ancillary services or non-regulated segments. While regulated revenue is typically stable, these competitive pressures might drive the Company to innovate or diversify its offerings, potentially impacting both short-term profitability (through development costs) and medium-term cash flows (through the risk of unsuccessful ventures).\n\n5. **Regulatory Reactions**: As competition increases, there could be regulatory responses geared toward both protecting customers (through rate adjustments) and ensuring fair competition. This might lead to more stringent oversight on revenue increases and operational efficiency targets. Consequently, while the company's regulated status provides some insulation, tighter regulatory controls might limit its ability to fully pass increased costs on to customers, affecting overall profits and cash flow.\n\nIn summary, while the company's historical regulatory framework has supported stable earnings, increasing competition from governmental entities, investor-owned utilities, and large industrial customers could introduce pricing pressures, increased operational or capital expenditures, and a reduction in market share. These factors collectively might lead to compression in profit margins and introduce near-to-medium term cash flow variability.","3",""
"36","4bc25f0f","Accrued legal liabilities for EXR, current vs prior.","Based on the provided context, specific current and prior accrued legal liabilities for EXR (Extra Space Storage Inc.) are not explicitly stated in numerical terms. The documents indicate that EXR establishes an accrued liability for litigation when loss contingencies are both probable and reasonably estimable, and that details about legal accruals can be found in the Commitments and Contingencies footnote in the financial statements (Chunk 3). However, the actual amounts for current and prior periods are not included in the retrieved text. Therefore, I cannot find sufficient information in the provided documents to answer this question.","The provided reference does not include any specific numerical values or details on accrued liabilities for legal proceedings, nor does it provide comparative figures for previous periods. Without access to figure-level details from the financial statements, it is not possible to accurately determine the current balance or trend over time.","10",""
"32","9759448e","Ralph Lauren Corp trends in 3-yr net rev/op inc/net inc & efficiency.","Over the three most recent fiscal years (2022-2024), Ralph Lauren Corporation exhibited the following trends in key financial metrics: **Net Revenues:** - 2022: $6,218.5 million - 2023: $6,443.6 million - 2024: $6,631.4 million Net revenues increased steadily each year, with a total growth of about 6.6% from 2022 to 2024. **Operating Income:** - 2022: $798.4 million - 2023: $704.2 million - 2024: $756.4 million Operating income decreased from 2022 to 2023, then rebounded in 2024. The 2024 figure reflects a 7.4% increase over 2023, driven by improved gross margin, partly offset by higher SG&A expenses. As a percentage of net revenues, operating income improved to 11.4% in 2024, up 0.5 percentage points from 2023. **Net Income:** - 2022: $600.1 million - 2023: $522.7 million - 2024: $646.3 million Net income declined in 2023 but rose sharply in 2024, exceeding both prior years. **Efficiency:** - Gross profit margin improved, contributing to the increase in operating income percentage. - SG&A expenses have increased each year, but the rise in gross margin helped offset these costs in 2024. - Operating income as a percentage of net revenues (operating margin) improved in 2024 compared to 2023. Overall, Ralph Lauren Corp has shown consistent top-line growth, a recovery in both operating and net income in 2024 after a dip in 2023, and improved operational efficiency as indicated by the higher operating margin in the most recent year.","The financial statements show that net revenues increased steadily from $6,218.5 million in FY2022 to $6,443.6 million in FY2023, and then to $6,631.4 million in FY2024. Operating income was $798.4 million in FY2022, dipped to $704.2 million in FY2023, and then recovered to $756.4 million in FY2024. Similarly, net income was $600.1 million in FY2022, decreased to $522.7 million in FY2023, and then rose to $646.3 million in FY2024. These trends suggest that while revenues have consistently grown, the fluctuations in operating income and net income indicate some variability in cost management and operational efficiency. In FY2024, the recovery in both operating income and net income, despite some prior dips, highlights a potential improvement in controlling expenses relative to revenue growth.","10",""
"37","935c944e","PYPL liquidity via current assets for 2022-2023.","PayPal's liquidity via current assets for the years 2022 and 2023 is as follows: - As of December 31, 2023, PayPal's total current assets were $62,569 million. - As of December 31, 2022, PayPal's total current assets were $57,424 million. These current assets include cash and cash equivalents, short-term investments, accounts receivable, loans and interest receivable (held for sale and net), funds receivable and customer accounts, and prepaid expenses and other current assets.","From the provided balance sheet data, there is clear evidence of improvement in PayPal Holdings' liquidity from 2022 to 2023. In 2023, the company reported cash and cash equivalents of $9,081 million compared to $7,776 million in 2022, which is an increase of approximately $1,305 million or around 16.8%. Similarly, short-term investments grew from $3,092 million in 2022 to $4,979 million in 2023, marking an increase of about $1,887 million, or roughly a 61% increase. Additionally, total current assets increased from $57,424 million in 2022 to $62,569 million in 2023.\n\nThese improvements in cash, cash equivalents, and short-term investments not only boost the overall current assets but also enhance the company's liquidity position, providing improved capacity to cover short-term obligations and finance operations. The significant increases in liquid instruments suggest that PayPal Holdings is bolstering its liquidity profile, which is a positive sign in terms of financial flexibility and risk management.","7",""
"35","9e90e5b3","Risk analysis of consumer lending contractual & carrying values for JPMorgan Chase in '23 vs '22.","In 2023, JPMorgan Chase's risk analysis of consumer lending contractual and carrying values indicates several key points when compared to 2022: - The contractual amounts for consumer lending commitments, such as credit card and home equity lines, represent the maximum possible credit risk. However, not all available lines are expected to be utilized at the same time, and the firm has the ability to reduce or cancel these lines if necessary (Chunk 1). - An allowance for credit losses on lending-related commitments is maintained to provide for expected losses, and this allowance is adjusted based on management's assessment of risk (Chunk 1). - As of December 31, 2023, the allowance for lending-related commitments was $801 million, slightly down from $830 million in 2022, even as the allowance for loan losses increased from $3.3 billion to $5.0 billion. The total allowance for credit losses (loans plus lending-related commitments) increased from $4.15 billion in 2022 to $5.81 billion in 2023 (Chunk 7). - The net charge-off rate remained low at 0.12% in 2023 (up from 0.04% in 2022), and nonaccrual loans as a percentage of total loans decreased slightly to 0.29% (from 0.33% in 2022) (Chunk 7). - For consumer lending commitments, the firm does not estimate fair value, as these can often be reduced or cancelled with notice. The contractual values therefore do not fully represent expected future exposure (Chunk 4). - In a sensitivity analysis, adverse macroeconomic scenarios in 2023 would have increased modeled credit losses for residential real estate loans and lending-related commitments by approximately $850 million (Chunk 9). In summary, JPMorgan Chase maintained a stable risk profile for consumer lending commitments from 2022 to 2023, with a slight decrease in the allowance for lending-related commitments, a low net charge-off rate, and a slight decrease in nonaccrual loans as a percentage of total loans. The firm's ability to manage and adjust unused consumer credit lines also limits its risk exposure.","The table provides a breakdown of off-balance sheet consumer lending-related commitments (excluding the credit card business) by product. For the two main components - residential real estate and auto/other loans - the following data can be observed:\n\n1. Contractual Amounts (Notionals as of December 31, 2023):\n   - Residential real estate commitments aggregate to US$30,125 million (broken down by remaining maturity buckets as US$6,917, US$7,175, US$6,493, and US$9,540 million).\n   - Auto and other loans total US$15,278 million (with US$12,247 in the shortest maturity bucket, US$159 in the next bucket, no exposure in the 3-5‐year bucket, and US$2,872 beyond 5 years).\n   - Combined, these total US$45,403 million in contractual amounts for consumer (non-credit‐card) commitments. Note that a similar breakdown for contractual amounts as of the prior period (2022) is either not directly reported or is not the focus of the comparative analysis given here. (The contractual amounts shown are as of the December 31, 2023 snapshot.)\n\n2. Carrying Values (Reflecting fair value adjustments, reserve and liability factors):\n   - For residential real estate, the carrying value increased from US$678 million in 2022 to US$21,287 million in 2023.\n   - For auto and other loans, the carrying value jumped from US$148 million in 2022 to US$12,231 million in 2023.\n   - Thus, for the combined consumer, excluding credit card, portfolio, the carrying value went from US$826 million in 2022 to US$33,518 million in 2023.\n\n3. Interpretation - Risk Exposure and Portfolio Adjustments:\n   - Although the contractual (notional) amounts indicate the total volume of potential exposure (US$45,403 million as of 2023), it is the carrying value that embeds risk‐weighting, credit adjustments, and any fair‐value or guarantee‐related revaluations. The dramatic increase in carrying values from 2022 to 2023 suggests that the firm is now recognizing much higher economic exposure or risk per unit of notional commitment. For example, the residential real estate component's carrying value is more than 30‐fold higher in 2023 than in 2022, and auto/other has shown a similar marked increase.\n   - This could indicate one or more of the following:\n       - A remeasurement or mark‐to‐market adjustment on existing commitments (possibly related to changes in credit risk or other risk factors).\n       - An increase in the estimated potential liability arising from these off-balance sheet instruments, which may be due to changes in market conditions or the firm's credit risk models.\n       - A portfolio adjustment where previous exposures (or older accounting treatments) have been revisited, resulting in a higher carrying value today - possibly reflecting heightened risk awareness, counterparty risk factors, or revised pricing of guarantee liabilities.\n\nIn summary, while the contractual (notional) volumes for the consumer lending commitments are substantial and similar in aggregate for the current period, the carrying values have risen sharply between 2022 and 2023. This points to a significant reassessment in the economic ""risk pricing"" of these commitments, suggesting that the firm may be recognizing higher potential losses or liabilities associated with these exposures. This information is key for understanding shifts in risk exposure and indicates that the firm might be taking a more cautious (or market‐adjusted) view of its off-balance sheet consumer lending portfolio.","3",""
"38","1dc1afeb","2024 premium forecast for Everest Group Ltd using the growth factor from 2022-23, EGL.","Everest Group Ltd.'s gross written premiums for 2023 were $16.6 billion. The growth in gross written premiums from 2022 to 2023 was 4.0% (as incurred losses and LAE increased by 4.0% due to an increase in premiums earned and changes in business mix--see Chunk 1). To forecast the 2024 premium using the 2022-2023 growth factor: 2023 Gross Written Premiums = $16.6 billion Growth Factor (2022-2023) = 4.0% Forecasted 2024 Premium = $16.6 billion x 1.04 = $17.264 billion Therefore, the 2024 premium forecast for Everest Group Ltd, using the 2022-23 growth factor, is approximately $17.26 billion.","Step 1: Calculate the multiplicative factor: 13,443 / 11,787 ≈ 1.14063. \nStep 2: Apply this factor to the 2023 premiums: 13,443 x 1.14063 ≈ 15,332. \nThus, if the same multiplicative growth continues, the forecasted premiums earned in 2024 would be approximately $15,332 million.","2",""
"39","1990dde4","Dec 2023 utilization remaining for Abbott repurchase.","As of December 31, 2023, Abbott had $1.41 billion remaining available for repurchase under its 2021 repurchase program (authorized up to $5 billion) (see Chunk 1 and Chunk 5).","Abbott's board authorized a repurchase program of up to $5 billion. The table's column (d) shows that, as of November 2023, the plan had approximately $1,709,092,863 available to spend. In December 2023, after repurchasing 2,772,057 shares at an average price of $108.223, the available amount was reduced to approximately $1,409,092,884. In other words, the December activity consumed about $300 million of repurchase funds. When viewed in the context of the full $5 billion authorization, the total funds used to date under this program are estimated as follows:\n\n  Total Utilized = $5,000,000,000 - $1,409,092,884 ≈ $3,590,907,116\n\nThis utilization represents approximately:\n\n  Percentage Utilized = ($3,590,907,116 / $5,000,000,000) x 100 ≈ 71.82%\n\nThus, based on the December 2023 repurchase data, approximately 71.8% of the authorized $5 billion has been utilized, leaving roughly $1.41 billion available under the program.","8",""
"40","bf8b90e2","Direct sales vs. reseller impact on margins & cash flow by account size in PTC.","I cannot find sufficient information in the provided documents to answer this question.","The information provided gives us a qualitative basis to assess the influence of the 75% direct sales model compared to the reseller channel on cost margins and cash flow stability, particularly with regard to serving large versus small- and medium-sized businesses. Here are the key insights:\n\n1. Direct Sales to Large Accounts:\n   - Since about 75% of sales occur through the company's own sales force, which primarily engages with large accounts, the company likely enjoys greater control over pricing, contract terms, and customer relationships, all of which contribute to better cost margins.\n   - Large accounts typically lead to more customized solutions and longer-term contracts, resulting in stable and predictable cash flows. They also enable better negotiation dynamics, potentially improving profit margins despite the higher cost of a dedicated sales force.\n\n2. Reseller Channel for Small- and Medium-sized Businesses:\n   - Sales generated via third-party resellers generally have a cost structure that includes commission fees, discounts, or other incentives, which can compress profit margins compared to direct sales.\n   - While the reseller channel helps in expanding market reach and covering segments that might be less accessible for the direct sales force, the transactions with small- and medium-sized businesses are often less consistent in size and frequency. This variability can lead to less stable cash flow.\n\n3. Overall Impact on Cost Margins and Cash Flow Stability:\n   - The direct sales model, by focusing on large accounts, tends to enhance cash flow stability because contracts with large customers are typically longer-term and less volatile. This also allows for better capital allocation and resource management, contributing to improved profitability.\n   - On the other hand, while the reseller channel offers a broader customer base and can drive growth, it may introduce lower margins and more variability in cash flow due to the commissions and pricing strategies needed to manage a wider range of smaller deals.\n\nIn summary, the 75% direct sales model is likely to favor higher cost margins and more stable cash flow due to controlled, long-term engagements with large accounts. The reseller channel, while essential for market expansion and cost-effective penetration of small- and medium-sized markets, may naturally experience compressed margins and less predictability in cash flow due to the inherent nature of third-party sales arrangements.","1",""
"18","f2269d66","Risk assessment factors for legal proceedings in MAS mgmt.","The risk assessment of legal proceedings in management analysis and strategy (MAS) management typically involves several factors: 1. Probability of Loss and Estimability: Management assesses whether a loss from a legal proceeding is probable and if the amount can be reasonably estimated. If both conditions are met, accruals are established (see DLTR.pdf, PNC.pdf, MO.pdf, CVS.pdf, MTB.pdf, JNJ.pdf). 2. Subjectivity and Uncertainty: There is significant subjectivity and unpredictability in assessing legal proceedings, as many matters are complex, involve indeterminate or unsubstantiated damages, and have uncertain outcomes (DLTR.pdf, MO.pdf, JNJ.pdf). 3. Materiality: Management considers whether legal proceedings could have a material effect on financial condition, results of operations, or cash flows. Even if accruals are made, ultimate losses may be higher than anticipated (DLTR.pdf, PNC.pdf, MTB.pdf, JNJ.pdf). 4. Regulatory and Reputational Risks: Legal proceedings may result in regulatory penalties, business restrictions, or reputational harm, which can be difficult to quantify (PNC.pdf, MO.pdf, MTB.pdf). 5. Changes in Circumstances: Assessments are revisited regularly, as new information, legal developments, or discovery of facts could change estimates or require additional accruals (DLTR.pdf, CVS.pdf, MTB.pdf, JNJ.pdf). 6. Insurance and Indemnification: The adequacy of insurance or indemnification rights is considered, as these may not fully cover potential losses (TT.pdf, VRTX.pdf, MCO.pdf). 7. Complexity and Judgment: High degrees of management and auditor judgment are involved in identifying, evaluating, and disclosing legal risks, especially for matters involving significant uncertainties or large potential exposures (MO.pdf, DVA.pdf). 8. Controls and Procedures: Companies implement internal controls to ensure complete identification and proper assessment of legal risks, including regular reviews with legal counsel and management (DVA.pdf). In summary, MAS management considers likelihood and size of loss, materiality, uncertainty, regulatory and reputational impact, adequacy of insurance, and the need for robust internal controls when assessing risks related to legal proceedings.","Based on the reference provided, management justifies the belief that the impact of these legal proceedings will be immaterial by emphasizing that they have established adequate legal defenses to address the various claims and regulatory matters. In their risk assessment, management appears to consider several factors, including:\n\n1. The nature and variety of legal claims (e.g., advertising, competition, intellectual property, product liability, etc.), which suggests that they evaluate each matter on its own merits.\n\n2. The existence of established defenses and legal strategies that they believe can mitigate potential adverse outcomes.\n\n3. Their historical experience and internal assessments of litigation, which likely includes the effectiveness of their legal and compliance frameworks.\n\n4. The overall risk management processes in place, including how product safety issues, product recalls, and insurance coverage are handled.\n\nWhile the information provided does not offer detailed quantitative analyses or specific internal metrics, it implies that management's confidence is grounded in both the structure of their legal defenses and a comprehensive evaluation of the potential outcomes of these legal and regulatory actions. Thus, they consider the overall claim profiles, regulatory context, and their internal mitigation strategies in arriving at the risk assessment that the likelihood of a material adverse effect is remote.","7",""
"42","21b74768","The impact of DHR govt grants & financing on CAPEX, ticker, OPEX, & PP&E remains significant.","Based on the provided context, DHR (Danaher Corporation) has received significant government grants and financing, particularly from agencies such as the Biomedical Advanced Research and Development Authority (BARDA) within the U.S. Department of Health and Human Services. These grants have primarily been used to finance the expansion of production capacity in areas like chromatography, cell culture media, and diagnostics testing technologies at the company's Biotechnology and Diagnostics businesses. Impact on CAPEX: - The grants have contributed to increased capital expenditures (CAPEX), particularly for expanding manufacturing and testing capacity. For example, in 2021, the company was awarded $568 million in grants, which are paid over one to four years. - Capital expenditures for DHR totaled approximately $1.4 billion in 2023, $1.1 billion in 2022, and $1.2 billion in 2021, with the year-over-year increase in 2023 attributed primarily to investments in manufacturing capacity (Chunk 1). Impact on OPEX: - The government assistance is primarily used for capital investments and not directly for operating expenses (OPEX). However, the expanded capacity and new product development supported by these grants could indirectly affect OPEX by enabling greater production efficiency or volume. Impact on PP&E: - The grants are related to the expansion and improvement of property, plant, and equipment (PP&E), as they finance new facilities and equipment to increase production and testing capabilities. - The U.S. government retains certain rights related to the intellectual property and incremental production capacity that results from the government-funded expansions (Chunks 1 and 7). Ticker: - The company referenced is Danaher Corporation, ticker symbol DHR. In summary, DHR's government grants and financing have a significant positive impact on capital expenditures and property, plant, and equipment by enabling expansion and upgrades. The effect on operating expenses is indirect, mainly through enhanced capacity and potential efficiency gains, rather than direct funding of OPEX. The ticker for Danaher Corporation is DHR.","The government assistance grants and financing agreements, like those with BARDA, reduce the Company's reported operating expenses and capital expenditures by directly offsetting these costs. Specifically, the assistance offsets operating expenses by reducing the net expense amount recognized in the period. For example, in 2023 and 2022, the Company recorded offsets of $51 million and $49 million respectively against operating expenses. Similarly, for capital expenditures, these government funds are used to finance purchases of property, plant, and equipment. The cost of these assets is recorded on the balance sheet net of the government assistance received--in 2023 and 2022, the offsets against capital expenditures were $136 million and $87 million respectively. In effect, the assistance reduces both the effective cash outlay for capital investments and the operating expense burden, with the capital expenditures being reported at a net cost that reflects the financing received from the government.","6",""
"41","abbcca98","How do workforce growth and low turnover impact Visa (V)'s competitive positioning and sustainable innovation?","Visa's workforce growth and low turnover significantly enhance its competitive positioning and ability to sustain innovation in several ways: 1. Talent Acquisition and Retention: Growing its workforce from approximately 28,800 in fiscal 2023 to about 31,600 in fiscal 2024 (a 10% increase) allows Visa to attract, develop, and advance top talent globally, which is critical to its continued success. With a voluntary workforce turnover rate of just 5% as of September 30, 2024, Visa maintains stability and retains valuable institutional knowledge and expertise (Chunks 1, 2, 11). 2. Global Reach and Diversity: Visa employs people in more than 80 countries and territories, with 57% of its workforce located outside the U.S. A diverse and distributed workforce enables Visa to better serve global markets and understand local needs, supporting its expansive and inclusive approach to partnerships and product development (Chunk 1). 3. Culture of Innovation and Engagement: Low turnover helps foster a culture where employees feel valued and engaged, contributing to higher productivity and innovation. Programs such as Visa University, mentorship initiatives, and the UPLIFT recognition platform encourage continuous learning, collaboration, and the sharing of new ideas. High engagement is reflected in survey results, with 91% of employees recommending Visa as a great place to work (Chunks 9, 11). 4. Consistent Performance and Brand Value: Workforce stability allows Visa to consistently deliver secure, reliable, and innovative payment solutions. This reliability strengthens Visa's brand, which is a key differentiator in the competitive payments industry (Chunks 1, 2). 5. Sustainable Innovation: By investing in talent development, alternative career pathways, and digital tools (including internal generative AI and social platforms like Viva Engage), Visa ensures it remains agile and at the forefront of technological advancements, supporting long-term innovation and growth (Chunk 11). In summary, Visa's workforce growth and low turnover provide a solid foundation for competitive advantage by ensuring access to top talent, fostering a culture of innovation, maintaining high engagement, and enabling consistent, global service delivery.","The 10% increase in workforce from fiscal 2023 to fiscal 2024 indicates that Visa Inc. is investing significantly in talent to support future growth. This expansion, coupled with a low voluntary turnover rate of 5%, suggests that the company is not only attracting new talent but also retaining it effectively. Additionally, the diverse global presence--with employees in over 80 countries and a balanced gender and ethnic composition--enhances its competitive positioning by bringing varied perspectives and strengthening its market reach, ultimately supporting sustainable innovation and growth.","10",""
"44","81d923ce","NTAP's cash from ops vs. share buybacks, divs, capex.","For NetApp (NTAP) in the fiscal year ended April 26, 2024: - Cash from Operations: $1,685 million - Share Buybacks (Repurchase of Common Stock): $900 million - Dividends Paid: $416 million - Capital Expenditures (Purchases of property and equipment): $155 million Summary: NetApp generated $1,685 million in operating cash flow. Out of this, it spent $900 million on share repurchases, $416 million on dividends, and $155 million on capital expenditures. The combined outflows for buybacks, dividends, and capex ($1,471 million) were well-covered by its operating cash flow.","During the period, NetApp, Inc. generated approximately $1,685 million in cash from operating activities. In comparison, it used $900 million for share repurchases, $416 million for dividend payments, and $155 million for property and equipment purchases, totaling $1,471 million. This means that operating cash generation exceeded these outlays by about $214 million ($1,685 million - $1,471 million), indicating that the company's core operations produced sufficient cash to cover these cash allocation and financing activities.","10",""
"49","c5edfe0e","B&BW's cap allocation for cybersecurity and cash flow resilience are key focus areas.","I cannot find sufficient information in the provided documents to answer this question.","Bath & Body Works' proactive investments in cybersecurity--as evidenced by its comprehensive information security program, regular cyber risk assessments, continuous employee training, reliance on third-party expertise, and strong board-level oversight--can be viewed as a deliberate capital allocation strategy aimed at mitigating operational risks. By investing in measures such as endpoint threat detection, multi-factor authentication, vulnerability management, and robust incident response processes, the company is actively reducing the likelihood of costly cyber incidents that might disrupt operations or require unplanned cash outlays. This risk reduction helps secure ongoing business operations, thereby contributing to more resilient cash flows.\n\nFrom a profitability standpoint, such targeted investments serve to protect the company's revenue streams by preventing potential financial damages related to cybersecurity breaches (e.g., data breaches, ransom payments, reputational damage that could lead to lost customer trust). This proactive risk management approach not only supports stable, predictable cash flows but also preserves shareholder value by minimizing volatility linked to unforeseen cyber events. In summary, Bath & Body Works' strong focus on cybersecurity reflects a strategic capital allocation that prioritizes long-term operational resilience and continuous profitability by safeguarding critical digital infrastructure and reducing potential liabilities.","1",""
"45","21b12275","PG&E Corp's rev growth mult for FY21-FY23.","PG&E Corporation's total operating revenues for the years ended December 31 were as follows (in millions): - 2021: $20,642 - 2022: $21,680 - 2023: $24,428 To calculate the revenue growth multiple from FY21 to FY23: Revenue growth multiple = 2023 revenue / 2021 revenue = $24,428 million / $20,642 million ≈ 1.18 So, PG&E Corporation's revenue growth multiple for FY21 to FY23 is approximately **1.18x**.","To calculate the growth multiplier, divide the 2023 total operating revenues by the 2021 total operating revenues. That is:\n\nMultiplier = 24428 / 20642 ≈ 1.183\n\nThis means that if you multiply the 2021 revenue of $20,642 million by approximately 1.183, you get the 2023 revenue of around $24,428 million.","9",""
"47","06642fdc","Fortive exec tenure impact on invst. sentiment & risk profile.","The provided context gives details about the tenure and backgrounds of several Fortive executives, highlighting their significant experience in the industry and within Fortive or similar companies (see Chunk 1). However, there is no direct discussion in the documents about how executive tenure specifically impacts investor sentiment or Fortive's risk profile. Generally, experienced and stable executive leadership can positively influence investor sentiment by providing confidence in management's ability to execute strategy and manage risks. Long-tenured executives may also contribute to a lower risk profile due to their familiarity with the company's operations, markets, and challenges. However, since the context does not directly address this question or provide explicit analysis or statements on the relationship between Fortive's executive tenure and its investment sentiment or risk profile, I cannot find sufficient information in the provided documents to answer this question.","The provided information about the longevity of key executives--James A. Lico and Charles E. McLaughlin, who have both been with Fortive Corporation since 2016--allows us to infer several qualitative impacts on investor confidence and the company's risk profile. Long-tenured CEOs and CFOs typically signal stability and continuity in leadership, which can be seen as a positive indicator by investors. Specifically, experienced executives who have overseen various market cycles and strategic initiatives may inspire confidence that the company's current strategic direction is built on a solid foundation. This stability generally reduces perceived management risk, as investors may feel that the executive team is less likely to make erratic decisions and more likely to adhere to a proven, consistent strategy.\n\nFurthermore, the sustained leadership could suggest that past performance under these executives has been satisfactory, thereby supporting a narrative of reliability and careful capital allocation. However, it is also important to note that while long tenure is a strength, there is a potential risk of stagnation or a lack of fresh perspectives if the market environment changes rapidly. In summary, the longevity of these key executives is likely to bolster investor confidence regarding strategic direction and may be seen as mitigating some elements of operational risk, though investors should also consider factors such as industry dynamics and the adaptability of the leadership team to new challenges.","6",""
"48","aeb7fc83","Audit & cyber committee of Kimco Realty (KIM) oversees cybersecurity capital allocation.","I cannot find sufficient information in the provided documents to answer this question.","The provided disclosure does allow us to reason how oversight from both committees helps balance cybersecurity investments against other capital allocation priorities. Specifically, the Audit Committee receives quarterly briefings from the CIO on the evolving cybersecurity threat landscape and the status of the company's cybersecurity risk management program. This regular oversight ensures that significant cybersecurity risks are transparently reported to the full Board and are factored into the overall enterprise risk management framework. By integrating cybersecurity within broader strategic, operational, financial and compliance risk areas, the program ensures that investment decisions regarding cybersecurity are not made in isolation but are balanced with other capital allocation priorities.\n\nAdditionally, the Cyber Committee's role in meeting at least quarterly to review the overall cybersecurity program, regulatory developments, and key risk metrics supports this balance. By having a dedicated group that works closely with both internal technical teams and external advisors, the company ensures that investments in cybersecurity are both reactive to threats and proactive in managing risk, thereby supporting long-term profitability and sustainable growth. This structure allows the company to assess whether expenditures in technology and security controls provide value relative to other capital uses and supports decision making that aligns with broader financial goals.\n\nIn summary, the dual oversight provided by the Audit Committee and the Cyber Committee ensures that cybersecurity investment decisions remain integrated within the company's overall risk management framework. This ongoing evaluation and reporting process helps guarantee that such investments are measured against their potential to protect critical assets, minimize risk exposure, and support profitability and future growth alongside other capital allocation priorities.","1",""
"46","bb6fd7cb","DCP Midstream (DCP) employee integration efficiency competitiveness at Phillips 66.","DCP Midstream employees transitioned into Phillips 66 on April 1, 2023, as part of the integration of DCP Midstream Class A Segment operations. Phillips 66 is in the process of integrating these operations to enable the capture of commercial and operational synergies. The company emphasizes operating as a high-performing organization by building breadth and depth in capabilities, pursuing excellence, and empowering employees to create and innovate. These efforts are designed to deliver industry-leading performance and maintain competitiveness. The integration is part of Phillips 66's broader strategy to maximize long-term shareholder value and create a high-performing organization, with a focus on continuous improvement and differentiating itself in the marketplace through its people and culture (Chunk 15).","According to the reference, on April 1, 2023, DCP Midstream employees transitioned into Phillips 66, and the company is actively integrating these operations to capture both commercial and operational synergies. This integration is expected to broaden and deepen the company's capabilities, empower innovation, and drive operational performance, thereby strengthening Phillips 66's competitive positioning in the energy sector.","10",""
"52","3f515a80","Risks related to external financing, alongside growth potential and competitive positioning, must be assessed for Hasbro (HAS).","Risks Related to External Financing: Hasbro relies on both cash generated from operations and external financing to fulfill its working capital needs. As of December 31, 2023, Hasbro had available an unsecured revolving credit agreement of $1.25 billion and unsecured uncommitted lines of credit totaling approximately $95.6 million, with no outstanding short-term borrowings under these lines at year-end. The company's ability to raise external financing is subject to various factors, including the price of its stock, credit market conditions, and its own creditworthiness. Limitations on access to external financing or disruptions in credit markets could restrict Hasbro's operations and growth opportunities and adversely affect its operating results (Chunk 4). Growth Potential: Hasbro's strategic plan, often referred to as its Blueprint or Blueprint 2.0, is focused on delivering long-term, sustainable, and profitable growth. Key strategies include investing in its most valuable franchises (such as MAGIC: THE GATHERING, NERF, and TRANSFORMERS), creating efficiencies in the supply chain, expanding direct-to-consumer relationships, and leveraging digital gaming and licensing partnerships. The company also exited certain non-core businesses to focus on its core brands and has diversified its manufacturing base to reduce dependence on any single region, notably decreasing reliance on China by increasing production in Vietnam and India (Chunks 5, 8, 13, 16). Competitive Positioning: Hasbro operates in a highly competitive environment, facing competition from other toy and game manufacturers, entertainment companies, technology firms, and digital gaming providers. The company's competitive advantages include a broad and iconic portfolio of brands, a focus on innovation, multi-channel distribution (retail, ecommerce, direct-to-consumer), and strategic licensing arrangements with major entertainment partners such as Disney (for Marvel and Star Wars). However, Hasbro must continually adapt to changing consumer preferences, new technologies, and the short product life cycles in traditional toys and games. Its competition is not only from established companies but also from new entrants leveraging digital platforms and emerging technologies like artificial intelligence (Chunks 5, 9, 14, 16). In summary, Hasbro's growth prospects are supported by strategic investments, operational efficiencies, and a strong brand portfolio, but the company faces risks associated with external financing and intense competition across both traditional and digital markets.","The provided data clearly outlines several potential risks that could impede Hasbro's ability to secure external financing. Key risks include:\n\n1. Disruptions in Credit Markets: The company's financing strategy relies partly on commercial paper and borrowings under revolving credit facilities. In times of credit market disruption, these sources may become either unavailable or more expensive, leading to higher financing costs or a shortfall in working capital. This risk is particularly significant during severe economic downturns where lenders might restrict or stop funding entirely.\n\n2. Unexpected Operating Losses and Increased Capital Expenditures: If Hasbro experiences material operating losses or incurs higher than anticipated capital expenditures, its cash flows from operations could be adversely affected. Reduced operational cash flow would increase the company's reliance on external financing. If operating performance deteriorates, it could lead to a negative feedback loop where reduced funding means less ability to invest in growth or manage operational risks.\n\nImpact on Future Growth and Competitive Positioning:\n\n- Reduced Liquidity and Flexibility: If access to external financing is constrained, Hasbro might have to scale back on investments in new projects, marketing, or other strategic opportunities essential for long-term growth.\n\n- Weakened Competitive Positioning: Inability to secure funding might force the company to forego strategic expenditures that enhance its market position, such as product innovation or expansion into new markets. This could allow competitors to capture market share, adversely impacting Hasbro's competitive edge over time.\n\n- Elevated Financing Costs: A constrained credit environment could increase borrowing costs. This would not only reduce immediate liquidity but also adversely affect the company's return on investment in growth initiatives, potentially putting Hasbro at a strategic disadvantage compared to competitors with more secure or lower-cost financing options.\n\nOverall, while Hasbro currently maintains adequate liquidity through various sources (including cash on hand and operational cash flows), any significant disruption in these areas or an unexpected downturn in operational performance could hinder its ability to fund growth, thereby impacting its long-term competitive positioning.","7",""
"50","497a1fc4","Impact on interest income and AFS portfolio risk from shift to cash in PAYX VRDN.","The shift by PAYX from investing in VRDNs (Variable Rate Demand Notes) to reinvesting in cash and cash equivalents, due to more favorable interest rates, affects both interest income and the risk profile of their AFS (Available-For-Sale) portfolio in several ways: 1. Impact on Interest Income: - By shifting to cash and cash equivalents in a higher interest rate environment, PAYX is able to earn more competitive interest rates on these short-term investments, which may increase interest income in the short term. During fiscal 2024, the average interest rate earned on combined funds held for clients and corporate cash equivalents and investment portfolios was 3.8%, compared to 2.7% for fiscal 2023 (Chunk 1, Chunk 3). - The move away from VRDNs to cash was specifically noted as being due to ""more favorable interest rates,"" indicating that cash equivalents were offering better yields than VRDNs at the time (Chunk 4). 2. Impact on AFS Portfolio Risk: - VRDNs, while having long contractual maturities (typically 20-30 years), are priced and traded as short-term instruments due to their liquidity features (Chunk 3, Chunk 7). By reducing holdings in VRDNs to zero by May 31, 2024 (from $344.1 million at May 31, 2023), PAYX's AFS portfolio potentially becomes more concentrated in other types of securities with different risk profiles (Chunk 4). - Cash and cash equivalents are less sensitive to interest rate changes and carry minimal credit and liquidity risk compared to longer-duration or less liquid securities. Therefore, the shift reduces the interest rate risk and possibly the overall risk in the AFS portfolio. - The company continues to invest primarily in high credit quality, short- to intermediate-term instruments, aiming to protect principal and optimize liquidity, and has no exposure to high-risk or non-liquid investments (Chunk 1, Chunk 3). In summary, the shift from VRDNs to cash and cash equivalents in a favorable rate environment likely increased PAYX's short-term interest income while reducing the interest rate and liquidity risk associated with the AFS portfolio.","The shift from investing in VRDNs to holding more cash and cash equivalents is likely to have a twofold impact on the company's AFS portfolio. First, with respect to interest income, VRDNs (Variable Rate Demand Notes) have historically provided a higher yield compared to cash and cash equivalents. This means that moving away from VRDNs may result in lower overall interest income, as cash and cash equivalents typically yield less. Second, regarding the risk profile, cash and cash equivalents are generally considered safer and more liquid compared to marketable securities like VRDNs. Thus, while the portfolio may earn less in interest income, it benefits from reduced credit and market risk, enhancing liquidity and lowering volatility. In summary, the company is trading off higher potential yields (but with greater risk) for lower yields with improved safety and liquidity.","7",""
"51","21d303fb","Impact of policy cancellation reserves on risk profile & revenue recognition for Brown & Brown, Inc. (BRO)","For Brown & Brown, Inc. (BRO), policy cancellation reserves play a role in both risk management and revenue recognition: Impact on Risk Profile: - The company maintains a policy cancellation reserve based on historical cancellation experience and any known circumstances (Chunk 1). This reserve helps manage the financial risk associated with the potential for policy cancellations, ensuring that expected reversals of revenue due to cancellations are anticipated and accounted for. Impact on Revenue Recognition: - When recognizing revenue, BRO earns commissions at a point in time when insurance coverage is bound, as no further performance obligation exists after that point. However, because policy cancellations can occur, the company must estimate and reserve for potential cancellations to ensure that recognized revenue is not overstated (Chunk 1). - The reserve is designed so that a significant reversal of revenue is not probable, which aligns with revenue recognition guidance and helps ensure that reported revenues reflect the amounts expected to be ultimately realized. In summary, policy cancellation reserves at BRO help mitigate the risk of overstatement of revenue by accounting for expected cancellations, thus supporting accurate financial reporting and prudent risk management.","The policy cancellation reserve is an important mechanism that Brown & Brown, Inc. uses to manage and mitigate the risk of revenue reversal associated with policy cancellations. Specifically, by basing the reserve on historical cancellation experience (with adjustments for current known circumstances), the company anticipates potential future cancellations and sets aside a provision that can be used to offset revenue that might otherwise be recognized prematurely.\n\nIn terms of risk profile, this practice reduces uncertainty because it acknowledges that not all policies will remain in force after the initial revenue recognition. With a historical basis for setting the reserve, the company can better gauge the potential impact of cancellations. This, in turn, contributes to a more stable risk profile by aligning recognized revenue with the true, expected performance of the underlying policies rather than an overly optimistic initial booking.\n\nRegarding overall revenue recognition, the existence of a cancellation reserve means that when revenue is recognized on the effective date of the bound policy, there is a built‐in mechanism to adjust for future cancellations. If cancellations occur, the previously estimated reserve will be used to reduce the effective revenue recognized. This careful estimation and ongoing revision of the reserve ensure that the financial statements accurately reflect the performance obligations that have actually been satisfied, and they mitigate the risk of having to later reverse revenue, which could distort profitability if not properly accounted for.\n\nIn summary, the cancellation reserve estimation tempers the volatility in both the risk profile and revenue recognition process by proactively incorporating historical cancellation data into current financial evaluations. This approach results in more reliable revenue reporting and a better-aligned understanding of performance risk related to policy cancellations.","9",""
"43","d382bc3b","EIX net gain pref. stock repurchases cond. inc.","Edison International recognized a total net gain of $16 million from the tender offer and open market repurchases of its preferred stock. This gain is reflected in ""Preferred stock dividend requirements of Edison International"" on the consolidated statements of income and contributed to the financial results for the period. The gain partially offset higher interest expense at the parent level, as noted in the discussion of consolidated income.","Edison International recognized a total net gain of $16 million from the preferred stock repurchases as reported on the condensed statements of income. This net gain combined the results from both the tender offer and the open market repurchases.","9",""
"56","5e5180f2","Honeywell (HON) contract assets & liabilities impact rev & earnings, raising quality & risk concerns.","Honeywell's contract assets and liabilities directly impact its revenue recognition and, consequently, earnings. Here's how: Contract Assets and Liabilities and Revenue/Earnings Impact: - Contract assets are recognized when Honeywell has recorded revenue for goods or services delivered to customers but has not yet billed the customer, often due to contract provisions requiring specific milestones before billing. These are derecognized and transferred to billed receivables when invoiced (Chunks 1, 10). - Contract liabilities occur when customers pay in advance for goods or services that Honeywell has not yet delivered. These are derecognized (and revenue recognized) as Honeywell satisfies its performance obligations, such as reaching a milestone or completing a service (Chunks 1, 10). This accounting treatment means revenue is recognized either before or after cash is received, depending on contract terms. For example, in 2023, Honeywell recognized $2,070 million of revenue that was previously included in contract liabilities at the start of the year (Chunk 2). Quality and Risk Concerns: - Quality: The correct measurement and timing of contract assets and liabilities are critical for accurate revenue recognition. Honeywell uses the cost-to-cost input method for long-term contracts, meaning revenue is recognized based on the proportion of costs incurred to total estimated costs (Chunk 13). This method relies on accurate cost estimation and project progress measurement. - Risk: If estimates of costs to complete or the assessment of performance obligations are inaccurate, this can lead to over- or under-recognition of revenue and earnings. Significant factors affecting estimates include inflation, technical or schedule risks, internal and subcontractor performance, and business volume assumptions (Chunk 13). Changes in estimates may require cumulative catch-up adjustments, impacting current period earnings (Chunk 2). - Honeywell reviews cost estimates regularly, but misestimation, project delays, or changes in contract terms can introduce volatility and risk to both revenue and earnings quality. In summary, Honeywell's contract assets and liabilities are a normal part of its business, especially for long-term and milestone-based contracts. However, the reliance on estimates and timing differences does raise quality and risk concerns, particularly around the accuracy of revenue and earnings reporting if assumptions or project conditions change.","The provided data offers several insights into changes in contract assets and liabilities that can help assess future revenue realization and earnings quality. Here are some key observations and the risks/opportunities they may present:\n\n1. Decrease in Contract Assets (especially unbilled contract assets):\n   - The unbilled contract assets decreased from $2,294 million at the beginning of the period to $2,013 million at year-end. This decline may indicate that the Company is more promptly billing its long-term contracts. In turn, this reduces the lag between work performed and invoicing, potentially improving cash flow.\n   - Opportunity: More efficient billing can lead to improved short-term liquidity and enhanced transparency about revenue recognition, which may support earnings quality by reducing uncertainty about when revenue will be recognized.\n   - Risk: However, if the reduction in unbilled amounts results from changes in contract terms or delays in initiating billing cycles rather than improved efficiency, it may mask issues in project execution or in meeting contractual milestones. This could signal future challenges in revenue realization if contracts are being modified or delayed.\n\n2. Changes in Contract Liabilities (Deferred Revenue):\n   - The contract liabilities have decreased (for example, from $4,583 million at the beginning of the period to $4,326 million at year-end), partly reflecting revenue that was recognized against previously deferred amounts.\n   - Opportunity: A decrease in deferred revenue, as liabilities become recognized as revenue, can signal that projects are progressing as expected. If the recognition of previously deferred revenue continues to be smooth, future earnings may appear more robust.\n   - Risk: On the flip side, if the decline in contract liabilities outpaces new contract acquisition or if future performance obligations are not well secured, this could result in less revenue cushion for future periods. It also raises a risk of revenue volatility if current recognized revenue represents a front-loading effect rather than a steady stream over time.\n\n3. Overall Implications on Revenue Realization and Earnings Quality:\n   - Improved billing efficiency (as indicated by lower unbilled contract assets) can present an opportunity for better matching of revenue with performance, thereby enhancing earnings quality. More timely invoicing can lead to more predictable revenue flows, which is positive for both management forecasting and investor expectations.\n   - However, both the reduction in unbilled assets and contract liabilities need to be monitored closely. A significant decrease in these accounts might signal that the company is either accelerating revenue recognition or that future revenue could be lower if new contracts do not offset this decline. This introduces a potential risk that the current period's earnings might include a catch-up from previous periods rather than reflecting a sustainable trend.\n\nIn summary, while the observed changes offer an opportunity to improve liquidity and provide more transparent revenue recognition, they also come with the risk that accelerated recognition might not be sustainable. Investors should consider whether these changes reflect operational improvements or merely a timing shift in revenue and billing practices that could affect future earnings predictability.","7",""
"58","df66f082","Dual role of QUALCOMM affects cap allocation & profitability.","QUALCOMM operates primarily through two main business segments: QCT (semiconductor business) and QTL (technology licensing business), with QSI (strategic investments) as a third reportable segment. The dual role--as both a developer and supplier of integrated circuits (QCT) and a licensor of intellectual property (QTL)--directly influences how capital is allocated and how profitability is assessed across the company. Capital allocation and performance evaluation are managed based on revenues and earnings before income taxes (EBT) for each segment. The Chief Operating Decision Maker (CODM) allocates resources and evaluates performance by segment EBT, which includes allocated corporate expenses such as depreciation and amortization. However, certain income and charges (like specific interest expenses, investment income, and share-based compensation) are not allocated to segments, as they are not considered in evaluating segment operating performance (Chunk 1). This dual structure affects profitability in several ways: - QCT generates revenue primarily from sales of integrated circuits and system software, which are subject to manufacturing costs, competition, and fluctuations tied to device launch cycles and consumer demand (Chunks 1, 9, 11). - QTL generates revenue from licensing QUALCOMM's extensive intellectual property portfolio, which typically involves high-margin, recurring royalty streams based on licensees' sales of wireless products (Chunks 3, 15, 16). - The different business models mean that QCT's profitability is more sensitive to supply chain issues, manufacturing capacity, and competitive pressures, while QTL's profitability can be impacted by legal challenges, regulatory changes, and the timing of license renewals (Chunks 13, 15, 16). - The dual segment structure allows QUALCOMM to diversify its revenue sources and manage risks associated with each business, but also requires careful capital allocation to balance investment in R&D, manufacturing, and patent portfolio management. In summary, QUALCOMM's dual role shapes capital allocation by segmenting investments and resources according to the distinct operational needs and risk profiles of QCT and QTL. Profitability is evaluated separately for each segment, reflecting the different revenue models and cost structures inherent to the semiconductor and licensing businesses.","The provided data allows us to offer a qualitative analysis of how leadership transitions and the combination of roles might affect Qualcomm's capital allocation and profitability. With Akash Palkhiwala now serving as both CFO and COO, one can expect several potential impacts:\n\n1. Streamlined Decision-Making: Combining the roles may lead to more cohesive and integrated financial and operational strategies. With one executive overseeing both the financial oversight and operational execution, the company might achieve faster and better-aligned decision-making related to cost control, capital budgeting, and investment priorities.\n\n2. Enhanced Capital Allocation Efficiency: The dual role can provide a unified perspective on how operational efficiencies translate into investment and capital expenditure decisions. This synergy can ensure that funds are directed to projects that not only promise financial returns but also align with operational capabilities, potentially improving the overall return on invested capital.\n\n3. Risk of Overextension: On the flip side, concentrating two high-responsibility roles in one individual might lead to challenges if the CFO/COO becomes overextended. This could result in less specialized attention to each area, increasing the risk of oversight errors in financial planning or operational management. Such risks might slightly temper the expected improvements in profitability, particularly in the near term if unforeseen issues arise.\n\n4. Potential Impact on Profitability: In the near term, integrated leadership might help in cutting unnecessary costs and reallocating capital more effectively, thereby having a positive impact on margins and profitability. However, the ultimate effect will depend on how well the individual manages the increased breadth of responsibilities at a time when both operational and financial stability are key.\n\nWhile no direct numerical calculations can be performed with the current data, these qualitative insights provide a framework to understand the potential benefits and risks associated with the leadership changes at Qualcomm.","2",""
"55","e1759e5e","TSCO share repurchase vol. & cash outlay for FY22 and FY23.","Based on the provided context, the specific number of shares repurchased by Tractor Supply Company (TSCO) and the exact cash outlay for share repurchases in fiscal years 2022 and 2023 are not directly stated in the retrieved documents. The documents confirm that TSCO had an ongoing share repurchase program and provide information about the authorization limits and remaining authorization as of December 30, 2023 ($1.05 billion remaining out of $6.5 billion authorized). However, the exact volume of shares repurchased and the dollar amounts spent in FY22 and FY23 are not specified. Therefore, I cannot find sufficient information in the provided documents to answer this question.","In fiscal 2023, Tractor Supply repurchased approximately 2.7 million shares for a total cash outlay of $594.4 million. In fiscal 2022, the company repurchased approximately 3.4 million shares for a total cash outlay of $700.1 million. Combined, these repurchases amount to approximately 6.1 million shares and a total cash expenditure of about $1,294.5 million over the two fiscal years.","1",""
"53","d6ea9c9f","Operational risks and growth drivers of regional centers vs ODFL integrated network.","Regional Centers - Operational Risks and Growth Drivers: Regional centers, as seen in the context from FAST.pdf, operate as part of a distribution network composed of multiple regional hubs. Key growth drivers for such networks include: - Expansion of distribution capacity via new or expanded distribution centers. - Investment in automation (like automated storage and retrieval systems) to increase efficiency. - Strategic placement of centers to allow frequent deliveries and efficient servicing of in-market locations. - Diversified channels to market, such as digital solutions and international expansion. Operational risks for regional center-based networks include: - Challenges in operating complex distribution centers efficiently. - Potential labor shortages that could drive up costs and reduce operational effectiveness. - Reliance on third-party carriers for some deliveries, increasing vulnerability to disruptions or cost increases (see DLTR.pdf). - Potential shortages of suitable real estate for expansion (see ODFL.pdf, which, while referring to ODFL, also applies to any company seeking to expand a physical network). ODFL Integrated Network - Operational Risks and Growth Drivers: Old Dominion Freight Line (ODFL) operates a fully integrated, single-network model for less-than-truckload (LTL) shipping across the U.S. Growth drivers for ODFL's integrated network include: - Organic market share growth through superior customer service and expanded capacity. - Continuous expansion and upgrading of the service center network, including opening new centers and renovating existing ones. - Use of proprietary technology and efficient scheduling to maximize on-time performance and minimize claims. - Offering a single source for regional, inter-regional, and national service, combined with value-added offerings like supply chain consulting and truckload brokerage. Operational risks specific to ODFL's integrated network include: - Shortages of suitable real estate, which may limit growth and cause congestion, leading to higher operating expenses. - Intense competition from regional, national, and other transportation providers, which could impact pricing and market share. - Dependence on efficient service center operations; disruptions or inefficiencies at any point can impact the entire network due to its integrated nature. - Regulatory risks and the challenge of maintaining a large, well-trained driver workforce. Summary: Regional center networks grow by adding or automating facilities and leveraging proximity to customers, but face risks in operational complexity, labor, and real estate. ODFL's integrated network grows through network expansion and service quality, but is exposed to risks from real estate constraints, network congestion, and competitive pressures. Both models require careful management of facilities, workforce, and technology to support growth and minimize operational disruptions.","The available data, though primarily revenue‐based, allows us to draw several qualitative conclusions regarding the operational advantages and risks linked to the integrated national network and regional service centers.\n\nOperational Advantages:\n- Integrated National Network & Economies of Scale: The dominance of LTL services (about 99% of revenue) in the overall revenue mix and a nationwide network combined with regional centers suggest significant scale, route optimization, and cost efficiencies. This integration allows for smoother cross-regional support and resource sharing across service centers.\n- Diversification of Service Offerings: Although LTL services form the core, the presence of other value-added services (such as container drayage, truckload brokerage, and supply chain consulting) provides operational flexibility and the ability to capture ancillary market segments, potentially strengthening margins during industry slowdowns.\n- Union-Free Operations: The fact that the organization is union-free may facilitate more agility in managing operations and labor relations across regions, helping in quick strategic shifts when needed.\n\nOperational Risks:\n- Revenue Concentration: With LTL services overwhelmingly accounting for revenue, the company is highly dependent on this line. The decline in LTL revenue from 2022 ($6,177M) to 2023 ($5,804M) suggests that risks such as economic downturns, competitive pressures, or operational inefficiencies in this segment could have a materially negative impact.\n- Underperformance or Maturity of Ancillary Services: The 'Other services' segment, although small compared to core LTL revenue, has shown fluctuations (e.g., from $83M in 2022 to $61M in 2023). This might indicate challenges in scaling these services or competitive constraints that could limit future diversification benefits.\n- Network Complexity: Managing an expansive network with both national integration and localized regional centers necessitates robust coordination. Any inefficiencies in network optimization (e.g., mismatches in supply-demand dynamics across regions) can raise operational costs and impact service reliability.\n\nInfluence on Future Growth Strategies:\n- Strengthening Core Competencies: To mitigate risks, focusing on improving efficiency, service reliability, and margin expansion within the core LTL operations will be critical. Investments in technology (like route optimization and predictive analytics) can help counter revenue declines.\n- Leveraging Network Synergies: Capitalizing further on the national integration can help in reallocating capacity dynamically across regions, optimizing routes, and enhancing customer service. This dual operational model supports resilience against localized market disruptions.\n- Expanding Ancillary Services: Although currently a smaller part of revenue, strategic investments to develop and market value-added services can help diversify revenue streams and reduce dependence on LTL. Aligning these services with customer needs (e.g., supply chain consulting) could be a pathway for future growth.\n- Risk Management Strategies: A focus on managing competitive bidding, regulatory changes, and fuel/cost optimizations will be essential given that shifting competitive dynamics could impact the nationwide network's efficiency.\n\nIn summary, while the integrated national network and regional service centers provide strong operational synergies and efficiency advantages, the company faces risks associated with high revenue concentration on LTL services and underutilized ancillary services. Future growth strategies are likely to focus on reinforcing core operational excellence, optimizing resource allocation across the network, and potentially diversifying the service mix to mitigate risk and generate additional revenue streams.","7",""
"54","8ddc6a02","LOW, exec trading commitment, risk profile, and growth.","Based on the provided context, here is a summary for Lowe's Companies, Inc. (LOW) regarding executive trading commitment, risk profile, and growth: Executive Trading Commitment: There is no specific mention in the provided documents regarding executive trading commitments, such as Rule 10b5-1 trading plans or other securities trading arrangements for Lowe's executive officers. Risk Profile: Lowe's is subject to a wide array of federal, state, and local laws and regulations but does not currently expect compliance with these laws and regulations to have a material effect on capital expenditures, results of operations, or competitive position as compared to prior periods. The company also maintains a written code of business conduct and ethics covering compliance, conflicts of interest, fair dealing, insider trading, and other key professional conduct areas. Information about risk factors can be found in the ""Risk Factors"" section of its annual report (Item 1A) (Chunk 1, Chunk 9, Chunk 10). Growth: Lowe's growth initiatives include supporting associates and communities, cultivating a diverse culture, and being committed to creating valuable career opportunities. The company focuses on attracting and retaining top talent and positioning itself as an employer of choice in retail. Additionally, Lowe's continues sustainability efforts, such as reducing water consumption, participating in environmental disclosures, and publishing annual Corporate Responsibility and Culture, Diversity & Inclusion Reports. These efforts are part of its broader strategy for long-term growth and value creation (Chunk 8, Chunk 10). In summary: There is no detailed disclosure of executive trading plans in the provided context. Lowe's risk profile is managed through compliance and ethics programs, with no expected material effect from regulation. Growth is driven by talent development, sustainability initiatives, and community engagement.","The data provided indicates that no new insider trading plans were adopted or terminated during the quarter. This fact can be tentatively interpreted as a signal that executives are not actively restructuring their holdings, which may suggest a level of confidence and stability regarding their commitment to the company's long‐term prospects. However, it is important to note that a single quarter's behavior is a limited data point. Insider trading plans (such as those under Rule 10b5-1) are typically initiated in advance, and their absence in one quarter may reflect timing issues rather than a sustained long-term commitment.\n\nIn terms of the company's risk profile, the lack of new insider trading plans may reduce short-term market volatility associated with insider trades, which can be seen as a positive factor for risk management. Investors might interpret stable insider behavior as an indication that the management is not engaging in opportunistic trading based on non-public developments. However, without a longer-term trend to confirm this behavior, the influence on perceived growth potential remains modest. Overall, while the quarter's data provides a reassuring glimpse into conservative insider behavior, it should be considered alongside broader performance metrics and trends to assess long-term commitment and potential growth.","4",""
"57","ace9fb70","Repurchase accounting for CSX structured deals vs. standard repurchase.","For CSX, both structured share repurchases and standard share repurchases are treated similarly in terms of accounting. In both cases: - Shares repurchased are immediately retired upon repurchase. - The excess of the repurchase price over the par value of the shares is recorded in retained earnings. - Shares acquired through structured share repurchase agreements are recorded in common stock and retained earnings, and are included in the total share repurchases table. A structured share repurchase involves CSX entering into agreements where it pays a fixed amount of cash in exchange for the right to receive either CSX stock or a predetermined amount of cash (including a premium). However, the shares acquired through these structured deals are accounted for in the same manner as standard repurchases. There is no indication in the provided context of a difference in accounting treatment between structured share repurchases and standard (open market or other method) repurchases for CSX. Both ultimately reduce common stock and retained earnings and are reflected in the share repurchase disclosures. Source: [Chunks 1, 2]","Structured share repurchase agreements are treated differently from standard repurchases in that the accounting entries reflect the contractual nature of the arrangement. Under a structured repurchase, CSX executes a fixed-cash payment in exchange for the right to receive either CSX stock or a predetermined amount of cash (which may include a premium). When these agreements are settled, the shares acquired are recorded in common stock and retained earnings. In contrast, for standard repurchases, the shares are retired immediately upon repurchase and the excess of the repurchase price over the par value is recorded in retained earnings (with the reduction of cash and the elimination of related equity elements reflecting the retirement). In essence, while both approaches ultimately adjust the common stock and retained earnings accounts, the structured repurchase agreement is initially recorded and settled under a contractual framework with predetermined terms, rather than executing an immediate retirement as seen in standard repurchases.","5",""
"60","3794bf5a","Starbucks mgmt expresses confidence in $10B 5-1 repurchase plan; SBUX.","I cannot find sufficient information in the provided documents to answer this question.","The fact that the repurchase was executed under a program that meets Rule 10b5-1(c)(1) requirements suggests that management has taken a pre-planned, systematic approach to buying back its shares. This structured program is designed to remove the appearance of opportunistic trading based on insider information. Consequently, by committing to repurchase shares under such a program, management is implicitly signaling confidence in the current valuation of the stock--namely, that they believe the stock is undervalued at its present price. In effect, management's decision indicates that they view buying back shares as an attractive use of capital, which typically reflects their positive outlook on the company's intrinsic value relative to its market price.","1",""
"59","307ebb9a","Liquidity trends for Invesco Ltd. in 2022-2023 highlight cash growth vs current liabilities.","Invesco Ltd. experienced an increase in cash and cash equivalents from $1,234.7 million at December 31, 2022 to $1,469.2 million at December 31, 2023--an increase of $234.5 million (Chunks 1, 3, 5). This growth in cash was primarily driven by operating income and changes in payables and receivables due to the timing of payments and receipts, as well as investing activities such as proceeds from sales and the sale of certain assets (Chunk 2). Regarding current liabilities, total liabilities decreased from $12,914.6 million at December 31, 2022 to $13,017.8 million at December 31, 2023, but after adjustments (removing CIP and policyholder payables), the net liabilities relevant to shareholders were $5,325.9 million in 2022 and $5,010.0 million in 2023, indicating a slight decrease in current liabilities (Chunk 1). Overall, the liquidity trend for Invesco Ltd. in 2022-2023 shows a notable growth in cash and cash equivalents alongside a slight decrease in adjusted current liabilities, reflecting an improvement in the company's liquidity position.","The provided data allow us to evaluate changes in liquidity by comparing the changes in cash and cash equivalents and accounts payable and accrued expenses from 2022 to 2023. Specifically:\n\n1. Cash and cash equivalents increased from $1,234.7 million in 2022 to $1,469.2 million in 2023, which is an increase of $234.5 million. This represents an approximate increase of 19%.\n\n2. Accounts payable and accrued expenses decreased slightly from $1,314.8 million in 2022 to $1,294.4 million in 2023, a reduction of about $20.4 million.\n\n3. If one considers a basic liquidity indicator such as the ratio of cash and cash equivalents to accounts payable and accrued expenses, this ratio improved from approximately 0.94 ($1,234.7M / $1,314.8M) in 2022 to about 1.13 ($1,469.2M / $1,294.4M) in 2023.\n\nThus, the evolution of Invesco Ltd.'s liquidity position indicates a substantive improvement from 2022 to 2023. The significant increase in cash and cash equivalents combined with a modest decline in accounts payable and accrued expenses suggests that the company's ability to meet its short-term liabilities has strengthened.","8",""
"61","41dc000e","Cybersecurity framework impact on info systems protection vs material cyber incidents is critical for stakeholders.","The use of established cybersecurity frameworks, such as the National Institute of Standards and Technology Cybersecurity Framework (NIST CSF), is a key factor in protecting information systems. Companies leveraging these frameworks implement structured approaches to identify, protect, detect, respond to, and recover from cybersecurity threats (Chunks 4, 9, 12, 15). This includes measures like incident response plans, employee training, risk assessments, security operations centers, and regular audits or penetration testing by internal teams and third parties (Chunks 4, 6, 8, 9, 10, 12, 13, 15). Importantly for stakeholders, many companies report that, despite experiencing cybersecurity incidents, their adoption of these frameworks and related controls has prevented material impacts on business operations, financial condition, or strategy. For example, several companies state that risks from cybersecurity threats, including any previous incidents, have not materially affected them and are not reasonably likely to do so in the future (Chunks 4, 7, 10, 12, 15). This demonstrates to stakeholders that strong cybersecurity frameworks are effective in reducing the risk and impact of material cyber incidents, which is critical for maintaining trust and protecting organizational value.","GE's cybersecurity risk management framework is designed to protect its information systems and mitigate financially material cyber incidents through a series of proactive measures. First, the framework is informed by established international standards (NIST and ISO 27001), which means GE tailors its controls based on recognized best practices. This helps the company by:\n\n- Implementing risk-based controls: GE continuously assesses risks to its networks and systems and applies physical, administrative, and technical controls to safeguard the confidentiality, integrity, and availability of its data--including customer, personal, and proprietary information.\n\n- Establishing robust incident response: GE has a dedicated cybersecurity incident response plan, with cross-functional teams and external experts when needed, ensuring that any incidents are rapidly assessed and contained. Periodic tabletop exercises and simulations help improve response effectiveness.\n\n- Conducting regular training and supplier assessments: Ongoing security awareness and role-based training for employees reduce the risk of human error, while third-party risk management ensures that suppliers meet cybersecurity requirements, further reducing the exposure to cyber threats.\n\n- Utilizing third-party evaluations: The involvement of independent cybersecurity companies to assess GE's posture ensures an external check on its security effectiveness, identifying potential vulnerabilities before they become financial liabilities.\n\n- Integrating cybersecurity into enterprise risk management: By including cyber risk in broader risk assessments and board-level oversight (via the Audit Committee and the Global CISO), GE ensures that cybersecurity is considered in strategic decision-making, potentially averting incidents that could materially affect operations or cash flow.\n\nTogether, these measures provide a multi-layered defense strategy that not only protects the integrity of their information systems but also minimizes the likelihood and potential financial impact of cyber incidents.","6",""
"62","27aca8c8","GM's rev recognition: vehicle vs. parts sales profit.","General Motors (GM) recognizes revenue for both vehicles and parts based on when control transfers to the customer, but the profit profile and mechanics differ between the two: Vehicle Sales Revenue & Profit: - GM recognizes revenue for vehicle sales when control transfers to the dealer, which typically occurs either when the vehicle is released to the carrier for delivery or upon physical delivery to the dealer. - The largest portion of Automotive net sales and revenue comes from vehicle sales. - Revenue is recognized net of estimated sales incentives, returns, and taxes (such as sales, use, and value-added taxes). - Vehicle sales include sales to dealers, daily rental companies, and other fleet customers. Transfers to rental companies are generally accounted for as sales, but if there are remarketing obligations or residual value guarantees, some revenue is deferred until those obligations are fulfilled. - Costs for shipping and handling after control has transferred are recognized in cost of sales. - Profit from vehicle sales is influenced by sales volume, product mix, and pricing, which are affected by market demand, dealer inventory levels, and incentive programs. Parts Sales Revenue & Profit: - For parts and accessories, revenue is recognized upon delivery to the customer, net of estimated returns. - When customers have a right to return parts, GM estimates and recognizes the return impact at the time of sale. - Aftermarket parts are often associated with higher gross margins compared to complete vehicle sales, due to pricing power and the nature of the aftermarket business. - For example, in the context of another industry peer (PACCAR), parts gross margin was noted to be around 31.9% in 2023, which is typically higher than the margin on new vehicle sales (though GM's exact margin is not specified in the provided context). - Parts revenue and profit can also be affected by volume, price realization, direct material costs, and warehouse/indirect costs. Summary: - GM recognizes vehicle revenue when control passes to the dealer, and parts revenue when delivered to the customer. - Parts sales generally yield higher gross margins than vehicle sales due to less competitive pricing and lower cost structure, although the provided context does not give GM-specific margin percentages. - Both vehicle and parts sales are accounted for net of estimated returns and incentives, and both are major contributors to GM's overall profitability, but the profit dynamics differ due to the nature of each business. If you need GM-specific gross margin percentages for vehicles and parts, that detail is not directly provided in the context above.","The reference provides sufficient information to address the question. Here's a breakdown of the key differences:\n\n1. Revenue Recognition Timing:\n   - Vehicles (New): Revenue is recognized when control transfers to the dealer, which typically occurs either at the point when the vehicle is released to the carrier or upon delivery to the dealer. This means that the revenue associated with a new vehicle sale is recorded at an early point in the sales cycle.\n   - Vehicles (Used): For used vehicles, revenue from portions such as employee-used vehicles sold at auction is recognized upon the transfer of control to the customer. Although the timing is similar in that recognition happens at the point control is passed, special items such as the carrying value of the vehicle are also recorded in cost of sales.\n   - Parts and Accessories: Revenue for parts and accessories is recognized upon delivery to the customer. Moreover, when returns are expected, these are incorporated into the estimation of the transaction price, leading to a net revenue figure after anticipated returns are accounted for.\n\n2. Cost Treatment:\n   - Vehicles: In addition to the cost of the sale, there might be costs attributed to deferred revenue. For example, a portion of the consideration may be deferred for the fulfillment of separate performance obligations (e.g. maintenance, services, connectivity) that will be delivered in future periods. Shipping and handling costs, incurred after the vehicle reaches the dealer, are recognized at the time of sale and are included as part of the cost of sales.\n   - Parts and Accessories: The costs associated with parts are generally recognized in the cost of sales immediately upon delivery and reflect adjustments for estimated returns. There is less complication regarding deferred performance obligations compared to vehicles.\n\n3. Impact on Reported Profitability:\n   - Matching Principles: For vehicles, because revenue recognition is tied to the transfer of control (even if accompanied by deferred elements for future services), the profitability on these sales might appear higher in the period of the sale, with some associated costs deferred to match the future period in which the services are provided. This can smooth profitability over time but may delay the recognition of some expenses.\n   - Immediate Cost Recognition for Parts: Revenue produced from parts and accessories is less complex - recognized at delivery - and its associated costs are also captured at the time of sale. This provides a more immediate reflection of margins and profitability. Additionally, the estimation of returns can influence the revenue figures downward, affecting overall margins.\n\nIn summary, while both vehicle and parts sales contribute to overall revenue, the timing of when revenue and the accompanying costs are recorded differs. The vehicle sales method often involves deferring portions of revenue and matching costs over several periods, which can boost short-term profitability but may later affect margins as deferred items are recognized. In contrast, parts sales feature immediate revenue and cost recognition, providing a clearer, period-specific view of profitability.","8",""
"63","9ade74a9","Camden (CPT) prop trust differentiation strategies impact on profitability.","Camden Property Trust differentiates itself through several strategies that can positively impact its profitability: 1. Product and Service Differentiation: Camden emphasizes high-quality property management, using web-based property and revenue management systems to optimize rental rates and occupancy. Their marketing and lease strategies are designed to respond rapidly to local market conditions, which helps maximize property financial results and control operating costs (Chunk 14). 2. Customer Experience and Satisfaction: The company conducts ongoing customer service surveys to ensure timely responses to residents' needs and maintain high satisfaction levels. This focus on customer experience can drive higher occupancy, retention, and rental rates, supporting profitability (Chunk 14). 3. Culture and Human Capital: Camden strives to foster a strong, values-driven culture that attracts and retains top talent. Their workplace is built around core values like customer focus, integrity, and teamwork, aiming to create a high-trust, productive environment. Effective human capital management is seen as critical to delivering on strategy and sustaining growth and value for shareholders (Chunk 14). 4. Diversity, Equity, and Inclusion (DEI): Camden believes its DEI efforts build organizational capacity and are essential for business success, helping to improve the experiences of employees, customers, and shareholders (Chunk 16). By focusing on operational excellence, customer satisfaction, and a strong, inclusive culture, Camden seeks to differentiate itself from competitors, which can lead to higher occupancy, better rental rates, and improved cost control--all contributing positively to profitability.","The provided reference does not include sufficient information about specific strategies implemented by Camden to differentiate its properties or how these strategies have influenced its profitability. The excerpt only acknowledges that Camden faces significant competition from various housing alternatives. To answer the question, additional details regarding Camden's strategic initiatives (such as property enhancements, targeted marketing, amenities, pricing strategies, or innovations in tenant services) and their impact on profitability would be needed from other sections of the annual report or additional company disclosures.","2",""
"66","66e69f95","BKR capex trends from 2021-2023 indicate growth investment strategies.","I cannot find sufficient information in the provided documents to answer this question.","Baker Hughes Company's total capital expenditures increased consistently over the three-year period. In 2021, the total was $856 million, rising to $989 million in 2022 (an increase of approximately 15.5%), and further to $1,224 million in 2023 (a further increase of about 23.7% from 2022). This steady rise in capital expenditures indicates that the company is significantly increasing its investment in assets and technologies, which can be interpreted as a strategic move to support future growth. By investing more in both its Oilfield Services & Equipment and Industrial & Energy Technology segments, as well as corporate initiatives, Baker Hughes appears to be reinforcing its commitment to innovation, capacity expansion, and positioning itself to respond to future market opportunities and challenges.","1",""
"65","ed7d4351","Impact of Fox Corp's cybersecurity risk monitoring on credit rating, ticker FOX.","I cannot find sufficient information in the provided documents to answer this question. The available context details Fox Corporation's cybersecurity risk monitoring and governance practices, but does not address any direct or indirect impact of these practices on the company's credit rating.","The details provided about Fox Corporation's cybersecurity program indicate a robust and proactive approach to risk management. Investors are likely to view these measures positively for several reasons:\n\n1. Lower Risk Profile: The active and comprehensive cybersecurity and risk monitoring program - including regular third-party penetration testing, routine updates to senior management and the Board, and adherence to recognized frameworks like the NIST Cybersecurity Framework - suggests that the company is well-prepared to detect, prevent, and respond to cyber threats. This proactivity helps reduce the overall risk exposure, which is a key factor when assessing creditworthiness.\n\n2. Enhanced Operational Resilience: By demonstrating that cybersecurity incidents are managed effectively through executive oversight and established incident response protocols, the company minimizes the potential for significant financial disruptions that could result from operational downtime or data breaches. This operational resilience is seen as an asset that can sustain revenue streams during adverse events.\n\n3. Stronger Investor Confidence: Knowing that senior management and the Board are actively involved in cybersecurity oversight, investors are more reassured about the soundness of internal controls and risk mitigation practices. This transparency in risk management generally translates into perceptions of lower credit and operational risk, which is favorable for the company's credit ratings and cost of capital.\n\n4. Mitigation of Financial Impacts: While no quantitative data is provided for specific cost savings or risk reductions, the qualitative disclosures about continuous monitoring, testing, and reporting indicate that Fox Corporation is taking necessary steps to minimize the potential financial impact of a cybersecurity incident. This ongoing diligence reduces the likelihood of large-scale financial hits due to data breaches or cyberattacks, contributing positively to the overall credit profile.\n\nIn summary, Fox Corporation's robust cybersecurity measures and comprehensive risk management program are likely to enhance investor perceptions by underpinning a lower risk profile, protecting against financial losses, and strengthening overall creditworthiness.","2",""
"64","bfcb31d8","O YOY AR & working cap of current assets vs liabilities, ticker.","Here is a summary of year-over-year (YOY) Accounts Receivable (AR) and working capital (current assets minus current liabilities) for each company (ticker) where data is available: **AAPL (Apple Inc.)** - AR (Accounts Receivable): Increased from $29,508M (2023) to $33,410M (2024) - Working Capital: Increased from $143,566M (2023) to $152,987M (2024) (Current assets only; current liabilities also increased) - Current Liabilities: Increased from $145,308M to $176,392M - Working Capital (Current Assets - Current Liabilities): $152,987M - $176,392M = **$(23,405)M** (2024), $143,566M - $145,308M = **$(1,742)M** (2023) - YOY Change: Working capital decreased (became more negative). **NXPI (NXP Semiconductors)** - AR: Decreased from $960M (2022) to $894M (2023) - Working Capital: - Current Assets: Increased from $6,935M to $7,864M - Current Liabilities: Increased from $3,270M to $4,111M - Working Capital: $7,864M - $4,111M = **$3,753M** (2023), $6,935M - $3,270M = **$3,665M** (2022) - YOY Change: Working capital increased by $88M. **CMS (CMS Energy)** - AR (intercompany): $8M (2022) to $9M (2023) (minimal change) - Working Capital: - Current Assets: $229M (2023), $197M (2022) - Current Liabilities: $371M (2023), $116M (2022) - Working Capital: $229M - $371M = **$(142)M** (2023), $197M - $116M = **$81M** (2022) - YOY Change: Working capital decreased by $223M (went negative). **WST (West Pharmaceutical Services)** - AR: $507.4M (2022) to $512.0M (2023) (slight increase) - Working Capital: $1,400.5M (2022) to $1,264.6M (2023) (decreased by $135.9M) **IR (Ingersoll Rand)** - AR: $1,122.0M (2022) to $1,234.2M (2023) (increase) - Working Capital: $2,293.3M (2022) to $2,223.1M (2023) (decrease of $70.2M) **DOV (Dover Corp)** - AR: $1,516.9M (2022) to $1,432.0M (2023) (decrease) - Working Capital (adjusted): $1,815.3M (2022) to $1,699.0M (2023) (decrease) **GLW (Corning Inc.)** - AR: $1,721M (2022) to $1,572M (2023) (decrease) - Working Capital: $2,278M (2022) to $2,893M (2023) (increase) **AMAT (Applied Materials)** - AR (not directly given, but DSO improved): Days sales outstanding decreased from 70 days (2023) to 68 days (2024) - Working Capital: $11.8B (2023) to $12.8B (2024) (increase) **Summary Table** | Ticker | AR YOY Change | Working Capital YOY Change | |--------|--------------|----------------------------| | AAPL | ↑ | ↓ (became more negative) | | NXPI | ↓ | ↑ | | CMS | ~ | ↓ (became negative) | | WST | ↑ | ↓ | | IR | ↑ | ↓ | | DOV | ↓ | ↓ | | GLW | ↓ | ↑ | | AMAT | N/A (DSO ↓) | ↑ | ↑ = increase, ↓ = decrease, ~ = little change, N/A = not available Let me know if you need more detail for a specific ticker.","Based on the information provided, we can compare the year‐over‐year changes in key current asset items with the growth in total liabilities. In 2022, accounts receivable (net) were approximately $543 million and increased to about $711 million in 2023 - a rise of roughly $167 million or about 30.8%. (Additional insight comes from cash and cash equivalents, which increased from around $171 million to $233 million, a growth of roughly 36%.) In contrast, total liabilities grew from approximately $20.83 billion in 2022 to about $24.67 billion in 2023 - an increase of about $3.84 billion, which is roughly an 18.5% rise.\n\nAlthough the balance sheet does not provide a detailed breakdown of all other current assets, the available data for the major current components (accounts receivable and cash) indicate that key current assets have grown at a substantially faster rate than overall liabilities. This suggests that, on a working capital basis, the company appears to be strengthening its short‐term asset base relative to its obligations. In other words, the faster growth in current assets (especially the notable increase in accounts receivable) compared to the more modest increase in liabilities generally indicates an improvement in liquidity and a potentially more conservative use of external financing for day‐to‐day operations.\n\nHowever, the significant increase in accounts receivable could also prompt further examination. It is important to ensure that such growth is in line with revenue or sales growth and is not an indication of lax credit policies or challenges in collecting payments. In summary, while the stronger expansion in current assets relative to liabilities supports the view of prudent working capital management, the composition of that growth (particularly the rise in receivables) merits further monitoring to rule out any emerging credit or collection issues.","2",""
"68","9962810b","3M's (MMM) cust. order pattern impacts rev. margins.","3M's revenue and profit margins are directly impacted by customer order patterns. Changes in the levels of inventory maintained by customers, the timing of their purchases, adoption of new technology, and shifts in product mix or distribution channels all influence demand for 3M's products. For example, during economic downturns, average selling prices tend to decrease as market participants compete more aggressively on price, which can negatively affect profit margins. If 3M is unable to adapt to these changing customer behaviors or maintain desired pricing, it could have a material adverse effect on its business, financial condition, results of operations, and cash flows (Chunk 1). Additionally, in the Consumer business segment, demand trends such as a shift in consumer spending to more non-discretionary items and retailers reducing their inventories have led to lower sales volumes and operating margins. These effects are compounded by inflation, supply chain challenges, and restructuring costs (Chunk 3). Overall, variability in customer order patterns and purchasing behavior can lead to fluctuations in both revenue and profit margins for 3M.","The provided data only outlines general factors that can affect revenue and profit margins, such as customer order patterns and inventory levels, but it does not include specific financial figures, historical period details, or qualitative commentary regarding the impact of these changes on 3M's revenue trends and profit margins. To thoroughly answer this question, additional detailed financial statements and period-specific disclosures would be necessary.","8",""
"70","a5570725","Impact of Regency Centers' cybersecurity framework on risk profile & profitability, REG.","Regency Centers' cybersecurity framework, overseen by its Audit Committee and led by the Cybersecurity Risk Committee (CRC), is designed to identify, assess, manage, prevent, and mitigate cybersecurity risks. The CRC includes senior leaders with diverse expertise in IT, network security, legal, compliance, accounting, and risk management. This broad oversight and expertise help ensure that cybersecurity threats are addressed proactively and effectively. By maintaining a robust cybersecurity risk management program and providing regular updates to the Audit Committee and Executive Committee, Regency Centers aims to reduce the likelihood and impact of significant cybersecurity threats or incidents. This focus on strong governance and preparedness supports the company's ability to protect its assets, operations, and reputation. Effective cybersecurity governance can help minimize financial losses, legal liabilities, and reputational damage associated with cyber incidents, thereby positively impacting Regency Centers' risk profile and supporting its long-term profitability. However, the documents do not provide quantitative data or specific examples of how the cybersecurity framework has directly affected Regency Centers' profitability. The emphasis is on risk mitigation, oversight, and preparedness as integral parts of maintaining a stable risk profile and supporting business continuity.","The company's integration of recognized cybersecurity frameworks--focusing on identification, protection, detection, response, and recovery--was designed to systematically manage and mitigate cybersecurity risks. By regularly identifying potential threat vectors and deploying controls for protection and rapid response, the company reduces the likelihood and potential impact of cybersecurity incidents. This stable risk profile can positively affect profitability and future growth in several ways:\n\n1. Reduced Incident Costs: The proactive measures help avoid or minimize costly breaches, data loss, and business interruptions that could hurt revenue and incur additional expenses (e.g., legal and remediation costs).\n\n2. Enhanced Operational Continuity: Robust detection and response protocols limit downtime and disruptions, supporting steady operations. This continuity is critical for maintaining customer trust and ensuring reliable revenue streams.\n\n3. Investor and Stakeholder Confidence: A strong cybersecurity posture lowers the perceived risk by investors and insurers, potentially resulting in more favorable financing terms and lower insurance premiums. Moreover, it enhances the company's reputation, which can be a competitive advantage in terms of market positioning and customer loyalty.\n\n4. Regulatory and Liability Risk Reduction: By aligning with established cybersecurity standards, the company is better prepared to meet regulatory and compliance requirements. This reduces the risk of costly legal issues and fines, contributing to long-term financial stability.\n\nOverall, these benefits collectively contribute to a stable risk profile. This stability supports operational efficiency and preserves capital, which in turn positively impacts both current profitability and the potential for future growth.","8",""
"69","e005f6bd","ALL's EPS effect from a decline in share count and the resulting trend implications.","I cannot find sufficient information in the provided documents to answer this question.","The provided financial data allows us to compute the percentage change in the weighted average common shares outstanding from 2022 to 2023 and consider its influence on the EPS calculations. In 2022, the weighted average common shares outstanding was 271.2 million, and in 2023 it was 262.5 million. The percentage change is calculated as follows:\n\nPercentage Change = [(262.5 - 271.2) / 271.2] x 100 ≈ ( -8.7 / 271.2 ) x 100 ≈ -3.21%\n\nA decrease of approximately 3.21% in the share count implies that if net income (or net loss) remains unchanged, the EPS would be higher (or less negative) on a per-share basis because the same earnings are spread over fewer shares. Analysts should consider the following regarding share count trends:\n\n1. Impact on EPS: A reduced share count through mechanisms such as share repurchases can enhance EPS by increasing the numerator-to-denominator ratio, which may improve the perceived profitability on a per-share basis.\n\n2. Sustainability and Strategy: Analysts should determine whether this decrease in share count is a one-time event or part of a broader share repurchase strategy. Consistent share buybacks might indicate a commitment to returning value to shareholders, but it also reduces the company's cash reserves.\n\n3. Dilution vs. Anti-Dilution: In the data provided, it is noted that dilutive potential common shares were anti-dilutive due to the net losses in 2023 and 2022. This means that in such cases, the reported EPS is based solely on the basic shares outstanding. Analysts must thus confirm that any reduction in share count is actually beneficial under the prevailing net income/loss conditions.\n\n4. Comparison Over Time and Against Competitors: Analysts should compare these trends over multiple periods and against industry peers to gauge whether the share repurchase strategy is enhancing shareholder value or if it might be masking underlying issues in operational performance.\n\nIn summary, the 3.21% decrease in weighted average common shares outstanding contributed to a higher (or less negative) EPS in 2023 by reducing the denominator in the EPS calculation. Analysts should carefully assess whether such reductions are driven by strategic capital allocation decisions and if they are sustainable over the long term, while also being mindful of any potential dilutive securities that could alter future EPS calculations.","1",""
"71","8166a1f6","Governance of board roles at BlackRock, Inc, BLK.","At BlackRock, Inc., the Board of Directors plays a significant governance role across several key areas: - The Board is actively engaged in the oversight of risk management, including cybersecurity, with the Risk Committee assisting in monitoring risk levels, risk assessment, management, and related policies. The committee receives regular reports from the information security team, including the Chief Information Security Officer (CISO) (Chunk 1). - The Board also has oversight of human capital management. Each year, the Board holds an in-depth review of BlackRock's culture, talent development, retention and recruiting initiatives, diversity, equity, and inclusion (DEI) strategy, leadership and succession planning, and employee feedback. The Management Development and Compensation Committee periodically reviews the firm's human capital management strategy, with particular focus on succession planning for the CEO and other senior executives (Chunks 2, 5). - Over 85% of BlackRock's Board consists of independent directors, supporting strong governance and minimizing conflicts of interest (Chunk 6). - The Board is supported by committees such as the Risk Committee and the Management Development and Compensation Committee, which have defined responsibilities in their respective areas (Chunks 1, 2, 5). In summary, BlackRock's Board is structured to ensure strong independent oversight, with dedicated committees for risk (including cybersecurity) and human capital management, and a majority of independent directors to support effective governance.","The provided signature page clearly lists the individuals who are part of BlackRock, Inc.'s board of directors along with the key executive officers. From this document, we can infer several aspects about the governance structure:\n\n1. **Dual Roles by Key Executives**: Several individuals hold both executive and board roles - for instance, Laurence D. Fink signs both as Chairman and Chief Executive Officer, indicating that key management responsibilities are directly tied to board leadership. Likewise, there are officers such as Martin S. Small (Chief Financial Officer) and Marc D. Comerchero (Chief Accounting Officer) who also hold principal positions.\n\n2. **Board Diversity in Roles and Responsibilities**: The board is composed of both executive members (those directly involved in day-to-day operations) and nonexecutive directors. The nonexecutive directors (e.g., Bader M. Alsaad, Pamela Daley, William E. Ford, and others) bring independent oversight to the company's management and strategy formulation. This mix ensures that while the executives manage operations, independent directors contribute to checks and balances by offering diverse perspectives.\n\n3. **Collective Endorsement and Accountability**: All listed directors signed on the same date, suggesting a unified agreement and endorsement of the governance practices. Their signatures imply consent to the company's decisions and financial reporting as well as acceptance of shared responsibilities for overseeing the organization's performance and risk management.\n\n4. **Clear Distinction of Functional Responsibilities**: The roles are distinguished by clear titles - for instance, the CFO and the Chief Accounting Officer are in charge of financial operations and reporting, respectively. This differentiation in roles supports effective oversight, strategic decision-making, and accountability by segregating management from board-level review.\n\nIn summary, the data indicates that BlackRock's governance structure is designed to ensure that key decisions are driven by both executive insights and independent oversight. The structure makes it possible to balance strategic direction with robust accountability by assigning precise responsibilities to each board member based on their roles.","6",""
"67","603e801c","$BIIB $2.1B buyback boosts retention, future cap allocation & enhances SH value.","Biogen (BIIB) has a $2.1 billion remaining authorization under its 2020 Share Repurchase Program, which allows for the repurchase and retirement of common stock with no set expiration date. While there were no share repurchases in 2023, such a sizable buyback program can support shareholder value by reducing the number of outstanding shares, potentially increasing earnings per share, and providing flexibility for future capital allocation decisions. The company also states that it continually reviews its capital allocation strategies, including share repurchases, as part of its approach to enhancing shareholder value.","The available information allows us to interpret the retention of approximately $2.1 billion under Biogen's Share Repurchase Program as a strategic option for future capital allocation. Despite having repurchased shares in prior years (with significant activity in 2021 and 2022), the firm chose not to execute any buybacks in 2023--a choice that could reflect shifts in market conditions, a decision to conserve capital for other investments, or adjustments due to the newly imposed 1.0% excise tax on net repurchases under the IRA. Retaining the repurchase pool not only provides flexibility in reacting to favorable market conditions or share price inefficiencies in the future, but also signals a potential commitment to enhancing shareholder value. If executed, future buybacks could improve metrics such as earnings per share, thereby offering an additional method to return capital to shareholders. In summary, the $2.1 billion remaining serves as a valuable financial tool that could be activated to optimize shareholder returns, support strategic balance sheet decisions, or address potential market opportunities, subject to the evolving regulatory and economic environment.","9",""
"72","e381b49e","Rev rec timing impact on cash flow & liquidity for O'Reilly Automotive (ORLY).","For O'Reilly Automotive (ORLY), the timing of revenue recognition generally aligns closely with the timing of cash collection, especially for retail (DIY) customers. Revenue is recognized at the point when the customer takes possession of the merchandise, either in-store or at delivery/pick-up, and retail customers typically pay at the point of sale. For commercial customers, revenue is recognized upon same-day delivery, and payment terms generally range from 1 to 30 days (Chunk 1). Because of this alignment, there is minimal delay between when revenue is recognized and when cash is collected for most transactions, resulting in a limited direct impact on cash flow and liquidity from revenue recognition timing. This efficient conversion of sales to cash contributes positively to the company's ability to fund operations, capital investments, and other liquidity needs (Chunks 6, 8). Overall, O'Reilly's revenue recognition practices support a strong cash flow position and liquidity profile, with most sales converting to cash quickly after recognition.","The differences in when revenue is recognized for various sales channels can have important implications for reported cash flow and liquidity. For example, commercial sales--recorded upon same-day delivery--mean that the revenue (and typically the associated cash receipt) is recognized very quickly. This tends to align the revenue recognition with the actual cash inflow, thereby enhancing short‐term liquidity and improving cash conversion. In contrast, internet retail sales are recognized when the merchandise is shipped (or picked up) by the customer. If shipping involves any delay relative to the point of sale, there might be a lag between the actual cash receipt (especially when sales on credit or delayed payment methods are involved) and the recognition of revenue. This timing difference can contribute to a temporary mismatch between revenue reporting and cash inflows, potentially affecting working capital and liquidity measures.\n\nAdditionally, the Company's practice of recording deferred revenue related to its retail loyalty program adds another layer. While the timing of loyalty points redemption (or expiry) affects revenue recognition, the actual cash flow impact may differ if consumers redeem coupons or if the liability is released upon earning points. Overall, the timing differences emphasize that the reported revenue and the underlying cash flows may not always occur simultaneously. This can affect liquidity measures by altering the cash conversion cycle and the working capital profile, even when the underlying sales volumes remain strong.","7",""
"76","a68b8600","Impact of LIBOR-to-SOFR transition debt svc risk on Jacobs Solutions Inc. (JACB)","Jacobs Solutions Inc. transitioned its U.S. dollar-denominated borrowings under its Revolving Credit Facility and Term Loan Facilities from LIBOR-based rates to the Secured Overnight Financing Rate (SOFR), and its British pound borrowings to SONIA rates. The interest rates for these facilities are now calculated as SOFR plus an applicable margin, which varies based on the company's leverage ratio or debt rating. At the end of fiscal 2024, the applicable SOFR rates (including margins) were approximately 6.64% (compared to 8.75% at the end of fiscal 2023). This transition may impact Jacobs' debt service risk in several ways: - The move from LIBOR to SOFR eliminates the uncertainty around the continued availability of LIBOR, but SOFR can be more volatile than LIBOR, as noted by other companies in the context (see Chunk 4), and may affect the cost of variable-rate debt. - The company's interest expense is now directly tied to SOFR, which, if it rises, could increase the company's debt service obligations. However, the margins over SOFR are clearly defined and tied to leverage or credit ratings, providing some predictability. - Jacobs Solutions does not report significant issues or disruptions caused by the transition, and the context does not suggest material negative impacts on their ability to service debt due to the rate change. There is no mention of hedge accounting or derivative disruptions in the provided context. In summary, the transition to SOFR exposes Jacobs Solutions Inc. to the general risks associated with SOFR-based variable rate debt--primarily interest rate volatility and potential for higher debt service costs if SOFR increases. However, there is no evidence in the provided documents of a material or unusual increase in debt service risk specifically due to the transition from LIBOR to SOFR.","The information provided allows us to qualitatively assess the impact of transitioning from LIBOR-based to SOFR-based interest rate exposures. In fiscal 2023, the Company's U.S. dollar-denominated liabilities moved from LIBOR-based benchmarks to SOFR, and the associated interest rate swap agreements were modified accordingly. This transition impacts the Company's future debt service costs and risk profile in several ways:\n\n1. Future Debt Service Costs: The shift to SOFR means that the pricing of variable rate debt will now be based on a benchmark that is considered to be more transparent and less prone to manipulation than LIBOR. Although the exact cost differential depends on the spread adjustment and market conditions, the move could result in lower or more stable borrowing costs if the spread between LIBOR and SOFR is favorable. In addition, the modified swap agreements are structured to hedge against SOFR fluctuations, which helps in smoothing out interest expense. Any prearranged spread adjustments in these amended contracts will define the net interest cost, so while the impact on cash flows can be material, the Company's hedging strategy aims to limit unexpected cost volatility.\n\n2. Risk Profile: By replacing LIBOR with SOFR, the Company reduces its exposure to risks associated with the LIBOR benchmark, including its historical manipulation and discontinuation. SOFR is a nearly risk‐free rate (RFR) based on actual transactions, which provides a more stable and reliable benchmark. This transition lowers basis risk and minimizes the potential mismatches between the benchmark rate used for borrowing and the derivative contracts that hedge such borrowings. In sum, the risk profile shifts towards a more transparent and consistent basis for floating rate liabilities, which may reduce uncertainty regarding interest rate movements and improve the predictability of future debt service costs.\n\nWhile the provided data does not include explicit numerical projections for future interest expense changes, it clearly outlines the structural changes in derivative agreements and hedging strategies that are intended to manage both cost exposure and risk under a SOFR-based environment.","7",""
"78","982dfb3f","Last yr, significant insider activity suggests mgmt confidence in HAL.","I cannot find sufficient information in the provided documents to answer this question.","The provided data does not include any information on insider transactions. Without detailed disclosure data regarding insider buying or selling activity, it is not possible to assess if there were any significant transactions during the past year that would indicate changes in management or board confidence in Halliburton Company's future.","9",""
"73","e05198e2","Dev. initiatives at AMZN impact competitive positioning & efficiency.","Amazon's development initiatives significantly impact its competitive positioning and efficiency in several ways: 1. Technology and Infrastructure Investments: Amazon continually invests in research and development, the design and maintenance of its online stores, and infrastructure such as servers and data centers. These investments enable Amazon to offer a wide variety of products and services, support innovations like global broadband via satellite networks, and autonomous vehicles for ride-hailing. Such ongoing development helps enhance customer experience and process efficiency, allowing Amazon to operate at increasing scale and adapt rapidly to technological changes (Chunks 3, 4, 7, 8). 2. Talent and Human Capital: Amazon's focus on hiring and developing technical talent--especially software engineers and computer scientists--along with programs like Amazon Career Choice and the Amazon Technical Academy, helps foster innovation. This emphasis on employee skills and engagement supports the company's goals of process improvement, inclusion, and operational excellence, which strengthen its competitive positioning (Chunks 1, 2, 9). 3. Rapid Innovation and Adaptation: The company's strategy is guided by principles such as customer obsession, invention, and operational excellence. Amazon's willingness to develop and deploy new products, services, and business models enables it to respond effectively to competitive threats and changing market conditions (Chunk 6). 4. Process Efficiency and Scale: Through continued investment in technology and cross-functional systems, Amazon improves its operational processes and efficiency, which helps control costs even as the business grows. These efficiencies, in turn, reinforce its ability to compete on price, selection, and convenience--core elements of Amazon's customer value proposition (Chunks 3, 4). Overall, Amazon's development initiatives, supported by robust investments in technology, infrastructure, and talent, directly enhance its competitive positioning and operational efficiency.","Amazon's comprehensive employee development initiatives--including Career Choice, which has already reached over 175,000 employees, and the specialized training through the Amazon Technical Academy--demonstrate a proactive approach to nurturing critical technical talent. Combined with a focus on competitive pay, inclusive hiring practices, and continual safety improvements, these efforts help attract and retain highly qualified personnel in a competitive labor market. This strategic investment not only mitigates the risk of high turnover but also enhances productivity and operational efficiency, thereby supporting Amazon's long-term competitive positioning.","7",""
"74","186aaab4","IPG's legal proceedings risk disclosure may impact stock performance.","IPG's disclosures indicate that legal proceedings and related risks could potentially impact its stock performance. The company notes that outcomes of lawsuits and regulatory proceedings are difficult to predict or estimate, and substantial legal liability or significant regulatory or enforcement actions could materially adversely affect business, financial condition, or results of operations, as well as cause significant reputational harm. Additionally, there has been a trend of public settlements that may be used as templates for future settlements, contributing to uncertainty in regulatory enforcement and making it difficult to estimate probable losses. These factors could lead to disparities between legal reserves and actual settlements or penalties, which could adversely affect IPG's results of operations and, consequently, its stock performance (see FITB.pdf, which discusses similar industry risks). Moreover, like other companies, IPG is exposed to market volatility, and periods of volatility following legal developments could result in securities class action litigation, leading to substantial costs and diversion of management's attention and resources. This could have a material adverse effect on the company's business and stock price (see KMX.pdf, which discusses similar risks following litigation or volatility). In summary, IPG acknowledges that legal proceedings and related risks could materially impact its financial performance and stock price.","The disclosure provides a comprehensive view of the company's exposure to various legal proceedings, including those relating to contracts, employment, tax, and intellectual property. Management evaluates each matter on a reporting-period basis and records liabilities only when the outcome is deemed probable and reasonably estimable. Notably, while the company acknowledges ongoing legal risks, management believes that, collectively, these proceedings will not have a material adverse effect on its financial condition, results of operations, or cash flows. In terms of the overall risk profile, this suggests that although there is an inherent baseline risk due to potential litigation exposure, the company's proactive approach (through early evaluation, adequate provisions, and detailed disclosures) helps in containing and communicating these risks. The robust risk management and conservative disclosure practices imply that while legal proceedings add an element of uncertainty typical for large, diversified companies, they are not expected to significantly elevate the company's overall risk profile.","6",""
"75","b77defd2","2023 CAPEX breakdown for Snap-on Inc and allocation for Snap-on Tools Group, ticker SNA.","In 2023, Snap-on Inc.'s total capital expenditures (CAPEX) were $95.0 million. The allocation for the Snap-on Tools Group was $46.1 million out of this total. The remaining CAPEX was distributed among other segments and corporate functions: - Commercial & Industrial Group: $22.5 million - Repair Systems & Information Group: $20.3 million - Financial Services: $1.8 million - Corporate: $4.3 million (Source: Chunk 1)","The 2023 total capital expenditures of $95.0 million for Snap-on Incorporated are broken down as follows:\n\n- Reportable segments: $90.7 million, which includes:\n  - Commercial & Industrial Group: $22.5 million\n  - Snap-on Tools Group: $46.1 million\n  - Repair Systems & Information Group: $20.3 million\n  - Financial Services: $1.8 million\n\n- Corporate expenditures: $4.3 million\n\nIf we consider the entire $95.0 million, the Snap-on Tools Group's $46.1 million represents approximately 48.5% of the total (46.1/95.0 ≈ 48.5%). Alternatively, when evaluating only the reportable segments, Snap-on Tools Group accounts for about 50.8% of the $90.7 million (46.1/90.7 ≈ 50.8%).\n\nThus, the Snap-on Tools Group is the largest contributor to capital expenditures, commanding roughly half of the total spending and standing out significantly relative to the other segments.","10",""
"80","db4966a4","$MDLZ pending legal provision impact on profitability & cash flows.","Mondelēz International has recognized a provision related to a pending legal matter with the European Commission. In the fourth quarter of 2022, they accrued a liability of €300 million ($321 million) as an estimate of the possible cost to resolve this matter, and in the fourth quarter of 2023, they increased the accrual to approximately €340 million ($375 million) in total. This accrual was recorded within other current liabilities on the balance sheet and as selling, general, and administrative expenses in the statement of earnings, thereby reducing profitability for those periods. As for the impact on cash flows, the provision itself is a non-cash accounting entry until the liability is settled. Actual cash outflows will occur when the resolution is finalized and payments are made, which will then impact cash flows from operating activities. The company states that, at present, they believe the ultimate outcome of legal proceedings and regulatory matters, individually and in the aggregate, will not materially harm their financial position, results of operations, or cash flows. However, they acknowledge that unfavorable resolutions could have a material adverse impact. Regarding the U.S. Commodity Futures Trading Commission (CFTC) matter, the settlement approved in May 2022 had an immaterial impact on Mondelēz's financial position, results of operations, and cash flows. In summary, the European Commission provision has reduced current profitability, but the cash flow impact will occur upon settlement. Management does not currently expect these legal matters to materially harm overall financial health, though they note the possibility of adverse outcomes.","The provided disclosure allows us to determine that, at least in the periods reported, the financial provisions for pending legal matters have had a limited impact on Mondelez's reported profitability and cash flows. For example, the settlement with the CFTC was described as having an immaterial impact on the company's financial position, results of operations, and cash flows. This indicates that any accrued expense or liability related to that matter did not meaningfully dent overall profitability or generate significant cash outflows during the reporting period. In contrast, for the European Commission investigation, Mondelez had initially accrued a liability of approximately €300 million (or $321 million) in the fourth quarter of 2022, which was then adjusted to about €340 million (or $375 million) based on updated expectations. This provision is recorded on a pre-tax basis in both the balance sheet and the selling, general and administrative expenses section of the income statement. While this accrual reduces reported operating profit by increasing expenses, it does not affect cash flows immediately since such accruals are non-cash charges; however, a future cash outflow is expected if and when the liability is settled (anticipated in 2024). In summary, while these provisions do reduce net income via accounting charges (especially the European Commission matter), the report suggests that overall adjustments have been managed in a way that their immediate impact on cash flows has been minimal, with any significant cash movements likely deferred to future periods.","10",""
"77","9e890fac","UPS share repurchase volumes & expenses in 2023 vs 2022.","In 2023, UPS used $1,368 million for common stock purchases and $402 million to repurchase shares for tax withholding on employee stock awards. In 2022, UPS used $1,038 million for common stock purchases and $516 million for share repurchases related to tax withholding obligations. While the exact number of shares repurchased in each year is not directly stated, the dollar amounts indicate that both the repurchases for stock buybacks and those related to employee equity plans were higher in 2023 than in 2022 for stock buybacks, but lower for employee-related repurchases. Summary of UPS share repurchase expenses: - 2023: $1,368 million (buybacks) + $402 million (employee awards) = $1,770 million - 2022: $1,038 million (buybacks) + $516 million (employee awards) = $1,554 million The volume of shares repurchased is not explicitly stated in the provided context.","Yes, United Parcel Service, Inc. engaged in share repurchases in both 2023 and 2022. In 2023, the company repurchased 12.8 million shares at a total cost of $2.25 billion. In 2022, it repurchased 19.0 million shares at a total cost of $3.50 billion.","4",""
"79","6242fce4","80% union coverage's impact on NSC labor costs & flexibility analyzed with 2023 employment data.","I cannot find sufficient information in the provided documents to answer this question.","According to the provided reference, about 80% of Norfolk Southern's employees are unionized, which means that a significant portion of the workforce is subject to the terms of collective bargaining agreements. This may lead to relatively higher and less flexible labor costs because negotiated contracts typically involve predetermined wage increases and benefit packages. Additionally, the data showing an average of 20,300 employees during 2023 and 20,700 employees at the end of the year suggests some growth in the workforce, which could further influence labor expenses and operational dynamics.","1",""
"81","d16f7335","CSX allocation mix: trad infra vs strategic proj for long-term growth; TKR: CSX.","CSX allocates its capital expenditures primarily between traditional infrastructure and strategic projects for long-term growth. In 2023, out of a total of $2,281 million in capital expenditures: - Traditional infrastructure (track, bridges, signals, and other): $1,700 million (approximately 75% of total capex) - Track: $1,007 million - Bridges, Signals and Other: $693 million - Strategic projects and commercial facilities: $304 million (approximately 13% of total capex) The remainder was spent on freight cars, locomotives, and regulatory projects. For 2024, CSX plans to invest about $2.5 billion, with a continued top priority on sustaining core infrastructure focused on safety and reliability. However, management is also committed to investing in projects that support profitable growth, including service enhancements and productivity initiatives, which encompass strategic projects. In summary, the majority of CSX's capital expenditures are directed toward maintaining and upgrading traditional infrastructure, while a meaningful portion is allocated to strategic projects and commercial facilities aimed at long-term growth.","The data shows that in 2023 CSX allocated approximately $2.281 billion in capital expenditures with a clear split between maintaining traditional infrastructure and investing in strategic projects. Specifically, CSX spent about $1.700 billion on traditional infrastructure (track, bridges, signals, etc.), while strategic investments--which include commercial facilities ($304 million), freight cars ($136 million), and locomotives ($117 million)--totaled roughly $557 million. This implies that nearly 75% of the capital spending was dedicated to sustaining and improving the core network, ensuring safety and reliability, while about 25% was directed toward strategic investments that enhance future service capabilities and capacity. \n\nThis allocation strategy aligns with CSX's focus on long-term, profitable growth in several ways. First, by heavily investing in core infrastructure, the company is ensuring that its network remains reliable and efficient, which is critical to maintaining operational excellence. At the same time, the targeted investments in commercial facilities and equipment such as freight cars and locomotives are aimed at improving productivity, expanding capacity, and capturing new business opportunities. This balanced approach supports a robust foundation for current operations while also positioning the company for future incremental growth and enhanced profitability. Additionally, the planned increase in capital investments for 2024 further underscores CSX's integrated strategy to sustain its essential operations while exploring growth avenues through strategic projects.","8",""
"82","0fc7a24d","Impact of BLL cybersecurity risk mgt on risk profile & capital allocation, BLL.","I cannot find sufficient information in the provided documents to answer this question.","The provided data indicates that Ball Corporation's rigorous approach to assessing and monitoring third-party cybersecurity risks positively influences its risk profile and capital allocation. First, by requiring thorough security assessments and continuous monitoring of third-party service providers, the company minimizes the likelihood of costly breaches and operational disruptions. This proactive approach reduces potential liabilities and the need for large-scale crisis management expenditures, thereby leading to a more stable and predictable risk environment.\n\nFrom a capital allocation perspective, effective risk management means that Ball can avoid allocating excessive capital to contingency reserves or emergency remediation funds. Instead, the company can deploy capital more efficiently toward growth initiatives or strategic investments. Moreover, by mitigating cybersecurity risks, Ball enhances its overall creditworthiness and potentially reduces financing costs, which further supports optimal capital deployment. Although the data does not include explicit financial metrics or calculations, the qualitative description strongly suggests that robust third-party risk oversight helps maintain a lower risk profile and improves capital allocation efficiency by reducing uncertainty and unexpected negative financial impacts.","1",""
"86","21ede3ba","Xylem's rev rec methods for LT constr. contracts affect profit & cash flow (cost vs shipment) for ticker XYL.","Xylem recognizes revenue from long-term construction-type contracts primarily over time. The company uses two methods to measure progress and recognize revenue for these contracts: 1. **Input Method (Cost-Based):** Revenue is recognized based on costs incurred relative to the total estimated costs of the contract. This means as Xylem incurs project costs, it recognizes a proportionate amount of revenue and profit, matching revenue and related costs in the same periods. This method typically results in a smoother profit recognition over the life of the contract and aligns cash flows from customer payments made as progress is achieved (Chunk 1, Chunk 2, Chunk 3, Chunk 4). 2. **Output Method (Shipment-Based):** For certain arrangements, revenue is recognized based on shipments of products where control has transferred to the customer. In this case, profit is recognized when deliverables are shipped, which may lead to more variable profit recognition depending on the timing of shipments. Cash flow may also be more variable, as it depends on the timing of delivery and customer payment terms (Chunk 1, Chunk 2, Chunk 4). **Profit Impact:** - The input (cost) method spreads profit recognition over the duration of the contract, closely matching costs and revenues and reducing the risk of profit ""lumpiness."" - The output (shipment) method may lead to periods with higher or lower reported profits, depending on when shipments (and thus revenue recognition) occur. **Cash Flow Impact:** - Under both methods, cash flow is influenced by payment terms. For cost-based (input) contracts, customers typically pay as progress is made, supporting more consistent cash inflows. For shipment-based (output) contracts, cash inflows may be more concentrated around delivery milestones. In summary, Xylem's use of the input method for long-term construction contracts supports steadier profit and cash flow recognition as work progresses, while the output (shipment) method can result in more variability, reflecting when products are delivered and control passes to the customer.","The revenue recognition policy for long‐term construction contracts (using either the cost input method or the shipment output method) directly affects the timing and pattern of revenue (and thus profit) being recognized, but it does not directly change the underlying cash flows. Under the cost input method, revenue is recognized gradually in proportion to the costs incurred relative to the estimated total costs. This tends to produce a smoother revenue and profitability profile, as the company's margin is recognized incrementally over the life of the project. However, it also makes reported profitability sensitive to changes in cost estimates - if costs are underestimated or if there are unexpected cost overruns, then margins in earlier periods might appear higher than what is sustainable over the project's life, potentially leading to adjustments in later periods.\n\nIn contrast, using the shipment output method ties revenue recognition to specific outputs (such as shipments). This can introduce more variability into period‐by‐period profitability if shipments occur in batches rather than continuously. Profits may look more lumpy, reflecting periods of higher revenue when shipments occur and periods of lower revenue when they do not.\n\nRegarding cash flow, the method of revenue recognition (whether based on cost inputs or shipment outputs) is an accounting approach that affects the income statement rather than the actual timing of cash receipts. Cash flows are largely influenced by the contractual payment terms and the timing of customer payments. That means that while the reported margins and earnings may vary depending on the method used, the actual cash inflows and outflows may not directly align with the timing of revenue recognition. In summary, the choice of method influences reported profitability by affecting the timing and estimation of revenue and expenses, but cash flow is determined by actual cash collections and payments - creating potential timing differences between recognized revenue and cash received.","7",""
"85","270dba94","Best Buy's adherence to partial NIST CSF for risk mgt and ticker valuation impact.","Best Buy utilizes the National Institute of Standards and Technology Cybersecurity Framework (NIST CSF) as a guide for designing and assessing its cybersecurity risk management processes. However, the company notes that this does not imply full compliance with any particular technical standards, specifications, or requirements--rather, the NIST CSF is used to help identify, assess, and manage cybersecurity risks relevant to Best Buy's business (Chunk 10). Regarding ticker valuation impact, the provided context contains information on Best Buy's stock performance over the past five years (Chunk 12), but there is no direct discussion or evidence linking Best Buy's partial adherence to the NIST CSF with changes in its stock valuation. The context does emphasize that risks, including those from cybersecurity, could affect Best Buy's financial results and market value (Chunk 7, Chunk 14). However, there is no specific analysis or statement connecting the cybersecurity framework adherence to Best Buy's ticker performance. In summary: Best Buy uses the NIST CSF as a guiding framework for risk management, but there is no direct evidence in the provided documents that links this adherence to changes in the company's stock valuation.","Adherence to industry standards such as the NIST Cybersecurity Framework (CSF), even if not fully compliant, can enhance Best Buy's risk management profile and potentially have a favorable influence on its valuation and investor trust in several ways:\n\n1. Improved Cyber Resilience: By aligning its security protocols with a widely recognized framework, Best Buy demonstrates a proactive approach to identifying, mitigating, and managing cybersecurity risks. Although full compliance isn't achieved, following significant portions of the NIST CSF assures investors that the company is committed to maintaining robust safeguards against emerging threats.\n\n2. Enhanced Risk Visibility and Management: The use of industry standards provides a structured approach to evaluating risks and responding to incidents. This yields greater transparency and consistency in the company's risk management practices, which may reduce the probability or impact of adverse events. A more controlled and methodical risk management approach often translates into reduced volatility and defensible operational resilience in the eyes of investors.\n\n3. Positive Signaling to Investors: Aligning with a reputable framework helps signal a strong governance posture. Even partial adherence can reassure investors that cybersecurity is being taken seriously at a high management level and that the Board, via oversight, is engaged in overseeing these risks. This can enhance investor confidence and trust, factors that are valued by the market and may contribute to a more favorable cost of capital or valuation multiple.\n\n4. Regulatory and Market Advantages: Using established frameworks can also help the company remain agile in adapting to regulatory changes and evolving industry best practices. Consequently, it mitigates potential regulatory penalties or reputational damage in instances of cybersecurity breaches, which may further support the company's market valuation.\n\nIn summary, even if Best Buy is not fully compliant with NIST CSF, demonstrating adherence to its core principles signals that the company is rigorously managing its cybersecurity risks. This, in turn, can enhance investor trust and, by reducing perceived risk, might positively affect its valuation, both by insulating against potential losses from cyber incidents and by ensuring continued operational integrity.","6",""
"87","bc5c0e96","Divisional structure, risk mgmt, & competitive positioning of Nasdaq.","Nasdaq's Divisional Structure Following the acquisition of Adenza in November 2023, Nasdaq refined its divisional structure to better align with foundational shifts in the global financial system. The company now operates through three main business segments: 1. Capital Access Platforms 2. Financial Technology 3. Market Services All prior periods have been restated to conform to this new structure. The three segments allow Nasdaq to focus on key pillars such as liquidity, transparency, and integrity, and to better leverage complementary capabilities across its business units (Chunks 1, 3, 4, 5). Risk Management Nasdaq emphasizes strong risk management practices. It has a technology risk program to evaluate the resiliency of critical systems, including cybersecurity risks. This program identifies areas for improvement and implements system upgrades and process changes to minimize future risk. Employee awareness is also a focus, with ongoing training, targeted phishing education, and new security tools being deployed (Chunk 15). Additionally, as a public company and operator of broker-dealers, Nasdaq's subsidiaries are subject to strict regulatory oversight, including compliance with minimum capital requirements and routine examinations by FINRA and other authorities. This regulatory framework helps ensure the financial soundness and liquidity of its operations (Chunk 11). Competitive Positioning Nasdaq positions itself as a global, client-focused technology company with expertise in both markets and financial technology. Its competitive strengths include: - Robust and reliable technology infrastructure, enhanced by the Financial Technology division. - Integrated platforms that improve liquidity, transparency, and integrity of the global financial ecosystem. - The ability to empower clients to navigate capital markets, achieve sustainability goals, and maintain corporate governance excellence. - Delivery of data, analytics, and insights to help clients make informed decisions and comply with evolving regulations. Nasdaq's unique value proposition is its ability to operate leading platforms that support the functioning and modernization of markets, leveraging technology such as cloud, blockchain, machine learning, and artificial intelligence to enhance market resiliency and accessibility (Chunk 10). In summary, Nasdaq's divisional structure, robust risk management, and strategic focus on technology and client needs form the basis of its strong competitive positioning in the global financial marketplace.","Nasdaq's divisional structure -- organized around the key pillars of liquidity, transparency, and integrity -- is designed to bolster both its risk management strategies and competitive positioning in a rapidly evolving financial system. \n\n1. **Liquidity**: The Financial Technology and Market Services segments focus on modernizing markets with emerging technologies such as cloud computing, blockchain, machine learning, and artificial intelligence. These initiatives not only enhance market resiliency and scalability, but also ensure that liquidity is optimized. By leveraging these technologies, Nasdaq improves its ability to manage market risk, ensures efficient capital flows, and supports a dynamic trading environment that is better equipped to handle volatility and systemic disruptions.\n\n2. **Transparency**: The Capital Access Platforms segment plays a critical role in providing clear, accessible data and insights to both corporate clients and investment management professionals. This clarity helps in making informed decisions, thereby reducing information asymmetry--a key risk factor in financial markets. Enhanced transparency supports risk mitigation by empowering clients with robust data and analytics, facilitating better compliance, and ultimately strengthening market confidence. Furthermore, this focus on transparency complements Nasdaq's competitive positioning by differentiating its service offerings through a seamless and integrated user experience.\n\n3. **Integrity**: Incorporating Financial Crime Management Technology and Regulatory Technology, this pillar is specifically designed to address and mitigate risks related to fraud, money laundering, and other compliance challenges. By focusing on anti-financial crime measures and regulatory reporting, Nasdaq not only enhances its risk management framework but also underpins its market reputation for reliability and trustworthiness. This is particularly critical in an environment where regulatory oversight is intensifying, and it provides Nasdaq a competitive edge by ensuring that its clients have access to world-class compliance and surveillance solutions.\n\nThese three pillars work in concert to reinforce Nasdaq's overall risk management strategies. They provide an integrated approach where robust technological advancements enhance operational resilience, a transparent framework supports data-driven decision making, and a strong commitment to regulatory integrity minimizes exposure to financial crime and compliance risks. This alignment allows Nasdaq to maintain competitive positioning by staying ahead of trends in technology and regulation, thereby meeting and exceeding the evolving needs of the global financial system.","9",""
"84","396c347d","Cencora Inc. % YoY change in FY rev & COGS impacts profitability.","For Cencora, Inc., the fiscal year (FY) revenue and cost of goods sold (COGS) figures for 2024 and 2023 are as follows (in thousands): - FY 2024 Revenue: $293,958,599 - FY 2023 Revenue: $262,173,411 - FY 2024 COGS: $284,048,570 - FY 2023 COGS: $253,213,918 Calculating the year-over-year (YoY) percentage change: **Revenue YoY Change:** \[ \frac{293,958,599 - 262,173,411}{262,173,411} \times 100 \approx 12.1\% \] **COGS YoY Change:** \[ \frac{284,048,570 - 253,213,918}{253,213,918} \times 100 \approx 12.2\% \] **Impact on Profitability:** - Gross profit increased from $8,959,493 in FY 2023 to $9,910,029 in FY 2024, a rise of about 10.6%. - Both revenue and COGS grew at a similar pace (around 12%), so gross margin as a percentage of revenue remained relatively stable. - Operating income declined slightly from $2,340,731 in FY 2023 to $2,175,249 in FY 2024, reflecting higher operating expenses, including increases in litigation, amortization, and goodwill impairment. **Summary:** Cencora's FY 2024 revenue grew by about 12.1%, and COGS grew by about 12.2% YoY. This close alignment means the company's gross margin remained stable, but higher operating expenses affected overall profitability, resulting in a slight decrease in operating income.","We can calculate the year‐over‐year percentage changes for both revenue and cost of goods sold (COGS) using the provided consolidated statements. Here's the detailed breakdown:\n\n1. Revenue Changes:\n   - 2022 Revenue: $238,587,006\n   - 2023 Revenue: $262,173,411\n      - Increase = 262,173,411 - 238,587,006 = 23,586,405\n      - Percentage Change = (23,586,405 / 238,587,006) x 100 ≈ 9.89%\n   - 2024 Revenue: $293,958,599\n      - Increase = 293,958,599 - 262,173,411 = 31,785,188\n      - Percentage Change = (31,785,188 / 262,173,411) x 100 ≈ 12.12%\n\n2. Cost of Goods Sold (COGS) Changes:\n   - 2022 COGS: $230,290,639\n   - 2023 COGS: $253,213,918\n      - Increase = 253,213,918 - 230,290,639 = 22,923,279\n      - Percentage Change = (22,923,279 / 230,290,639) x 100 ≈ 9.96%\n   - 2024 COGS: $284,048,570\n      - Increase = 284,048,570 - 253,213,918 = 30,834,652\n      - Percentage Change = (30,834,652 / 253,213,918) x 100 ≈ 12.17%\n\n3. Impact on Overall Profitability and Expense Structure:\n   - Gross Profit: Revenue - COGS has increased over the years (from $8,296,367 in 2022 to $9,910,029 in 2024); however, the similar pace of increase (roughly 10%-12% year‐over‐year) in both revenue and COGS indicates that the gross profit margins are under pressure. In fact, when computed as a percentage of revenue, the gross margin has slightly declined from approximately 3.48% in 2022 (8,296,367 / 238,587,006) to 3.37% in 2024 (9,910,029 / 293,958,599).\n   - Operating and Net Income: While revenue growth is healthy, the relatively tight gross margins combined with evolving operating expense items (such as increased depreciation, amortization, litigation related expenses, and notably a goodwill impairment of $418,000 in 2024) participate in a compression of operating income margins. Operating income shows a decline from $2,366,378 in 2022 to $2,175,249 in 2024, and net income attributable to Cencora, Inc. fell from $1,698,820 in 2022 to $1,509,120 in 2024.\n   - Expense Structure: The parallel rise in COGS and revenue suggests that the cost structure governing core production or procurement remains closely tied to sales levels. However, given that operating expenses have other varying components (including one-time charges and adjustments like goodwill impairment and litigation credits/expenses), the overall profitability is being pressed by both a lower than expected gross margin and by fluctuations in non-production expenses.\n\nIn summary, while both revenue and COGS are growing at comparable rates year-over-year (around 10%-12%), the company is experiencing a slight compression in gross margins. This, in combination with changes in operating expenses, impacts overall profitability by reducing operating and net income margins despite the top-line growth. The detailed calculations and analysis show how the dynamics between revenue expansion and cost increases directly influence the company's financial health.","8",""
"89","9ed082e0","Aon Q4 2023 liquidity valuation of repurchase activity for the stock.","Aon's share repurchase activity in the fourth quarter of 2023 is detailed as follows: - October 1-31, 2023: 811,155 shares repurchased at an average price of $320.98 per share - November 1-30, 2023: 858,950 shares repurchased at an average price of $327.18 per share - December 1-31, 2023: 660,279 shares repurchased at an average price of $315.92 per share Total for Q4 2023: 2,330,384 shares repurchased at an average price of $321.83 per share. At the end of December 2023, the remaining authorized amount for share repurchase under Aon's Repurchase Program was approximately $3.3 billion. There is no specific ""liquidity valuation"" of these repurchases provided in the context, but these figures reflect the volume and average price of shares repurchased, as well as the remaining authorization for future repurchases. The repurchase activity would have reduced Aon's cash liquidity by the aggregate dollar amount spent on these buybacks, which totaled approximately $750 million for the quarter (2,330,384 shares x $321.83 average price per share).","The data allow us to analyze how the company adjusted its share repurchases over the final quarter of 2023, which in turn can shed light on its liquidity position and market valuation view. In October, the company repurchased 811,155 shares at an average price of $320.98. In November, the volume increased to 858,950 shares and the average repurchase price rose to $327.18. In December, while the share repurchases declined to 660,279, the average price dropped to $315.92. A few insights can be drawn from these variations:\n\n1. Liquidity and Opportunistic Buying: The steady repurchase activity over the three months (totaling approximately 2.33 million shares) suggests that the company had ample liquidity. The ability to consistently repurchase shares implies that the company was confident in its cash flows and liquidity position. The variation in volumes doesn't necessarily signal constraint but rather an opportunistic approach to buy back shares when market conditions are favorable.\n\n2. Perception of Market Valuation: The fluctuation in average repurchase prices indicates that the management may have been opportunistically targeting what they viewed as attractive valuations. For example, November's higher average price of $327.18 might suggest that even at a slightly elevated price, management believed the shares were undervalued relative to the company's intrinsic value or long‐term prospects. Conversely, December's lower repurchase price at $315.92, coupled with lower volume, could signal that the share price movement or market volatility influenced the timing and scale of repurchases.\n\n3. Strategic Flexibility: The variation in both the number of shares purchased and the average price over the quarter reflects a flexible approach in capital allocation. This flexibility indicates that the company is actively managing its capital based on market conditions and its internal assessment of share value, not rigidly sticking to a set repurchase volume or price. It implies management's concern for both efficient use of surplus cash and confidence in the company's underlying fundamentals.\n\nIn summary, the quarterly variations in share repurchase activity--both in volume and price--suggest that Aon plc is leveraging its strong liquidity to buy back shares when it perceives favorable market conditions. This dynamic repurchase strategy reflects a view that, even when share prices fluctuate moderately, the overall market valuation of the company justifies repurchase activity as part of its capital allocation strategy.","7",""
"92","9f66f4c8","MRO $2.01B US CAPEX vs intl growth op performance.","Marathon Oil Corporation's U.S. capital expenditures (CAPEX) guidance for 2024 is between $1.9 billion and $2.1 billion, with a focus on free cash flow generation and returns to shareholders (Chunk 6, 8). The majority of Marathon Oil's operations and capital investments are concentrated in U.S. resource plays such as Eagle Ford, Bakken, Oklahoma, and Permian (Chunk 6). In recent years, actual capital expenditures have overwhelmingly favored U.S. operations over international. For example, in 2023, U.S. CAPEX was $2,033 million, while international CAPEX was only $2 million (Chunk 5). This significant allocation highlights the company's strategic emphasis on U.S. assets for both current performance and future growth. Operational performance in the U.S. segment reflects this investment, with revenues and segment income far outpacing international operations. In 2023, U.S. revenues from contracts with customers were $6,199 million versus $208 million for international operations. U.S. segment income was $1,763 million, compared to $232 million for international (Chunk 5, 7). The company's international operations, primarily in Equatorial Guinea (E.G.), continue to be a smaller part of the portfolio, with lower revenues and capital allocation, and recent declines in both price realizations and sales volumes impacting performance (Chunk 7). In summary, Marathon Oil's ~$2 billion U.S. CAPEX underscores its strategic focus on domestic growth and performance, while international operations receive minimal capital and contribute a smaller share to overall performance.","The data clearly show that the U.S. segment is receiving the vast majority of capital expenditures--$2,010 million out of a total of $2,033 million. This heavy allocation suggests that management is prioritizing investments in the U.S. operations, likely due to several factors:\n\n1. Enhanced Production and Modernization: The high level of capex may be used to increase production capacity, upgrade existing facilities, or incorporate new technologies aimed at improving efficiency. These investments can lead to improved short- and long-term operating performance if they generate higher production volumes or reduce costs.\n\n2. Competitive Position and Growth Prospects: With significantly more capital committed to U.S. operations compared to international segments (which received only $7 million), the U.S. assets are likely viewed as having better growth opportunities. This may be due to favorable regulatory environments, better access to resources, or more attractive economic conditions that justify aggressive reinvestment.\n\n3. Risk & Return Trade-off: While the heavy capital allocation shows confidence in the U.S. segment's potential, it also introduces risks--a large capital outlay requires that the investments generate sufficient returns to justify the higher risk and potential cost overruns. If market conditions turn unfavorable, or if execution issues arise, the financial performance could be adversely affected.\n\n4. Comparative Implications: The international segment, with its modest capital expenditure, is likely being maintained in a lower growth mode or a more stable, less capital-intensive market. This contrast suggests that the management expects that the U.S. segment has a higher payoff potential, even though it may be subject to greater volatility and investment risk.\n\nIn summary, the heavy investment in the U.S. segment points to an expectation of higher future growth and improved operating performance if these capital expenditures are effectively deployed. However, this strategy also requires successful management of associated risks, such as potential cost overruns and market volatility, to ensure that the benefits materialize compared to the more conservative international operations.","9",""
"88","e4e06de6","Emerging therapies exert vertex competitive pressure on revenue & growth for the co. (TICKER).","Emerging therapies do exert competitive pressure on Vertex's (VRTX) revenue and growth. Vertex acknowledges that a significant portion of its value is based on its potential treatments, such as VX-548 for acute and neuropathic pain, and its existing portfolio for cystic fibrosis (CF), sickle cell disease (SCD), and transfusion-dependent thalassemia (TDT). The company faces risks from competitors developing and commercializing new treatments in these areas. If competing therapies--especially those with superior product profiles or coming from companies allocating increased resources--are successfully developed and approved, Vertex's products and revenue could face significant competitive pressures. This could adversely affect future net product revenues and cash flows, particularly if competitors' products prove to be superior or gain greater market acceptance (Chunk 1). Additionally, the acute pain market in which Vertex is developing VX-548 already consists of many low-cost generic drugs, and the neuropathic pain market is dominated by generic anticonvulsants and antidepressants. This strong competition from established and new therapies can materially harm Vertex's business if its products do not gain or maintain market acceptance or if competitors' products prove superior (Chunk 1). In summary, the emergence and success of new therapies from competitors pose a significant competitive threat to Vertex's revenue and growth prospects.","The provided data allows us to assess the potential impact of emerging therapies and novel treatments on Vertex's future revenue and growth projections from a qualitative competitive perspective. Here are the key insights:\n\n1. Market Share Erosion: Emerging therapies, such as advanced gene therapies or novel compounds, could capture market share away from Vertex's core products if these treatments demonstrate superior efficacy, safety, or cost‐effectiveness. For Vertex--a company heavily invested in established therapeutic areas like cystic fibrosis--this may lead to slower revenue growth as patients and payers begin to favor novel treatments over incumbent products.\n\n2. Pricing Pressure: Increased competition may force pricing pressure. As competitors launch their own innovative therapies, Vertex may need to adjust its pricing strategy to remain competitive. This could compress margins and impact overall revenue projections, especially in markets where reimbursement criteria are continually evolving.\n\n3. R&D and Resource Allocation: The competitive landscape described indicates that many companies, including those with substantial financial and technical resources, are aggressively investing in product pipelines. To maintain its competitive edge, Vertex may have to increase its own research and development expenditures, potentially reallocating capital from other growth areas. This reallocation could delay or dilute the impact of future product launches, thereby affecting long-term growth.\n\n4. Regulatory and Adoption Timelines: New entrants not only introduce competitive products but could also accelerate changes in regulatory standards. If emerging therapies receive regulatory approval and enter the market sooner than Vertex's next-generation products, Vertex may face a delayed or diminished return on its innovation investments, impacting future revenue streams.\n\n5. Overall Impact on Growth Projections: Combining these factors, the competitive pressure is likely to result in a more challenging environment for Vertex, potentially reducing its projected revenue growth and forcing a more cautious outlook on future pipeline successes. The magnitude of this impact will depend on how quickly competitors gain market acceptance and whether Vertex can successfully innovate or adapt its strategy to retain its market leadership.\n\nIn summary, while Vertex remains a strong player, the intensifying competitive landscape posed by advanced gene therapies and novel compound treatments could erode its future revenue base and temper growth projections unless it continues to innovate and effectively manage these industry challenges.","8",""
"83","3a79515d","JCI's legal risks affect cap allocation & growth investments.","Johnson Controls International plc (JCI) faces a variety of legal risks that can impact its capital allocation and growth investments. These legal risks include exposure to litigation, the potential for governmental proceedings, and settlement-related uncertainties (such as those related to the use of AFFF and class action lawsuits). The company also faces risks of infringement or expiration of intellectual property rights and challenges arising from changes in laws, regulations, and tax policies in jurisdictions where it operates (Chunks 2, 4, 5, 11, 15). Such risks may result in significant transaction costs, unknown liabilities, and increased expenses, all of which could adversely affect the company's financial condition and cash flows. As a result, these legal uncertainties could influence JCI's ability to allocate capital efficiently, potentially requiring the company to reserve funds for litigation or regulatory compliance rather than for growth investments. Legal risks may also lead to delays or cancellations of planned portfolio transactions, impacting the realization of expected benefits and synergies from strategic initiatives (Chunks 2, 4). In summary, JCI's legal risks can create financial uncertainty, increase costs, and divert resources, all of which may affect the company's ability to invest in growth and execute its capital allocation strategy effectively.","The legal uncertainties, especially allegations of breach of fiduciary duty and securities violations, can have notable downstream effects on how management allocates capital and commits to growth initiatives. First, such legal challenges could necessitate setting aside reserves or funds to potentially cover legal fees and settlements, thereby reducing capital available for strategic investments or operational expansion. Second, these uncertainties may result in a more conservative approach to capital expenditures, with management prioritizing risk mitigation over aggressive growth strategies. This conservative stance may delay or scale back investments in innovation, acquisitions, or capacity expansion until the legal risks are more clearly resolved. Additionally, ongoing litigation could divert management's attention from executing long-term strategic plans, which may hinder the ability to seize growth opportunities. In sum, while exact numerical impacts would require additional financial data, qualitatively, the pending litigation is likely to constrain capital allocation flexibility and potentially slow the pursuit of growth initiatives as management navigates these legal challenges.","9",""
"90","21abe5f6","ODFL faces pricing, capacity, & service quality risks; mitigation measures include strategic pricing, fleet optimization, & enhanced customer service protocols.","Old Dominion Freight Line (ODFL) faces several risks related to pricing, capacity, and service quality. These risks include: - Projected freight volume growth may differ from actual results, leading to excess capacity and potential negative impacts on profitability. - Growth can strain management, capital resources, information systems, and customer service. - Competition for qualified employees and the need to maintain a unique company culture can affect service quality. - Expanding service offerings may introduce new competitive challenges. - Limited supply and increased costs of new equipment may impact profitability and cash flows. - Fluctuations in the availability and price of diesel fuel can materially affect operating results, as fuel is a significant expense and subject to external factors like natural disasters, political events, and regulatory changes. ODFL employs several mitigation measures, including: - Strategic pricing through an integrated freight-costing system and participation in bid solicitations, allowing them to determine profitable price levels for shipments and remain competitive. - Fleet optimization, with investments in service center expansions and maintenance of fuel storage facilities to ensure adequate supply and operational efficiency. - Enhanced customer service protocols, such as a focus on providing superior customer service, a robust driver training program, and comprehensive employee engagement initiatives. Their technology systems also support customer service and operational efficiency by integrating data and providing secure, flexible access for customers and employees. These measures help ODFL manage risks associated with pricing, capacity, and service quality, supporting continued growth and customer satisfaction despite industry challenges.","The provided information allows us to address the question by synthesizing the risks and the mitigating measures as described in the reference. In terms of pricing risks, the company operates in a highly competitive market where pricing is influenced not only by competitors offering similar services (regional, inter-regional, national LTL carriers, and others) but also by third-party logistics providers that may direct customers to different carriers. Such competition puts pressure on maintaining profitable rate levels while also being competitive. Capacity constraints pose a risk if demand outpaces available network capacity; if the company's network does not rapidly expand to cover high demand, service delays or decreased efficiency might occur, potentially eroding future earnings. Service quality risks involve maintaining high on-time performance and minimizing cargo claims. Any decline in these key performance indicators could lead to customer dissatisfaction, loss of reputation, and the potential loss of business to competitors.\n\nTo mitigate these risks, Old Dominion Freight Line has implemented several measures:\n\n1. Pricing: The company seeks to maintain a balance between offering competitive, fair pricing and delivering high-quality service to retain customer loyalty. Maintaining service excellence helps justify pricing levels and may reduce the pressure to continuously drop prices in a competitive market.\n\n2. Capacity Constraints: Old Dominion Freight Line intends to expand its network capacity to meet future growth demands. This expansion involves a broader service center network, use of team drivers, and leveraging proprietary technology, all of which help improve operational efficiency and increase capacity over time.\n\n3. Service Quality: The company emphasizes superior service through customer-focused initiatives. By focusing on faster transit times and reliable performance--supported by efficient service centers and advanced technology--and by minimizing cargo claims, the firm aims to build a reputation for quality. Moreover, flexible scheduling and multi-skilled employee training help sustain high levels of productivity and customer service, reinforcing strong industry relationships and customer trust.\n\nIn conclusion, while risks related to pricing, capacity constraints, and service quality can impact future earnings, Old Dominion Freight Line has established strategic initiatives--such as capacity expansion, technological investment, and focused customer service--to mitigate these risks.","9",""
"91","e94d7fb9","Net int. exp. % trend, risk, and cost of cap. for Bunge Global SA.","Bunge Global SA's net interest expense and related trends, risk, and cost of capital can be summarized as follows: Trend in Interest Expense and Rates: - The weighted-average interest rate on Bunge's short-term borrowings decreased significantly from 15.53% at December 31, 2022 to 8.36% at December 31, 2023 (Chunk 1). - Short-term lines of credit carried variable interest rates ranging from 2.00% to 155.00% as of December 31, 2023, with local currency borrowings in some regions having higher rates (15.30% in 2023, down from 32.12% in 2022). Cost of Capital: - Bunge's cost of capital, as reflected in its debt pricing, includes commitment fees, amortization of deferred financing costs, the impact of designated interest rate hedges, and charges on certain lending transactions (Chunk 1). - The company utilizes a variety of funding sources, including local and international banking institutions and commercial paper markets, and has both secured and unsecured credit facilities. Risk and Credit Ratings: - Bunge's debt carries investment-grade ratings, which reflect credit risk and affect its cost of capital: - Standard & Poor's: BBB+ (Positive Outlook) - Moody's: Baa2 (Review for Upgrade) - Fitch: BBB (Rating Watch Positive) (Chunk 15) - These ratings indicate moderate credit risk and help secure more favorable borrowing terms. - Following a recent acquisition announcement, the agencies reviewed and generally improved their outlook on Bunge's credit profile. Summary: Bunge Global SA's net interest expense as a percentage of debt has improved due to lower weighted-average short-term borrowing rates year-over-year. The company's cost of capital is managed through diversified funding sources, interest rate hedging, and maintaining strong investment-grade credit ratings, which mitigate risk and support competitive borrowing costs.","To determine the change in net interest expense as a percentage of Income Before Income Tax, we first calculate the net interest expense for each year by subtracting Interest Income from Interest Expense, and then express it as a percentage of Income Before Income Tax.\n\nCalculations:\n- 2021: Net interest expense = 243 - 48 = 195\n  Percentage = (195 / 2565) x 100 ≈ 7.6%\n\n- 2022: Net interest expense = 403 - 71 = 332\n  Percentage = (332 / 2066) x 100 ≈ 16.1%\n\n- 2023: Net interest expense = 516 - 148 = 368\n  Percentage = (368 / 3051) x 100 ≈ 12.1%\n\nObservations:\n1. In 2021, the net interest expense was about 7.6% of Income Before Tax.\n2. In 2022, there was a sharp increase to approximately 16.1%, indicating either higher borrowing costs, a larger reliance on debt, or less favorable financing conditions during that year.\n3. In 2023, the metric eased somewhat to roughly 12.1%, which is still higher than the 2021 level but lower than 2022.\n\nImplications regarding risk posture and cost of capital:\n- The significant rise in 2022 suggests that during that year Bunge Global SA encountered higher financing costs relative to its pre-tax earnings, potentially due to increased debt levels or higher prevailing interest rates. This can imply a higher risk profile as the company faces greater exposure to changes in interest rates and potentially a higher cost of capital.\n- The partial improvement in 2023 (a decrease to 12.1%) could indicate efforts to deleverage or benefit from improved credit terms, but the fact that it remains above the 2021 level still signals relatively elevated borrowing costs.\n\nOverall, these changes are indicative of fluctuating financing impacts which reveal that the company may have a more leveraged risk posture in certain periods (2022) and that changes in financing structure or market conditions can materially affect its cost of capital.","5",""
"94","b62c10c1","Impact on pretax & net income for Eaton (ETN) non-op items over 3-yr.","Over the three-year period from 2021 to 2023, Eaton (ETN) had several notable non-operating (non-op) items that impacted its pretax and net income: 2021: - Gain on sale of business: $617 million (pretax), primarily from the sale of the Hydraulics business. - Acquisition integration, divestiture charges, and transaction costs: $349 million (pretax). - Net impact (pretax): $617M (gain) - $349M (charges) = $268M net gain. - After-tax effect: $94 million, or $0.23 per diluted share. 2022: - Gain on sale of business: $24 million (pretax). - Acquisition integration, divestiture charges, and transaction costs: $194 million (pretax). - Net impact (pretax): $24M (gain) - $194M (charges) = $170M net charge. - After-tax effect: $147 million, or $0.37 per diluted share. 2023: - No gain on sale of business. - Acquisition integration, divestiture charges, and transaction costs: $54 million (pretax). - Net impact (pretax): $54M net charge. - After-tax effect: $39 million, or $0.10 per diluted share. Summary Table: | Year | Gain on Sale (Pretax) | Charges (Pretax) | Net Non-Op Impact (Pretax) | After-tax Effect ($ millions) | Per Share (diluted) | |------|----------------------|------------------|----------------------------|------------------------------|---------------------| | 2021 | $617M | $349M | $268M gain | $94M | $0.23 | | 2022 | $24M | $194M | $170M charge | $147M | $0.37 | | 2023 | $0 | $54M | $54M charge | $39M | $0.10 | These non-operating items, including gains on sales and acquisition/divestiture-related charges, resulted in a net gain in 2021 but net charges in 2022 and 2023, impacting both pretax and net income figures for each year.","In the income statements provided, two non‐operating items are clearly identified: (1) the gain on sale of business and (2) other expense (income) - net. Their impact can be summarized as follows for each year:\n\n- 2023: There was no gain on sale of business (reported as $0) and a net other expense of $93 million. This meant that non‐operating items reduced the income before income taxes by $93 million. Since these items are included in the calculation of income before tax and ultimately net income, the negative $93 million helped depress the pre-tax figure, which then flowed through (after an appropriate tax effect) to a lower net income figure.\n\n- 2022: The company reported a modest gain on sale of business of $24 million and a smaller other expense (income) amounting to a $36 million expense. The combined effect is a net decrease of $12 million to income before taxes ($24 million - $36 million = -$12 million). Thus, non‐operating items slightly reduced income before tax and, after accounting for taxes, contributed to the net income figure accordingly.\n\n- 2021: There was a significant gain on sale of business of $617 million, which was partially offset by a positive other expense (income) of $40 million (which in this case added to income rather than subtracting from it, since it is presented as a positive figure). This results in a net positive impact of $657 million on income before income taxes ($617 million + $40 million = +$657 million). This boost helped increase the income before taxes and, after tax, led to a higher net income in that year compared to what the operating performance alone might suggest.\n\nThese non-operating elements are key in understanding the volatility in pre-tax income figures across the years. In 2021, the large gain on sale provided a notable boost to earnings, whereas in 2023, a non-operating expense detracted from the overall income, thereby affecting net income. In 2022, the minor net adverse effect indicates that non-operating items had only a slight dampening impact on earnings for that year.","4",""
"95","853ffc14","MPWR revenue trends in the region from 2021 to 2023.","Monolithic Power Systems (MPWR) derived the majority of its revenue from sales to customers in Asia from 2021 to 2023. Specifically, revenue from direct or indirect sales to customers in Asia accounted for 90% in 2021, 86% in 2022, and 87% in 2023. This indicates that the Asia region consistently represented the largest share of MPWR's revenue during this period, with a slight decrease from 2021 to 2022, followed by a marginal increase in 2023. The company's revenue is generally higher in the second half of the year, although this can be affected by market conditions and product introduction timing. MPWR's ability to develop new products and enter new markets is seen as important for future revenue growth in the region.","The provided data allows us to analyze revenue trends from 2021 to 2023 for China, Taiwan, South Korea, and the United States. Here's a breakdown:\n\n- China: In 2021, revenue was $700,985K, which jumped to $938,946K in 2022 - an increase of roughly 34%. In 2023, the revenue slightly decreased to $934,768K, effectively maintaining the high 2022 level. This suggests that after a robust growth period, the Chinese market reached a plateau with revenue stabilization.\n\n- Taiwan: Revenue in Taiwan grew steadily, starting at $169,130K in 2021, rising to $233,040K in 2022, and further increasing to $307,499K in 2023. This consistent upward trend indicates a strong and growing market performance in Taiwan over the three-year period.\n\n- South Korea: Revenue in South Korea increased significantly from $93,027K in 2021 to $189,478K in 2022 (more than doubling), but then declined to $169,867K in 2023. The substantial growth in 2022 followed by a contraction in 2023 might suggest market volatility or softening demand after a peak year.\n\n- United States: The U.S. revenue saw a dramatic increase from $35,770K in 2021 to $99,804K in 2022 - nearly tripling. In 2023, it slightly decreased to $97,294K, similar to the pattern observed in China and South Korea, indicating rapid initial growth followed by stabilization.\n\nIn summary, the trends indicate that both China and the U.S. experienced significant revenue increases from 2021 to 2022, with revenues then stabilizing in 2023, while Taiwan continued on a steady upward trajectory suggesting sustained growth. South Korea, despite a strong growth surge in 2022, experienced a minor pullback in 2023, indicating potential market volatility or a temporary slowdown. Taken together, these trends suggest that while growth markets have matured or plateaued in regions like China and the U.S., Taiwan remains an area of expanding opportunity, and South Korea might require further analysis to understand the reasons behind its slight decline after rapid growth.","3",""
"97","e9a5667c","AVB's board/executive mix influences corp governance amidst strategic risk.","I cannot find sufficient information in the provided documents to answer this question.","The mix of executive leadership and independent board members reflected in the document suggests a robust corporate governance framework at AvalonBay. The inclusion of key executives like the CEO and CFO alongside a diverse group of directors, including independent members and the Chairman of the Board, points to a balanced oversight structure. This combination allows for the strategic vision and day-to-day operational insights provided by executive management to be tempered by the independent board's objective assessment and risk management. In essence, the presence of independent directors helps mitigate potential conflicts of interest and biases that could arise from an overly homogenous leadership team, thereby reinforcing the company's ability to identify, assess, and manage strategic risks effectively. While the signatures themselves don't provide quantitative metrics, they indeed signal a commitment to accountability, transparency, and governance best practices which are crucial for long-term strategic and operational resilience.","1",""
"98","3dd6aab1","IR cybersecurity reporting enhances investor confidence & mitigates risks, ensuring effective risk mgmt, making it crucial for stock performance.","Cybersecurity incident response (IR) reporting plays a significant role in enhancing investor confidence and mitigating risks by ensuring effective risk management within organizations. Many companies have established comprehensive incident response plans (IRPs) that include standardized procedures for detecting, analyzing, containing, and remediating cybersecurity incidents. These plans often involve cross-functional teams, regular tabletop exercises, and clear protocols for escalation, documentation, and communication with senior management, boards, and, when necessary, regulatory bodies (Chunks 2, 3, 4, 7, 9, 11, 13, 14, 15, 16). Such transparency and rigor in IR reporting demonstrate to investors that a company is proactively managing cybersecurity risks. This not only helps limit potential financial, operational, legal, and reputational impacts of cyber incidents but also reassures investors about the company's resilience and governance practices. Regular updates to executive management and boards, as well as clear frameworks for assessing the materiality of incidents and meeting disclosure obligations, further strengthen this confidence (Chunks 3, 9, 11, 14). In summary, robust IR cybersecurity reporting is crucial for stock performance because it supports strong risk management, regulatory compliance, and transparent communication, all of which are valued by investors and can positively influence a company's reputation and financial stability.","Regular and structured reporting, as described in the provided data, demonstrates a robust and proactive cybersecurity management framework that can enhance investor confidence in several key ways:\n\n1. Transparency and Accountability: With quarterly updates by the CISO to the Cybersecurity Governance Committee and full reports to the Board, the company clearly shows that it is actively monitoring and managing cybersecurity risks. This level of communication ensures that any potential risks are identified and addressed promptly, reducing uncertainty and building trust among investors.\n\n2. Strong Corporate Governance: The reporting structure indicates that cybersecurity is taken seriously at the highest levels of management, with oversight by both the Audit Committee and the Cybersecurity Governance Committee. This strong governance framework serves as a signal to investors that the company's risk management practices are rigorous and integrated into its overall strategy.\n\n3. Enhanced Risk Management: Regular reporting means that risk assessments and response strategies are continually updated. This proactive approach helps in mitigating potential cybersecurity threats before they materialize into significant disruptions, contributing to the company's long-term financial stability.\n\n4. Strategic Long-Term Planning: Frequent and structured reporting can help ensure that investments in cybersecurity are aligned with broader business objectives and are adjusted based on emerging threats and vulnerabilities. This forward-looking approach reassures investors that the company is prepared for future challenges, which is a key aspect of long-term financial stability.\n\nOverall, this structured reporting framework not only provides ongoing assurance about the company's risk management practices but also underpins a strategic approach to capital allocation in cybersecurity investments. This, in turn, helps maintain investor confidence in the company's ability to preserve its competitive positioning and manage risks that could otherwise impair its financial performance over time.","8",""
"93","6a12b142","VOBA amortization and revenue recognition of long-duration contracts for Chubb (CB).","For Chubb (CB), the Value of Business Acquired (VOBA) is an intangible asset established when acquiring blocks of long-duration contracts, such as life insurance products. VOBA represents the present value of estimated net cash flows for the in-force contracts as of the acquisition date, using similar assumptions as those used for future policy benefit reserves (mortality, morbidity, persistency, investment yields, expenses, and discount rate). VOBA Amortization: - VOBA is amortized as a component of policy acquisition costs in the consolidated statements of operations, generally in proportion to the profit emergence or premium revenue recognized from the underlying contracts (Chunks 1, 2, 3, 4). - The amortization method typically approximates straight-line amortization over the expected life of the contracts, using the insurance in-force as the constant level basis (Chunk 4). - VOBA is subject to at least annual recoverability testing (premium deficiency test). If the unamortized VOBA exceeds the expected recoverable amount (i.e., if expected future profits or margins are insufficient), the excess is expensed immediately (Chunks 1, 2, 4, 8). Revenue Recognition for Long-Duration Contracts: - For long-duration contracts, policy acquisition costs (including VOBA) are grouped by contract type and issue year, and expensed on a constant level basis over the expected contract term to approximate straight-line amortization (Chunk 4). - Revenue from premiums is recognized as it is earned over the contract period. Amortization of policy acquisition costs (including VOBA) is matched to this revenue recognition pattern (Chunk 4). In summary, for Chubb, VOBA on long-duration contracts is amortized in relation to premium revenue or profit emergence using consistent actuarial assumptions, and revenue is recognized as premiums are earned, with policy acquisition costs expensed over the contract term to match revenue recognition. VOBA is subject to annual recoverability testing, and any unrecoverable portion is expensed in the period identified.","The Value of Business Acquired (VOBA) intangible asset is set up when Chubb acquires blocks of long-duration contracts and represents the present value of the estimated net cash flows from these in-force contracts as of the acquisition date. In terms of revenue recognition, VOBA is not directly recognized as revenue; rather, its amortization is included within policy acquisition costs reported in the Consolidated Statements of Operations. This amortization is designed to mirror the timing and pattern of profit emergence from the underlying acquired contracts. Essentially, as the long-duration contracts generate profit over time (based on factors such as mortality, persistency, and other assumptions), a corresponding portion of the VOBA is amortized. This matching ensures that the expense related to the acquisition cost (including VOBA) is recognized in alignment with the revenue and profit that are expected to emerge from those long-duration contracts over their life.","9",""
"99","55e0d142","MI refinancing risks 2024.","In 2024, several factors contribute to refinancing risks for mortgage insurance (MI): - Higher mortgage interest rates have increased financing costs, which may decrease the number of qualified borrowers and the volume of low down payment mortgage originations. This can reduce new MI written and overall MI revenues (Chunks 1, 14). - For commercial real estate (CRE) loans, elevated refinancing risks are noted for loans with near-term maturities due to higher interest rates and changing market conditions. While this is specific to CRE, similar pressures could affect residential mortgage borrowers' ability to refinance (Chunk 8). - Changes to government programs, such as the FHA reducing its annual mortgage insurance premium rates, may also affect the competitiveness of private MI and impact refinancing decisions (Chunks 7, 14). - Regulatory changes, such as updates to the Basel III Endgame and the FHFA's Enterprise Regulatory Capital Framework, could increase capital requirements and affect the attractiveness and availability of MI-backed refinancing (Chunks 5, 9). - Economic conditions, including inflation and home price trends, can impact refinancing activity and risk. Declines in home values after periods of inflated prices could limit borrowers' equity, making refinancing more difficult and potentially increasing MI claims if defaults rise (Chunk 15). In summary, MI refinancing risks in 2024 are elevated due to higher interest rates, potential regulatory changes, competition from government programs, and broader economic uncertainty, all of which may reduce the volume of refinanced loans requiring mortgage insurance and increase credit risk for existing insured portfolios.","The aggregate maturities schedule highlights several potential refinancing risks and challenges for Mohawk Industries, Inc. Notably, over $1 billion of debt is due in 2024, which represents a significant portion of the total debt maturity schedule. Refinancing this large tranche in a relatively short period could pose several challenges:\n\n1. Liquidity and Market Conditions: Refinancing over $1 billion in 2024 requires access to favorable market conditions. If interest rates rise or there is a tightening in credit markets, Mohawk may face difficulties in securing new debt or may only be able to do so at higher interest rates, thereby increasing financing costs.\n\n2. Interest Rate Risks: The refinancing environment is subject to fluctuations in interest rates. If Mohawk is forced to refinance in a high-rate environment, the cost of capital will increase, potentially affecting profitability and cash flows.\n\n3. Credit Profile and Borrowing Costs: The ability to refinance at attractive terms will depend on the company's credit rating and perceived risk. If market conditions lead to a downgrade or if there are concerns about the company's future performance, refinancing could be more expensive or more restrictive in terms of covenants.\n\n4. Debt Structure and Maturity Mismatch: The schedule shows that significant maturities are also spread out in later years (2027, 2028, and thereafter). The company needs to manage rolling over its debt profile effectively so that refinancing one tranche does not leave the next one vulnerable to adverse market conditions. This layered approach to debt maturity requires careful strategic planning.\n\nIn summary, Mohawk Industries may face refinancing risks related to liquidity, market volatility, interest rate increases, and potential shifts in its credit profile. These risks could lead to higher refinancing costs and may affect the company's overall financial flexibility in the coming years.","1",""
"100","e045ad71","Risk of delivery timing for UAC due to mfr. issues.","The risk of delivery timing for UAC (which appears to refer to a company or product, though the context does not specify) due to manufacturing issues is significant and can result from a variety of factors: - Manufacturing process issues, such as errors, defects in materials, equipment failure, or process deviations, can cause delays in production and shipment (ENPH.pdf, INTC.pdf, LRCX.pdf, BIIB.pdf). - Component shortages, either from suppliers or due to internal manufacturing problems, can lead to longer lead times and inability to meet customer demand (CSCO.pdf, FTNT.pdf). - Quality control problems, including increased rejection or rework rates, substandard workmanship, or counterfeit parts in the supply chain, can delay shipments and impact revenue and reputation (ENPH.pdf, HII.pdf). - Disruptions caused by external factors like labor shortages, supply chain issues, natural disasters, health crises (such as pandemics), geopolitical events, or transportation interruptions can further exacerbate delivery timing risks (ENPH.pdf, CSCO.pdf, FTNT.pdf, BIIB.pdf, AMGN.pdf, LRCX.pdf). - The introduction of new products or design changes can increase the likelihood of unforeseen problems and delays in delivery (HII.pdf, ENPH.pdf). In summary, manufacturing issues--including quality problems, component shortages, supply chain disruptions, and external events--can all materially delay the delivery schedule for UAC, potentially impacting revenue, customer relationships, and competitive position.","The provided data allows investors to assess that United's future commitments, amounting to around $60.1 billion over multiple years, are spread out with differing levels of commitment across 2024, 2025, 2026, 2027, 2028, and after 2028. This multifaceted schedule implies both near-term and longer-term capital allocation pressures. Investors, therefore, should interpret the risk profile as follows:\n\n1. Timing Adjustments: The data notes that the aircraft are scheduled for delivery through 2033 and that the expected delivery numbers may be adjusted based on communications from Boeing and Airbus or estimates by United. This means that while contractual obligations exist, the actual delivery timing can shift. For instance, the uncertainty marked for the 737 MAX 10 deliveries (where certification delays have led to difficulties in forecasting delivery periods) highlights that some aircraft categories are more prone to timing adjustments.\n\n2. Manufacturer Issues: The detailed notes make clear that manufacturer performance (including potential issues such as production delays or certification challenges) can affect delivery schedules. This indicates that even with fixed capital commitments, if Boeing or Airbus encounter difficulties, United's planned fleet expansion or modernization schedule might be disrupted. Such disruptions could lead to periods of underutilization of aircraft capacity or require adjustments in fleet planning and financing.\n\n3. Overall Risk Assessment: Given these factors, investors should view United's risk as twofold. First, there is execution risk related to the manufacturers meeting delivery timelines - potential delays could impact operational planning and financial forecasts. Second, the adjustment clause, where the amount and timing of commitments might change due to contract modifications or cancellation rights, means there is inherent flexibility (and uncertainty) in the commitment schedule. However, the diversification of delivery dates helps mitigate the risk by not concentrating capital outlay in a single period.\n\nIn summary, while the capital commitment schedule is clearly structured, the embedded notes about adjustments and potential manufacturing issues indicate that investors should remain cautious. Monitoring the progress of aircraft certifications (e.g., for the 737 MAX 10) and any communications from the manufacturers will be key for a dynamic risk assessment moving forward.","3",""
"103","fa08cbd4","FDIC legal impact on investor sentiment and valuation for BoA.","The provided documents indicate that Bank of America (BoA) is subject to extensive regulation by the FDIC and other regulatory bodies, primarily for the protection of depositors and the Deposit Insurance Fund (DIF), rather than shareholders and creditors (Chunk 1). If BoA's resolution plan is found not credible by the FDIC and Federal Reserve, the bank could face more stringent capital, leverage, or liquidity requirements, or restrictions on its growth and operations. This could require costly actions such as asset divestitures or restructuring (Chunks 2, 3). In the event of BoA's failure, the FDIC may be appointed as receiver and could use its orderly liquidation authority, potentially resulting in greater losses for BoA's security holders than would occur under bankruptcy proceedings (Chunks 2, 3). In such cases, creditors of subsidiaries may recover more than BoA's shareholders, who could face significant or total losses. Additionally, ongoing or potential legal matters with the FDIC, such as disputes over deposit insurance assessments, could have material adverse effects on BoA's financial condition, liquidity, or reputation, depending on the outcome (Chunk 9). These regulatory and legal risks related to the FDIC can negatively impact investor sentiment and BoA's valuation, as they introduce uncertainty regarding potential costs, limitations on business activities, and the risk of significant losses for shareholders in stress or failure scenarios. Moreover, the general environment of heightened regulation and enforcement in the banking sector, including actions by the FDIC, contributes to this uncertainty, which can further affect investor confidence and BoA's market valuation (Chunk 8). In summary, FDIC legal actions and regulatory oversight present risks that can adversely affect investor sentiment and valuation for Bank of America due to potential financial penalties, operational restrictions, and the prioritization of depositor protection over shareholder interests in resolution scenarios.","A material adverse outcome from these legal proceedings could negatively impact investor confidence and the bank's overall valuation in several ways. First, if the litigation--especially high-stakes matters such as the FDIC investigation--results in significant financial penalties or settlements, investors might revise their expectations regarding future earnings, leading to a reassessment of the bank's risk profile. This, in turn, would likely manifest in a higher risk premium and a lower valuation multiple. \n\nSecond, adverse litigation outcomes can trigger concerns about the bank's regulatory and operational stability, further undermining investor trust. The reference indicates that although the bank currently believes that these matters are unlikely to have a material adverse effect on its consolidated financial condition or liquidity, any indicator to the contrary or unexpected escalation in legal liabilities (evidenced by even a fraction of the potential $0.8 billion exposure in addition to recorded liabilities) could unsettle investors. \n\nMoreover, the specter of heightened litigation costs, reputational damage, and potential regulatory sanctions may influence overall market sentiment, leading to a potential downgrade from rating agencies. Such credit rating downgrades can increase borrowing costs and negatively affect the valuation. \n\nThus, the anticipated impacts of a material adverse outcome would include: \n1. Lower investor confidence due to increased uncertainty and perceived risk, potentially leading to selling pressure in the bank's stock. \n2. A potential decrease in market capitalization as investors factor in the possibility of future expenses, increased debt service costs, or even capital reallocations mandated by regulators. \n3. Pressure on earnings and cash flow forecasts, which may also influence guidance and analyst estimates, contributing to a more conservative valuation approach by market participants.\n\nOverall, while the reported loss contingencies are currently not believed to have a material adverse effect, any significant negative resolution in these high-impact legal matters could materially alter investor perceptions and adversely impact the bank's market valuation.","7",""
"102","5c385790","ERM integration in BLK may affect financial stability in cybersecurity.","BlackRock (BLK) integrates its cybersecurity risk management into its overall Enterprise Risk Management (ERM) framework, treating cybersecurity as a critical element of its approach to preserving the confidentiality, integrity, and availability of its information. The ERM structure includes oversight by the Board's Risk Committee, a dedicated Technology Risk and Cybersecurity Committee, and regular interaction with senior leadership, including the Chief Risk Officer and Chief Information Security Officer. This integration ensures that cybersecurity risks are identified, assessed, and mitigated alongside other enterprise risks. By embedding cybersecurity within the ERM process, BlackRock can proactively address threats that could impact its financial stability, such as data breaches or operational disruptions. The use of a global, cross-functional approach and layered controls--such as vulnerability management, incident response, and employee training--further supports financial stability by reducing the likelihood and potential impact of cybersecurity incidents. Effective ERM integration means that material cybersecurity risks are recognized as part of the company's overall risk profile and are managed accordingly, helping to protect BlackRock's financial results from adverse effects related to cyber threats.","BlackRock integrates its comprehensive cybersecurity policies within its overall Enterprise Risk Management (ERM) framework in several structured ways. First, its approach is embedded into the governance structure, where the Board of Directors and committees such as the Risk Committee and the Technology Risk and Cybersecurity Committee (TRCC) provide oversight, ensuring that cybersecurity is viewed as a fundamental part of the company's broader risk management strategy. Reporting and oversight mechanisms are in place--for example, the CISO and senior risk management teams regularly report on cybersecurity issues and incidents, which ensures that technology risks are assessed alongside other material risks.\n\nAdditionally, BlackRock employs a global, cross-functional strategy that aligns with widely recognized frameworks such as NIST CSF, ISO 27001/2, and others. This strategy involves implementing layered controls, including preventative, detective, reactive, and recovery measures. These controls are integrated into the ERM framework to continually identify, prevent, and mitigate cybersecurity incidents, thereby enhancing the company's resilience.\n\nFrom a financial stability perspective, this integration means that BlackRock can better manage its material risks by reducing the likelihood and impact of costly cybersecurity incidents. The layered and proactive approach is designed to prevent operational disruptions that might otherwise lead to financial losses or reputational damage. As noted, as of December 31, 2023, BlackRock is not aware of any cybersecurity risk that has materially affected or is reasonably likely to affect its financial condition. This integrated strategy, therefore, supports a stable and resilient financial profile by ensuring that potential cybersecurity threats are promptly identified, assessed, and mitigated, reducing the risk of unexpected financial impact.","9",""
"101","f337f81f","Effects of Molson Coors' repurchase program on capital structure & valuation, TKR: TAP.","Molson Coors' share repurchase program has several notable effects on its capital structure and valuation: 1. Capital Structure Impact: - Reduction in Equity: The repurchase of shares reduces the total stockholders' equity as treasury stock increases. For example, as of December 31, 2023, the value of Class B common stock held in treasury increased to $735.6 million, up from $522.9 million the prior year, reflecting ongoing share buybacks (Chunk 5). - Fewer Outstanding Shares: The number of Class B common shares outstanding decreased due to the repurchases. Specifically, 3,454,694 shares were repurchased in 2023 (Chunk 3), and the outstanding Class B shares dropped from 200.0 million at year-end 2022 to 198.6 million at year-end 2023 (Chunk 9). - Slight Increase in Leverage: By reducing equity (the denominator in leverage ratios), all else equal, the company's leverage ratios may rise, though there is no direct evidence of increased debt in the context provided. 2. Valuation Effects: - Earnings Per Share (EPS) Enhancement: With fewer shares outstanding, net income is spread over a smaller base, increasing EPS, which can make the stock appear more attractive to investors. In 2023, basic EPS was $4.39, up from a loss in 2022, in part supported by the reduced share count (Chunk 7). - Potential Market Signal: A large repurchase program (up to $2.0 billion authorized in 2023, with $1.8 billion still available at year-end) can signal management's confidence in the company's future prospects and that shares may be undervalued (Chunks 3, 4, 6). - Support for Share Price: Share repurchases can provide price support in the market by creating consistent demand for the stock. 3. Flexibility: - The program is discretionary; the board may suspend, modify, or terminate it at any time, and repurchases depend on market conditions, liquidity, and other factors (Chunks 3, 4, 6). In summary, Molson Coors' repurchase program reduces equity and outstanding shares, potentially increases EPS and leverage, and may positively influence valuation by signaling confidence and supporting the share price.","Additional repurchases using the remaining $1.8 billion can have several potential impacts on Molson Coors Beverage Company's capital structure and valuation:\n\n1. Capital Structure Adjustments: \n   - Repurchased shares reduce the number of shares outstanding, leading to a smaller equity base. This can result in an increased debt-to-equity ratio if the company continues to carry similar levels of debt, thereby potentially increasing leverage.\n   - The use of cash (or even debt financing in some cases) for repurchases reduces liquidity and cash reserves. This trade-off must be weighed against the benefits of reducing share count.\n\n2. Valuation Implications:\n   - Earnings Per Share (EPS) Boost: When fewer shares are outstanding, net income is spread over a smaller base, potentially increasing EPS even if overall net income does not change. An EPS boost can be attractive to investors and may lead to a higher valuation multiple.\n   - Market Signal: A large share repurchase program often signals that management believes the stock is undervalued. This positive signal can excite market participants, potentially lifting the share price.\n   - Flexibility Concerns: While repurchases can optimize capital allocation under favorable conditions, they also reduce cash reserves which might be needed for other strategic initiatives or to weather downturns, thereby introducing a measure of risk.\n\n3. Potential Scale of Impact:\n   - Assuming an average repurchase price around $61 per share (based on the weighted average in 2023), the remaining $1.8 billion could buy approximately 29.5 million shares ($1,800,000,000 / $61 ≈ 29.5 million shares). This represents the possible magnitude of reduction in outstanding shares, which could materially affect key financial ratios and metrics.\n\nOverall, while additional repurchases could improve per-share metrics such as EPS and potentially enhance shareholder value, they might also alter the company's capital structure by reducing cash reserves and increasing leverage ratios. Investors will need to balance the benefits of a higher EPS and the signaling effect against the risks associated with lower liquidity and higher leverage.","9",""
"107","de06fbdb","Impact of timing on cash flow ops for Nordson Corp regarding interest outflows.","For Nordson Corporation, the timing of interest outflows directly impacts cash flows from operating activities. The company reports interest paid as part of supplemental cash flow information: in 2024, interest paid was $85,966,000, up from $54,710,000 in 2023 and $22,975,000 in 2022. The timing of when interest payments are made within the fiscal year affects the reported net cash provided by operating activities, as these payments reduce the operating cash flow in the periods they are paid. Larger or earlier interest outflows in a given year will decrease operating cash flows for that period (Chunk 2).","The available data provides a breakdown of the interest payments on long-term debt, showing that the total of $507,213 is scheduled over several periods. In particular, only $77,925 is due within the next year. This means that, although the aggregate interest expense is significant, the immediate (near-term) impact on operating cash flow is limited to a relatively modest outflow of approximately $77,925 in the upcoming year. The remainder of the interest obligation is spread out over the 1-to-3 year period ($240,462), 4-to-5 years ($101,826), and beyond 5 years ($87,000), which indicates that Nordson's operating cash flow in the near term is not heavily burdened by these interest outflows. Instead, cash flow planners at Nordson Corporation would consider this smaller, near-term obligation when forecasting their operating cash requirements, while planning for larger interest payments further out in the future as part of a longer-term financing strategy.","6",""
"104","192da48a","F2024 capex drivers at ROST $840M vs impact on profitability & cash flow.","Ross Stores (ROST) projects capital expenditures (capex) of approximately $840 million for fiscal 2024, up from $762.8 million in fiscal 2023. The increase is primarily driven by investments in: - Construction of new distribution centers to support long-term growth, - Upgrades to information technology systems, - Improvements to existing stores, - Fixtures and leasehold improvements for opening new Ross and dd's DISCOUNTS stores, - Other expenditures related to stores, distribution centers, and corporate offices. The company expects to fund these capital expenditures with available cash. Impact on Profitability & Cash Flow: While the context specifies the drivers and funding of capex, it does not provide explicit quantitative details on the direct impact on profitability and cash flow. However, such investments are aimed at supporting long-term growth and operational efficiency, which can enhance profitability over time. In the short term, higher capital expenditures will reduce available cash, but ROST anticipates funding these outlays with cash on hand, suggesting sufficient liquidity. There is no indication of negative impact on profitability in the near term, as the focus is on growth and efficiency improvements. In summary: The $840 million capex for fiscal 2024 at ROST is driven by supply chain expansion, technology, and store investments, funded with existing cash, and aimed at supporting long-term growth, with short-term impact primarily being a reduction in cash.","The key investment drivers for fiscal 2024 include: \n\n1. Construction of new distribution centers - This reflects a push to strengthen the supply chain, expand logistics capacity, and improve distribution efficiency to meet long-term growth demands. \n\n2. Investments in information technology systems - Upgrading and enhancing IT systems can lead to better inventory management, faster data analytics, and improved decision-making, all of which can drive operational efficiencies. \n\n3. Existing store improvements - The costs for fixtures and leasehold improvements for new Ross and dd's DISCOUNTS stores indicate a focus on modernizing and updating the brick-and-mortar experience, thereby potentially boosting customer engagement and sales. \n\n4. Additional miscellaneous investments - These include expenditures related to distribution centers, buying, and corporate offices. Strengthening these areas supports overall operational effectiveness and competitive positioning. \n\nIn terms of impact: \n\n- Profitability: Over the long run, these investments are expected to enhance operational efficiency and service delivery, reduce costs (particularly through improved supply chain and IT systems), and drive revenue growth. Modernizing stores and upgrading corporate systems could improve the customer experience and internal decision-making, all of which contribute to higher profitability. \n\n- Cash Flow: While the planned capital expenditure of approximately $840 million for fiscal 2024 represents an increase (roughly 10-11% higher than the $762.8 million spent in fiscal 2023), it is stated that these investments will be funded with available cash. This indicates that there is confidence in the liquidity position. However, in the short term, these significant outlays could put pressure on cash flow, but they are anticipated to generate returns that will eventually lead to improved cash flow dynamics through cost savings and revenue growth.\n\nOverall, while there might be some near-term tightening of cash flow due to increased spending, the strategic focus on expanding distribution capabilities, upgrading IT, and investing in store improvements is designed to drive long-term growth, improved profitability, and enhanced competitive positioning.","9",""
"110","a5da9dd9","CarMax FY23 vs. FY24 net cash increase investing strat.","For CarMax, the net cash used in investing activities increased from $422.7 million in fiscal 2023 to $465.3 million in fiscal 2024. The increase in capital expenditures was primarily due to land purchases and construction costs to support growth initiatives, new store openings, and investments in technology. CarMax maintains a multi-year pipeline of sites for store and capacity growth, meaning some capital spending in one year may relate to future store openings. The year-over-year increase in planned capital spending is mainly related to the timing of expenditures for new stores and support for long-term growth in reconditioning and auction facilities, as well as new stores (Chunk 1, Chunk 12).","The increase in net cash used in investing activities from $425.8 million in fiscal 2023 to $467.0 million in fiscal 2024, an increase of approximately $41.2 million, signals that CarMax is accelerating its investment in expansion and growth capacity. This is supported by the parallel rise in capital expenditures--from $422.7 million to $465.3 million--which were mainly related to land purchases, construction costs, and investments in technology to support new store openings and overall capacity growth initiatives. In essence, CarMax's strategy appears to involve a deliberate allocation of additional cash to future growth by expanding its physical footprint and investing in necessary infrastructure and technology enhancements. The increased cash outflow in investing activities reflects the company's proactive approach to seizing growth opportunities in the market.","8",""
"105","1ed728b3","SMCI credit facility evolution for debt mgmt.","Super Micro Computer, Inc. (SMCI) has actively managed its debt through a series of evolving credit facilities with multiple banks over recent years. The key developments include: - In April 2018, SMCI established a revolving line of credit with Bank of America, initially up to $250 million. This facility, known as the ""2018 Bank of America Credit Facility,"" has since undergone several amendments: - On June 28, 2021, the maturity was extended to June 28, 2026, and the maximum increaseable amount was raised from $100 million to $150 million. - On March 3, 2022, the facility size was increased from $200 million to $350 million, and interest rate benchmarks were updated from LIBOR to SOFR. - The 2018 Bank of America Credit Facility allows voluntary prepayments without penalties and is secured by substantially all of SMCI's assets (excluding real property). It includes covenants such as a prohibition on dividend payments and requirements for maintaining certain financial ratios during specified periods (Trigger Periods) (Chunk 5, Chunk 14). - SMCI has also entered into various term loan and credit facilities with other banks, including: - CTBC Bank, E.SUN Bank, Mega International Commercial Bank, HSBC Bank (Taiwan), Cathay Bank, and Chang Hwa Bank, with agreements and amendments occurring between 2020 and 2023 (Chunks 1, 2, 3, 4, 7). - These facilities include both short-term and long-term debt, with varying maturities (some as far out as 2030) and interest rates generally ranging from approximately 1.02% to 1.75% (Chunks 5, 6). - As of June 30, 2023, SMCI's total debt stood at $290.3 million, down from $596.8 million in the prior year, reflecting significant repayments and/or refinancing (Chunk 6). - The company's approach has included amending existing agreements to adjust facility sizes, maturities, and terms as needed, and spreading debt across different institutions and markets, both in the U.S. and Taiwan, to manage liquidity, interest rate exposure, and operational flexibility. - The company's credit agreements generally contain customary covenants and restrictions, such as limitations on dividends and requirements to maintain certain financial ratios (Chunk 5, Chunk 14). In summary, SMCI has evolved its credit facilities over time by increasing facility sizes, extending maturities, updating interest benchmarks, and diversifying lending relationships, all to support its debt management and operational needs.","The data allows us to compare the composition of the company's credit facilities between the two periods. In 2022, the company had a total debt of $596,764K with lines of credit amounting to $433,845K (about 72.7% of total debt) and term loan facilities of $162,919K (about 27.3% of total debt). By 2023, total debt had fallen to $290,302K, with lines of credit at $131,583K (roughly 45.3% of total debt) and term loans at $158,719K (about 54.7% of total debt).\n\nThis evolution suggests a deliberate shift in the debt structure. The significant reduction in the proportion of lines of credit--typically short-term and revolving credit sources--combined with a relatively stable term loan balance indicates that the company appears to have refinanced or allowed short-term credit facilities to expire. By replacing or reducing reliance on short-term lines of credit and relying more heavily on term loans (which generally have a longer maturity), the company is likely aiming to reduce its refinancing risk and improve its liquidity profile. Essentially, the strategy implies a more stable, longer-term debt management approach, reducing the pressure of frequent rollovers and potential fluctuations in interest costs that come with revolving credit facilities.","7",""
"106","a868f9cd","$MAS capex vs D&A trend analysis for 2024.","For Masco Corporation ($MAS), the trend analysis for capital expenditures (capex) and depreciation & amortization (D&A) for 2024 compared to prior years is as follows: - Capital expenditures in 2023 were $243 million, up from $224 million in 2022, with the increase mainly due to capacity expansion in the Plumbing Products and Decorative Architectural Products segments. For 2024, capex is expected to decrease to approximately $200 million (excluding any potential future acquisitions), indicating a downward trend after the 2023 peak. - Depreciation and amortization expense for 2023 was $149 million, compared to $145 million in 2022. For 2024, D&A is expected to increase to approximately $160 million (again, excluding any future acquisitions), which suggests a continuing upward trend. In summary: - Capex is trending down in 2024 (expected $200M) after rising in 2023 ($243M). - D&A is trending up in 2024 (expected $160M) after a gradual increase in previous years ($145M in 2022, $149M in 2023). (Source: Chunk 2)","The data show that Masco Corporation's significant capital investments--in particular, those aimed at capacity expansion in its Plumbing Products and Decorative Architectural Products segments--are beginning to translate into higher depreciation and amortization expenses. In 2023, capital expenditures were higher than in 2022 ($243 million vs. $224 million), and the depreciation and amortization expense increased modestly from $145 million to $149 million. The expected rise in depreciation and amortization to approximately $160 million in 2024 occurs even as planned capital expenditures are forecast to be lower (about $200 million). This pattern reflects the accounting reality that the benefits of past capital investments are expensed over the useful lives of the assets. In other words, investments made in earlier periods (including the recent capacity expansion) are being recognized gradually through depreciation. Therefore, even if capital expenditures decline in the near term, the depreciation expense can rise if a higher base of previously capitalized assets continues to be depreciated. This demonstrates the typical lag between when an asset is acquired and when its cost is fully expensed, linking capital spending decisions directly to future depreciation and amortization expense trends.","9",""
"113","7308f96e","CoStar Group's allocation of intl assets/liabilities exposes growth risks, ticker in focus.","CoStar Group operates its business in two main geographic segments: North America (including the U.S. and Canada) and International (primarily Europe, Asia-Pacific, and Latin America). The company provides details about its revenues, long-lived assets, total assets, and liabilities from foreign countries in its financial statement notes (see Notes 2, 3, and 14), and discusses risks associated with its foreign operations, including currency fluctuations and international compliance, in its risk factors. CoStar acknowledges that international operations present specific risks that may impact growth, such as: - Risks related to international operations and foreign currency fluctuations, - The effects of Brexit, - Compliance with local regulations, - Reliance on third-party relationships and data sources abroad, - Potential legal liability for collecting, displaying, or distributing information internationally. These factors could affect the company's ability to grow internationally due to uncertainties and challenges in maintaining and expanding its asset base and managing liabilities in different jurisdictions. The ticker in focus for CoStar Group is CSGP, which is traded on the Nasdaq Global Select Market. In summary, CoStar Group's allocation of assets and liabilities internationally does expose it to growth risks related to economic, regulatory, and operational challenges in its non-North American markets.","The data provided allows us to discern certain trends in capital allocation between the North American and International segments. Notably, the International segment has seen a substantial increase in both its asset base and liabilities from 2022 to 2023. For example, International assets grew from $256.2 million in 2022 to $414.2 million in 2023 (an increase of about 61.7%), and International liabilities increased from $46.2 million to $81.4 million. In contrast, the North American segment's total assets and liabilities have grown more modestly. This pattern suggests that CoStar Group is deliberately deploying capital internationally, which could be indicative of a strategic move to expand its global footprint and capture additional market share abroad.\n\nFrom a growth perspective, the increased international capital allocation demonstrates an aggressive expansion strategy, likely aimed at tapping into new revenue opportunities outside its traditional stronghold. However, this also brings additional financial risk. The higher level of international liabilities--although still small compared to total assets--may expose the company to heightened risks such as foreign exchange fluctuations, country-specific regulatory challenges, and potential operational disruptions in less familiar markets.\n\nOverall, while the more substantial international investment could offer larger returns if the expansion is successful, it simultaneously increases the company's exposure to financial risk factors that need to be effectively managed. Thus, the segment-wise capital allocation underscores a growth strategy focused on international expansion with a concurrent raise in risk profile that warrants careful oversight.","7",""
"108","05c4a27b","Cybersecurity risk mgmt at Fiserv (FISV) boosts investor confidence.","I cannot find sufficient information in the provided documents to answer this question.","Fiserv's strict adherence to recognized industry standards, such as the NIST Cybersecurity Framework and the NIST SP 800-53 controls, alongside its commitment to ongoing, robust cybersecurity training, enhances investor confidence in several key ways: \n\n1. Risk Mitigation and Standardized Best Practices: By aligning its cybersecurity program with established industry standards, Fiserv demonstrates that it is following best practices in safeguarding its technological environment. This adherence provides investors with assurance that the company's risk management practices are systematic, proactive, and designed to address evolving cybersecurity threats. \n\n2. Operational Resilience: Regular cybersecurity training for employees ensures that the company maintains a well-informed workforce capable of recognizing and mitigating potential risks. This not only minimizes the likelihood of human error leading to security breaches but also enhances operational resilience by ensuring that security protocols are consistently observed throughout the organization. \n\n3. Enhanced Governance and Oversight: The involvement of top executives, specialized committees (including a dedicated cybersecurity and technology risk committee), and regular board oversight underscores the company's comprehensive approach to risk management. Investors recognize that such a holistic governance structure reduces the likelihood of material cybersecurity incidents that could adversely affect financial performance. \n\n4. Proactive Incident Response: The integrated approach that includes recognized standards and regular training helps Fiserv to detect, respond, and adapt to cybersecurity incidents more effectively. This proactive stance minimizes potential disruptions and financial losses during an incident, thereby protecting shareholder value. \n\nOverall, by rigorously implementing industry standards and emphasizing continuous employee training, Fiserv reassures investors that its cybersecurity risk management strategy is robust and capable of protecting both its operational integrity and financial stability in a dynamic threat landscape.","1",""
"109","c23ef633","QRVO's share buybacks positively impact EPS by reducing the float, enhancing growth prospects.","Qorvo's share buybacks reduce the number of outstanding shares (the float), which in turn can have a positive impact on earnings per share (EPS) by spreading net income over fewer shares. This reduction in share count can enhance the company's EPS growth prospects, as each remaining share represents a larger portion of the company's earnings. Qorvo's share repurchase program is designed to return value to shareholders and can be adjusted based on market conditions and other considerations. The program does not require a minimum number of shares to be repurchased and does not have a fixed term, allowing flexibility in execution (see Chunks 1 and 5).","The provided information allows us to analyze how the company's share repurchases could impact key valuation metrics, particularly EPS, as well as the overall financial health of Qorvo, Inc. Here are the key points:\n\n1. Impact on EPS: \n   - By repurchasing shares, the company reduces its outstanding share count. This reduction can lead to a higher EPS assuming net income remains constant or grows. For instance, if Qorvo, Inc. earns a consistent net income, the lower shares outstanding due to buybacks would mean that the net income is divided among fewer shares, resulting in an increase in EPS. \n   - This effect can sometimes create an illusion of improved profitability, even if the underlying earnings performance (operational growth) doesn't change.\n\n2. Effect on Overall Financial Health: \n   - Cash Utilization: The repurchase program uses substantial cash resources. With $1,305.0 million remaining under the repurchase authorization as of March 30, 2024, investors should consider the trade-off between returning capital to shareholders via buybacks and investing in potential growth opportunities. \n   - Balance Sheet Implications: Aggressive share repurchases, if funded through cash reserves or debt, can affect liquidity and potentially increase financial leverage. Investors need to assess if the company's balance sheet remains robust enough to support both ongoing operations and any future debt needs.\n   - Market Perception and Signaling: A significant buyback program may signal management's confidence in the company's current valuation, suggesting that they view the shares as undervalued. However, if buybacks are perceived as a means to artificially bolster EPS rather than drive organic growth, some investors might be cautious regarding the sustainability of future growth.\n\n3. Investor Considerations for Future Growth Analysis:\n   - Quality of Earnings: Investors should distinguish between EPS improvement driven by reduced share count and genuine operational improvements. Analyzing operating margins, revenue trends, and other profitability metrics alongside EPS is critical.\n   - Opportunity Cost: The deployment of capital towards buybacks instead of reinvesting in R&D, acquisitions, or other growth opportunities can have long-term implications. A thorough review of the capital allocation strategy is necessary.\n   - Risk Assessment: Any financial strategy that prioritizes buybacks must be compared to potential risks such as reduced cash buffers or increased debt levels. Evaluating the company's overall debt profile and liquidity ratios will provide insight into financial resilience.\n   - Valuation Adjustments: In valuations based on multiples (such as P/E ratios), an elevated EPS due to share reduction might make the company appear more attractive on a per-share basis. However, investors should adjust their models to account for the non-operational EPS enhancement and consider other performance metrics to get a holistic view of future growth potential.\n\nIn summary, while share repurchases improve EPS by reducing the share count, they also consume cash resources that might otherwise be used for growth initiatives. Investors should incorporate these effects into their analysis by evaluating both the quantitative EPS benefit and the qualitative balance sheet and cash flow implications, ensuring that buybacks are a part of a balanced capital allocation strategy rather than a sole means of enhancing per-share metrics.","7",""
"120","261ae998","Count of HAL non-CBA emp. issued.","I cannot find sufficient information in the provided documents to answer this question.","The calculation is as follows: 18% of 48,000 employees equals 48,000 x 0.18 = 8,640 employees. Subtracting this from the total gives 48,000 - 8,640 = 39,360 employees not covered by collective bargaining agreements.","1",""
"116","ba58192c","DG's valuation metrics amid a competitive landscape.","I cannot find sufficient information in the provided documents to answer this question.","Investors evaluating Dollar General's valuation and long-term prospects in a highly competitive retail landscape should pay attention to several key financial metrics:\n\n1. **Revenue and Same-Store Sales Growth**: Monitoring overall revenue growth along with same-store sales (comparable-store sales) provides insight into both organic growth and the effectiveness of new store expansions. Robust revenue growth indicates the ability to generate more business amid competition.\n\n2. **Profitability Metrics**: \n   - **Gross Margin and Operating Margin**: These metrics assess the efficiency of operations and the ability to manage costs while maintaining competitive pricing.\n   - **Net Profit Margin**: This helps gauge overall profitability after accounting for non-operating expenses. In a low-price, high-volume environment, maintaining strong margins is critical.\n\n3. **Efficiency and Return Measures**:\n   - **Return on Investment Capital (ROIC)** or **Return on Assets (ROA)** and **Return on Equity (ROE)**: These returns provide insights into how effectively the company is using capital to generate earnings relative to competitors.\n   - **Inventory Turnover**: Given the focus on a limited assortment and cost control, analyzing how quickly inventory is sold relative to competitors is indicative of operational efficiency.\n\n4. **Cash Flow Metrics**: \n   - **Free Cash Flow (FCF)**: With a focus on low-cost operations, robust free cash flow indicates the company's ability to invest in growth initiatives (store openings, technology, capital improvements) and return capital to shareholders.\n\n5. **Valuation Multiples**: \n   - **Price-to-Earnings (P/E) Ratio**, **Price-to-Sales (P/S) Ratio**, and **Price-to-Book (P/B) Ratio**: These multiples help investors compare Dollar General against its peers and assess whether its stock price reflects its growth potential and competitive positioning.\n\n6. **Leverage and Liquidity**: \n   - **Debt-to-Equity Ratio** and **Current Ratio**: These ratios help evaluate the company's financial health, its ability to manage debt, and its liquidity position, which is especially important in a competitive and cost-intensive market.\n\n7. **Capital Allocation and Dividend Yield**: \n   - **Dividend Yield** and **Payout Ratio**: For investors looking for income as well as growth, these metrics indicate how effectively the company allocates excess cash.\n\nWhile the provided reference emphasizes the competitive nature of the environment and Dollar General's strategy (focused assortment and cost advantages), the above metrics will collectively aid in assessing how well the company competes and its potential for long-term value creation.","1",""
"115","704a26ec","Risks to Yum's mkt share and future cash flow arise from digital competitors. YUM.","Yum! Brands faces risks to its market share and future cash flow from digital competitors and evolving technology in several ways: - Digital ordering and payment platforms are critical to YUM's operations, but they are vulnerable to power loss, technological failures, user errors, cyber-attacks, and other disruptions. Such interruptions can limit or delay customers' ability to order, potentially discouraging repeat use and affecting sales (Chunk 1). - Rapid growth in digital sales has put stress on legacy platforms, such as those used by Pizza Hut, which can result in more frequent and severe interruptions. Reliance on multiple digital platforms increases vulnerability to cyber-attacks and may require additional investment to consolidate and standardize systems (Chunk 1). - The rise of social media and consumer-oriented technologies enables faster dissemination of information and organization of collective actions, increasing the potential speed and impact of negative publicity or coordinated customer shifts to competitors (Chunk 1). - YUM's largest franchisee, Yum China, relies heavily on third-party mobile payment apps (such as Alipay, WeChat Pay, and Union Pay). Any disruption in access to these apps, or in relationships with payment processors, could adversely affect sales and, consequently, the license fees paid to YUM (Chunk 1). - The competitive environment includes not just traditional QSRs, but also online delivery aggregators and digital-first food service platforms. These digital competitors can direct potential customers elsewhere, increasing competition for both customers and drivers, and putting pressure on YUM's business to maintain market share (Chunk 7). - The need to invest in digital and technology initiatives to enhance customer experience is a key part of YUM's growth agenda. However, failure to execute these initiatives successfully or to keep pace with digital competitors could adversely affect growth and cash flow (Chunk 12). In summary, Yum! Brands' market share and future cash flow are at risk from digital competitors due to technological disruptions, increased competition from online delivery platforms, the need for continuous investment in digital infrastructure, and the rapid spread of information through social media.","The provided data outlines that the retail food industry is intensely competitive, with digital engagement and delivery aggregators increasingly enabling competition from various market players. For Yum! Brands, this emerging threat could lead to market share erosion in several ways: \n\n1. Increased Customer Acquisition and Retention Challenges: With digital channels becoming more influential, competitors who successfully leverage delivery aggregators and advanced digital engagement may attract consumers who value convenience, potentially diverting customers away from Yum! Brands' own channels. This could reduce the brand's overall customer base.\n\n2. Margin Pressure: As competition intensifies, Yum! Brands might be forced to invest more in marketing, technology, and competitive pricing strategies to maintain or grow its market share. These increased expenses can lead to higher operating costs, thereby squeezing profit margins.\n\n3. Reduced Pricing Power: With more players adopting advanced digital platforms and delivery solutions, customers may become more price sensitive. Yum! Brands could find it challenging to sustain premium pricing without risking further market share losses, which could impact revenue growth and profitability.\n\n4. Impact on Future Cash Flows: The combination of lower sales volumes, increased marketing and technology investments, and compressed margins could lead to reduced operating cash flows over time. In addition, if Yum! Brands needs to continuously invest in digital infrastructure to keep pace with competitors, it may incur significant capital expenditures. These factors combined could result in slower cash flow growth or even declines, affecting the company's ability to generate free cash flow and potentially influencing its overall financial stability.\n\nIn summary, the risk of market share erosion due to competition from delivery aggregators and enhanced digital engagement can directly impact Yum! Brands by reducing revenue growth and compressing profit margins, ultimately leading to a potential decrease in future cash flows. These risks highlight the need for continuous innovation in digital strategies and investments in technology to mitigate competitive pressures.","8",""
"114","2b9ff3ae","Celanese Corp (CE) basic share count delta from 2022 to 2023 and its implications on share structure.","Between 2022 and 2023, the basic weighted average share count for Celanese Corp (CE) increased from 108,380,082 to 108,848,962, a delta of 468,880 shares. Implications on share structure: - This small increase in the basic share count suggests limited equity dilution during the period. - The increase likely resulted from the issuance of stock awards and the exercise of stock options, as reflected in the consolidated statements of equity. - There were no purchases of treasury stock in 2023, and the company did not repurchase any common stock during the year, indicating no offsetting share reductions. - The overall impact on the share structure is minimal, maintaining stability with only a slight increase in the outstanding shares.","The change in the basic weighted average share count from 2022 to 2023 is calculated as follows:\n\n108,848,962 (2023) - 108,380,082 (2022) = 468,880 additional shares.\n\nThis increase, although modest (about a 0.43% rise), suggests a slight expansion in the company's share structure. Such an uptick could be attributed to factors like the issuance of shares under employee compensation plans or other incremental share issuances. It indicates that while the company is potentially leveraging equity-based incentives or similar mechanisms, the overall effect on the common share count is relatively small, reflecting stability in its capital structure.","10",""
"117","161a41d9","Timing of revenue recognition by service for TROW (T. Rowe Price).","T. Rowe Price recognizes revenue primarily from investment advisory services and related administrative services. The timing of revenue recognition by service is as follows: - Investment Advisory Fees: These fees are generally computed based on the daily value of assets under management (AUM) at a contracted annual fee rate or an effective fee rate for tiered-fee structures. Revenue is recognized over time as the services are provided, reflecting the ongoing management of client assets (Chunks 1, 15). - Administrative Services: This includes services such as mutual fund transfer agent, fund/portfolio accounting, distribution, shareholder services, participant recordkeeping for defined contribution retirement plans, brokerage, trust services, and non-discretionary advisory services. Revenue from these services is also recognized over time as the related services are delivered to clients (Chunks 1, 13, 14). - Distribution and Servicing Fees: For certain mutual fund share classes (such as Advisor Class, R Class, and those offered through variable annuity life insurance plans), distribution and servicing fees (e.g., 12b-1 fees) are paid out of fund assets. These fees are recognized as revenue as the services are provided (Chunk 13). In summary, T. Rowe Price typically recognizes revenue from its core services (investment advisory, administrative, distribution, and servicing) over time as the underlying services are performed and value is delivered to clients, often based on the daily value of assets under management for investment advisory services.","T. Rowe Price Group, Inc. determines the timing of revenue recognition based on the fulfillment of distinct performance obligations outlined in its client agreements. For each distinct service (investment advisory, administrative, distribution services, and capital allocation-based income), a corresponding performance obligation is identified, and revenue is recognized when or as that obligation is fulfilled. This process involves allocating the fees to each performance obligation and recognizing revenue when it is probable that no significant future reversal will occur. Additionally, for agreements where a third party is engaged to provide services, the company is generally considered to control the services before transferring them to the client, leading to the gross presentation of revenue (net of third-party costs). The timing of revenue recognition, as well as billing arrangements--such as billing after service fulfillment or, in a minority of cases, billing in advance (resulting in deferred revenue)--is governed by the specific contractual terms agreed upon with clients.","7",""
"118","2d017427","WD faces rev. reversal risks due to OEM vol. & reseller inventory challenges.","Yes, Western Digital (WD) faces revenue reversal risks related to OEM volume fluctuations and reseller inventory challenges. For sales to OEMs, WD estimates variable consideration based on expected purchase volumes or agreed-upon sales incentive programs. For resellers, the estimation relies on historical pricing, current trends, and channel inventory levels. Differences between estimated and actual variable consideration are recognized as adjustments to revenue, which can result in revenue reversals if estimates prove inaccurate. Additionally, WD monitors the financial condition of significant customers, and deteriorating customer financial health or changes in overall loss trajectories could require adjustments to allowances for doubtful accounts, further impacting revenue recognition and potentially leading to reversals (see Chunk 15).","Based on the provided reference, there are several key risks associated with the possibility of revenue reversal:\n\n1. Judgment Uncertainty in Estimations: Western Digital uses significant judgment in estimating variable consideration. These estimates are based on historical pricing, current pricing trends, channel-specific factors (like reseller inventory levels) and OEM purchase volumes. Any misestimation can lead to recording revenue that might later need to be reversed.\n\n2. Fluctuations in OEM Purchase Volumes: The methodology for OEM sales is based on the volume of purchases. If OEM volumes experience significant fluctuations (for example, a sudden drop in volume), then the originally recognized revenue (with estimated incentive considerations based on higher expected volumes) might be overstated. A significant deviation from expected volumes increases the risk of having to reverse a portion of the recognized revenue if the incentive levels are not met.\n\n3. Variability in Reseller Inventory Levels: For reseller transactions, the methodology considers current and historical pricing as well as inventory levels. A rapid change in inventory--such as higher than anticipated build-up or a quick clearance--could undermine the assumptions used in estimating variable consideration. If actual inventory movements deviate significantly from expectations, the variable consideration estimated at the time of revenue recognition could be inaccurate, increasing the likelihood of revenue reversal.\n\n4. Dependence on the Expected Value Method: The company uses the expected value method for estimating variable consideration across many contracts. While this method is effective in pooling similar contracts, large-scale anomalies or variances in specific contracts (caused by unique market or channel conditions) could lead to adjustments that require revenue reversal when previously recognized revenue does not hold against actual outcomes.\n\nOverall, the key risks tied to revenue reversal involve the sensitivity of the revenue estimates to the accuracy of the underlying assumptions on OEM volumes and reseller inventory conditions. A deviation in these key factors can lead not only to significant revenue reversals but also to volatility in reported earnings.","8",""
"112","5c0b6205","Headcount at CoStar Group has increased, highlighting US vs non-US additions & scalability/diversity impact, with ticker in focus: CSGP.","I cannot find sufficient information in the provided documents to answer this question. The retrieved context does not specify headcount numbers, US vs non-US additions, or discuss the scalability and diversity impact for CoStar Group (ticker: CSGP).","Based on the provided information, CoStar Group, Inc. currently has 6,152 employees, with 86% based in the U.S. and the remaining 14% (12% in European, Asia-Pacific and Latin American countries and 2% in Canada) outside the U.S. A 10% increase in total headcount would add approximately 615 new employees (10% of 6,152 ≈ 615). Assuming the same geographic distribution:\n\n- U.S.-based: 86% of 615 ≈ 529 additional employees (0.86 x 615 ≈ 529).\n- Non-U.S. based: 14% of 615 ≈ 86 additional employees (0.14 x 615 ≈ 86).\n\nImplications for scalability and diversity:\n\n1. Scalability: A 10% increase in the workforce, particularly with an addition of roughly 529 U.S.-based employees, demonstrates the company's ability to scale operations. This growth, while maintaining the same geographic distribution, indicates that expansion can be managed within established operational structures and labor markets.\n\n2. Workforce Diversity: Although the ratio between U.S. and non-U.S. employees remains the same, the absolute increase in headcount will enhance overall diversity in terms of skills, expertise, and potentially cultural perspectives. However, the company's reliance on a similar geographic distribution means that diversity gains may be more qualitative (e.g., deeper talent pools in current regions) rather than a broader international spread. Strategic initiatives focused on diversity, equity, and inclusion will remain essential to ensure the augmented workforce continues to benefit from a wide range of perspectives and innovative ideas.","1",""
"111","bc803f0d","How do different rev rec policies affect profit & cash flow analysis for BD?","Different revenue recognition (rev rec) policies can significantly affect both profit and cash flow analysis for a business division (BD) due to the timing and method by which revenue and associated costs are recognized. 1. Timing of Revenue Recognition: - Some companies recognize revenue at a single point in time, such as when ownership, risks, and rewards transfer to the customer (see KVUE and PG), while others recognize revenue over time as work progresses (see LHX, LDOS, and TDY). - Recognizing revenue over time (e.g., using the percentage-of-completion or cost-to-cost method) allows profit to be recognized gradually as costs are incurred, which can smooth earnings and more closely align reported profit with the actual progress of delivering goods or services. - Recognizing revenue at a point in time may lead to more volatile profit reporting, as large contracts or shipments can cause spikes in revenue and profit in certain periods. 2. Impact on Profit Analysis: - The choice of method (over time vs. point in time) affects the matching of revenue and costs, which can change gross margins and reported profit in each period. - Estimates and judgments about total costs, progress toward completion, and variable consideration (such as bonuses or penalties) can cause profit to fluctuate depending on changes in these estimates (see LDOS, LHX, TDY, and HPE). - If estimates change--such as if costs increase or performance incentives are not met--this can lead to revisions of previously recognized profit, sometimes requiring loss recognition in the current period (see LDOS and LHX). 3. Impact on Cash Flow Analysis: - Revenue recognition policies do not directly affect cash flows, since cash flow depends on when cash is actually received from customers or paid to suppliers and employees. - However, because profit (as reported on the income statement) is influenced by revenue recognition policies, differences between reported profit and actual cash flow from operations can arise. - For example, recognizing revenue before cash is received (as in many long-term contracts recognized over time) results in accounts receivable, which can increase profit without increasing cash flow. Conversely, if cash is received in advance (deferred revenue), cash flow improves before profit is recognized. 4. Judgment and Estimates: - Revenue recognition often involves significant judgment, such as estimating variable consideration, determining performance obligations, and measuring progress toward completion (see CBRE, HPE, and NVDA). Changes in estimates can impact both the timing and amount of profit recognized. In summary, the revenue recognition policy chosen by a business division affects when profit is reported (potentially leading to earnings volatility or smoothing) and may create timing differences between reported profit and actual cash flow. This is important for analysts and management to consider when evaluating the financial performance and liquidity of a business division.","The differentiation in revenue recognition methods--recognizing revenue upon shipment or delivery for products and ratably for leases, extended warranties, and maintenance contracts--provides a clearer picture of BD's underlying profitability and cash flow in several ways:\n\n1. Profitability Measurement: By matching revenue recognition to the fulfillment of specific performance obligations, the company ensures that revenues are recorded in line with the delivery of goods and services. This matching principle allows for more accurate assessments of gross profit margins and operating margins. For instance, product sales recognized at shipment capture the immediate profitability of a sale, whereas the ratable recognition for services spreads revenue over the contract term, aligning cost incurrence with revenue generation.\n\n2. Revenue Timing and Deferred Revenue Insights: Since certain contracts (like maintenance or extended warranties) are spread over multiple periods, the deferred revenue line provides insight into future revenue streams. This clarity helps investors and management understand that a significant portion of current contract deals will boost revenues and profitability in future periods. It also highlights the mix within the revenue portfolio, contrasting immediate revenue from product sales versus ongoing revenues from service contracts.\n\n3. Cash Flow Analysis: Although revenue recognition and cash receipts timing can differ, understanding how and when revenue is recognized helps separate the accounting effects from actual cash flow generation. Product sales might result in quicker cash inflows relative to services provided over time. This differentiation allows stakeholders to assess whether current cash flows are boosted by upfront payments, or if they are smooth and predictable from long-term contracts, thereby clarifying liquidity and working capital management.\n\nIn summary, the differentiation in revenue recognition methods supports a more nuanced understanding of profitability by aligning revenue with the performance of contractual obligations, while also providing insights into the timing of revenue inflows (and hence cash flows), which are crucial for assessing both current profitability and future performance.","8",""
"96","f3f755fd","Impact of Kroger's repurchase on cap allocation & BS is notable, KR.","Kroger's approach to share repurchases reflects its disciplined capital allocation priorities and impacts its balance sheet (BS) in several ways: 1. **Capital Allocation Priorities**: Kroger emphasizes investing first in high-return opportunities to drive sustainable net earnings growth. Maintaining an investment-grade debt rating and a targeted net total debt to adjusted EBITDA ratio (2.30-2.50) are also key goals. While Kroger intends to grow its dividend and return excess cash to shareholders through stock repurchases, it paused its share repurchase program in the third quarter of 2022 to prioritize de-leveraging due to the proposed merger with Albertsons (Chunks 1, 12). 2. **Repurchase Program Activity**: During the fourth quarter of 2023, Kroger repurchased 185,152 shares for an average price of $45.41 per share, but only 167,100 of those were under its longstanding 1999 Repurchase Program, which is limited to proceeds from stock option exercises and related tax benefits. No shares have been repurchased under the broader September 2022 $1 billion authorization, as share buybacks remained paused to support deleveraging (Chunk 1). 3. **Impact on Balance Sheet**: Treasury stock (common shares in treasury at cost) was $20,682 million as of February 3, 2024, compared to $20,650 million the prior year, reflecting relatively modest share repurchase activity (Chunk 6). The repurchase program, when active, reduces cash balances and total equity (through an increase in treasury stock), but the pause in open market repurchases has helped preserve cash and support Kroger's balance sheet strength during a period of strategic focus on reducing leverage. In summary, Kroger's share repurchase activity is closely tied to its capital allocation discipline. The impact on the balance sheet is modest in the near term due to the pause, with most repurchases limited to offsetting dilution from employee stock plans. When resumed, repurchases are expected to reduce cash and equity but align with Kroger's long-term value creation and financial strength objectives.","The available repurchase data shows that over three distinct periods The Kroger Co. spent an approximate total of $185,152 (in the units provided, likely millions of dollars) buying back its shares at an average cost of about $45.41 per share. This level of share repurchase activity can have several implications for the company's capital allocation strategy and balance sheet strength moving forward:\n\n1. Enhanced EPS and Shareholder Value: By reducing the number of shares outstanding (from 6,900 shares in the first period to 167,100 shares in total), the company can boost its earnings per share (EPS). This is a common method to return value to shareholders, portraying management's confidence that the current share price undervalues the company.\n\n2. Capital Allocation Discipline: The significant dollar value dedicated to repurchases reflects an active capital allocation strategy. Rather than investing in lower-return projects, The Kroger Co. is choosing to deploy cash in a way that can provide immediate, quantifiable benefits to shareholders. It signals that, at least in the short term, management believes that buying back shares is the most efficient use of capital.\n\n3. Impact on the Balance Sheet: While repurchases can improve profitability metrics (like EPS), they also reduce cash reserves or potentially increase leverage if funded by debt. In a well-capitalized company with strong operating cash flow, using excess cash to buy back shares can strengthen overall balance sheet quality by reducing the equity base and potentially increasing return on equity. However, if not managed prudently, reduced liquidity might limit the company's flexibility to invest in new opportunities or manage downturns.\n\n4. Strategic Positioning and Market Signals: The completion of these repurchase programs (including the legacy 1999 Program and the more recent September 2022 Authorization) shows that management is actively balancing the use of available capital between strategic investments and returning capital to shareholders. This can be particularly appealing if the company faces pressures from activist investors or market competitors.\n\nIn summary, while the repurchases are likely to enhance EPS and signal confidence, they also reduce the cash cushion available on the balance sheet. The net effect will depend on how these repurchases are funded and whether the company maintains sufficient liquidity to support its operations and any future strategic initiatives. Overall, the data suggests a focused and disciplined capital allocation strategy that, if managed correctly, could strengthen The Kroger Co.'s competitive positioning while maintaining a robust balance sheet.","9",""
"119","a5bb38f8","Fair value adj for KO on 2022-2023, focusing on benchmark rate exposure hedge strategy.","I cannot find sufficient information in the provided documents to answer this question.","The fair value adjustments represent the changes in the carrying amounts of the company's long‐term debt due to fluctuations in benchmark interest rates - in other words, they capture the marked-to-market impact of interest rate movements on the debt portfolio. In 2022, the company recorded a larger loss (a -1,469 million adjustment) compared to -972 million in 2023. This narrowing of the adjustment indicates that the company's exposure to adverse benchmark interest rate fluctuations was lower in 2023 relative to 2022, or that the impact of such fluctuations was mitigated.\n\nThere are two key points to note here:\n\n1. Exposure to Benchmark Interest Rate Fluctuations: The magnitude of the fair value adjustment is related to the sensitivity of the debt's value to changes in benchmark rates. A more negative adjustment in 2022 suggests that, given the interest rate environment, the fair value of the debt was more adversely affected. In 2023, the less negative adjustment indicates that either market interest rates declined less sharply or that the volatility tied to benchmark rates had a smaller impact on the value of the debt.\n\n2. Hedging Risks: The company's fair value adjustments are influenced not only by raw market movements but also by the effectiveness of its hedging strategies (as mentioned in Note 5 regarding fair value hedging). The reduced magnitude of the adjustment in 2023 could be interpreted as a sign that the company's hedging instruments--such as interest rate swap agreements or cross-currency swaps--were effective in offsetting some of the negative impacts of interest rate changes. This suggests an active and potentially more effective approach to risk management compared to the previous year.\n\nIn summary, the trend from a -1,469 million adjustment in 2022 to a -972 million adjustment in 2023 reflects both a reduction in sensitivity to benchmark interest rate fluctuations and improvements in the company's hedging strategies, thereby mitigating the interest rate exposure for The Coca-Cola Company.","1",""
"122","fed2d0d5","The impact of WRB's financing activities on liquidity & financial flexibility is crucial, especially when considering the ticker.","Based on the provided context, W. R. Berkley Corporation (traded on the NYSE under the ticker ""WRB"") demonstrates active management of its liquidity and financial flexibility through its financing activities. In 2023, WRB declared regular quarterly cash dividends and special dividends, totaling $501 million in aggregate dividends. The company also repurchased shares during the fourth quarter of 2023, with 1,560,701 shares repurchased at average prices between $63.75 and $69.75, leaving 13,241,283 shares authorized for future repurchase (Chunks 3 and 10). These financing activities--dividend payments and share repurchases--reflect the company's ability to generate sufficient cash flows to return capital to shareholders, which supports investor confidence and demonstrates financial flexibility. Furthermore, WRB maintains a substantial amount of owned and leased office space and does not report any legal proceedings that could materially affect its financial condition (Chunk 10). Overall, WRB's consistent dividend payments, active share repurchase program, and absence of material adverse legal or operational issues indicate strong liquidity and financial flexibility, which positively impact its standing as reflected by its ticker ""WRB"" on the NYSE.","The provided cash flow statement data allows us to assess how fluctuations in financing activities affect W. R. Berkley Corporation's liquidity and financial flexibility. Key observations include:\n\n1. **Debt Issuance/Repayment**: In 2023, the net (payments) or proceeds from debt issuance were a slight outflow (approximately -$974K), compared to a strong inflow of around $1,034K in 2021. This change indicates a reduced reliance on debt financing in 2023, which can limit the company's ability to boost liquidity through external borrowing. On the other hand, repaying existing debt improves leverage ratios and may enhance long‐term financial flexibility, though it can restrict near-term liquidity if not balanced properly.\n\n2. **Dividend Payments**: Cash dividends to common stockholders represent a significant cash outflow. For example, in 2023, dividends amounted to about -$501K, which reduces available cash reserves. While a stable dividend can communicate financial strength to investors, high dividend outflows reduce liquidity available for other operations or potential growth investments. This trade-off influences financial flexibility as funds used for dividends are not available to address emergent liquidity needs.\n\n3. **Treasury Share Repurchases**: The purchase of common treasury shares (-$537K in 2023) is another use of cash. While repurchases can create value for shareholders by consolidating shares, these outflows diminish short‐term liquidity. When combined with dividend payments, such significant outflows from financing activities lower the overall cash available for other strategic purposes, potentially limiting flexibility in responding to opportunities or managing unexpected cash needs.\n\nOverall, fluctuations in these financing activities--the swing from using debt to generate cash in 2021 to repaying debt or reducing borrowings in 2023, along with sizable and consistent outflows for dividends and share repurchases--directly impact the company's liquidity. Maintaining adequate cash reserves is crucial for operational stability. However, using excess liquidity for shareholder distributions or buybacks may limit flexibility, particularly in periods requiring financial agility for growth, investment, or managing downturns. Each category needs to be balanced to ensure that short-term liquidity is preserved even as capital allocation decisions are aimed at enhancing shareholder value.","6",""
"129","6f5b5ef5","Terrence Duffy's impact on strategy, capital allocation, and risk mgmt at CME Group is noteworthy. CME.","The provided documents indicate that Terrence A. Duffy has served as the Chairman and Chief Executive Officer of CME Group since 2016, with a long tenure in leadership roles at the company dating back to 1995 as a board member and holding various executive positions since 2006 (Chunks 1, 2). While the context details his positions and experience, it does not provide specific information or examples regarding his direct impact on the company's strategy, capital allocation, or risk management practices. Therefore, I cannot find sufficient information in the provided documents to answer this question.","The biographical information shows that Terrence A. Duffy has been deeply embedded in CME Group's leadership for decades - serving on the board since 1995 and as CEO since 2016 (along with prior senior leadership roles). This long tenure suggests that he has a strong influence over the company's long‐term vision and decision making. His extensive experience likely contributes to a strategic framework that emphasizes a measured, patient approach to capital allocation--ensuring that investments and growth initiatives are aligned with long‐term value creation--while maintaining a risk management posture that is both conservative and adaptive to changing market and regulatory conditions. However, the provided data is limited to his background and roles, and does not directly quantify the outcomes of such strategic decisions. Inferences can be drawn that his historical experience has fostered continuity and consistency in capital allocation strategies and risk management policies, reinforcing a disciplined approach that likely mitigates aggressive exposures while preserving capital for future opportunities. Detailed numerical evidence or specific case studies of these strategic impacts would require additional financial and operational data from CME Group's reports.","3",""
"127","4b8f222e","RCI changes exec plan outlook on stock.","I cannot find sufficient information in the provided documents to answer this question.","The data provided allow us to infer that the Executive Chairman's decision to terminate the previously established Rule 10b5-1 Trading Plan - which had been set up to sell more shares over a longer period without any actual sale occurring - and to subsequently adopt a new trading plan with a reduced total share volume indicates a recalibration of his trading strategy in light of current market conditions. In other words, by ending the prior plan (which was projected to sell up to 100,000 shares) and starting a new plan (allowing for up to 50,000 shares with an execution that already resulted in the sale of 25,000 shares at $68.00 per share), Mr. Stein appears to be signaling a more cautious or nuanced outlook on Regency Centers Corporation's stock performance. \n\nThere are a couple of interpretations inherent in these actions:\n\n1. Adjusted Volume and Exposure: The reduction in the number of shares to be sold from 100,000 to 50,000 suggests that Mr. Stein may prefer to reduce his exposure to market fluctuations. This could reflect a view that while there is value in taking profits or repositioning some of his holdings, he nonetheless retains confidence in the stock's long‐term fundamentals by not liquidating as many shares as originally planned.\n\n2. Timing of Sales: The execution of a sale under the new plan (25,000 shares at a specific price) might indicate that the current market conditions are viewed as opportune even if his overall view is tempered. By scheduling sales under a plan designed to meet regulatory affirmative defense conditions, he is ensuring that the disposals are prearranged and not influenced by inside information, but the adjustment to the plan could still be reflective of his changed perspective on the stock's near-term performance.\n\nIt is important to note that while Rule 10b5-1 plans are often regarded as neutral tools for managing insider stock sales, changes to these plans can sometimes provide indirect signals about an executive's sentiment. In this case, the reduction of planned share sales combined with an executed sale at a targeted price point likely suggests that Mr. Stein sees current market valuations as favorable but also wishes to preserve a significant stake in Regency Centers Corporation for the future. This nuanced approach typically reflects a balanced perspective: taking advantage of current market conditions while still showing confidence in the company's longer-term prospects.","1",""
"128","b63edeb7","Impact on net margin and financial health from VICI's 2023 interest exp. % of rev.","Based on the provided context, VICI's net income attributable to common stockholders for 2023 was $2,513,540,000, and its diluted earnings per share (EPS) was $2.47 (Chunk 2). The consolidated balance sheet shows VICI had total assets of $44.1 billion and total liabilities of $18.4 billion at year-end 2023 (Chunk 3), indicating a strong financial position. However, the specific amount of interest expense for 2023 and its percentage of revenue is not directly stated in the provided context. The provided documents do not offer an explicit calculation of interest expense as a percentage of revenue, nor do they discuss its direct impact on net margin. Therefore, I cannot find sufficient information in the provided documents to answer this question.","Calculation Step 1: Identify the relevant figures for 2023 from the provided statements. The total revenues for 2023 are reported as $3,611,988 (in thousands) and the interest expense is $818,056 (in thousands).\n\nCalculation Step 2: Compute the percentage of total revenues represented by the interest expense:\n\n Percentage = (Interest Expense / Total Revenues) x 100 = (818,056 / 3,611,988) x 100 ≈ 22.6%\n\nThus, approximately 22.6% of the total revenues in 2023 is consumed by interest expense.\n\nAnalysis of the Impact on Profitability and Financial Health:\n- Net Income Margin: For 2023, the net income attributable to common stockholders is $2,513,540 (in thousands). This leads to a net income margin of roughly (2,513,540 / 3,611,988) x 100 ≈ 69.6%. Despite the high financing cost, the REIT's operating model--which is based on sales-type leases and stable recurring revenues--helps ensure a very strong net income margin. \n\n- Influence of Financing Cost: While an interest expense that amounts to about 22.6% of revenues is significant and reflects the heavy reliance on debt financing intrinsic to REIT operations, the robust earnings indicate that these costs are effectively managed. The substantial net margin demonstrates that although the financing cost reduces overall profitability relative to a hypothetical interest-free scenario, it does not undermine the company's overall financial health. \n\n- Overall Financial Health: The company's high margin and strong net income suggest that its current capital structure is sustainable and that it is efficiently covering its debt service obligations. Nevertheless, the sizable proportion of interest expense does underline a vulnerability to changes in interest rates or debt refinancing risks, which should be monitored as part of ongoing risk management strategies.\n\nIn summary, the company's interest expense is approximately 22.6% of its total revenues in 2023. Although this is a significant financing cost, VICI Properties Inc. maintains a high net income margin (around 69.6%), indicating that its leasing operations are robust enough to absorb such costs. The current financial health appears sound, but the reliance on debt does imply some sensitivity to changes in market interest rates and refinancing conditions.","2",""
"125","a72ef1d0","Impact of FCX board comp on governance & growth.","The compensation structure for FCX's Board of Directors supports both governance and growth objectives in several ways: 1. Governance: The Board's compensation is structured and disclosed as part of broader corporate governance practices. FCX maintains a Principles of Business Conduct that sets expectations for the Board's behavior, and disclosures regarding director compensation are made in the company's proxy statement, supporting transparency and accountability (Chunk 2). The existence of specific director compensation plans, such as the FCX Director Compensation and the 2004 Director Compensation Plan (Chunks 1 and 5), demonstrates formalized and structured compensation practices, which are important aspects of sound corporate governance. 2. Alignment with Growth: FCX's Board compensation is aligned with the company's strategic objectives. In February 2021, the Board adopted a financial policy focused on maintaining a strong balance sheet, providing returns to shareholders, and advancing future growth opportunities. The policy includes base and variable dividends, as well as a performance-based payout framework, ensuring that compensation and shareholder returns are linked to company performance and growth (Chunk 3, Chunk 7). The Board reviews the structure of the performance-based payout framework at least annually, reinforcing adaptability and alignment with evolving growth strategies. 3. Incentivizing Performance: FCX utilizes stock-based compensation and incentive plans, including stock incentive plans and performance share units, which tie compensation to company performance and long-term value creation (Chunks 5 and 6). These mechanisms help align the interests of the Board and management with those of shareholders, supporting both effective governance and sustainable growth. In summary, FCX's Board compensation practices support good governance through transparency and structure, while also incentivizing growth by linking compensation to company performance and long-term strategic objectives.","The provided data, which details the ages and roles of key board members and executives, is sufficient to analyze some qualitative aspects of potential for future growth, innovation, and corporate governance. The board has a mix of strategic leaders, with ages ranging from 48 to 77. This age distribution suggests that the leadership team brings extensive experience and seasoned judgment to policy-making and oversight. For instance:\n\n1. **Experienced Leadership**: With key figures like the Chairman/CEO at 77 and other senior executives in their 60s, the company benefits from decades of industry insight and established strategic thinking. This can support robust corporate governance practices, particularly in risk management and capital allocation.\n\n2. **Balance of Stability and Dynamism**: The presence of a relatively younger executive (Senior VP at age 48) may infuse fresh perspectives and agility in decision-making. The blend of veteran leaders and mid-career professionals can drive innovative initiatives while maintaining financial and regulatory discipline.\n\n3. **Potential for Future Growth**: The combined experience is likely to contribute to prudent strategic investments and effective management of large-scale projects. However, while the board's maturity might favor governance, there may also be challenges in rapidly adapting to disruptive market trends if innovation is not actively encouraged. The leadership can address this by fostering cross-generational mentorship and by incorporating new talent to supplement strategic decision-making.\n\nIn conclusion, the data suggests that Freeport-McMoRan Inc. is well-equipped in terms of corporate governance due to experienced, judicious leadership, which is a strong foundation for pursuing future growth and innovation. However, proactive measures--such as diversifying perspectives and integrating dynamic, forward-looking strategies--would be essential to harness the full growth potential in a rapidly evolving business environment.","4",""
"124","fc23f059","How is the management of litigation risk affecting valuation in CVS Health amid legal proceedings? CVS.","The management of litigation risk at CVS Health involves evaluating potential losses from legal proceedings and establishing accruals when a loss is both probable and reasonably estimable. However, CVS Health notes that, except for certain controlled substances litigation, none of its accruals for outstanding legal matters are material to its consolidated balance sheets. The company states it cannot predict with certainty the timing or outcome of many legal matters, nor can it always reasonably estimate possible losses in excess of amounts already accrued. While CVS Health believes its defenses in pending legal proceedings have merit and, after considering applicable reserves and indemnification rights, does not expect these matters to have a material adverse effect on its financial position, it acknowledges that substantial unanticipated verdicts, fines, or rulings could occur. Such developments could result in judgments, settlements, or revisions to expectations that materially affect results of operations (Chunks 3, 4). The uncertainty and potential size of litigation-related losses--particularly those not covered by insurance--could have a material effect on the company's business, financial condition, operating results, and cash flows. Additionally, the costs of defending litigation, possible changes in business practices, and harm to brand and reputation may adversely affect valuation (Chunks 1, 2, 6). Ultimately, while current management practices seek to mitigate and reserve for such risks, the unpredictable nature of litigation outcomes and the potential for significant losses or operational impacts remain factors that can affect the valuation of CVS Health.","The disclosure indicates that CVS Health Corporation manages its litigation risk through a combination of proactive legal defense, regular accrual practices, and careful monitoring of emerging cases. Specifically, the company records accruals for potential losses when it judges that a loss is both probable and can be reasonably estimated. This means that for cases such as the usual and customary pricing litigations or PBM litigation, if the potential loss can be quantified with reasonable certainty, an accrual is established on the balance sheet. In situations where litigation outcomes are uncertain, the company continues to defend the claims without recording a liability until a loss becomes probable and estimable.\n\nIn terms of valuation impact, this approach provides some predictability regarding near-term losses since known or estimable risks are already reflected in the financial statements. However, there remains uncertainty in cases where liabilities are not fully accrued due to lack of reliable estimates (for example, ongoing or complex multi-district litigation). This uncertainty can lead investors to apply a risk premium when valuing the company. Should an unexpected adverse outcome occur or if the contingent liabilities become material, it could adversely affect future earnings, cash flows, and ultimately the company's valuation. In summary, while CVS Health's established processes help manage litigation risks, the inherent uncertainties in some legal proceedings continue to contribute to valuation risk through potential financial volatility and the need for a higher risk adjustment in discount rate calculations.","9",""
"123","20944074","Util. Sol. revenue rec. for Hubbell, progress estimation on margins & OP profitability.","Hubbell's Utility Solutions segment recognizes revenue primarily at the point in time when control of the product is transferred to the customer, which generally occurs upon shipment. However, for certain customized products where Hubbell has an enforceable right to payment for work performed to date in the event of cancellation, revenue is recognized over time. In these cases, progress towards completion is measured using the ratio of costs incurred to date to the estimated total costs to complete, which the company believes best reflects the transfer of control to the customer (Chunks 5, 6, 12). For 2023, the Utility Solutions segment achieved net sales of approximately $3.26 billion, up 13.6% from 2022. This growth was driven by an 11.7% increase in organic net sales (primarily from a high single digit percentage price increase and a low single digit volume increase), with acquisitions and foreign exchange contributing minor additional growth (Chunks 1, 2, 6). Operating income for the segment rose by 61.3% to $706.6 million, with the operating margin increasing to 21.7% in 2023 from 15.3% in 2022. When excluding amortization of acquisition-related intangibles and transaction, integration & separation costs, the adjusted operating margin reached 23.9%, up 670 basis points from the prior year. The margin expansion was mainly due to favorable price realization, improved operational productivity, and lower material costs, partially offset by higher non-material cost inflation and investments in capacity, innovation, and productivity (Chunks 1, 2). In summary: - Revenue recognition: Primarily at shipment, with some over-time recognition for customized products, using cost-to-cost progress estimation. - 2023 Utility Solutions revenue: $3.26 billion. - Operating margin: Increased to 21.7% (GAAP) and 23.9% (adjusted). - Margin improvement driven by price, productivity, and lower material costs.","The reference indicates that, for customized projects in the Utility Solutions segment, revenue is recognized using an input measure--specifically, by comparing the costs incurred to date against the total estimated costs to complete the project. This approach influences the estimation of progress and ultimately affects margins and operating profitability in several ways:\n\n1. Revenue Timing and Recognition: As revenue is recognized in proportion to the costs incurred, any misestimation of the total costs directly impacts the timing and amount of revenue recognized. If total costs are underestimated, revenue may be recognized more quickly than warranted, while overestimating costs could delay revenue recognition.\n\n2. Impact on Margins: Margins are influenced by the relationship between recognized revenue and the associated costs. Since revenue is recognized as costs are incurred, any errors in cost estimation can lead to reported margins that do not accurately reflect true project profitability. For example, if actual costs exceed estimates, recognized revenue might lag behind incurred expenses, thereby compressing margins in the reporting period.\n\n3. Operating Profitability Volatility: The method ties revenue recognition closely to cost performance. If a project experiences cost overruns or delays, the progress toward project completion is reassessed, which can result in fluctuations in recognized revenue. These fluctuations can manifest as volatility in operating profitability over time, making it challenging to predict future performance with accuracy.\n\n4. Sensitivity to Cost Estimates: Since the method relies on estimated total costs to complete a project, any changes in cost projections (due to unforeseen challenges or changes in project scope) will directly affect the ratio used to recognize revenue. Such sensitivity means that prudent cost estimation and continuous monitoring are crucial to maintain accurate and stable margin reporting and overall profitability analysis.\n\nIn summary, the input measure-based revenue recognition method ensures that revenue and profits are recorded in line with the actual progress of work, but it also makes reported margins and operating profitability highly dependent on the accuracy of cost estimates and the management of any variances between estimated and actual costs.","7",""
"126","11f0e3fd","Charles River Labs (CRL) cybersecurity capex effects on cash flow & investor comms.","Based on the provided context, Charles River Laboratories (CRL) does invest in cybersecurity as part of its overall business continuity and risk management strategy, but the documents do not specifically break out capital expenditures (capex) related solely to cybersecurity. Effects on Cash Flow: - The company's net cash used in investing activities, which includes capital expenditures, was $318.5 million in fiscal year 2023 (Chunk 1). While capital expenditures cover a range of investments to support business growth, the context does not specify the portion allocated specifically to cybersecurity. - CRL's cybersecurity investments are part of a broader capex strategy that supports IT infrastructure and risk management. There is no evidence in the context that these cybersecurity-related expenditures have had a material or separately identified impact on the company's cash flow. Investor Communications: - CRL communicates its cybersecurity risk management and strategy to investors through its annual report and SEC filings (Chunks 11, 13, 16). The company details its use of industry-standard frameworks (ISO, NIST, CIS, CSA), third-party assessments, penetration testing, staff training, and contingency planning. - The company explicitly states that, during fiscal year 2023 and through the date of filing, it ""did not identify risks from cybersecurity threats, including as a result of any previous cybersecurity incidents, that have materially affected, or are reasonably likely to materially affect, our business strategy, results of operations, or financial condition"" (Chunk 16). - Governance of cybersecurity is described, with oversight from the Board's Audit Committee and direct involvement from the Chief Information Officer and Chief Information Security Officer, both of whom have extensive experience (Chunks 13, 16). In summary, while Charles River Labs incorporates cybersecurity into its capital expenditures and risk management, the effects on cash flow are not separately detailed. The company does provide comprehensive investor communications on its cybersecurity readiness, risk management practices, and governance, emphasizing that cybersecurity risks have not had a material impact on its financials to date.","The information provided does not include specific numerical forecasts or detailed financial metrics regarding the direct cash flow effects of cybersecurity investments. However, based on the qualitative disclosures, we can infer the following insights:\n\n1. **Cybersecurity as a Strategic Investment**: The company emphasizes that measures such as multifactor authentication and network monitoring are not only essential for safeguarding IT assets and proprietary data but also serve as preventive investments that can help avoid the potentially larger financial impact of a cybersecurity breach. This positions cybersecurity spending as a necessary part of the operating expense mix that supports overall business continuity.\n\n2. **Impact on Cash Flow**: While the narrative does not quantify the costs, it suggests that the investments in cybersecurity are integrated into the company's operational budgeting. Such investments may lead to a slight increase in operating expenses in the short term, but they are expected to stabilize cash flow in the long term by mitigating risks that could lead to significant financial disruptions. In essence, the company views this spending as a cost of risk mitigation rather than an unexpected or disruptive expense.\n\n3. **Capital Allocation Strategy**: Cybersecurity is blended into the broader enterprise risk management and capital planning framework. Investments in these measures are balanced against other strategic initiatives, underpinning a disciplined capital allocation approach. The costs associated with required cybersecurity measures are planned and budgeted, ensuring that the allocation of capital continues to support both growth initiatives and risk management.\n\n4. **Communication to Investors**: The company communicates its cybersecurity strategy and its impact on financial planning through various investor communication channels, including regulatory filings (for example, the risk factors section commonly referenced as ""Item 1A""), financial disclosures, and periodic discussions by senior leadership with the board and investors. By integrating cybersecurity within its overall risk management and capital allocation narrative, the company assures investors that while there are ongoing investments, these are strategically planned to protect shareholder value and maintain the company's stable financial condition.\n\nIn summary, although exact figures are not provided, the qualitative disclosures indicate that while there may be increased operating expenses from these investments, the strategy is intended to protect the company's cash flow over the long term and is thoughtfully integrated into its overall capital allocation planning. This strategy is communicated to investors through detailed risk management discussions in filings and investor briefings.","8",""
"130","393901ee","Q4 2023 PAYCOM share repurchase total & avg monthly prices.","During the fourth quarter of 2023, Paycom (Paycom Software, Inc.) repurchased a total of 1,495,752 shares of its common stock at an average cost of $200.93 per share. This total includes shares withheld to satisfy tax withholding obligations for certain employees upon the vesting of equity incentive awards. However, the specific average price per share for each month within Q4 2023 is not separately provided in the available documents--only the annual aggregate figure is given.","During the three-month period ended December 31, 2023, Paycom repurchased a total of 1,192,351 shares. Specifically, in October, they repurchased 27 shares at an average price of $268.26 per share; in November, they repurchased 708,197 shares at an average price of $172.81 per share; and in December, they repurchased 484,127 shares at an average price of $187.01 per share. These figures are directly derived from the provided financial data.","4",""
"134","342ebcce","AJG's oversight of CIO/CISO cybersecurity risk mgmt. impacts profitability.","AJG has established comprehensive oversight of cybersecurity risk management through the collaboration of its Chief Information Security Officer (CISO) and Chief Information Officer (CIO). The CISO leads a dedicated cybersecurity team and receives ongoing updates regarding the prevention, detection, mitigation, and remediation of cybersecurity incidents. The CISO regularly reports to the CIO and is an active member of the management-level enterprise risk management committee, which has broad oversight of the company's enterprise risks, including cybersecurity. Both the CIO and CISO attend executive officer team meetings dedicated to compliance and risk, reporting on cybersecurity matters as appropriate. The Board of Directors has delegated primary responsibility for cybersecurity oversight to the Risk and Compliance Committee, with the full board reviewing significant issues as needed. The CIO and CISO report on cybersecurity and information security at each meeting of this committee. This robust oversight structure--supported by experienced leaders, regular risk assessments, and a dedicated vendor assessment team--helps AJG proactively identify and address cybersecurity threats. By minimizing potential disruptions and losses from cyber incidents, these efforts contribute to maintaining operational stability and can positively impact the company's profitability by reducing financial and reputational risks associated with cybersecurity breaches.","The provided data clearly outlines the roles, experience, and reporting structures for the CIO and CISO, as well as the oversight functions of the Risk and Compliance Committee. Specifically:\n\n1. **Roles and Experience**: Both the CIO and CISO bring decades of industry experience to the table, having held senior roles at major companies. Their extensive backgrounds in technology and cybersecurity enable them to understand and manage complex security threats, a critical factor in proactively identifying risks that could disrupt business operations and impact profitability and cash flows.\n\n2. **Reporting Mechanisms**: The CIO and CISO have established communication channels that include regular reporting to senior executive teams and the board-level Risk and Compliance Committee. This ensures that cybersecurity issues are escalated and addressed promptly. Regular updates and discussions help the company maintain an up-to-date understanding of its security posture, allowing timely adjustments to strategies that could otherwise lead to costly disruptions or financial losses.\n\n3. **Oversight by the Risk and Compliance Committee**: The active involvement of the Risk and Compliance Committee--and the fact that the CIO and CISO report directly to this board-level body--ensures that cybersecurity risks are integrated into the company's overall risk management framework. This level of oversight helps ensure that any emerging threats are promptly mitigated, thus reducing the likelihood of incidents that might adversely affect cash flows (for instance, through unplanned expenditures or loss of revenue) and overall profitability.\n\nIn summary, the strong leadership provided by experienced technology executives (CIO and CISO), combined with structured and frequent reporting and effective board oversight, supports a proactive approach to managing cybersecurity risks. This approach helps protect the company's key financial metrics by minimizing disruptive incidents and ensuring effective, timely responses to emerging cyber threats.","9",""
"135","7c196481","TJX Companies, for Q4 FY24, reported repurchased shares, with the ticker (TJX) reflecting the count and avg price by period.","For the fourth quarter of fiscal 2024, TJX Companies (ticker: TJX) reported the following share repurchases: - October 29, 2023 through November 25, 2023: 1,772,684 shares repurchased at an average price of $89.41 per share - November 26, 2023 through December 30, 2023: 3,639,686 shares repurchased at an average price of $89.98 per share - December 31, 2023 through February 3, 2024: 3,296,892 shares repurchased at an average price of $94.42 per share The total number of shares repurchased during the quarter was 8,709,262.","The data provides detailed information for the three specified periods. Here are the details:\n\n1. For the period October 29, 2023 through November 25, 2023, The TJX Companies, Inc. repurchased 1,772,684 shares at an average price of $89.41 per share.\n\n2. For the period November 26, 2023 through December 30, 2023, the company repurchased 3,639,686 shares at an average price of $89.98 per share.\n\n3. For the period December 31, 2023 through February 3, 2024, the company repurchased 3,296,892 shares at an average price of $94.42 per share.\n\nThese figures directly address the question regarding the number of shares repurchased in each specified period and the corresponding average prices paid per share.","10",""
"136","0da0b592","Equity awards dilution's impact on EPS for META.","Equity awards, such as restricted stock units (RSUs), can dilute earnings per share (EPS) for META by increasing the number of shares used in the calculation of diluted EPS. Specifically, when calculating diluted EPS, the effect of dilutive RSUs is added to the basic shares outstanding, which increases the denominator and results in a lower diluted EPS compared to basic EPS. For the year ended December 31, 2024: - The basic EPS was $24.61, calculated using 2,534 million shares. - The diluted EPS was $23.86, calculated using 2,614 million shares, which includes the effect of 80 million dilutive RSUs. This demonstrates that equity awards have a dilutive effect, as the addition of RSUs to the share count reduces the reported EPS. Anti-dilutive RSUs (those that would increase EPS if included) are excluded from the calculation; for 2024, anti-dilutive RSUs were not material, but in prior years, 16 million (2023) and 95 million (2022) RSUs were excluded for being anti-dilutive. In summary, equity awards decrease META's diluted EPS by increasing the number of shares considered outstanding for the calculation.","The data provided, although not giving complete numbers for outstanding shares or the size of future equity awards, is sufficient to answer the question in a qualitative manner. When all shares received through Ms. Newstead's current and future equity awards (net of shares withheld for tax purposes) are included, the total number of shares that could eventually be sold under the plan would increase the number of shares outstanding. This increase would (if earnings remain constant) lead to dilution, meaning that the diluted earnings per share (EPS) would be lower than they would be if these additional shares were not included.\n\nSpecifically:\n1. Dilution: By adding a potential additional issuance (beyond the initial 10,968 shares) that comes from both outstanding and future equity awards (less the tax-withheld shares), the overall share count is increased at the time these awards vest and are sold. This reduces the proportionate ownership of existing shareholders and dilutes metrics such as book value per share.\n\n2. Earnings Per Share Impact: As the denominator of the EPS calculation (i.e., the weighted average number of shares outstanding) increases with these additional shares, the EPS will be lower than otherwise reported for a given level of net income. This effect would be more pronounced if the additional shares represent a significant portion of the overall shares outstanding. \n\nIt is important to note that without specific numbers (for example, the total number of shares outstanding and the estimated value and conversion rate for future awards), we can only conclude that there is a dilutive effect rather than quantify its extent precisely. Also, companies often use the treasury stock method to determine the dilutive effect of stock options and awards so that the impact might be somewhat mitigated by assumptions such as proceeds from the exercise of awards partly offsetting the dilution.\n\nIn summary, while the exact numerical impact on diluted EPS would require more detailed data, the key insight is that the inclusion of these shares increases the share count, thereby weakening the EPS metric over the life of the trading plan unless there is a proportional increase in net income.","9",""
"138","badac135","Q4 2023 ADM share repurchase volume & pricing trends analysis.","In Q4 2023, Archer Daniels Midland (ADM) repurchased a total of 21,217,149 shares at an average price of $73.27 per share. The monthly breakdown is as follows: - October 2023: 2,815,562 shares at $72.45 average price per share - November 2023: 8,514,616 shares at $73.03 average price per share - December 2023: 9,886,971 shares at $73.71 average price per share The repurchase activity shows a steady increase in the number of shares repurchased each month, with a slight upward trend in the average price paid per share from October to December. The program is part of ADM's publicly announced stock repurchase program, which had 52,033,434 shares remaining authorized for repurchase as of the end of December 2023.","In October 2023, Archer-Daniels-Midland repurchased 2,815,562 shares at an average price of $72.453. In November 2023, the share repurchase volume increased significantly to 8,514,616 shares, with the average purchase price rising slightly to $73.033. Then, in December 2023, the company repurchased 9,886,971 shares at an even higher average price of $73.709. \n\nThese variations suggest that management increased the scale of its share repurchases as the months progressed, while also paying progressively higher prices per share. The increase in share repurchase volume could indicate that management was capitalizing on market conditions or a strategic decision to accelerate buybacks during perceived favorable market windows. However, the rising average price hints that the stock price may have been trending upward during the period, possibly reflecting improved market sentiment or a reassessment of the company's valuation. In other words, management's actions might signal a balancing act between executing a pre-announced repurchase program and timing the market to obtain an attractive valuation. The strategy could be interpreted as opportunistic--seizing the opportunity to buy back more shares when available funding is adequate, even as the market price increases, thereby reflecting a dynamic evaluation of the stock's value.","9",""
"131","c371959c","Current liab & liquidity/capital allocation impact of BKNG legal/reg accruals.","As of December 31, 2023, Booking Holdings Inc. (BKNG) accrued a loss of 486 million Euros ($530 million) related to a draft decision by the Spanish competition authority (CNMC), which is included in ""General and administrative"" expenses for 2023. The related liability is included in ""Accrued expenses and other current liabilities"" on the Consolidated Balance Sheet (see Chunk 10 and Chunk 3). Total current liabilities for BKNG at December 31, 2023, were $13,330 million, up significantly from $8,474 million the prior year (see Chunk 1). The increase is partly due to the legal/regulatory accruals, including the CNMC matter. Regarding liquidity and capital allocation impact: - BKNG had $12,107 million in cash and cash equivalents and $576 million in short-term investments at year-end 2023, providing a strong liquidity position (see Chunk 1). - The company continues to engage in significant capital allocation activities, such as share repurchases ($10,377 million in 2023, see Chunk 8) and the introduction of a quarterly dividend policy (see Chunk 5 and Chunk 6). - Legal and regulatory accruals are not expected to materially impact liquidity or capital allocation, given the company's large cash balances and ongoing share repurchases and dividend payments. However, the company acknowledges that additional commitments, fines, or remedies from regulatory matters could harm its financial condition and results of operations if they become significant (see Chunk 3 and Chunk 10). In summary, the legal and regulatory accruals are reflected in current liabilities and have contributed to the increase in that line item, but BKNG's liquidity remains strong and its capital allocation strategy, including share buybacks and dividends, continues. Future material adverse effects are possible if additional significant regulatory outcomes arise.","The references note that Booking Holdings has recorded significant legal and regulatory accruals--for example, a 486 million Euro accrual against potential competition-related fines and a 253 million Euro accrual related to a pension scheme ruling. However, the data provided does not include the total dollar amount of current liabilities or a detailed breakdown that would allow us to calculate the exact percentage attributable to these legal and regulatory accruals. In other words, while we know these accruals are recognized and are included in ""Accrued expenses and other current liabilities,"" we lack the denominator needed to determine their precise portion of total current liabilities.\n\nNonetheless, the existence of such large contingencies can have several implications for Booking Holdings' liquidity and capital allocation strategies. Specifically:\n\n1. Liquidity Impact - Large legal and regulatory accruals can constrain short-term liquidity. If any of these accruals crystallize into cash outflows (through fines or settlements), the company may need to allocate cash reserves to meet these obligations, potentially impacting its ability to invest in growth or return cash to shareholders via dividends or share repurchases.\n\n2. Capital Allocation - Given the uncertainty around the final resolution of ongoing and future regulatory issues, the company might adopt a more cautious approach to capital spending. This could entail building more robust liquidity buffers or reducing discretionary spending to ensure that sufficient funds are available for any necessary expenditures related to legal settlements or compliance enhancements.\n\nIn summary, while the specific portion of current liabilities attributable to these accruals cannot be precisely quantified with the given information, the presence of sizable legal and regulatory provisions suggests that Booking Holdings must judiciously manage liquidity and capital to mitigate the impact of these potential outflows.","8",""
"132","2d6bd68d","Impact of litigation cost disclosure on capital allocation for SCHW.","The provided context explains that Schwab is subject to claims, lawsuits, arbitrations, class actions, and regulatory investigations in the ordinary course of business. Predicting the outcome and potential liability of these matters is inherently difficult due to various factors such as the procedural status, discovery, and legal uncertainties. Schwab establishes reserves or makes further disclosures and estimates of potential loss as more information becomes available during the progression of a matter. Some matters may result in adverse judgments, penalties, injunctions, or settlements, which could result in material losses (Chunks 2 and 3). Regarding capital allocation, Schwab manages its capital to ensure it remains well-capitalized even in stressed scenarios, including unanticipated losses or declines in asset values. This process includes regular reviews of capital forecasts and monitoring of early warning indicators. The company also conducts capital stress testing to assess the impact of various adverse events, including litigation, on both capital and liquidity. A comprehensive Capital Contingency Plan provides action plans for low probability/high impact capital events, such as significant litigation costs (Chunks 14 and 15). In summary, while litigation costs can be unpredictable and may require the allocation of reserves or impact capital through adverse outcomes, Schwab's capital management framework incorporates the potential for such costs to ensure adequate capital is maintained, including through stress testing and contingency planning.","Based on the provided excerpt, Schwab discloses that it is involved in several litigation and regulatory proceedings and, for each, it recognizes the inherent uncertainty in both the outcome and the quantification of potential liabilities. The Company's approach includes establishing and adjusting reserves (or accruals) as cases progress and as more information becomes available. Although Schwab details the nature of each litigation (for instance, the Corrente, Crago Order Routing, and Ford Order Routing lawsuits) and emphasizes that it is actively contesting liability on significant matters, it clearly states that it is not possible - at this stage - to accurately estimate potential losses until further developments occur such as the resolution of critical motions or additional discovery insights.\n\nIn terms of capital allocation and financial robustness, this accounting treatment indicates that Schwab is taking a conservative and measured approach. By disclosing these uncertainties and building in contingencies via reserves, Schwab shows that it is aware of these potential risks and is managing them appropriately within its financial framework. The fact that the Company asserts these litigation issues are not expected to be material to its overall financial condition, operating results, or cash flows further reinforces the view that its capital allocation strategy is robust. It is maintaining the disciplined practice of monitoring and updating reserves as legal matters evolve, which reflects strong risk management and financial foresight, thereby preserving capital against uncertain liabilities while continuing to support strategic investments.","9",""
"133","a52d7320","Legal challenges in risk management for DLR.","I cannot find sufficient information in the provided documents to answer this question.","The provided reference only mentions that as of December 31, 2023, Digital Realty Trust, Inc. was not involved in any legal proceedings that would materially affect its financial position. There is no detailed information regarding what risk management strategies, if any, they employ to mitigate potential future legal challenges. Without additional data on the company's risk management policies or strategies, it is not possible to answer the question.","10",""
"137","38aeac1d","Impact on margins from shipping fee cost acct for LULU.","Shipping fees billed to customers are recorded as revenue, while shipping costs are recognized within selling, general and administrative expenses in the same period the related revenue is recognized. This accounting treatment means shipping costs are not included in cost of goods sold and therefore do not directly impact gross margin. Instead, these costs affect operating margin through higher selling, general, and administrative expenses.","The reference indicates that shipping fees billed to customers are recorded as revenue, while the corresponding shipping costs are recognized as part of selling, general and administrative expenses in the same period. This accounting treatment impacts evaluations of profitability and operating margin in a couple of ways. First, because shipping fees are added to revenue, they can boost the top line; however, if the related shipping costs are high, they will increase expenses, thereby reducing overall profitability. Second, when calculating operating margin (which is based on operating income), these shipping costs, being included within SG&A, directly reduce the operating profit. Analysts therefore need to assess the net effect of shipping fees and costs to understand how efficient the company is in managing its delivery and logistics expenses relative to the additional revenue they generate. This dual treatment ensures that both the income generated from shipping fees and the cost incurred to deliver products are captured in the profitability analysis, providing a more nuanced view of the company's operational efficiency.","8",""
"121","53eedf70","Litigation risk analysis for LVS & impact on cash flow.","Las Vegas Sands Corp. (LVS) is involved in various litigation matters arising in the normal course of business. Management, in consultation with legal counsel, makes estimates for potential litigation costs, but actual results could differ from these estimates. Overall, management believes that such litigation and claims will not have a material effect on the company's financial condition, results of operations, or cash flows. One notable case is Asian American Entertainment Corporation, Limited (AAEC) v. Venetian Macau Limited, et al., where AAEC originally filed a claim for approximately $373 million, later increasing the claim to over $7 billion. However, the Macao First Instance Court entered judgment for the U.S. Defendants in April 2022 and found that the plaintiff litigated certain aspects in bad faith. The plaintiff appealed, and the appeal remains pending with the Macao Second Instance Court. As of now, management states that it is unable to determine the probability of the outcome of this matter or the range of reasonably possible loss, if any, but intends to defend the matter vigorously. Based on the proceedings to date, there is currently no indication that the ongoing litigation, including the AAEC case, will have a material effect on LVS's financial condition, results of operations, or cash flows. However, as some matters remain unresolved and their outcomes uncertain, there is some inherent litigation risk that could potentially impact cash flow, but management does not currently expect a material impact.","The provided litigation details, notably the Asian American Entertainment Corporation claim along with its subsequent appeals, signal several key risk factors that have the potential to influence the company's overall risk profile and its cash flow projections. First, the litigation is complex, involves multiple jurisdictions, and is characterized by a series of appeals and motions. This increases uncertainty from both a legal and financial perspective. Management's inability to estimate the probability or range of potential loss further underscores the risk. This ongoing uncertainty can make it difficult to forecast future cash flows accurately, as any significant judgment or unexpected adverse ruling could lead to unanticipated cash outflows - for example, increased legal expenses, potential settlements, or judgments that might require large cash payments.\n\nAdditionally, even though management has stated that they believe these litigation matters will not have a material effect on its financial condition, the multiple pending actions and appeals can be viewed by investors as increasing the overall risk profile. In terms of cash flow projections, the need to allocate resources into defending these claims may result in either a diversion of cash from other productive investments or the creation of reserves, thereby reducing the available free cash flow. The mere uncertainty can also widen the range of possible cash flow outcomes in future forecasts, reflecting higher risk premiums in valuation models.\n\nIn summary, the ongoing litigation makes the company's risk profile more uncertain. While management's current assessments suggest that the impact may not be material, embedded uncertainties could result in less predictable cash flows, with potential for increased legal expenses and adverse judgments that, if realized, could impair future cash generation.","8",""
"142","24e0d0ce","The impact of competitive factors (DHR) on FP and risk varies across segments.","I cannot find sufficient information in the provided documents to answer this question.","The provided narrative offers sufficient qualitative detail to address the question. Key competitive factors such as price, quality, innovation, and service are portrayed as central to the way Danaher Corporation (and its segments) create value and manage risk. In essence:\n\n1. Price: Competitive pricing strategies directly influence market share. Under pressure from both well-established competitors and new entrants, pricing can exert downward pressure on profit margins. However, competitive pricing can also be a tool to maintain volume and revenue, provided cost structures are managed effectively.\n\n2. Quality: High-quality products and services support brand reputation and customer loyalty. This helps shield segments against intense competition and price wars, allowing the company to maintain premium pricing and secure higher margins. Quality performance is particularly important in segments where safety and reliability are critical.\n\n3. Innovation: Investment in innovative technologies and processes not only differentiates the company's offerings but also positions it ahead of competitors, especially in markets where technological leadership is key. Innovation sustains long-term growth by enabling the company to capture emerging market opportunities and fend off competitors who might otherwise disrupt established segments.\n\n4. Service: Robust customer support and after-sales service enhance customer retention and satisfaction. This comprehensive service offering builds a competitive moat that reinforces market position and contributes positively to the company's risk profile, as satisfied customers are less likely to switch to lower-cost competitors.\n\nAcross different segments, the interplay of these factors determines how resilient a segment is to aggressive competitive pressures. While a focus on quality and innovation may allow a segment to command higher margins and secure a leadership position, intense competition--particularly from low-cost players--can elevate risk and compress profitability if price becomes the dominant competitive lever. Thus, the balance and emphasis on each factor are key to understanding both the profitability and the risk profile across the company's diverse markets.","1",""
"139","bd626d7c","Triggers for UBER share repurchase initiatives.","The triggers for Uber's share repurchase initiatives include factors such as price, general business and market conditions, and alternate uses of capital. The timing, manner, price, and amount of any repurchases are determined at the discretion of management, depending on market conditions and other relevant considerations.","The provided data indicates that the decision to commence or suspend the share repurchase program is at the discretion of management and is based on ""market conditions and other factors."" However, it does not specify exactly which conditions or factors are considered. In general, though not directly stated in the reference, management could be looking at several elements when deciding on the program's timing, such as:\n\n1. Market Valuations: If Uber's stock is perceived to be undervalued, management might see a repurchase as a good use of capital to boost shareholder value. Conversely, if the stock is overvalued, the program might be postponed.\n\n2. Market Volatility: High volatility or uncertainty in the market could lead management to delay repurchase activities as conditions may not be favorable for locking in share prices.\n\n3. Liquidity and Capital Allocation: The availability of cash and competing demands for capital could influence the decision. For example, if there are better uses of capital in terms of growth opportunities or debt reduction, the share repurchase program might be suspended.\n\n4. Overall Economic Conditions: Broader economic factors, including interest rates, economic outlook, and investor sentiment, may also play a role.\n\nIn summary, while the reference does not provide specific market conditions or factors, it implies that management will assess an array of economic and company-specific metrics before undertaking or halting repurchases.","8",""
"141","08999a5a","Repurchases, dividends, or debt repayment for capital allocation, INCY?","Incyte (INCY) has never declared or paid dividends on its capital stock and does not anticipate paying any dividends in the foreseeable future. The provided documents do not mention any share repurchase programs or debt repayment as part of Incyte's capital allocation strategy. Therefore, Incyte does not currently allocate capital to repurchases, dividends, or debt repayment. Their focus, as described, is on investing in the discovery, development, and commercialization of therapeutics. I cannot find sufficient information in the provided documents to answer this question regarding repurchases or debt repayment. However, it is clear that dividends are not part of their capital allocation.","The required financial data is not provided in the given references. Without access to Incyte Corporation's detailed financial statements including breakdowns of capital allocation toward share repurchases, dividends, and debt repayments for the period in question, we cannot perform the necessary comparisons or calculations. To answer this question, specific information from the company's financial statements such as the cash flow statement, balance sheet, and notes on share repurchases, dividend payouts, and debt repayments would be required.","8",""
"144","06c09d44","YoY change in DTE Energy EPS vs op & net income, ticker DTE.","For DTE Energy (ticker: DTE), the year-over-year (YoY) changes in earnings per share (EPS), operating income, and net income for the years 2021, 2022, and 2023 are as follows: Earnings Per Share (EPS) - Diluted (from continuing operations): - 2021: $4.10 - 2022: $5.52 - 2023: $6.76 YoY Change: - 2021 to 2022: Increase of $1.42 per share (+34.6%) - 2022 to 2023: Increase of $1.24 per share (+22.5%) Operating Income: - 2021: $1,495 million - 2022: $1,748 million - 2023: $2,243 million YoY Change: - 2021 to 2022: Increase of $253 million (+16.9%) - 2022 to 2023: Increase of $495 million (+28.3%) Net Income Attributable to DTE Energy Company (from continuing operations): - 2021: $796 million - 2022: $1,083 million - 2023: $1,397 million YoY Change: - 2021 to 2022: Increase of $287 million (+36.1%) - 2022 to 2023: Increase of $314 million (+29.0%) Summary: - EPS, operating income, and net income all increased substantially year-over-year for both 2022 and 2023. - The rate of increase in net income was slightly higher than the increase in EPS in both periods, while operating income showed robust growth, especially from 2022 to 2023. (Source: Chunks 2, 3, 4, 6)","To calculate the year‐over‐year percentage change in basic EPS from continuing operations, we use the figures provided:\n\n- Basic EPS (continuing operations) in 2022 = $5.53\n- Basic EPS (continuing operations) in 2023 = $6.77\n\nPercentage change = [(6.77 - 5.53) / 5.53] x 100 ≈ (1.24 / 5.53) x 100 ≈ 22.4%\n\nNext, let's compare this to the changes in operating income and net income:\n\n- Operating Income in 2022 = $1,748 million; in 2023 = $2,243 million\n  - Increase = $2,243 - $1,748 = $495 million\n  - Percentage change = (495 / 1,748) x 100 ≈ 28.3%\n\n- Net Income from Continuing Operations in 2022 = $1,083 million; in 2023 = $1,397 million\n  - Increase = $1,397 - $1,083 = $314 million\n  - Percentage change = (314 / 1,083) x 100 ≈ 29.0%\n\nThe EPS growth of approximately 22.4% is somewhat lower than both the operating income increase (~28.3%) and the net income increase (~29.0%). One likely factor contributing to this difference is the change in the weighted average number of common shares outstanding, which increased from 195 million in 2022 to 206 million in 2023 (an approximate increase of 5.6%). As earnings are spread over a greater number of shares, the EPS increase can be dampened even when overall earnings (both operating and net) increase at a higher rate. This relationship highlights how share count dynamics play a role in translating higher overall profitability into per-share metrics.","9",""
"140","7188513d","Cash strategy for HST & refinancing of 2024 senior notes.","Host Hotels & Resorts (HST) maintains a cash strategy focused on balancing liquidity, debt, and equity to ensure financial flexibility, particularly given the volatility of the lodging industry. Their priorities for cash use include funding acquisitions, capital expenditures, debt payments, operating costs, corporate expenses, dividends, and share repurchases. Primary sources of cash are operations, asset sales, borrowings under their credit facility, and debt and equity issuances. In 2023, they generated significant cash from operations ($1,441 million) and ended the year with $1,144 million in cash and cash equivalents. Regarding the $400 million of senior notes maturing in April 2024, HST believes they have sufficient liquidity to repay these notes at maturity using available cash. Alternatively, they have the option to refinance the notes through access to capital markets, subject to market conditions and interest rate environment at the time. Historically, HST has refinanced long-term debt prior to maturity by issuing new senior notes or entering into new credit facility agreements, and they intend to follow a similar approach if favorable. In summary, HST's cash strategy emphasizes maintaining strong liquidity and flexibility, with the ability to either repay or refinance the 2024 senior notes based on prevailing market conditions and their cash requirements.","The company has outlined a dual approach to managing its immediate cash needs--particularly regarding the $400 million senior notes due in April 2024. Firstly, they believe they have sufficient liquidity in hand to repay the notes at maturity. This liquidity is generated from several sources, including cash flows from operations, proceeds from the sale of assets, borrowings under their credit facility, and proceeds from debt and equity issuances.\n\nSecondly, if market conditions are not favorable or if additional cash is needed, the company has a history of refinancing such obligations. They typically refinance these amounts before maturity through the issuance of new senior notes or the formation of new credit facility agreements. Their recent amendment to the credit facility, effective January 4, 2023, which extended the maturity date, is an example of their proactive approach to managing refinancing risk. Thus, if market conditions make it challenging to refinance the April 2024 notes with new senior notes, they can rely on available cash or alternative financing arrangements to meet their obligations.","10",""
"143","7fdb1fc6","ACGL net premiums CAGR vs total rev growth 2021-23.","Between 2021 and 2023, Arch Capital Group Ltd. (ACGL) reported the following: - Net premiums earned: - 2021: $8,082 million - 2022: $9,679 million - 2023: $12,440 million - Total revenues: - 2021: $9,248 million - 2022: $9,613 million - 2023: $13,634 million To calculate the compound annual growth rate (CAGR) for both metrics over the two-year period (2021-2023): CAGR formula: CAGR = (Ending Value / Beginning Value)^(1/Number of Years) - 1 Net premiums earned CAGR: = ($12,440 / $8,082)^(1/2) - 1 = (1.539)^(0.5) - 1 ≈ 1.24 - 1 ≈ 0.24 or 24% Total revenues CAGR: = ($13,634 / $9,248)^(1/2) - 1 = (1.474)^(0.5) - 1 ≈ 1.214 - 1 ≈ 0.214 or 21.4% **Summary:** - Net premiums earned CAGR (2021-2023): **~24%** - Total revenues CAGR (2021-2023): **~21.4%**","To calculate the compounded annual growth rate (CAGR), we use the formula:\n\n  CAGR = (Ending Value / Beginning Value)^(1/number of years) - 1\n\nFor Net Premiums Earned:\n- 2021 value = $8,082 million\n- 2023 value = $12,440 million\n- Time period = 2 years\n\nCAGR = (12,440 / 8,082)^(1/2) - 1 ≈ (1.539)^(0.5) - 1 ≈ 1.2406 - 1 ≈ 0.2406, or roughly 24.1%\n\nFor Total Revenues:\n- 2021 value = $9,248 million\n- 2023 value = $13,634 million\n- Time period = 2 years\n\nCAGR = (13,634 / 9,248)^(1/2) - 1 ≈ (1.475)^(0.5) - 1 ≈ 1.2145 - 1 ≈ 0.2145, or roughly 21.5%\n\nComparison:\nNet premiums earned grew at an approximate CAGR of 24.1% from 2021 through 2023, which is slightly higher than the overall total revenues CAGR of roughly 21.5% over the same period.","10",""
"145","f7208e9f","Breakdown of Assurant board & exec roles, ticker in the mid-sentence.","Assurant, Inc. (ticker: AIZ) provides the following breakdown of its board and executive roles as of the most recent disclosures: - Women comprise 31% of the Board, and 11% of the Assurant Management Committee. - Racially or ethnically diverse individuals represent 31% of the Board and 22% of the Assurant Management Committee. - Four of the Company's diverse directors hold Board Chair and committee chair roles. - As of January 1, 2024, following an expansion of the Management Committee to support global growth, women now comprise 17% of the executive leadership team, and 25% identify as racially or ethnically diverse. - In the U.S., 54% of the workforce is racially or ethnically diverse, and 45% at the managerial levels. - Key executive roles include the Chief Operating Officer (with direct oversight of DE&I strategy), the Chief Executive Officer, and the Chief People Officer, with the Board's Compensation and Talent Committee overseeing significant human capital programs. - Recent executive appointments include Keith Meier as Chief Financial Officer and Francesca Luthi as Chief Operating Officer. This demonstrates Assurant's focus on diversity and inclusion at both the Board and executive levels, with ongoing efforts to expand diverse representation. The company's ticker symbol is AIZ.","Based on the provided data, there are a total of 13 board members and 3 executive officers. The executive officers are:\n\n1. Keith W. Demmings - President, Chief Executive Officer and Director (serving as the Principal Executive Officer and also appears as a board member)\n2. Keith R. Meier - Executive Vice President and Chief Financial Officer (the Principal Financial Officer)\n3. Dimitry DiRienzo - Senior Vice President, Chief Accounting Officer and Controller (the Principal Accounting Officer)\n\nAmong the board members, Keith W. Demmings is the only executive (as his title indicates he serves both as CEO and as a board member) and the remaining 12 board members are non‐executive. The non‐executive board members include:\n\n- Elaine D. Rosen - Non-Executive Board Chair\n- Paget L. Alves\n- Rajiv Basu\n- J. Braxton Carter\n- Juan N. Cento\n- Harriet Edelman\n- Sari Granat\n- Lawrence V. Jackson\n- Debra J. Perry\n- Ognjen Redzic\n- Paul J. Reilly\n- Robert W. Stein\n\nThus, the breakdown is 13 board members (with 1 executive and 12 non-executive roles) and 3 executive officers in total.","3",""
"146","0ed7397a","Impact of Marathon Oil's DEI & talent mgmt on risk mitigation & sustainable execution, MRO.","Marathon Oil's approach to Diversity, Equity, and Inclusion (DEI) and talent management directly supports risk mitigation and sustainable execution in several ways: 1. Workforce Reflective of Operational Areas: Through intentional nationalization efforts, such as having 94% Equatoguinean workforce in MEGPL, and striving for a workforce reflective of the areas in which it operates, Marathon Oil reduces risks related to local compliance, community relations, and talent shortages (Chunks 1, 2). 2. Inclusive Culture and DEI Training: The company fosters an inclusive culture by offering DEI training, supporting Employee Resource Groups (ERGs), and making diversity and inclusive best practices available to all employees. These initiatives help cultivate a collaborative environment, reduce the risk of discrimination claims, and increase employee engagement and retention (Chunks 1, 2). 3. Proactive Talent Risk Analysis: Marathon Oil conducts annual risk analyses as part of its Enterprise Risk Management process, taking a multi-year view of potential talent risks. This proactive approach ensures preparedness for macro-environment changes and talent demands, thereby mitigating risks associated with workforce capability gaps or turnover (Chunks 1, 4). 4. Leadership Oversight and Accountability: Talent management policies and programs are overseen by the Vice President of Human Resources, who reports to the CEO and reviews talent data with the Executive Committee. The Board of Directors provides oversight, especially for enterprise risks like employee engagement, DEI, and succession, ensuring accountability and alignment with strategic objectives (Chunks 3, 9). 5. Flexibility and Total Rewards: Offering flexible work programs and comprehensive benefit packages supports work-life balance and well-being, increasing employee satisfaction and retention, which mitigates risks from high turnover or disengagement (Chunks 1, 4, 15). 6. Safe and Ethical Work Environment: Emphasizing a safe, clean, and ethical environment, with embedded Health, Environment, and Safety (HES) values, helps reduce operational and reputational risks, supporting sustainable execution (Chunk 3). By integrating DEI and talent management with risk analysis, leadership accountability, and employee support programs, Marathon Oil not only mitigates human capital and operational risks but also ensures the sustainability and resilience of its business execution.","Marathon Oil's 2023 report outlines several key initiatives that contribute to operational resilience and risk management. The company has strategically managed its workforce composition by maintaining a significant U.S. presence (74% of full-time employees) while also ensuring local integration in regions like Equatorial Guinea (with 94% of the MEGPL workforce being Equatoguinean). Additionally, the acquisition of Ensign and associated integration of experienced personnel strengthen their team structure. The company's emphasis on long-tenured employees (with an average of 8 years and 32% having 10 or more years of experience in the U.S.) combined with comprehensive DEI training and mental wellness programs helps in fostering a collaborative work culture. This proactive approach, reinforced by an annual risk analysis aligned with their Enterprise Risk Management process, aims to improve efficiency, mitigate talent risks, and ultimately support sustainable long-term performance.","9",""
"148","6bafaeb5","Risk mgmt for incremental share repurchase SYF.","Synchrony Financial's incremental share repurchase activities are subject to a number of risk management considerations and regulatory constraints: 1. Regulatory Oversight and Approval: Share repurchases are subject to market conditions, legal and regulatory restrictions, and required approvals. Synchrony must inform and consult with the Federal Reserve Board in advance to ensure that repurchases do not raise supervisory concerns, and the Board may object if such actions are deemed unsafe or unsound (Chunks 1, 4, 6, 8, 9). 2. Capital and Liquidity Requirements: The company's ability to repurchase shares depends on meeting applicable Basel III capital ratio requirements. If Synchrony does not achieve or maintain these ratios, its ability to repurchase shares could be restricted. The Federal Reserve Board evaluates capital actions, considering factors such as potential asset deterioration, need to increase reserves, and ability to replace repurchased equity with new capital if needed (Chunks 1, 6, 8, 11). 3. Increased Regulatory Scrutiny: As of March 31, 2023, Synchrony exceeded $100 billion in average total consolidated assets, triggering enhanced prudential standards, biennial supervisory stress tests, formal capital plan submissions, and the potential for a stress capital buffer. These could result in additional restrictions on capital distributions, including share repurchases (Chunks 4, 6, 11, 13, 14). 4. Discretion of the Board of Directors: The declaration and amount of future share repurchases remain at the discretion of the Board, and are dependent on Synchrony's financial condition, earnings, capital and liquidity position, and other relevant factors (Chunks 7, 9, 10). 5. Remaining Authorization and Program Limits: As of December 31, 2023, Synchrony had $600 million remaining under its April 2023 incremental share repurchase program, which is authorized through June 2024 and is always subject to the above regulatory and market conditions (Chunks 1, 2, 3, 5, 10). In summary, risk management for Synchrony's incremental share repurchase program involves ongoing compliance with regulatory capital and liquidity requirements, advance consultation with regulators, internal review by the Board of Directors, and adaptation to evolving regulatory standards for large financial institutions. Failure to meet these requirements or regulatory objections could limit or prevent further share repurchases.","The provided data indicates that several market conditions and risks could impact the execution of the incremental share repurchase program. Specifically, the repurchase activities are subject to market fluctuations that could affect the timing and pricing of share purchases, as well as legal and regulatory restrictions. For example, adverse market volatility, regulatory changes, or delays in obtaining necessary approvals may hinder the execution of repurchases at the desired cost or scale. To manage these risks, the Board of Directors has structured the program with built-in flexibility - approving an incremental repurchase capacity of up to $1.0 billion (with remaining authorized capacity noted) through June 2024. This approach not only acknowledges the sensitivity of repurchases to market conditions but also allows the Board to adjust its execution strategy based on actual market dynamics and legal/regulatory constraints. In doing so, they aim to balance the repurchase initiative with the maintenance of overall financial health and liquidity, ensuring that repurchase activities do not compromise the company's financial stability.","9",""
"147","de3d67a5","CAG's diluted shares, net income, and correlation with earnings growth from 2022-2024 in regard to cap structure.","From fiscal years 2022 to 2024, Conagra Brands, Inc. (CAG) reported the following for diluted shares and net income attributable to common stockholders: - **2022:** - Diluted weighted average shares outstanding: 482.2 million - Net income: $888.2 million - Diluted earnings per share: $1.84 - **2023:** - Diluted weighted average shares outstanding: 480.7 million - Net income: $683.6 million - Diluted earnings per share: $1.42 - **2024:** - Diluted weighted average shares outstanding: 480.0 million - Net income: $347.2 million - Diluted earnings per share: $0.72 **Correlation and Capital Structure Impact:** - The diluted share count decreased slightly over the period, from 482.2 million (2022) to 480.0 million (2024). This minor reduction reflects some share repurchases (e.g., 4.2 million shares repurchased in 2023 and 1.5 million in 2022), but the overall effect on share count was modest. - Net income declined significantly: from $888.2 million (2022) to $683.6 million (2023), and then to $347.2 million (2024). - Earnings per share (EPS), both basic and diluted, followed this downward trend, primarily due to the sharp drop in net income rather than changes in share count. - The capital structure, in terms of equity and treasury stock, showed that treasury stock increased (reducing outstanding shares), but this was not enough to offset the much larger decline in net income. **Conclusion:** While CAG's capital structure included some share repurchases that slightly reduced the diluted share count, the dominant driver of EPS changes from 2022 to 2024 was the decline in net income. The modest reduction in shares outstanding had a negligible positive effect on EPS, but it could not counteract the substantial drop in earnings, resulting in lower earnings growth over the period.","Over the three-year period, the diluted weighted average shares outstanding for Conagra Brands, Inc. have remained nearly constant (482.2 million in 2022, 480.7 million in 2023, and 480.0 million in 2024), while net income experienced a substantial decline (from $888.2 million in 2022 to $347.2 million in 2024). This lack of significant change in the share count indicates that the decline in earnings per share is driven by deteriorating net income rather than any dilutive or anti‐dilutive effects related to the company's capital structure. In other words, the operating performance and profitability are the primary drivers behind the declining earnings, not changes in the number of shares outstanding. Moreover, the stability in diluted shares suggests that the company's approach to its capital structure (such as the levels of share repurchases or issuance of dilutive instruments) has been relatively consistent over the period, thereby isolating the impact of business performance on net income. This provides an important insight: investors should focus on the underlying factors causing the decline in net income (such as operational challenges or market dynamics) since changes in capital structure (as reflected by diluted share counts) are not a significant contributing factor.","10",""
"149","e37688c5","TROW revenue comp. trend stability 2021-2023.","From 2021 to 2023, T. Rowe Price's revenue and compensation trends have exhibited both declines and relative stability: - Revenues: - 2021: $7,671.9 million - 2022: $6,488.4 million - 2023: $6,460.5 million Revenue decreased significantly from 2021 to 2022 (a drop of about $1.18 billion), then remained relatively stable from 2022 to 2023 with only a slight decrease. - Compensation and Related Costs: - 2021: $2,383.0 million - 2022: $2,320.8 million - 2023: $2,673.5 million Compensation costs dipped slightly in 2022 compared to 2021, then increased notably in 2023, surpassing both prior years. In summary, T. Rowe Price experienced a sharp revenue decline in 2022, followed by stabilization in 2023. Compensation costs were fairly stable between 2021 and 2022 but rose in 2023.","The provided financial statement data allows us to analyze the trends in net revenues and their components over 2021 to 2023. Key observations include:\n\n1. **Net Revenues:** \n   - 2021: $7,671.9 million\n   - 2022: $6,488.4 million\n   - 2023: $6,460.5 million\n   Net revenues have decreased substantially from 2021 to 2022, and then remained relatively flat into 2023.\n\n2. **Investment Advisory Fees:**\n   - 2021: $7,098.1 million\n   - 2022: $5,969.1 million\n   - 2023: $5,747.7 million\n   Investment advisory fees, which form the largest portion of revenues, declined steadily. This drop is a leading factor in the overall net revenue contraction, indicating potential challenges in fee-based income volumes or client asset levels.\n\n3. **Capital Allocation-Based Income:**\n   - 2021: Not reported (or essentially zero as there is a dash)\n   - 2022: -$54.3 million (a negative value)\n   - 2023: $161.9 million\n   This element shows significant variability - swinging from a negative figure in 2022 to a positive number in 2023. The volatility in this component suggests that results from capital allocation decisions (or related performance adjustments) are less predictable and may cause swings in overall revenue if not managed carefully.\n\n4. **Administrative, Distribution, and Servicing Fees:**\n   - 2021: $573.8 million\n   - 2022: $573.6 million\n   - 2023: $550.9 million\n   This fee stream is relatively stable over the period, showing only a slight decrease. It appears to be a more consistent revenue source compared to the investment advisory fees and capital allocation-based income.\n\n**Insights on Revenue Stability:**\n   - The overall decline in net revenues is predominantly driven by the decrease in investment advisory fees, suggesting potential headwinds such as reduced asset levels under management or pricing adjustments. This trend calls for closer scrutiny of factors affecting core fee income.\n   - The variability in capital allocation-based income (from negative to positive) contributes an element of uncertainty to net revenues, though its relative size compared to advisory fees is smaller. \n   - The stability in administrative, distribution, and servicing fees provides some revenue consistency; however, since it represents a smaller portion of total income, it may not fully offset the volatility in the other components.\n\nIn summary, the data suggests that while some components of the revenue remain stable, the dependence on investment advisory fees and the fluctuation in capital allocation-based income underlines the need for careful monitoring of revenue sources to ensure long‐term stability.","6",""
"150","f5fdadad","Liquidity impact from McKesson's off-balance sheet obligations.","McKesson's off-balance sheet obligations include commitments such as purchase obligations, interest on borrowings, and certain guarantees (e.g., standby letters of credit and surety bonds). As of March 31, 2024, purchase obligations totaled $7,305 million (with nearly all due within one year), and interest on borrowings was $1,171 million. The company also has agreements guaranteeing the repurchase of customers' inventory or debt if those customers cannot meet their obligations, though the value of these guarantees is not specified in the provided context. Despite these off-balance sheet obligations, McKesson states that its available cash from operations, investment portfolio, and access to credit facilities (including a $4.0 billion revolving credit facility) are sufficient to fund both its short-term and long-term cash requirements, including these commitments. McKesson remains adequately capitalized and in compliance with all debt covenants at March 31, 2024. The company believes its operating cash flow, assets, and access to capital markets will allow it to meet future financing needs, although it acknowledges that increased volatility or disruptions in global capital and credit markets could impact liquidity or borrowing costs. In summary, while McKesson has significant off-balance sheet obligations, these are not expected to have a material adverse impact on its liquidity given its current financial position and available resources.","The data shows that off‐balance sheet purchase obligations total $7,305 million, with nearly all ($7,297 million) due within one year. This indicates that while these obligations are not recorded as traditional debt on the balance sheet, they represent significant short-term cash commitments. In terms of short-term liquidity and working capital management, the following points are key:\n\n1. Short-Term Cash Outflow: With $7,297 million due within one year, the company must ensure that its operating cash flows, short-term borrowing facilities, or other liquid assets are sufficient to cover these obligations when they fall due. Failure to do so could strain liquidity, potentially forcing the company to liquidate assets or take on additional debt at unfavorable terms.\n\n2. Working Capital Planning: Although purchase obligations are part of normal operational commitments--such as buying inventory and services--they still require funding. The company must effectively integrate these outflows into its working capital cycle. This might involve negotiating favorable payment terms with vendors or ensuring that receivables and inventory turnover are managed efficiently to free up cash.\n\n3. Off-Balance Sheet Nature and Risk Management: Since these obligations are off-balance sheet, they do not immediately impact standard liquidity ratios calculated on the balance sheet. However, they are real commitments that will require cash. Therefore, liquidity risk assessments and working capital forecasts need to factor in these off-balance sheet items. \n\nOverall, the large short-term purchase obligation emphasizes the need for robust cash flow forecasting and working capital management. The company must maintain sufficient liquidity buffers and possibly secure committed credit lines to manage these near-term commitments without disrupting other operational needs.","8",""
"151","5f0fab9c","Q4 2023 DTE repurchase monthly breakdown.","In the fourth quarter of 2023, DTE Energy repurchased the following number of shares each month: - October 2023: 1,125 shares at an average price of $101.71 per share - November 2023: 851 shares at an average price of $109.23 per share - December 2023: 759 shares at an average price of $113.15 per share These share repurchases primarily represent shares withheld to satisfy income tax obligations upon the vesting of restricted stock (Chunk 3).","Yes, DTE Energy Company executed share repurchase transactions in the quarter ended December 31, 2023. According to the reference data:\n- In October 2023, 1,125 shares were purchased.\n- In November 2023, 851 shares were purchased.\n- In December 2023, 759 shares were purchased.\n\nThese numbers represent the shares purchased as part of a program that primarily involves shares withheld to satisfy income tax obligations upon the vesting of restricted stock.","10",""
"154","aaa2a2aa","Catherine R. Clay's role transition in innovation derivatives at Cboe Global Markets Inc. (CBOE) showcases its competitiveness.","Catherine R. Clay was appointed as Executive Vice President, Global Head of Derivatives at Cboe Global Markets Inc. in October 2023. Previously, she served as Executive Vice President, Global Head of Data and Access Solutions from March 2021 to October 2023, and before that, as Senior Vice President, Global Head of Information Solutions at Cboe Exchange, Inc. Her transition to lead the derivatives segment highlights Cboe's commitment to innovation and maintaining its competitive edge in derivatives markets. The context emphasizes that Cboe operates in an intensely competitive environment, where technological innovation, product development, and leadership transitions are critical to sustaining market share and financial performance. Clay's appointment, following her significant experience in information solutions and business development, demonstrates Cboe's strategy of leveraging strong leadership and expertise to drive innovation in its derivatives business, which is central to its global competitiveness.","Catherine R. Clay's career progression reflects a strategic emphasis on innovation and leveraging advanced technology to maintain a competitive edge in the derivatives market. By transitioning from the role of Global Head of Data and Access Solutions--where she honed skills in leveraging data-driven insights and optimizing access to information--to her current position as Global Head of Derivatives, the company signals a commitment to integrating sophisticated technological and data capabilities into its derivatives products. This move suggests that the company values a deep understanding of data and technology as key drivers for developing innovative derivative instruments, improving risk management, and enhancing execution strategies. In essence, her background indicates that the firm is positioning itself to capitalize on emerging trends in market data analytics and digital transformation, thereby reinforcing its competitive positioning in the derivatives space.","9",""
"152","be713b4a","AAL's cybersecurity integration into ERM, ticker AAL, and its impact on ops/financial stability.","American Airlines Group Inc. (AAG, ticker: AAL) incorporates cybersecurity risk management into its broader Enterprise Risk Management (ERM) process. Evolving cybersecurity and data privacy requirements are recognized as key operational risks that can increase costs, disrupt operations, harm the company's reputation, expose it to legal risks, and potentially have a material adverse effect on its business, results of operations, and financial condition. Any significant cybersecurity or data privacy incident could lead to compliance costs, regulatory enforcement, lawsuits, loss of customers, and reputational harm, all of which could negatively impact operational and financial stability (Chunk 3, Chunk 15).","The provided disclosure describes how the company integrates its cybersecurity risk management framework with the broader enterprise risk management processes. Specifically, the company incorporates its cybersecurity risk management program into the overall risk management system by utilizing shared reporting channels, common governance processes, and unified oversight. The Executive Cybersecurity Risk Group (ECRG), which includes key executives such as the Chief Digital and Information Officer, Chief Financial Officer, and Chief Legal Officer (with support from the Chief Information Security Officer), ensures that cybersecurity risks are managed alongside other types of risks. This integrated approach means that any material cybersecurity risk or incident is promptly reported up the chain and reviewed as part of the company's overall risk posture.\n\nIn terms of operational continuity and financial stability, this integration is critical. By aligning cybersecurity threats with the broader risk landscape, the company is better positioned to detect, respond to, and mitigate incidents, thereby reducing the likelihood of disruptions. Proactive identification and management of cybersecurity risks help minimize operational interruptions and the cascading effects those incidents might have on financial performance. In summary, this integrated framework should serve to maintain robust operational continuity and help mitigate adverse financial impacts in the event of a cybersecurity incident.","6",""
"153","33c70b75","HAS 2023 op perf vs. 2022: non-cash impairments, asset disposals, prod disruptions.","In 2023 compared to 2022, Hess Corporation's operating performance was affected by several non-cash impairments, asset disposals, and production disruptions: Non-cash impairments: - In 2023, Hess recorded $82 million in impairment and other charges, compared to $54 million in 2022. These charges are primarily related to updates to estimated abandonment liabilities and other non-cash items (Chunk 1, Chunk 5, Chunk 6). Asset disposals: - In 2023, there were no significant gains on asset sales (zero reported), while in 2022, the company recognized a pre-tax gain of $76 million ($76 million after-tax) from the sale of its interest in the Waha Concession in Libya (Chunk 1, Chunk 3, Chunk 6). Production disruptions: - The provided documents do not specify major production disruptions in 2023 or 2022. However, the context highlights that production volumes actually increased in 2023, with net production averaging 394,000 boepd in 2023 versus 344,000 boepd in 2022, particularly due to increased activity in North Dakota and Guyana (Chunk 13). In summary: - Non-cash impairments were higher in 2023 than 2022. - Asset disposals contributed to earnings in 2022 but not in 2023. - There is no mention of significant production disruptions impacting 2023 results; instead, production volumes increased year over year.","In 2023 the Entertainment segment's operating performance was significantly worsened compared to 2022 as a direct result of multiple factors. First, large non‐cash impairment charges played a major role. In 2023, there was a goodwill impairment charge of $960.0 million--partially driven by a reduced long-term forecast for PJ MASKS--and an additional goodwill impairment of $231.2 million related to the Film & TV reporting unit. Other non‐cash charges included asset impairment charges (e.g., $65.0 million for the eOne Trademark and a $51.0 million impairment on the PJ MASKS intangible asset) along with $19.4 million in intangible amortization related to the eOne acquisition. Second, the segment recorded a loss on disposal tied to the strategic sale of the eOne Film and TV business, amounting to $539.0 million, which further increased the negative impact on operating performance. Third, production disruptions from industry strikes (notably by the Writers Guild of America and SAG-AFTRA) led to lower entertainment productions and delayed or cancelled programming. This disrupted the timing and volume of new releases, contributing to a 31% decline in segment net revenues in 2023 compared to 2022. Overall, these non-cash charges, asset disposals, and production delays resulted in a dramatic deterioration in the Entertainment segment's operating results--shifting from a modest operating profit in 2022 (operating profit of $22.7 million or 2.4% of net revenues) to a substantial operating loss of approximately $1.9 billion in 2023.","1",""
"155","56d5c493","One-time adjustments to NI are common, impacting future earnings quality & valuation for ticker.","One-time adjustments to net income (NI) are indeed common and can significantly impact assessments of future earnings quality and company valuation. Many companies report ""adjusted net income"" or similar non-GAAP financial measures that exclude items such as: - Nonrecurring or unusual items (e.g., restructuring charges, impairment charges, gains/losses on asset sales, costs from specific events like fires or contract settlements) - Non-cash items (e.g., amortization of acquired intangibles, stock-based compensation) - Certain tax adjustments or discrete tax benefits/expenses - Foreign exchange gains/losses, especially those related to unrealized or intercompany transactions These adjustments are made to provide investors with what management considers a more accurate view of the company's core, ongoing operating performance. However, it's important to note that while these adjusted figures can enhance comparability between periods, they should not be assumed to predict that future results will be unaffected by similar items. For example: - CTLT adjusts net income for items such as goodwill impairment charges, restructuring costs, and acquisition-related expenses to arrive at Adjusted Net Income (Chunks 2 and 9). - GEHC, PAYX, NEE, BLK, ADM, and others also exclude nonrecurring, non-cash, or infrequent items to present adjusted earnings measures (Chunks 1, 6, 7, 8, 16). While these adjusted numbers can help in analyzing underlying trends, heavy reliance on such adjustments may obscure the true economic performance and risk profile of a business. Frequent or large one-time adjustments can indicate potential quality-of-earnings issues, affecting investor confidence and valuation multiples. In summary, one-time adjustments to net income are widespread and play a key role in earnings quality assessments and valuation analysis. Investors should carefully review both GAAP and adjusted figures, understanding the nature and recurrence of the excluded items to make informed decisions.","The provided financial data allow us to identify and quantify the impact of one‐time adjustments on earnings available to common shareholders. For example, in the reconciliation section of the Consolidated Statements of Income, Corning's 2021 data show an ""Excess consideration paid for redemption of preferred stock"" of $803 million. This one‐time expense (coupled with a Series A convertible preferred stock dividend of $24 million) reduced the net income attributable to Corning Incorporated of $1,906 million down to a net income available to common shareholders of $1,079 million. In other words, without these nonrecurring adjustments, the earnings figure would have been substantially higher.\n\nImplications for future earnings quality and valuation include:\n\n1. Earnings Normalization: Investors analyzing Corning's earnings must consider that such large adjustments are non‐recurring. Normalizing earnings by excluding one‐time items like the $803 million charge provides a clearer picture of the company's sustainable operating performance.\n\n2. Valuation Approaches: If future periods do not include similar charges, the normalized earning levels are expected to improve, which can lead to higher valuation multiples when analysts recalibrate price/earnings ratios based on recurring earnings rather than reported income. However, caution is needed because these adjustments can make year-to-year comparisons less straightforward if one period carries significant one‐time charges.\n\n3. Earnings Quality: The presence of one-time adjustments highlights the importance of understanding the composition of reported earnings. Quality earnings analysis would exclude these items to assess whether future earnings are driven by sustainable operational performance rather than by irregular, nonrecurring events.\n\nIn summary, the one-time excess consideration paid for preferred stock redemption significantly reduced the reported net income available to common shareholders. Analysts should adjust for these items in future performance evaluations to avoid misinterpretation of the underlying earnings quality, which is critical for accurate valuation and investment decision-making.","5",""
"156","5171593a","The impact of RL cybersecurity risk mgt on financials, particularly for the ticker, shows a significant correlation.","I cannot find sufficient information in the provided documents to answer this question.","The provided description of the cybersecurity risk management program gives sufficient insight into the controls and practices employed, making it possible to answer how these measures help mitigate financial risks. By implementing a robust cybersecurity framework that includes network segmentation, security monitoring, regular internal and external audits, and incident response planning, Ralph Lauren Corporation is effectively reducing the probability and financial impact of potential cyber incidents. This integrated approach minimizes the risk of costly breaches, business interruptions, and regulatory fines. For instance:\n\n1. **Network Segmentation & Security Monitoring**: These practices limit the spread of an intrusion if one segment is compromised, thereby reducing incident costs and potential downtime that can adversely affect operational efficiency.\n\n2. **Regular Audits and Vulnerability Assessments**: Frequent internal audits and penetration tests help identify vulnerabilities earlier, allowing the company to address them proactively. This reduces the likelihood of expensive breach-related expenses, such as legal fees, remediation costs, and loss of customer trust.\n\n3. **Incident Response and Simulations**: Having a well-documented incident response plan and regularly testing it increases the company's resilience to cyber-attacks. Quick, coordinated responses help in containing incidents, thereby protecting revenue streams and minimizing disruptions to business operations.\n\n4. **Cyber Liability Insurance**: The acquisition of cyber liability insurance further provides financial protection against potential breach-related costs, lowering the immediate financial risk portfolio.\n\nOverall, these coordinated measures not only help mitigate cybersecurity risks but also support the company's broader financial stability by defending against threats that could lead to material losses and diminished profitability or operational efficiency. While there are no direct calculations provided in the reference, the strategic integration of these programs clearly contributes to safeguarding the company's financial condition and operational performance over the long term.","1",""
"159","b1790bf5","Timing predictability for revenue recognition of EQT variable consideration vs fixed pricing.","I cannot find sufficient information in the provided documents to answer this question.","The information provided allows us to understand that revenue recognition under these contracts can be significantly impacted by the inclusion of variable consideration. In contracts where payment terms are linked to future market prices, the final amount the company receives is uncertain at the time of delivery. As a result, even though the delivery of the commodity (natural gas, NGLs, or oil) satisfies the performance obligation at a point in time, the actual revenue recognized might depend on subsequent adjustments reflective of prevailing market prices. This introduces an element of timing uncertainty compared to fixed price contracts, where the amounts are known and predictable at the outset.\n\nFor fixed price contracts (or those with fixed differentials to known indexes), the standalone selling price can be more reliably determined. The company allocates the fixed consideration to each performance obligation on a relative standalone selling price basis, resulting in revenue recognition that is straightforward once the asset is delivered. In contrast, variable consideration requires management judgment and potentially a delay in realizing the complete revenue until the variable amounts are knowable or the uncertainty is resolved. \n\nThe key impact is that with variable consideration, there is increased variability and unpredictability in cash inflows and the overall revenue recognized, which can complicate forecasting and risk assessments. Fixed price contracts offer more stability in revenue reporting as the amounts are determined at the time the contract is entered into.","1",""
"157","4b858e58","The impact of risk governance on S&P's (SPGI) CAPEX and M&A strategies is crucial.","Based on the provided context, S&P Global (SPGI) emphasizes risk governance as an integral part of its overall strategy and operations. The company maintains a commitment to risk management, compliance, and control across its enterprise, which includes strengthening the security and resiliency of business-critical systems and eliminating known risk areas vulnerable to exploitation (Chunk 13). These efforts are part of their broader strategy to execute and deliver on corporate objectives, which would inherently influence capital allocation decisions, including CAPEX (capital expenditures) and M&A (mergers and acquisitions). Furthermore, S&P Global exercises disciplined organic capital allocation and evaluates inorganic and partnership strategies as part of its growth and innovation objectives (Chunk 13). This disciplined approach suggests that risk governance directly informs how the company prioritizes and implements CAPEX and M&A activities, ensuring that investments align with the company's risk tolerance, compliance requirements, and long-term strategic goals. While the documents do not provide explicit details or quantitative data linking risk governance to specific CAPEX or M&A outcomes, it is clear that risk management is embedded in decision-making processes, thereby helping to safeguard assets, support sustainable growth, and mitigate potential exposures related to significant investments and acquisitions.","The provided text highlights an integrated risk governance framework, where the Board and its committees (particularly the Audit and Finance Committees) play an active role in overseeing technology and cybersecurity risks. This oversight means that when making capital allocation decisions, such as major capital expenditures or acquisitions, the company is likely to incorporate a detailed assessment of cybersecurity risks into its evaluation process. For example, the Finance Committee's role ensures that cyber risk considerations are factored into the strategic decision-making around major investments. This could lead to decisions that prioritize investments in strengthening cybersecurity infrastructure, safeguarding technology systems, or mitigating integration challenges associated with acquisitions. Furthermore, the risk management framework, bolstered by regular updates from key executives like the CISO and the Chief Digital Solutions Officer, provides decision-makers with the insights needed to weigh the potential costs of cybersecurity incidents against the benefits of investment opportunities. Thus, the strong risk governance practices serve not only to protect the company but also to inform more prudent and strategically aligned capital allocation decisions. No precise calculations are provided in the reference, but the qualitative integration of risk assessment into financial decision-making is clear.","8",""
"158","8b65a4ac","Cybersecurity framework AMT enhances competitive positioning, boosting investor confidence.","I cannot find sufficient information in the provided documents to answer this question.","American Tower's comprehensive cybersecurity framework, as evidenced by its adherence to multiple certifications and standards (including SOC 1, SOC 2, ISO/IEC 27001, among others), enhances both its competitive positioning and investor confidence in several key ways. First, the independent validation of its security controls through globally recognized certifications signals to investors that the company is committed to protecting its data, operational systems, and customer information. This level of commitment reduces the perceived risk of breaches or disruptions, which in turn lowers the potential for financial or reputational damage.\n\nSecond, robust cybersecurity measures are closely tied to strong corporate governance--detailed oversight by its Board and Audit Committee, quarterly reports and updates from the CISO, and regular independent assessments all contribute to a disciplined, risk-aware management culture. This proactive risk management strategy not only supports operational continuity but also positions the company favorably compared to competitors that may not have as stringent controls in place.\n\nFinally, by transparently communicating its cybersecurity practices and continuously updating its strategies (including risk assessments, penetration testing, and incident response exercises), American Tower builds investor trust. Investors typically value companies that not only meet industry standards but also go beyond compliance to set benchmarks in risk mitigation and operational excellence. Overall, the company's rigorous and well-documented cybersecurity framework strengthens its market position and bolsters investor confidence in its long-term profitability and stability.","1",""
"161","0a11d21c","KDP's repurchase program has seen varied outcomes concerning the authorization period vs. progress.","Keurig Dr Pepper Inc. (KDP) implemented a share repurchase program authorized by its Board on October 1, 2021, allowing for the repurchase of up to $4 billion of its outstanding common stock. This program is effective for four years, beginning January 1, 2022, and expiring December 31, 2025, with no requirement to purchase a minimum number of shares. As of the end of the fourth quarter of 2023, KDP had repurchased a total of 8,131,698 shares at an average price of $30.57 per share, utilizing $1,084,834,978 of the authorized amount. There remained $2,915,165,022 still available under the authorization for further repurchases by the program's expiration date (December 31, 2025). Additionally, repurchased shares are retired, and the excess purchase price over par value, as well as any excise tax incurred on the repurchases (such as the $5 million related to the Inflation Reduction Act of 2022), is recorded to additional paid-in capital. Overall, the progress of the program shows that a significant portion of the authorization remains available, with less than one-third used by the end of 2023, and two years left in the authorization period.","The Board authorized a share repurchase program for a four‐year period, ending December 31, 2025. In terms of progress, the company repurchased $706 million in 2023 and $379 million in 2022, totaling $1,085 million. Given that the total authorized amount is $4 billion, there remains $2,915 million available for repurchase as of December 31, 2023.","10",""
"160","e7ebd4b5","Cybersecurity risk & disruption mitigation efforts by the AAPL InfoSec team.","Apple's Information Security (InfoSec) team is composed of highly skilled professionals with extensive industry experience, including leadership from individuals with over 25 years in cybersecurity. The team develops and distributes security policies, standards, and procedures; conducts employee cybersecurity training; implements security controls; assesses risk and compliance; monitors and responds to security events; and conducts security testing and assessments. They coordinate with teams across the company to prevent, respond to, and manage security incidents, and engage third parties for additional assessment and support when needed. To mitigate risks from supplier relationships, a dedicated Supplier Trust team manages information security risks associated with suppliers. The company has robust processes to log, track, address, and escalate cybersecurity incidents, ensuring timely reporting to senior management and the Audit and Finance Committee. Apple's enterprise risk management program integrates cybersecurity risk alongside other business risks, reflecting management's assessment of cybersecurity threats. The Audit Committee of the Board regularly reviews and discusses these risks with senior leaders, including updates on incidents and necessary actions. To protect against unauthorized access and data loss, Apple dedicates significant resources to systems and data security, using encryption and other security measures. However, they acknowledge that absolute security cannot be guaranteed and that losses or unauthorized access can occur despite these efforts. The company also takes steps to secure confidential information shared with suppliers and other third parties, but recognizes that these measures may not always be fully effective. Overall, Apple's InfoSec team focuses on comprehensive risk management, ongoing employee education, proactive detection and response, and close coordination with leadership to mitigate the impact of cybersecurity threats and disruptions on business operations, reputation, and financial condition.","Apple Inc.'s dedicated Information Security team, headed by an experienced Head of Corporate Information Security, plays a crucial role in mitigating both financial risks and operational disruptions from cybersecurity incidents. Key contributions include:\n\n1. Proactive Risk Management: The team identifies, assesses, and manages cybersecurity risks on an ongoing basis. By developing, distributing, and enforcing comprehensive security policies, standards, and procedures, they provide a proactive framework that minimizes the exposure to potential cyber threats before they escalate into significant incidents.\n\n2. Employee Training and Awareness: Regular cybersecurity training ensures that employees are aware of potential threats and understand best practices for mitigating these risks. This helps reduce the chance of human error, which is often a significant vulnerability in cybersecurity.\n\n3. Security Controls and Incident Response: The team implements robust security controls and conducts regular security testing and assessments. Should an incident occur, they have established processes to promptly detect, log, and respond to the event, which limits the duration and impact of such incidents on operations and finances.\n\n4. Coordination Across Departments: By collaborating closely with various internal teams and supplier partners (via a dedicated Supplier Trust team), the Information Security department ensures that cybersecurity measures are uniformly applied. This cross-functional coordination strengthens overall risk management and helps prevent operational disruptions that could have cascading financial consequences.\n\n5. Oversight and Escalation Procedures: Regular briefings with senior management and the Audit Committee ensure that cybersecurity risks are continuously monitored and escalated as necessary. This oversight allows for timely strategic decisions to further mitigate any emerging risks.\n\nIn practice, these measures help prevent costly data breaches and service interruptions, thereby reducing potential financial losses and ensuring business continuity. While there are no direct calculations provided, the systematic approach described indicates that the team's efforts directly contribute to minimizing both the financial impact of cybersecurity incidents and the operational disruptions resulting from them.","10",""
"162","2862dac2","Cash outflows from JKHY investmnts impact growth & competitive positioning.","Cash outflows from Jack Henry & Associates, Inc. (JKHY) investments, particularly through capital expenditures and acquisitions, are strategically aimed at supporting growth and strengthening competitive positioning. The company maintains a disciplined approach to acquisitions, using them to supplement organic growth and enhance its suite of products and services. Since 1999, Jack Henry has completed 35 strategic acquisitions, targeting opportunities that expand complementary/payment products, accelerate technology modernization, and provide products that can be sold to new and existing clients (Chunk 14). Investments are also directed toward developing and enhancing technology solutions for financial institutions, which is crucial in a highly competitive market where product functionality, price, flexibility, ease of use, and client support are key differentiators (Chunks 1, 2). The company's continued investment in new products and services, supported by its cash position and balance sheet, helps maintain high client retention and adapt to evolving client needs, further solidifying its market position. In summary, Jack Henry's investment outflows are intended to drive growth, expand product offerings, support technology modernization, and maintain a strong competitive edge in the financial technology sector.","The provided data allows us to infer that the company is significantly investing in product development and ongoing enhancements, as evidenced by the cash outflows in investing activities (for example, $167,175 in fiscal 2024 dedicated to enhancements and new product/service development). These investments are expected to strengthen Jack Henry & Associates, Inc.'s competitive positioning by improving and expanding its product offerings, which can help the company maintain technological leadership and meet evolving customer needs. In addition, such enhancements can lead to increased operational efficiency and potential revenue growth over the longer term. Although direct quantitative projections aren't provided, the narrative suggests that these strategic investments are being funded from operations and are part of a deliberate plan to secure future growth and market differentiation. This positions the company to better compete in a rapidly evolving financial technology landscape.","9",""
"164","40ad07e9","Updates on Baker Hughes' cost estimate drivers: historical cost vs ticker observed cost improvements in long-term SA and custom eqpt.","Baker Hughes recognizes that the estimation of total costs required to fulfill contracts, especially for sales of equipment manufactured to unique customer specifications and long-term service agreements (SA), is critical and involves a significant level of judgment. The company generally bases these cost estimates on its historical experience with manufacturing similar assets. However, for certain projects where the technology or the promise to the customer is unique, reliably estimating total costs requires even greater judgment. Cost estimates are routinely updated to reflect changes in the quantity or cost of inputs, and these revisions use objectively verifiable information available at the time of review. Insights into future cost trends are gained from ongoing interaction with customers and knowledge of installed equipment. For product services agreements, revisions in cost or billing estimates can affect the total estimated profitability, resulting in adjustments to earnings. Over the past three years, such adjustments generated earnings of $15 million (2023), $20 million (2022), and $14 million (2021). On average, these contracts were about 11% complete based on costs incurred to date and estimated future costs. For the sale of customized equipment recognized over time, revenue recognized was $6.1 billion in 2023, $4.2 billion in 2022, and $4.8 billion in 2021. In summary, Baker Hughes continually updates its cost estimates for both long-term service agreements and customized equipment sales, relying on a combination of historical cost data and current project-specific information, reflecting observed improvements or changes as projects progress.","For both long-term service agreements and customized equipment sales, Baker Hughes relies on historical cost data as the baseline for estimating future costs and then factors in actual observed cost improvements when updating those estimates. In detail:\n\n1. Long-Term Service Agreements: Baker Hughes uses its historical cost experience to develop initial cost estimates for performing maintenance and overhaul events over extended contract terms. These estimates are then refined over time with observed cost improvements - for example, cost savings that have been validated either by actual performance results or through rigorous engineering/regulatory approval. This approach ensures that only proven cost savings are included in the updated estimates, which directly influence future billing and revenue recognition.\n\n2. Customized Equipment Sales: The estimation process for these agreements also begins with historical cost data, particularly from the history of manufacturing similar assets. The total costs are routinely updated based on changes in quantity or cost of the inputs. In cases where new technology or unique customer specifications require judgment, the observed cost trends help in adjusting the projected costs. This ensures that revenue is recognized appropriately throughout the project lifecycle.\n\nIn summary, historical costs provide the foundation for initial cost estimates, while actual observed cost improvements--only incorporated once verified--enable Baker Hughes to refine these estimates to more accurately reflect future performance and cost trends in both areas.","8",""
"169","76507368","The impact of TMUS cybersecurity incidents on operating results & profitability; steps for mgmt to mitigate risks.","T-Mobile (TMUS) has experienced significant cybersecurity incidents, notably the August 2021 and January 2023 cyberattacks. These incidents have had notable impacts on the company's operating results and profitability, including: - Significant costs related to responding to and resolving mass arbitration claims, class action lawsuits, and an FCC investigation. - The August 2021 cyberattack alone resulted in T-Mobile paying $350 million to fund claims, legal fees, and settlement administration, and an additional $150 million invested in data security and related technology during 2022 and 2023. - These expenses directly affected operating results by increasing costs and reducing profitability (Chunks 1, 3). To mitigate cybersecurity risks, T-Mobile management has taken several steps: - Engaged outside cybersecurity experts to investigate incidents and improve security. - Notified affected customers and coordinated with law enforcement when breaches occurred. - Enhanced procedures and safeguards to prevent unauthorized access, defend against cyberattacks, and continually evaluate and upgrade security measures in response to evolving threats. - Invested significant resources and management time into preventative actions, including substantial capital for security improvements. - Recognized the need to assess and oversee third-party providers' cybersecurity protocols, though also acknowledging limitations in controlling or fully assessing all third-party security systems (Chunks 1, 6). Despite these efforts, T-Mobile notes that it cannot assure that all actions will be sufficient to repel significant cyberattacks or fully prevent or mitigate cybersecurity breaches in the future, especially as threat actors become increasingly sophisticated (Chunk 6).","The disclosure does indicate that the cybersecurity incidents in August 2021 and January 2023 have had a material impact on T‑Mobile's financial condition by resulting in numerous lawsuits, significant costs, and potential adverse effects on operating results. However, the provided narrative does not include specific quantitative details (such as cost figures or exact impacts on profitability metrics) that would allow us to precisely measure the influence on operating results and overall profitability. In general, the company acknowledges that the incidents have led to increased costs (e.g., legal fees, settlements, regulatory expenses) and could continue to affect financial performance if additional expenses arise that are not fully covered by insurance.\n\nIn response to these challenges and to mitigate potential future costs, management has taken a number of steps:\n\n1. A comprehensive risk management framework has been integrated into the company's overall governance, including periodic enterprise-wide risk assessments that address cybersecurity along with other risks.\n\n2. The company has adopted the NIST Cybersecurity Framework to identify, assess, and manage cybersecurity risks, enhancing its prevention, detection, and remediation strategies.\n\n3. Regular reporting and oversight mechanisms have been strengthened, with the Chief Security Officer, Chief Audit Executive, and Chief Compliance Officer providing routine updates to relevant board committees (the Nominating & Corporate Governance Committee and the Audit Committee), ensuring that cyber risks are continuously monitored.\n\n4. Engagement with external cybersecurity experts and top-tier firms has been initiated to evaluate and improve the company's cyber defense capabilities and to transform its cybersecurity program in response to evolving threats.\n\n5. The third-party risk management program has been intensified to include the assessment and management of cybersecurity risks from not only direct vendors but also from related fourth-party entities.\n\nIn summary, while the available data confirms that these cybersecurity incidents have resulted in significant financial impacts and have the potential to adversely affect operating results and profitability, the exact magnitude of such impacts is not disclosed in these excerpts. Instead, management has focused on strengthening its cybersecurity defenses, governance, risk assessments, and third-party oversight to mitigate future risks and associated costs.","9",""
"166","dbf3ddb8","ACGL manages underwriting control governance & risk mgmt.","Arch Capital Group Ltd. (ACGL) manages underwriting control, governance, and risk management through a comprehensive, enterprise-wide risk management framework. This framework incorporates both top-down and bottom-up approaches to risk analysis and includes key policies and procedures to address material risks, including underwriting (insurance) risk, investment risk, group risk, credit risk, and operational risk (such as regulatory and reputational risks). ESG (Environmental, Social, and Governance) risks are embedded throughout the framework rather than treated as standalone risks. Oversight of risk identification and assessment is carried out by the Finance, Investment and Risk Committee (FIR Committee), Audit Committee, and Underwriting Oversight Committee of the Board. The Chief Risk Officer (CRO) plays a central role, maintaining the risk register, continually reviewing risk assessments, and escalating significant changes or new high-level risks to the Board or relevant committees. Risk owners are responsible for monitoring and managing designated risks daily, reporting to the CRO, and escalating significant issues as needed. The highest residual risks are actively managed by the Board and its committees, while other risks are managed at the process level. The CRO oversees the monitoring of all risks, communicates any potential breaches of risk appetite to risk owners, and ensures that issues are escalated promptly. Furthermore, limits and tolerances for major risk categories are set out in the risk appetite statement and integrated into operating guidelines. Exposures are aggregated and monitored periodically, with results and risk dashboards reported quarterly to the Board and relevant committees for review and discussion. Overall, ACGL's risk management process is closely integrated with its governance structures and underwriting controls to ensure robust oversight, continuous monitoring, and timely response to emerging risks and business developments.","Arch Capital's centralized approach to underwriting is clearly articulated in the provided reference text and it plays a crucial role in both its governance framework and risk management practices. First, by centralizing responsibility for underwriting, Arch Capital assigns clear accountability for each product line to senior executives who oversee underwriting and all related product development activities. This structure promotes consistency in applying underwriting standards across diverse lines of business, which in turn minimizes discrepancies and enhances overall risk control. \n\nFrom a governance perspective, centralized control enables tighter oversight of underwriting activities. This allows senior management to monitor adherence to uniform underwriting standards, ensuring that all decisions are in line with the company's disciplined underwriting philosophy. It also enhances transparency and facilitates audit processes, since responsibility is clearly allocated. \n\nRegarding risk management, centralized underwriting supports a systematic evaluation of risks by consolidating expertise and streamlined processes. The enhanced focus enables the organization to assess various risk factors - such as adequacy of underlying rates, historical loss data, future loss projections, and the financial strength of cedents - systematically and uniformly. By integrating this controlled process with robust claims management and disciplined risk selection, Arch Capital is better positioned to capture profitable underwriting opportunities while limiting exposure to excessive risks. \n\nOverall, the centralized control allows Arch Capital to maintain rigorous standards, ensures consistency in decision-making, and ultimately strengthens both its governance framework and its risk management practices.","6",""
"165","32dc737a","Investments by Alphabet (GOOGL) in security, availability, and innovation vs emerging players in AI/cloud/digital video.","Alphabet (GOOGL) invests heavily in security, availability, and innovation to maintain its leadership in AI, cloud, and digital video, especially as it faces competition from emerging players in these spaces. Security and Privacy: Alphabet prioritizes the privacy and security of its products, users, and customers--even at the expense of near-term financial gains. The company continuously invests in building products that are secure by default, upholding responsible data practices that emphasize privacy by design, and providing easy-to-use settings that give users control over their data. Efforts include features like auto-deleting user data, tools such as My Ad Center for ad experience control, and advanced anti-malware, anti-phishing, and password security features (Chunks 1, 7). Availability and Infrastructure: Alphabet has invested more than $150 billion in research and development over the last five years, supporting innovations across Google Search, YouTube, Google Cloud, and its family of devices. Its technical infrastructure is robust, with office facilities and data centers around the world to ensure high availability and reliability for users globally (Chunks 6, 13). Innovation: Alphabet's approach to innovation is both bold and responsible. The company is recognized for pioneering AI development (e.g., the Transformer architecture, BERT, and Gemini), and integrating AI into core products such as Google Ads, Google Workspace, and Cloud offerings. Alphabet continues to invest in moonshot projects and frontier technologies, such as quantum computing and advanced AI models, to stay ahead of industry trends. Its deep investments in AI have transformed its products and are central to future developments, including applying AI to societal challenges like protein folding, climate prediction, and flood forecasting (Chunks 1, 5, 7, 8). Competitive Landscape: Alphabet operates in a rapidly changing environment with disruptive technologies and formidable competition from both established and emerging players in general search, vertical search, e-commerce, online advertising, and digital video. The company acknowledges that competitors' advancements could reduce usage of Alphabet's products, compelling it to continue significant investments in innovation, security, and infrastructure to remain competitive (Chunks 2, 3). In summary, Alphabet's substantial and ongoing investments in security, availability, and innovation are core to its strategy to address challenges and competition from emerging players in AI, cloud, and digital video.","The company's strategic investments in user security, product availability, and technological innovation are structured to reinforce its market leadership and fend off emerging competitors in key technology areas such as AI, cloud, and digital video services. Specifically:\n\n1. User Security: By reinforcing user trust through robust security measures, the company ensures that its platforms are seen as safe and reliable. This security investment not only helps retain a large and engaged user base but also attracts advertisers who are increasingly conscious about data protection and brand safety. With higher user retention and trust, the company can seamlessly compete with emerging players that may not yet have established comparable security protocols.\n\n2. Product Availability: Investments in the consistent and universal availability of its products ensure that users have uninterrupted access to its services. High availability enhances the user experience by minimizing downtime, which is critical in an environment where users have multiple choices--including those offered by new market entrants. A dependable service infrastructure also solidifies relationships with partners, such as advertisers and content providers, underpinning the company's competitive edge over newer competitors who are still scaling their operational frameworks.\n\n3. Technological Innovation: Continuous innovation is key to staying ahead in fast-evolving fields. By relentlessly enhancing its technologies, the company not only improves its current offerings (e.g., more relevant search results, efficient ad placements, better cloud services) but also lays the groundwork for pioneering advancements in areas like AI and digital video services. This proactive investment in emerging technologies enables the company to quickly integrate cutting-edge features into its ecosystem, thereby narrowing any competitive gap with new entrants and often pushing the competitive frontier further in its favor.\n\nIn summary, these investments support a virtuous cycle where improved security and availability drive user engagement, which in turn makes the company's innovative offerings more attractive to advertisers and partners. This integrated approach strengthens its competitive positioning even as new players emerge in AI, cloud, and digital video services.","9",""
"167","a316af4a","Impact on diluted EPS for NCLH if anti-dilutive exch. notes are included.","If the anti-dilutive exchangeable notes for Norwegian Cruise Line Holdings Ltd. (NCLH) were included in the calculation of diluted earnings per share (EPS), the effect would be to increase the denominator (diluted weighted-average shares outstanding), which would reduce (dilute) the diluted EPS. However, these notes have been excluded from the calculation because their inclusion would have been anti-dilutive--that is, including them would have resulted in a higher EPS or a smaller loss per share, which is not permitted under accounting standards. For the years ended December 31, 2023, 2022, and 2021, NCLH specifically excluded exchangeable notes from diluted weighted-average shares outstanding because their effect was anti-dilutive. This means that, had they been included, diluted EPS would not accurately reflect potential dilution for shareholders and would instead present a less conservative (and less meaningful) measure of EPS. Therefore, when exchangeable notes are anti-dilutive, they are not included in the diluted EPS calculation, and including them would inappropriately understate the potential dilution to shareholders. In summary, including anti-dilutive exchangeable notes would artificially increase NCLH's diluted EPS, which is why they are excluded from the calculation.","Because the exchangeable notes have been determined to be anti‐dilutive, their inclusion would not decrease (dilute) EPS but instead would produce a diluted EPS that is numerically higher (i.e. less dilutive) than the basic EPS. In other words, if the exchangeable notes were hypothetically included in the calculation, the adjustment (for example, any interest benefit added back to net income) combined with the additional shares issued would result in an EPS that exceeds the basic EPS. Since the purpose of the diluted EPS measure is to show the worst‐case (lowest) EPS outcome when all dilutive instruments are considered, including instruments that increase EPS (i.e., are anti‐dilutive) is not permitted. Thus, their inclusion would artificially inflate the EPS figure relative to the basic EPS.","9",""
"163","096db711","The Hartford's operational efficiency, workforce size, cost mgmt, and risk.","The Hartford has made operational efficiency a priority through its ""Hartford Next"" operational transformation and cost reduction plan, which began in July 2020. By reducing headcount, investing in IT, and other initiatives, the company achieved a reduction in annual insurance operating costs and other expenses of approximately $636 million in 2023 compared to 2019. The total incurred costs for these efforts through December 31, 2023, were about $323 million, with some additional expected expenses mainly related to software and real estate amortization after 2023 (Chunk 5). As of December 31, 2023, The Hartford employed approximately 18,700 people (Chunk 4). The company emphasizes diversity and inclusion, with women and people of color representing 61.4% and 32.3% of the workforce, respectively (Chunks 3, 10). The company manages costs through a combination of operational improvements, workforce planning, technology investments, and compensation management. Compensation includes performance-based variable pay and annual bonus plans tied to core earnings targets. The company also conducts annual pay equity analyses to ensure fairness (Chunk 11). Regarding risk, The Hartford identifies and manages insurance, operational, and financial risks through enterprise risk management practices. These include investment portfolio management focused on diversification, asset/liability matching, and active risk controls such as credit and sector exposure limits (Chunks 6, 7). The company is subject to state and foreign insurance regulations designed to protect policyholders and ensure solvency, which include capital, reserve, and reporting requirements (Chunks 6, 7). In summary, The Hartford has improved operational efficiency, maintains a large and diverse workforce, manages costs through a variety of strategies, and has robust risk management practices in place.","The reference indicates that the company employs about 18,700 people. Analyzing this number can provide insights into the scale of operations and the potential for cost efficiencies or challenges, depending on how it compares to industry peers. For instance, a larger workforce might support broad service offerings, but it could also imply higher fixed costs and increased exposure to labor-related risks. Investors can consider this data point in conjunction with operational and profitability metrics to gauge how effectively the company manages its human capital and related costs.","10",""
"168","4a20b020","Update on WBA repurchase: June 2018 program total vs $10bn cap as of 8/31/24 for ticker WBA.","As of August 31, 2024, Walgreens Boots Alliance (ticker: WBA) had repurchased $8.0 billion of its common stock under the June 2018 stock repurchase program, which was originally authorized up to $10.0 billion and has no specified expiration date. As of that date, approximately $2.0 billion remained available under the program. Repurchases under this program were suspended in July 2020, and no shares were repurchased in fiscal 2023 or 2024.","As of August 31, 2024, the Company repurchased $8.0 billion worth of stock under the June 2018 stock repurchase program. This amount is $2.0 billion less than the original authorization of $10.0 billion, meaning that 80% of the authorized repurchase amount has been completed. Note that the Company suspended repurchases under this program in July 2020, though it may still repurchase shares to offset dilution from equity incentive plans.","9",""
"170","70f76191","Impact of exec appointments' ages on long-term strategy & financial stability for Conagra (CAG).","I cannot find sufficient information in the provided documents to answer this question.","The provided data gives insight into the tenure and age diversity of Conagra Brands' executive team, which can be qualitatively linked to considerations around strategic planning and financial stability. For example, a mix of appointment dates indicates a blend of long-established leaders (e.g., Thomas M. McGough, appointed in 2013, and executives appointed in 2015) and newer appointees (e.g., Noelle O'Mara in 2024 and William E. Johnson in 2023). This combination suggests a dual focus: experienced leadership likely ensures continuity in financial management and risk approaches, while new leadership might introduce fresh perspectives and innovation necessary for long-term growth. In addition, the range of ages, from early-career (42 years old) to more experienced individuals (up to 62 years old), could indicate a balance between dynamic strategic initiatives and seasoned judgment in capital allocation decisions. While these qualitative observations do not provide quantitative calculations, they offer a basis for understanding how leadership composition might influence the company's future strategic direction and ability to manage financial stability. Therefore, the information is sufficient to discuss potential impacts from strategic and financial perspectives.","1",""
"171","e1ecd128","2024 NIKE short-term inv. liquidity strat. comparison.","NIKE's short-term investment and liquidity strategy in 2024 focuses on maintaining a strong cash position, prudent use of credit facilities, and flexibility to support operations and shareholder returns: - As of May 31, 2024, NIKE held $9.86 billion in cash and equivalents and $1.72 billion in short-term investments, indicating a robust liquidity position (Chunk 3). - The company funds share repurchases (84.9 million shares for $9.1 billion under an $18 billion program) and operations primarily through operating cash flows, not relying heavily on external financing (Chunk 2). - NIKE has committed credit facilities, including a $2 billion facility (with the option to increase to $3 billion, maturing in 2027) and a new $1 billion 364-day facility (with an option to increase to $1.5 billion), providing further liquidity flexibility (Chunk 2). - The company maintains strong investment-grade debt ratings (AA- and A1), which help keep borrowing costs low (Chunk 2). - NIKE's approach to liquidity is to balance cash needs for operations, capital investments, and shareholder returns (including dividends and repurchases), with capital coming mainly from internal sources and supplemented by credit facilities as needed (Chunks 2, 3, 4). In comparison to peers (see other chunks for EA, HD, MKC), this approach is consistent with industry practices, focusing on maintaining significant cash reserves, utilizing credit lines for flexibility, and prioritizing operational funding and shareholder returns. NIKE's high cash and short-term investments, along with disciplined capital allocation and investment-grade credit, position it strongly for liquidity needs in 2024.","The data allows us to analyze shifts in NIKE's short‐term investment activities and infer aspects of its liquidity strategy. In 2024, NIKE recorded lower purchases of short-term investments at $4,767 million compared to $6,059 million in 2023 and $12,913 million in 2022. This reduction in purchases suggests a more cautious approach, meaning that the company reserved cash rather than locking it into short-term investment vehicles, likely to preserve liquidity. Meanwhile, the maturities decreased to $2,269 million in 2024 from $3,356 million in 2023, indicating that fewer investments reached maturity (and thus returned cash automatically) compared to the previous year. However, sales of short-term investments slightly increased to $4,219 million in 2024 from $4,184 million in 2023, providing a reliable source of cash conversion. \n\nOverall, these shifts imply that NIKE's liquidity management strategy in 2024 focused on maintaining a flexible cash position. By reducing new purchases and slightly increasing sales proceeds, the company appears to have aimed at ensuring quicker access to cash, possibly to better support operational needs or to prepare for potential market uncertainties. The changes, when compared with the previous periods, reinforce a strategic balance between investing excess cash and preserving liquidity through controlled disinvestment in short-term investment vehicles.","6",""
"172","af66df54","Contractual pricing terms of HUM affect cash flow & liquidity.","I cannot find sufficient information in the provided documents to answer this question.","The contractual terms can have a significant impact on Humana's future cash flow and liquidity management. Specifically, fixed and minimum price provisions mean that Humana is committed to making certain cash outlays regardless of changes in business conditions. For instance, the documented purchase obligations for 2024 through 2028 force Humana to allocate a predictable amount of cash each year (e.g., $829 million in 2024, $518 million in 2025, etc.), thereby reducing financial flexibility and requiring that liquidity be managed carefully to ensure these funds are available. On the other hand, variable price provisions introduce uncertainty because if market conditions drive up costs (e.g., due to inflation or fluctuating market rates), actual cash expenditures could be higher than anticipated. This potential variability adds a layer of risk to liquidity management and requires precautionary planning. Overall, these contractual terms necessitate rigorous forecasting and cash flow planning so that Humana can maintain sufficient liquidity to meet its non-discretionary spending while still funding other operational or strategic initiatives. Detailed cash flow models must incorporate these commitments to hedge against or smooth out potential liquidity pressures over time.","1",""
"173","c8f8592c","Amphenol Corp's impact on SG&A & acquisition expenses on op. income and net income trends.","Amphenol Corporation's Selling, General and Administrative (SG&A) expenses and acquisition-related expenses have impacted its operating income and net income trends as follows: - SG&A expenses increased from $1,420.9 million in 2022 to $1,489.9 million in 2023, which contributed to a slight decrease in operating income (from $2,585.8 million in 2022 to $2,559.6 million in 2023) and a marginal decrease in operating margin (from 20.5% in 2022 to 20.4% in 2023) ([Chunk 2], [Chunk 3]). - Acquisition-related expenses also rose, from $21.5 million in 2022 to $34.6 million in 2023. These expenses are primarily external transaction costs and amortization related to acquired backlog ([Chunk 6]). - Despite these increases, Amphenol's net income from continuing operations attributable to the corporation still increased slightly, from $1,902.3 million in 2022 to $1,928.0 million in 2023 ([Chunk 2], [Chunk 6]). This was partly due to other favorable items, such as excess tax benefits from stock-based compensation and a gain on a bargain purchase acquisition in 2023 ([Chunk 6], [Chunk 8]). - On an adjusted (non-GAAP) basis, which excludes acquisition-related expenses and certain tax benefits, both adjusted operating income and adjusted net income from continuing operations were essentially flat year over year ([Chunk 3], [Chunk 5]). In summary, higher SG&A and acquisition-related expenses put some pressure on operating income, but net income trends remained positive due to offsetting favorable tax and other items. The overall impact was a slight decrease in operating income but a small increase in net income from continuing operations in 2023 compared to 2022.","The data allow us to analyze the changes over the three years. Between 2021 and 2022, although selling, general and administrative (SG&A) expenses increased by roughly $194.6 million (from $1,226.3 million in 2021 to $1,420.9 million in 2022), acquisition‐related expenses actually fell substantially (from $70.4 million to $21.5 million). In that period, operating income increased by about $480.7 million (from $2,105.1 million in 2021 to $2,585.8 million in 2022). This indicates that despite higher SG&A expenses, the lower acquisition-related expenses combined with higher net sales helped lift operating income.\n\nFrom 2022 to 2023, SG&A expenses rose modestly to $1,489.9 million and acquisition-related expenses increased from $21.5 million to $34.6 million. Operating income, however, dropped slightly from $2,585.8 million in 2022 to $2,559.6 million in 2023--a fall of about $26 million. Net income attributable to the company grew modestly from $1,902.3 million in 2022 to $1,928.0 million in 2023. \n\nIn summary, while the rise in SG&A and acquisition-related costs in 2023 contributed to a near-steady operating income compared with 2022, the overall net income has shown growth if comparing 2021 to 2023. However, the modest increase in net income between 2022 and 2023 suggests that the margins have been somewhat compressed by these rising expenses, even though growth is still positive over the longer term.","9",""
"175","5bec8125","Repurchase methods by LHX affect timing, liquidity, and mkts' perception.","I cannot find sufficient information in the provided documents to answer this question.","The data indicate that L3Harris's share repurchase program is designed with flexibility, authorizing buybacks through open market purchases, private transactions, and investment banking structures, and we can infer how these different methods might affect the timing and market impact of the buybacks. \n\n1. Open Market Purchases: This method allows the company to repurchase shares gradually in the open market. Because these transactions are executed over time, they typically have a more muted impact on daily trading volumes and stock prices. They help maintain or improve stock liquidity gradually without sending a strong signal of immediate market manipulation. The timing of these purchases can be opportunistic, taking advantage of periods when the stock is perceived to be undervalued, which can be less disruptive to the market's perception.\n\n2. Private Transactions: Private or negotiated transactions generally involve buying a larger block of shares directly from a specific shareholder outside of the open market. This method can minimize potential price disruption because the deal is arranged off-exchange and does not flood the open market with sell orders. However, when such transactions occur, they can signal that large, knowledgeable parties are willing to hold a stake in the company, which might be viewed positively by investors. Conversely, because the timing and volume of these transactions are less transparent, they might also raise questions about insider knowledge or strategic positioning if not communicated clearly.\n\n3. Investment Banking Structures: Transactions structured through investment banking institutions can allow for more complex, tailored buyback programs. This might include accelerated repurchases or block deals that are facilitated by third-party market makers or brokers. These structured deals can be timed to coincide with favorable market conditions, thereby reducing the potential volatility associated with large repurchases. However, their structured nature might also lead the market to scrutinize the motivations behind the buybacks, potentially affecting market perception--either as a sign of strategic financial maneuvering or as an indication of management's concerns about valuation.\n\nOverall, the choice of method impacts both the timing and the market's reaction. Open market transactions provide gradual liquidity enhancement with less immediate market impact, while private transactions and investment banking-facilitated deals can execute larger blocks more promptly but might be subject to more focused market scrutiny. This flexibility allows L3Harris to manage its repurchases in a way that balances effective capital allocation with minimal disruption to stock liquidity and overall market perception.","1",""
"176","9a66fd43","Impact of Warner Bros. Discovery's int'l leadership on global comp. positioning & reg. risk, WBD.","The provided documents indicate that Warner Bros. Discovery (WBD) has a dedicated executive for international operations: Gerhard Zeiler, President, International, who brings significant leadership experience from roles at WarnerMedia International and Turner Broadcasting System International (Chunk 3). This specialized international leadership supports WBD's ability to manage and grow its presence in diverse global markets. WBD describes itself as a premier global media and entertainment company with a broad portfolio of content, brands, and franchises distributed across nearly every region and most languages (Chunk 2, Chunk 5). Its asset mix and international leadership position the company to drive value across the full entertainment ecosystem, serving both domestic and international networks, premium pay-TV, streaming, film, and gaming. Having strong, experienced international leadership enables WBD to effectively navigate the complexities of global competition. It allows the company to tailor its approach to different markets, respond to competitive pressures, and leverage local opportunities. Additionally, experienced leadership is crucial for managing regulatory risks, as media and entertainment companies face a wide range of regulations across different countries. The company's structure, with a focus on international operations, helps ensure that regulatory requirements are addressed and that the company remains compliant as it expands its global reach. In summary, WBD's international leadership strengthens its competitive positioning by enabling effective global strategy execution and risk management, particularly regarding varying regulatory environments around the world.","The provided data on Gerhard Zeiler and Savalle C. Sims offers a clear foundation for evaluating the company's global competitive positioning and risk management. Gerhard Zeiler, as President, International, brings extensive experience from previous leadership roles in international markets. His appointment suggests that Warner Bros. Discovery is focusing on expanding its presence in international markets, potentially leading to increased market share, localized strategic initiatives, and better adaptation to regional trends. This, in turn, can significantly enhance the company's competitive positioning in the global media landscape.\n\nOn the legal and regulatory side, Savalle C. Sims, now the Chief Legal Officer, has a robust background with roles that emphasize regulatory oversight and legal strategy. Her track record indicates the company is well-equipped to manage complex international regulatory requirements and litigation risks. This focused legal oversight helps mitigate exposure to regulatory risks and could lead to more proactive management of legal issues, protecting the company's assets and reputation on a global scale.\n\nOverall, the dedicated leadership aimed at international expansion and legal oversight implies that Warner Bros. Discovery is strategically positioning itself to capture global growth opportunities while simultaneously building robust mechanisms to mitigate regulatory and legal risks. No specific calculations are needed as the analysis is qualitative, relying on the experience and strategic focus of the executives as described.","9",""
"178","aea9d9e5","Marriott's sustainability & emissions targets, with the ticker in the mix, could significantly impact growth.","Marriott International (ticker: MAR) has established a comprehensive sustainability strategy with specific emissions targets that could significantly influence its growth. The company is committed to supporting the resiliency and sustainable development of the communities and environments where it operates. Key elements of Marriott's sustainability initiatives include: - Designing and operating resource-efficient hotels. - Implementing technologies to track and reduce energy and water consumption, as well as waste and food waste. - Increasing the use of renewable energy and managing water-related risks. - Focusing on responsible and local sourcing. - Driving climate action through science-based targets. Marriott has committed to setting a near-term science-based emissions reduction target and a long-term science-based target to reach net-zero value chain greenhouse gas emissions by no later than 2050. In September 2023, Marriott submitted its emissions reduction targets to the Science Based Targets initiative and is awaiting validation, expected later in 2024. These initiatives and targets are designed to reduce Marriott's environmental impact and mitigate climate-related risks. By focusing on sustainability and emissions reduction, Marriott aims to remain competitive, appeal to environmentally conscious consumers and investors, and contribute to the long-term growth and resilience of its business. However, the successful achievement of these goals also depends on evolving regulations, technological advancements, and the company's ability to implement planned initiatives effectively (see Chunk 1 and Chunk 2).","Marriott International's sustainability initiatives, including the commitment to set near-term science-based emissions reduction targets and a long-term goal to reach net-zero value chain greenhouse gas emissions by 2050, can have a significant impact on multiple aspects of its long-term potential:\n\n1. **Long-Term Growth Potential**: By proactively addressing environmental risks and reducing its carbon footprint, Marriott is positioning itself to gain over the long term. Sustainability efforts such as reducing energy and water consumption, waste management, and the drive toward renewable energy not only lower operating costs but also help mitigate future risks associated with climate change. The adoption of science-based targets enhances operational efficiencies and can result in competitive advantages, particularly as both consumer and investor preferences shift towards sustainable and responsible business practices.\n\n2. **Enhanced Reputation**: The commitment to sustainability and responsible environmental practices strengthens Marriott's brand reputation. These efforts resonate with environmentally conscious guests, employees, and investors. The fact that Marriott aligns its sustainability strategy with the United Nations Sustainable Development Goals and has detailed initiatives (e.g., third-party hotel certifications, resource-efficient technologies, and community engagement) adds to the company's public image as a responsible corporate citizen. This can translate into improved customer loyalty, increased market share, and a better standing in stakeholder evaluations.\n\n3. **Regulatory and Market Opportunities**: As governments around the world tighten regulations around carbon emissions and environmental impacts, Marriott's efforts to meet and exceed these standards can result in less regulatory risk and lower compliance costs in the future. Additionally, its proactive stance may open up opportunities in new green financing instruments, government incentives, and partnerships. The validation process for its science-based targets also signals to the market that Marriott is serious about its sustainability path, which can help mitigate regulatory risks and potentially attract investors focused on sustainable portfolios.\n\nOverall, Marriott's initiatives contribute to improved risk management, enhanced competitive positioning, and the creation of new market opportunities. While quantitative metrics (such as precise cost savings or revenue impacts) aren't provided in the references, the qualitative benefits are already apparent. The emphasis on sustainability not only improves the company's reputation and market attractiveness but also positions it to benefit from current and future regulatory environments that favor green and socially responsible business practices.","9",""
"177","da2f7e8b","Impact of intangibles & goodwill on BS for Honeywell, HON, and associated future impairment risks.","For Honeywell (HON), intangible assets and goodwill have a significant impact on the balance sheet: - As of December 31, 2023, Honeywell reported goodwill of $18,049 million, an increase from $17,497 million in 2022. Goodwill is allocated among its business segments, with the largest balances in Performance Materials and Technologies, Safety and Productivity Solutions, Honeywell Building Technologies, Aerospace, and Corporate & All Other (Chunk 3). - Other intangible assets (net of accumulated amortization) totaled $3,231 million at year-end 2023. These comprise both definite-life intangibles (such as patents, customer relationships, and trademarks) and indefinite-life intangibles (mainly trademarks). Definite-life intangibles are amortized over 2 to 20 years, while indefinite-life intangibles are not amortized (Chunk 4). Impairment Risks: - Goodwill and indefinite-lived intangible assets are tested for impairment annually as of the first day of the fourth quarter, or more frequently if triggering events or changes in circumstances indicate that the carrying amount may not be recoverable (Chunk 1, Chunk 2). - The impairment test compares carrying values to fair values. If impairment is indicated, the carrying value is reduced to fair value, not to exceed the carrying value of goodwill (Chunk 1). - Honeywell completed its annual goodwill impairment test as of the first day of the fourth quarter and determined there was no impairment as of that date and reported no additional triggering events (Chunk 1). - The company changed its annual impairment testing date in 2022 to better align with its forecasting process, but this change did not delay or avoid any impairment recognition (Chunk 2). Future Risks: - While there were no impairments reported for 2023, future impairment risks remain if there are adverse changes in business conditions, such as declines in operating performance, negative industry developments, or significant changes in assumptions used to determine fair value. If such events occur, there could be a write-down of goodwill or intangible assets, which would negatively impact the balance sheet and earnings. In summary, intangibles and goodwill form a substantial portion of Honeywell's assets. Although there were no impairments in 2023, these assets are subject to regular impairment testing, and future risks exist if economic or business circumstances change unfavorably.","The details provided indicate that Honeywell's recent acquisitions have added significant amounts of recorded intangible assets and goodwill to its balance sheet. In essence, intangible assets (such as customer relationships, technology, and proprietary rights) have been recognized at their fair value at acquisition; these are typically amortized over their estimated useful lives. Goodwill, on the other hand, represents the premium paid over the identifiable net asset values of the acquired companies. For example, acquisitions such as SCADAfence, Compressor Controls Corporation, US Digital Designs, Quantinuum, and Sparta Systems resulted in the recording of hundreds of millions of dollars in both intangible assets and goodwill -- with aggregated intangible assets in the range of approximately $825 million and goodwill amounting to nearly $2.48 billion, based on the numbers provided.\n\nImpact on the Balance Sheet:\n-   Both intangible assets and goodwill substantially increase the asset base on the balance sheet. They reflect the premiums paid for strategic benefits such as market presence, technology, and expected synergies. \n-   While intangible assets are amortized (thus systematically expensed over time), goodwill is not amortized but instead is subject to annual impairment testing. \n-   The mix of deductible (e.g., goodwill that is deductible for tax purposes in some cases) and non-deductible amounts (such as certain goodwill amounts in SCADAfence and Quantinuum) can influence both the reported earnings and effective tax rates.\n\nPotential Risks - Future Impairment Charges:\n-   The risk associated with such large recorded amounts is that if the acquired businesses do not perform as expected, or market conditions deteriorate, the recoverable amount of these assets may fall below their carrying values. This would necessitate an impairment charge. \n-   Goodwill is particularly vulnerable because its impairment testing does not allow for regular amortization, and significant write‐downs might be required if the synergistic and strategic benefits fail to materialize. \n-   Changes in technology, competitive dynamics, or operational challenges could lead to lower than expected future cash flows from the acquired businesses, thereby triggering impairments. \n-   Additionally, the differences in tax deductibility between goodwill and intangible assets could result in discrepancies between the book value and tax basis, complicating future tax positions if impairments occur.\n\nOverall, while these acquisitions strengthen Honeywell's balance sheet by adding valuable intangible assets supportive of its competitive positioning, they also expose the company to risks. In a scenario where market conditions or performance expectations change, substantial impairment charges on goodwill and possibly some intangible assets could directly affect both the income statement and the balance sheet.","8",""
"179","e428c7bc","2023 op margin trend for NXPI vs. historical cost mgmt.","In 2023, NXP's operating margin showed a slight decline compared to the previous year. Operating income for 2023 was $3,661 million on revenue of $13,276 million, resulting in an operating margin of approximately 27.6%. In 2022, operating income was $3,797 million on revenue of $13,205 million, yielding an operating margin of about 28.8%. This reflects a decrease of about 1.2 percentage points year-on-year. The decline in operating margin is primarily attributed to increased operating expenses. Total operating expenses rose to $3,877 million in 2023 (29.2% of revenue) from $3,723 million in 2022 (28.2% of revenue), mainly due to higher research and development costs and increased personnel-related expenses, including restructuring costs. Despite stable gross margins (56.9% in both years), the higher operating expenses led to the lower operating margin in 2023, indicating that cost management was less effective than in the previous year.","For 2023, NXP Semiconductors reported operating income of $3,661 million and revenue of $13,276 million. The operating profit margin is calculated as follows:\n\nOperating Profit Margin = Operating Income / Revenue = 3,661 / 13,276 ≈ 0.276 or 27.6%\n\nTrend Analysis:\n- In 2021, the operating margin was approximately 2,583/11,063 ≈ 23.4%.\n- In 2022, it improved to roughly 3,797/13,205 ≈ 28.7%.\n- In 2023, the margin slightly declined to about 27.6%.\n\nThis trend suggests that after a significant improvement in operating efficiency from 2021 to 2022, the company experienced a minor compression in its operating margin in 2023. While margins in 2023 remain well above the 2021 level, the slight decline compared to 2022 may indicate that costs (or expense levels such as R&D, SG&A, or acquisition-related amortization) increased at a rate that somewhat offset revenue growth. In summary, although overall cost management has historically improved, the modest margin dip in 2023 suggests less effective cost control relative to the exceptional performance in 2022.","9",""
"180","a703a667","Effects of relative SSP allocation on performance obligations and rev rec for ON Semiconductor.","I cannot find sufficient information in the provided documents to answer this question.","The allocation of transaction prices based on relative standalone selling prices plays a critical role in defining the revenue that is recognized for each performance obligation. First, by assigning a portion of the overall transaction price to each distinct product (or service) based on its stand-alone selling price, the company ensures that the revenue recognized for each performance obligation reflects the value that the product would command if sold separately. This means that when control of an individual product is transferred to the customer (which may occur at different times, such as upon shipment or delivery), the amount of revenue recognized is directly tied to the product's relative contribution to the bundle of products or services provided. \n\nSecond, this method influences the timing and pattern of revenue recognition. Since each performance obligation has its revenue allocated based on its individual stand-alone selling price, revenue will only be recognized when that particular obligation is satisfied. This helps in matching the revenue with the delivery of goods or services and provides a faithful representation of the company's performance and progress under the contract. \n\nLastly, the method also affects how adjustments such as discounts, returns, or price modifications are managed. By initially establishing the revenue for each discrete performance obligation on a stand-alone basis, any subsequent adjustments (for example, due to discounts on early payments or returns) are easier to trace and allocate to the specific obligations involved. \n\nIn summary, the allocation based on relative standalone selling prices ensures that each performance obligation is measured by the value it delivers, allowing for more accurate and reliable revenue recognition as each product or service is delivered or performed.","1",""
"181","ca75d4b8","Indemnification from AMETEK affects valuation models and potential future liabilities.","Based on the provided context, AMETEK enters into indemnification agreements in connection with certain acquisition and divestiture transactions, as well as for its directors and officers. These agreements can require AMETEK to make payments to compensate or indemnify other parties for possible future unfavorable financial consequences resulting from specified events, such as breaches of contract or retention of existing liabilities. The terms of these indemnifications often are not explicitly defined, and the overall maximum amount of the obligation cannot be reasonably estimated. Historically, costs related to these indemnifications have been minimal for AMETEK, and the company believes that future payments, if any, will not be significant (Chunk 1). However, there is no indication in the provided context that AMETEK's indemnification agreements directly affect its valuation models. The context describes indemnification as a potential future liability whose maximum value cannot be reasonably estimated, but does not state that this uncertainty is specifically incorporated into, or has a material effect on, AMETEK's financial asset valuation methodologies. In summary: AMETEK's indemnification arrangements create potential future liabilities that are generally not significant and cannot be reasonably estimated in amount, but there is no clear evidence in the context that these indemnification obligations directly affect AMETEK's valuation models.","The reference provides sufficient insight to conclude that AMETEK's valuation models do not require significant adjustments for asbestos-related liabilities because the seller's indemnification has effectively removed most, if not all, of the risk from these claims. In practice, when incorporating potential future liabilities into valuation models (such as during a discounted cash flow analysis), analysts assess whether a liability is borne by the company or by another party. In AMETEK's case, where the seller has fully met its indemnification obligations and continues to defend the claims, the potential future liabilities are largely offloaded. Thus, analysts would generally not factor a substantial liability reserve or risk premium for these claims into the company's valuation. This risk mitigation is typically reflected in a reduced risk adjustment or discount rate in the valuation model, as the likelihood of an unforeseen financial impact is minimized. However, it is important to note that while the indemnification minimizes direct exposure, analysts might still consider a qualitative discussion of contingent liabilities and potential reputational risks as part of the broader risk assessment framework.","4",""
"183","74605f5f","ISO certs impact on NIST reg risk & cash flow.","ISO certifications and compliance with NIST frameworks are closely related in the context of managing regulatory risk and potential impacts on cash flow. ISO certifications, particularly those like ISO 27001 for information security and ISO 9001 for quality management, help companies establish structured, recognized systems to manage risks, including cybersecurity and quality issues (Chunks 6, 12, 13, 16). Maintaining these certifications often requires regular audits, risk assessments, and adherence to international standards, which can bolster a company's ability to comply with regulations and reduce the likelihood of regulatory penalties or operational disruptions (Chunks 3, 5, 7, 8). NIST frameworks, such as the NIST Cybersecurity Framework, are widely used guides for identifying, managing, and mitigating cybersecurity risks (Chunks 6, 10, 12, 14, 15, 16). Companies frequently align their cybersecurity and information security programs with both NIST and ISO standards, using them to inform risk assessments and select security controls. The impact on regulatory risk is twofold: - Adhering to ISO and NIST frameworks can reduce regulatory risk by helping companies demonstrate due diligence and compliance with industry best practices, which may mitigate the risk of fines, penalties, or enforcement actions (Chunks 3, 5, 15). - Failure to maintain ISO certifications or to follow recognized frameworks like NIST could result in the withdrawal of certifications needed to sell products and services, delays in production, difficulties in obtaining regulatory clearances, or other consequences that may materially and adversely affect financial condition and cash flow (Chunks 3, 5, 8). Regarding cash flow, while obtaining and maintaining ISO certifications and aligning with NIST frameworks may increase compliance costs and require ongoing investments, these actions can ultimately protect cash flow by reducing the risk of costly disruptions, recalls, reputational harm, and legal liabilities (Chunks 3, 5, 13). Loss of certifications or non-compliance could have material adverse effects on cash flow and financial results. In summary, ISO certifications and adherence to NIST frameworks help manage regulatory risk and protect cash flow by ensuring compliance and reducing the likelihood of disruptions or penalties, despite the associated compliance costs. Failure in these areas can lead to significant negative impacts on both regulatory standing and cash flow.","Adherence to recognized frameworks such as NIST and ISO, along with obtaining industry certifications, helps ServiceNow, Inc. mitigate both regulatory and reputational risks in several interrelated ways, which in turn can protect future cash flows. First, aligning cybersecurity policies with these standardized frameworks ensures that the company meets or exceeds regulatory requirements. This minimizes the likelihood of regulatory fines, legal liability, and penalties stemming from data breaches or non-compliance with industry standards. Second, by demonstrating a robust cybersecurity posture through certifications and external audits, the company enhances its reputation among customers and partners. A strong reputation for security builds trust, potentially leading to increased customer retention and a competitive advantage in bid processes or contract renewals. Third, these measures support effective risk management by mandating regular assessments, prompt incident escalation, and continuous improvement of technical safeguards. This proactive approach reduces the financial risk of disruptive cyber incidents and can stabilize revenue streams by minimizing unforeseen costs associated with breach remediation. In summary, by reducing the probability and impact of regulatory and reputational risks, ServiceNow can better protect its cash flows by lowering compliance costs and safeguarding its market position.","9",""
"184","4cd5cbe7","PSEG exposure drivers for 2022-2023.","PSEG's exposure drivers for 2022-2023 include several key factors: 1. Regulatory and Legislative Changes: PSEG closely monitors regulatory developments, such as FERC's proposal to eliminate the 50 basis point return on equity (ROE) adder for regional transmission owners, which, if enacted, could reduce PSE&G's annual net income and cash inflows by about $40 million. New Jersey's executive orders in 2023 also accelerated clean energy and emissions reduction targets, potentially impacting business operations, especially in natural gas emissions reduction (Chunks 6, 7). 2. Market Conditions and Energy Costs: Fluctuations in energy costs and operating revenues are significant exposure drivers. For example, operating revenues increased from $9,800 million in 2022 to $11,237 million in 2023, while energy costs decreased from $4,018 million to $3,260 million, indicating exposure to changing commodity prices and demand (Chunk 1). 3. Nuclear Generation and Policy Incentives: PSEG Power's nuclear plants depend on programs like Zero Emission Certificates (ZECs) and the new federal Production Tax Credit (PTC) introduced by the Inflation Reduction Act (IRA) in 2022. The PTC, effective from 2024, is expected to offer downside price protection for nuclear generation but introduces uncertainty as its value depends on gross receipts and further regulatory guidance (Chunks 8, 11, 13). 4. Environmental and Legal Liabilities: PSEG is exposed to environmental regulations and potential liabilities from contamination at current or former sites, including ongoing remediation related to the Passaic River/Newark Bay Complex (Chunk 6). 5. Financial Market Conditions: Higher interest rates driven by Federal Reserve policy in 2023 increased PSEG's interest expenses, affecting financing costs for new and existing debt (Chunk 12). 6. Investment and Capital Requirements: The company's large-scale regulated capital investment program, estimated at $18-21 billion for 2024-2028, exposes it to risks around project execution, regulatory approvals, and cost recovery (Chunks 8, 9, 15). 7. Pension and OPEB Volatility: Pension trust performance and changes in actuarial assumptions impact earnings volatility and customer rates. An accounting order in 2023 aimed to mitigate some of this volatility (Chunk 12). 8. Hedging and Market Power: Changes in CFTC regulations or FERC market power analysis could impact PSEG Power's ability to hedge its portfolio efficiently and maintain market-based rate authority (Chunk 11). These factors collectively contributed to PSEG's exposure profile over 2022-2023, influencing financial results, risk management strategies, and long-term planning.","PSEG Power's current exposure under guarantees decreased notably from 2022 to 2023. Specifically, the current exposure fell from $198 million in 2022 to $118 million in 2023--a reduction of $80 million. Key factors affecting this change include:\n\n1. Margin and Collateral Adjustments: The data shows significant changes in collateral positions such as letters of credit and cash/margin positions. For instance, letters of credit margin posted decreased from $87 million in 2022 to $10 million in 2023, while letters of credit margin received increased from $38 million to $91 million, contributing to the net reduction in exposure.\n\n2. Commodity Price Impacts: The evolving market conditions, notably changes in commodity prices, have influenced the collateral requirements and, therefore, the net exposure. PSEG Power explicitly notes that such price changes can have a material impact on collateral requirements.\n\n3. Risk Management and Netting Practices: The company's approach to evaluating current exposure--by netting accounts receivable and payable along with the fair value of energy contracts--also played a role. This method, along with improved netting of derivative positions, has resulted in a lower current exposure in 2023.\n\nOverall, the reduction in current exposure reflects both operational adjustments in collateral management and external market factors influencing the derivative and commodity contracts.","3",""
"186","e1170463","How does CT&O integration on cybersecurity impact investor sentiment and market valuation for ARE?","I cannot find sufficient information in the provided documents to answer this question.","The detailed backgrounds and complementary roles of the CTO and CFO in managing cybersecurity policies provide tangible benefits that can enhance investor confidence. Investors are likely to view the company's robust cybersecurity governance--a result of the CTO's extensive technical experience and the CFO's risk management expertise--as indicative of strong operational controls and proactive risk mitigation. This can reduce the likelihood of costly cybersecurity incidents and related financial or reputational damages, thereby lowering the perceived risk premium. In turn, such confidence in the company's leadership, operational resilience, and preparedness may positively influence the market valuation by attracting investment and potentially resulting in a higher stock price compared to companies with less mature cybersecurity risk management frameworks.","1",""
"182","24df0d32","Future payment scheds for COO's operating lease will impact cash flow expenses.","I cannot find sufficient information in the provided documents to answer this question.","The excerpt indicates that the detailed figures for the future payment schedules for operating leases are provided in Note 2 of the company's financial statements, but the specific amounts or schedule details are not included in the excerpt itself. Nonetheless, we can discuss the general implications:\n\n1. Future Payment Details: Although exact numbers are not provided here, the reference notes that minimum future payments for operating leases are disclosed elsewhere (Note 2). This means that the company's lease agreements include contractual obligations that dictate the timing and amounts of lease payments over specific future periods, which may vary by lease term and could include escalation clauses or renewal options.\n\n2. Influence on Operational Cash Flow: Operating lease payments represent recurring cash outflows that will need to be factored into the company's liquidity planning. These periodic lease payments will reduce the cash available from operations. In forecasting cash flow, analysts will need to account for these obligations as fixed or semi-fixed expenses that could affect the free cash flow and the company's ability to invest in growth initiatives or service other liabilities.\n\n3. Impact on Expense Forecasts: From an accounting perspective, under standards such as IFRS 16 or ASC 842, lease expenses (or the right-of-use asset depreciation and interest expense components) may be recognized on a straight-line basis over the lease term. Thus, while cash flows may be irregular depending on the lease payment schedule, the expense recognition in the income statement is typically spread out, impacting the planned operating expenses in a more predictable manner. Analysts, therefore, need to differentiate between the cash flow impact (actual lease payments) and the income statement impact (lease expense recognition) when preparing their operational forecasts.\n\nIn summary, while the provided reference does not include the exact payment schedule details for operating leases, it does highlight their existence as significant contractual liabilities. Their inclusion in cash flow and expense forecasts is critical, as they represent ongoing cash commitments that affect liquidity and need to be matched with the income statement recognition patterns as per applicable accounting standards.","2",""
"185","ce5ac850","Investment decision mgmt. background in Aon capital allocation.","Aon's investment decision management and capital allocation are guided by a focus on return on invested capital. Aon operates as a single segment providing risk and human capital solutions, and allocates resources and assesses company performance based on this unified approach. The Chief Operating Decision Maker (CODM) evaluates the company's performance holistically, with decisions grounded in maximizing returns from capital investments. Aon's revenue comes primarily from commissions, fees for brokerage services, and compensation from insurance and reinsurance companies for consulting, analytics, administrative, and other services. The company uses its analytics capabilities to inform risk advice and investment decisions for clients, leveraging industry-specific approaches and technology. Additionally, Aon's acquisition activities, such as the planned $7 billion cash and 20 million shares purchase of NFP, are financed by new debt and are subject to careful financial planning and regulatory approval, further illustrating Aon's disciplined approach to capital allocation and investment decision management.","The provided executive biography data offers useful insights into how Aon plc's capital allocation and investment decision-making processes may be influenced by the diverse and complementary backgrounds of its top management. For example:\n\n1. Financial Expertise and Disciplined Analysis: CEO Gregory C. Case's long tenure in financial services and consulting (including experience with McKinsey and investment banking roles) suggests a strong emphasis on rigorous financial analysis and risk management when making investment decisions. Similarly, CFO Christa Davies' background, which includes a significant role at Microsoft overseeing financial operations, reflects a blend of strategic financial planning and operational efficiency that is critical for effective capital allocation.\n\n2. Operational and Technological Integration: The appointment of Mindy Simon as Chief Operating Officer, with her history as Chief Information Officer and her operational role at Conagra Brands, indicates an integration between operational execution and technological innovation. This dual experience implies that Aon's management is likely to prioritize investments that enhance operational efficiency and digital transformation initiatives, while keeping an eye on cost control and productivity enhancement.\n\n3. Comprehensive Corporate Governance: The presence of roles such as Chief Accounting Officer and Global Controller (held by Michael Neller) underscores the importance of stringent accounting policies and transparency in reporting. His background in technical accounting and policy development can contribute to a robust framework for evaluating investment outcomes and capital deployment.\n\n4. Balanced Leadership through Diverse Experience: The varied professional experiences ranging from risk management, insurance, legal oversight, human capital, and marketing indicate that Aon's decision-making regarding capital allocation is not solely driven by financial metrics but is also influenced by strategic considerations aimed at long-term growth. For instance, insights from Chief Innovation Officer Jillian Slyfield and Chief People Officer Lisa Stevens highlight an awareness of the strategic role of human capital and innovation in driving value.\n\nOverall, the backgrounds of the top management--spanning deep financial expertise, operational leadership, technology, and strategic innovation--suggest that Aon's capital allocation strategies are likely to be both analytically rigorous and strategically diversified. Their combined skills ensure that investments are evaluated not only on their potential financial returns but also on their capacity to improve operational efficiencies and reinforce competitive positioning in evolving markets.","5",""
"188","acd60300","Impact on timing & predictability of revenue recognition under Topic 606 & 842 for United Rentals (URI).","For United Rentals (URI), the timing and predictability of revenue recognition differ under ASC Topic 606 (Revenue from Contracts with Customers) and ASC Topic 842 (Leases): Topic 842 (Leases): - Most of URI's equipment rental revenue (77% in 2024) is recognized under Topic 842, which covers operating leases. - Owned equipment rentals are URI's most significant revenue type (69% of total revenues in 2024) and are recognized on a straight-line basis over the rental period, whether hourly, daily, weekly, or monthly. The daily revenue rate is calculated based on the assumption that equipment will be rented for a full month, which provides predictability, but actual timing may vary as customers may return equipment at any time. - When equipment is returned, any excess between the amount contractually owed for the actual rental period and the revenue already recognized is recognized as incremental revenue at that time, which introduces some variability and uncertainty in the exact timing of revenue recognition. - URI does not provide a maturity analysis of future lease payments due to the uncertainty of when customers will return rented equipment, further affecting predictability. Topic 606 (Contracts with Customers): - Revenues under Topic 606 (such as delivery and pick-up, fuel consumption, sales of rental equipment, new equipment, and contractor supplies) are generally recognized at a point-in-time when the performance obligation is satisfied--for example, when a service is performed or equipment is delivered or returned. - This point-in-time recognition typically makes the timing of revenue recognition less predictable compared to the straight-line method under Topic 842, as it depends on when the service is completed or when equipment is returned. In summary: - Revenue under Topic 842 is recognized on a straight-line basis over the rental period, offering more predictability, though the exact timing can be affected by unpredictable equipment returns. - Revenue under Topic 606 is recognized at specific points in time when obligations are satisfied, making timing less predictable and more dependent on customer actions and service completion. - Both standards require careful management of deferred revenue and credit risk due to these timing differences and uncertainties.","The dual revenue recognition frameworks influence both the timing and predictability of United Rentals, Inc.'s revenue streams in distinct ways. Under Topic 606 for contracts with customers, revenue is recognized when a performance obligation is satisfied - that is, when control of the promised product or service is transferred to the customer. This means that revenue timing can be tied closely to the delivery milestones or service completions defined in each contract, which may lead to variability in revenue recognition if the performance milestones are unevenly distributed over time. On the other hand, Topic 842 governs the recognition of lease revenue, which--given the nature of many lease arrangements--tends to result in more predictable, recurring revenue streams as lease payments are typically scheduled over the term of the agreement. Since United Rentals, Inc. reports that most of its revenue is accounted for under Topic 842, the company is likely to experience a significant portion of revenue that is stable and predictable over time. In summary, while Topic 606's application may result in revenue that is more influenced by the timing of performance delivery, the lease-driven revenue under Topic 842 adds a level of stability and predictability, contributing to a more balanced overall revenue profile.","9",""
"187","c50e6c64","Ticker REGN faces litigation related to loss contingencies disclosures impacting the firm.","Regeneron Pharmaceuticals, Inc. (ticker REGN) is involved in multiple legal proceedings that relate to loss contingencies and disclosures impacting the firm. Notably: - The company is subject to a shareholder derivative complaint alleging breaches of fiduciary duties by certain board members and executive officers, connected to allegations made by the U.S. Attorney's Office for the District of Massachusetts. This case is currently stayed pending resolution of the related Department of Justice proceedings (Chunk 5). - Regeneron is also involved in litigation with the U.S. Attorney's Office for the District of Massachusetts, which filed a civil complaint alleging violations of the federal Anti-Kickback Statute, the federal False Claims Act, and state law. The court has issued various rulings on motions for summary judgment, and a portion of the case is now certified for interlocutory appeal (Chunk 8). - Additionally, the company is facing a patent infringement lawsuit regarding its REGEN-COV product, where the plaintiff seeks damages and a judgment of willful infringement (Chunk 13). These litigations and investigations may expose Regeneron to material financial liabilities and require disclosures regarding loss contingencies, which could impact the firm's financial condition and operating results.","The disclosures indicate that the company follows a conservative and systematic approach for recognizing loss contingencies: it accrues a liability only when an unfavorable outcome is both probable and the loss amount can be reasonably estimated, and otherwise, it discloses reasonably possible losses without recording a balance. This strategy gives investors insight into how the firm is managing its legal risk. Although the company has considerable ongoing litigation--including various patent disputes and regulatory challenges--it has not recorded any material accruals for such loss contingencies as of the recent reporting periods. This suggests that, to date, the potential adverse impacts are not reflected on the balance sheet, even while the detailed disclosures flag potential risks. In effect, the level of detail provided allows analysts to gauge a ""worst-case"" scenario: if future outcomes turn unfavorable, the financial impact could be significant and would negatively affect cash flows, profitability, and ultimately the company's growth and valuation. Therefore, while the current financial metrics are not burdened by these losses, the company's transparency in disclosing all pending litigation risks signals that any adverse ruling or escalation in these legal matters could materially impact its future financial performance and market valuation.","6",""
"189","e5087f13","Impact on timing accuracy for revenue recognition related to XEL meter readings.","Xcel Energy (XEL) recognizes revenue from energy sales as energy is delivered to customers, with the measurement generally based on meter readings that occur systematically throughout the month. At the end of each month, the company estimates the amount of energy delivered to customers since the last meter reading and recognizes the corresponding unbilled revenue. This means that the timing accuracy of revenue recognition is directly affected by the frequency and accuracy of meter readings. If meter readings are delayed or inaccurate, revenue estimates may require later adjustments, which can impact the precision of the timing for revenue recognition. The process relies on estimates for unbilled revenue at month-end, and as more accurate information becomes available, previously recorded estimates are revised, which can affect reported operating results (see Chunk 5).","Xcel Energy's systematic meter reading process ensures that revenue is recognized in a timely and accurate manner. Because energy deliveries are measured continuously throughout the month, revenue recognition closely aligns with actual energy consumption. At month‐end, any energy delivered since the last meter reading is estimated and recognized as unbilled revenue. This approach minimizes timing mismatches between energy delivery and revenue reporting, thereby enhancing accuracy. Additionally, since contract terms are short‐term and no separate financing component is recognized, the process further ensures that reported revenue reflects real-time energy sales without delays or distortions associated with long-term financing adjustments.","8",""
"190","80a834eb","WMT EDLP EDLC margin impact from omni-channel competition.","Walmart's EDLP (Everyday Low Price) and EDLC (Everyday Low Cost) strategies are central to its approach in a highly competitive omni-channel retail environment. EDLP means Walmart consistently prices items low so customers trust their prices will not fluctuate with frequent promotions. EDLC reflects Walmart's commitment to controlling expenses so that cost savings can be passed to customers through lower prices. The margin impact from omni-channel competition is managed through several strategies: - Walmart invests in technology and process improvements to increase productivity, manage inventory, and reduce costs, supporting its EDLC strategy. - The company seeks to improve operating income margin through productivity initiatives and optimizing its business mix, including expanding higher-margin areas like advertising and membership income. - Although intense omni-channel competition pressures margins--due to the need for investments in digital platforms, fulfillment, and delivery services--Walmart's scale, supply chain automation, and cost control measures help it maintain competitive prices and protect margins. - Walmart's gross profit as a percentage of net sales (""gross profit rate"") increased in fiscal 2024, primarily driven by managing prices aligned with its competitive price gaps and lower markdowns compared to the prior year, despite some shifts into lower margin product categories. In summary, Walmart's EDLP and EDLC strategies are designed to sustain margin strength even as omni-channel competition increases, by focusing on cost efficiency, technology, and business mix, though ongoing investments and competitive pressures can still impact overall margin levels.","The question is answerable as a qualitative inquiry into how Walmart's EDLP (Everyday Low Prices) and EDLC (Everyday Low Cost) strategies affect its operating margins and overall profitability amid competitive pressures. In qualitative terms, Walmart's EDLC focus is designed to keep costs low across operations, which helps preserve and even boost operating margins despite the aggressive pricing commitments required by the EDLP strategy. This cost control approach means that while everyday low prices could compress margins in a highly competitive market, the rigorous cost discipline (through efficient supply chain management, technology investments, and scale) tends to mitigate this risk and therefore supports overall profitability.\n\nMoreover, as Walmart faces competition in both physical and digital retail segments, the EDLC strategy plays a critical role in maintaining favorable cost structures, allowing the company to invest competitively in its omni-channel experience without severely impacting margins. However, to concretely quantify the impact on operating margins through calculations, one would normally examine detailed financial statements including cost of goods sold, operating expenses, and margin trends over time. In this case, the reference provides the strategic context but does not offer specific numerical results. Therefore, while a precise quantitative assessment isn't possible without additional data, the qualitative insight is that Walmart's cost control measures, as embodied in their EDLC strategy, help cushion the lower margins inherent in an EDLP pricing approach, supporting stable overall profitability in a competitive environment.","9",""
"193","5ecdc65a","TDG pauses share buyback due to op/market factors FY23-24.","I cannot find sufficient information in the provided documents to answer this question.","The provided reference does not explicitly state the reasons behind the pause in share buybacks, but based on standard operational and market considerations, several potential explanations can be inferred:\n\n1. Operational Priorities or Capital Allocation: The Company may have redirected cash toward other strategic initiatives (such as acquisitions, research and development, or capital investments) rather than share repurchases. The repurchase program remains available, indicating that management is actively weighing the benefits of deploying capital in various ways.\n\n2. Market Valuation Considerations: The management might have determined that current market conditions or the stock's valuation are not optimal for repurchases. If the shares aren't trading at levels that management considers attractive relative to intrinsic value, a pause in repurchases preserves capital for future opportunities when the stock is undervalued.\n\n3. Financial Flexibility and Risk Management: Maintaining liquidity and financial strength could be a priority, especially if uncertainties in the market or industry are high. By not executing repurchases, the Company might be ensuring it retains the flexibility to deal with unforeseen challenges or to invest in higher-return projects.\n\n4. Regulatory or Covenants Constraints: While not explicitly mentioned, sometimes repurchase activities are influenced by external restrictions such as covenants or credit agreement limitations. Ensuring compliance with such financial arrangements can lead to delays or pauses in buyback programs.\n\nAlthough the reference does not provide detailed internal commentary on these decisions, these are common factors that influence a company's decision to pause share repurchases despite having an authorized program in place.","2",""
"191","cb2c3d34","Revenue timing by channel for NIKE (NKE) and its cash flow impact.","NIKE (NKE) experiences moderate fluctuations in aggregate sales volume throughout the year, with revenues in the first and fourth fiscal quarters historically slightly exceeding those in the second and third quarters. This seasonality is due to changes in seasonal and geographic demand for particular types of footwear, apparel, and equipment, as well as macroeconomic and operational factors. The mix of product sales may vary considerably as a result (Chunk 12). In terms of revenue by channel, for the year ended May 31, 2024, NIKE's revenues were split between sales to wholesale customers and direct-to-consumer (NIKE Direct) sales. Specifically, NIKE Brand sales to wholesale customers were $27.76 billion, while NIKE Direct sales were $21.52 billion (Chunk 2, Chunk 1). NIKE Direct revenues represented approximately 44% of total NIKE Brand revenues for fiscal 2024 (Chunk 15). The cash flow impact is seen in the company's consolidated cash flows. For fiscal 2024, NIKE generated $7.43 billion in cash from operations, which includes the timing of collections from wholesale customers and direct sales, changes in accounts receivable, and inventory management. For example, in fiscal 2024, there was a decrease in inventories and an increase in accounts payable, both of which positively contributed to operating cash flow (Chunk 5). To summarize: - Revenue timing is seasonal, with higher volumes in Q1 and Q4. - Revenue channels are split between wholesale and direct-to-consumer, with direct sales making up a significant share. - The timing of revenue recognition and the mix between wholesale (which typically has longer payment terms) and direct-to-consumer (with quicker cash conversion) impacts the company's cash flow, as reflected in operating cash flow metrics and working capital changes.","NIKE, Inc. recognizes revenue differently across its sales channels based on when control of the product transfers to the customer:\n\n1. **Wholesale**: Revenue is recognized when control is transferred either upon shipment or upon receipt, depending on the specific agreement and country. This means that for wholesale transactions, the timing of revenue recognition is linked to the logistics and delivery terms agreed upon with the customer.\n\n2. **Retail**: Revenue is recognized at the time of sale. Since retail transactions occur in-store, the control of the product transfers immediately, and payment is collected at the point of sale.\n\n3. **Digital Commerce**: Revenue is recognized upon shipment. For digital commerce transactions, although control is often transferred when the product is shipped, payment is due immediately at the time of sale. This gives an appearance of immediate payment but the revenue recognition is tied to the shipping event.\n\nThe potential implications for short-term cash flow visibility are as follows:\n\n- **Retail and Digital Commerce**: With both channels effectively collecting payment at the time of sale, cash inflows are immediate. This provides clearer and more predictable short-term cash flow visibility.\n\n- **Wholesale**: Since payment is generally received within 90 days or less of shipment or receipt, there is a lag between revenue recognition and cash collection. This delay can create variability in short-term cash flow, making it less predictable than the other channels. Companies must manage working capital carefully to accommodate potential delays in cash receipts despite revenue being recognized.\n\nOverall, while the direct-to-consumer channels (retail and digital) bolster immediate liquidity, wholesale arrangements require awareness of deferred cash inflows that could impact short-term cash management and planning.","6",""
"192","6ec351e2","$FOXA $800M settlement impact on short-term profitability, cash flow, long-term financial profile.","The $800 million settlement paid by Fox Corporation in April 2023 to resolve the Dominion Voting Systems lawsuits had a notable short-term impact on both profitability and cash flow. This settlement was included in ""Restructuring, impairment and other corporate matters"" in the Consolidated Statement of Operations for fiscal 2023 (Chunk 1, Chunk 5). **Short-term profitability:** The legal settlement significantly affected Fox's profitability in fiscal 2023, as reflected in the sharp increase in ""Restructuring, impairment and other corporate matters"" expense, which rose to $1,182 million in 2023 from $157 million in 2022 (Chunk 5, Chunk 13). This one-time expense reduced net income for the year, but with the settlement completed, net income rebounded in fiscal 2024, increasing by $301 million or 24% compared to fiscal 2023. The increase was primarily due to the absence of the prior year's legal settlement costs (Chunk 12). **Short-term cash flow:** The $800 million payment represented a substantial cash outflow in fiscal 2023. However, as of June 30, 2024, Fox Corporation maintained a strong cash position with $4,319 million in cash and cash equivalents, only slightly down from $4,272 million as of June 30, 2023 (Chunk 7). This indicates that, while material, the settlement did not impair Fox's liquidity or cash reserves in a lasting way. **Long-term financial profile:** Fox Corporation states that while there can be no assurance regarding the ultimate resolution of similar pending matters, the company cannot predict any further material impact. As of now, the settlement has already been absorbed into the financial statements, and the company's equity and cash balances remain robust (Chunks 2, 7). The company's net income and comprehensive income for fiscal 2024 have returned to levels above those in fiscal 2023, suggesting the long-term financial profile remains stable, with no ongoing drag from the Dominion settlement (Chunks 5, 7, 12). **Summary:** - The $800M settlement negatively impacted Fox's fiscal 2023 profit and cash flow, but these effects were limited to that period. - By fiscal 2024, profitability and cash flow had rebounded, and the company's long-term financial position remains solid. - The settlement was a one-time event with no ongoing impact on Fox's long-term financial profile as reflected in subsequent financial statements.","The $800 million settlement is a one-time, nonrecurring expense that was recorded in the fiscal 2023 results of operations as part of restructuring and impairment-related charges. In the short term, this payment reduced net income for the period in which it was recognized and created a significant cash outflow, thereby affecting both profitability and liquidity during that fiscal period. However, because the settlement resolves the Dominion litigation and eliminates ongoing legal uncertainty related to that matter, its impact on future profitability is expected to be limited. Longer-term, while the cash reserve may be lower after the settlement, the absence of recurring settlement-related charges means that operational cash flows and recurring profitability should remain unaffected. In essence, the settlement creates a short-term negative impact on earnings and cash flow, but once the cost is absorbed, Fox Corporation's longer-term financial condition is unlikely to suffer any material adverse effects, assuming that adequate liquidity and capital allocation measures are maintained going forward.","10",""
"197","18ea0563","Regeneron's differentiation strategy focuses on efficacy, safety, and IP vs. pharma and biosimilar competitors.","Based on the provided context, Regeneron's differentiation strategy centers on developing and commercializing innovative medicines for serious diseases, with a strong foundation in scientific research and discovery technologies. The company emphasizes maintaining high standards in efficacy and safety for its products and product candidates. Additionally, Regeneron recognizes the competitive landscape, where drugs and product candidates from other companies may be superior or more cost-effective, and acknowledges the impact of intellectual property (IP) considerations and related litigation risks. Key points include: - Regeneron aims to advance as an integrated biotechnology company by leveraging its research and clinical development capabilities to deliver important medicines (Chunk 5, Chunk 6). - The company faces competition from drugs and product candidates that may be superior or more cost-effective, making efficacy and safety critical aspects of its strategy (Chunk 1, Chunk 3). - Regeneron is attentive to ongoing regulatory obligations and the results of studies or recommendations that could affect the commercial success of its products, further highlighting its focus on safety and efficacy (Chunk 3, Chunk 6). - The company is also mindful of risks associated with the intellectual property of other parties and potential litigation, underscoring the importance of IP protection as part of its competitive strategy (Chunk 1). In summary, Regeneron's differentiation strategy is grounded in scientific innovation, efficacy, safety, and strong intellectual property protection to compete with both pharmaceutical and biosimilar competitors.","The reference indicates that the competitive landscape for therapies such as those marketed by Regeneron is driven by factors including efficacy, safety, reliability, availability, pricing, and, importantly, intellectual property strength. Regeneron differentiates its products by (1) accelerating innovation in the development and clinical testing of its candidates, ensuring that its products meet or exceed safety and efficacy standards compared to both traditional drugs and biosimilars; (2) leveraging its robust intellectual property portfolio, which allows it to protect its innovative molecules (for example, in its anti-VEGF products) against biosimilar challenges; and (3) maintaining a strong focus on reliable product supply and strategic partnerships that support market adoption and competitive positioning. In effect, by combining rapid, high-quality product development with strong IP protections and an established market presence, Regeneron is able to sustain a competitive advantage over both traditional pharmaceutical companies and emerging biosimilar entrants.","8",""
"195","1f0cf87e","CPT leadership structure influences strategic financial decision-making significantly.","I cannot find sufficient information in the provided documents to answer this question.","The leadership structure of Camden Property Trust, as evidenced by the roles outlined in the provided data, supports strategic and financial decision-making in several key ways:\n\n1. Strategic Vision and Oversight: The presence of a Chairman and a Chief Executive Officer (CEO) ensures that there is a clear separation between board oversight and day-to-day management. The Chairman (Richard J. Campo) and the Executive Vice Chairman help set overall strategic direction and governance standards, while the CEO implements these strategies and manages ongoing operations.\n\n2. Focused Operational Management: The roles of President (held by D. Keith Oden) and other senior executives (including the Senior Vice President and Chief Accounting Officer, Michael P. Gallagher) provide a layered management structure. This ensures that strategic initiatives are translated into operational plans with accountability at multiple levels, thereby supporting both long-term vision and immediate execution.\n\n3. Financial Credibility and Responsibility: The inclusion of a Chief Financial Officer (Alexander J. Jessett) and other designated financial officers in the leadership ensures that financial considerations, risk management, and capital allocation are integral to decision-making. This supports informed financial planning and transparency.\n\n4. Specialized Expertise via Trust Managers: The numerous Trust Managers (e.g., Javier E. Benito, Heather J. Brunner, and others) add further expertise, particularly in areas such as governance and asset management. Their involvement ensures that specific matters, including trust-related financial decisions and regulatory compliance, receive focused oversight.\n\n5. Checks and Balances: This multi-tiered leadership framework establishes a system of checks and balances. With specialized roles for strategic oversight, operational execution, and financial management, decision-making processes benefit from thorough review, minimizing risks associated with unilateral decisions.\n\nIn summary, the current leadership structure--with clearly defined roles such as Chairman, CEO, President, CFO, and multiple Trust Managers--strengthens Camden Property Trust's governance framework. It enables robust strategic planning, rigorous financial oversight, and effective operational execution, all of which are critical for sustaining long-term value creation and managing risk.","1",""
"194","59274b9d","WBD's fixed licensing offers more predictable rev growth vs. royalties, providing earnings predictability for investors, WBD.","Yes, Warner Bros. Discovery's (WBD) fixed licensing arrangements offer more predictable revenue growth compared to royalty-based arrangements, which in turn provides greater earnings predictability for investors. Most of WBD's distribution contracts are licenses of functional intellectual property that generate royalty-based revenues, which are recorded as royalties are earned. However, some distribution arrangements are fixed price or contain minimum guarantees extending beyond one year. For these fixed fee contracts, revenue is recognized on a monthly basis, calculated as one-twelfth of the annual license fees specified in the contracts, or pro-rata based on fees earned. This approach leads to more consistent and predictable revenue recognition over the contract period, as opposed to the variability inherent in royalty-based models, where revenue depends on actual usage or sales performance (Chunks 1, 5). Therefore, fixed licensing does provide more predictable revenue and earnings streams, enhancing predictability for investors.","The provided information allows us to analyze the impact of using fixed payments versus sales-based royalties on revenue growth and earnings predictability. Fixed payments for the licensing of intellectual property are recognized either at the inception of the license or, in the case of certain intellectual property that requires ongoing support, over the license term. This method results in a more predictable and stable revenue stream since the company can forecast revenue based on contractual terms regardless of short-term variations in market performance. In contrast, sales-based royalties for films and television programs are recognized as underlying sales occur (for example, box office receipts, pay-TV sales, or streaming transactions). This results in more variability because such revenues are directly tied to the success and market performance of the content. While sales-based royalties can drive higher revenue growth when the content performs well, they also introduce a layer of uncertainty in projecting future earnings because they are dependent on consumer behavior and market conditions.\n\nIn summary, fixed payments contribute to steadier, more predictable earnings that can help in making long-term forecasts, whereas sales-based royalties, while offering a chance for accelerated growth, introduce risk and volatility. This differentiation influences management's revenue growth strategy and the risk profile of future earnings, with the fixed fee structure offering a stable base and the variable royalties providing an opportunity for upside--or downside--based on content performance.","9",""
"199","caa865da","Impact of Hasbro's brand segmentation on long-term rev & profit growth, HAS.","Hasbro's brand segmentation strategy is focused on maximizing long-term revenue and profit growth by concentrating resources on its most valuable and profitable brands, referred to as ""Franchise Brands"" (such as MAGIC: THE GATHERING, Hasbro Gaming, PLAY-DOH, NERF, TRANSFORMERS, DUNGEONS & DRAGONS, and PEPPA PIG). This realignment, implemented in 2023, is part of a broader strategic plan to prioritize fewer, bigger brands with the greatest long-term potential, while scaling back or exiting less core or less profitable areas, such as the sale of the non-core Entertainment One film and TV business (Chunks 1, 5, 7, 10). Key impacts of this segmentation include: 1. Focus on High-Potential Brands: By emphasizing Franchise Brands, Hasbro aims to leverage strong brand equity, fan engagement, and cross-platform opportunities (toys, games, digital, entertainment), which are expected to drive more sustainable and profitable growth (Chunks 5, 7, 10). 2. Operational Efficiency: Segmentation allows Hasbro to streamline operations, direct investment toward higher-margin opportunities, and reduce exposure to less profitable or volatile brands, as seen in the significant declines in Partner and Portfolio Brands in 2023 (Chunk 1). 3. Revenue Trends: While net revenues declined across all brand portfolios in 2023, Franchise Brands showed the smallest decrease (down 3%), bolstered by successes in digital gaming and entertainment tie-ins (e.g., Baldur's Gate 3, Dungeons & Dragons: Honor Among Thieves, Monopoly Go!, and Magic: The Gathering products). In contrast, Partner and Non-Hasbro Branded portfolios saw much steeper declines (Chunk 1). 4. Profitability: The focus on bigger, more profitable brands is intended to improve profit margins over time, even though 2023 saw significant one-time charges and impairments, especially in the Entertainment segment, affecting overall profits that year (Chunk 4). In summary, Hasbro's brand segmentation is designed to concentrate efforts on brands with the most potential for long-term revenue and profit growth, improve operational efficiency, and reduce risk, although near-term results have been impacted by market headwinds and restructuring charges. The expectation is that, over the long term, this focused approach will drive sustainable and more profitable growth.","The provided details clearly show that Hasbro's segmentation of its brand portfolios is deliberately structured to drive long-term revenue and profit growth. Each portfolio has a distinct role in the strategy:\n\n1. **Franchise Brands** - These are Hasbro's flagship assets (e.g., MAGIC: THE GATHERING, TRANSFORMERS, NERF) that are central to generating sustained revenues, profits, and growth. The emphasis on recurring product innovations (for instance, the periodic release of new card sets and themed product lines) helps maintain customer engagement and long-term brand loyalty, ensuring a steady revenue stream.\n\n2. **Partner Brands** - These brands, which Hasbro licenses from other parties such as Marvel and Star Wars, allow the company to capitalize on major entertainment releases with lower development costs. By leveraging the established fan base of these well-known properties, Hasbro can generate additional revenue during high-profile releases. However, revenue in this category tends to be more volatile, reflecting the timing of associated entertainment products, which means risk is spread across different portfolio types.\n\n3. **Portfolio Brands** - This category, which includes brands seen as having growth potential but not yet in the top tier, serves as an incubator for future franchise candidates. By investing in and revitalizing these assets (for example, the reintroduction of FURBY for its 25th anniversary), Hasbro is positioning itself to extract additional long-term profit as these brands mature.\n\n4. **Non-Hasbro Branded Film & TV** - The decision to phase out this category reflects a strategic refocus. By divesting or minimizing non-core film and TV content, the company can concentrate resources on content that directly builds on its core intellectual properties. This strategic realignment helps streamline operations and enables tighter integration between product development and brand development, ultimately strengthening the long-term profitability and brand coherence.\n\nOverall, the segmentation allows Hasbro to manage risk by diversifying revenue streams: stable long-term growth from Franchise Brands, periodic boosts from Partner Brands, potential future gains from Portfolio Brands, and a strategic pivot away from lower-margin or non-core activities. This multi-pronged approach, combined with targeted resource allocation and product innovation, underpins Hasbro's commitment to long-term revenue and profit growth.","9",""
"198","e9524e66","The impact of litigation on CDD cash flows and financial health.","I cannot find sufficient information in the provided documents to answer this question.","The uncertainties surrounding current disputes and litigation can influence Cadence's future cash flows and overall financial health in several ways. First, if any legal matter results in an unfavorable outcome, the company may have to make significant cash outflows to settle claims or pay penalties, thus reducing available liquidity and potentially affecting profitability. Cadence accrues liabilities for estimated losses when litigation outcomes are deemed probable and can be reasonably approximated. This means that changes in litigation estimates can directly impact reported earnings as well as cash reserves. Moreover, because the outcomes of such disputes are inherently uncertain, they can introduce variability and volatility into future financial performance. While favorable outcomes may mitigate potential negative impacts, adverse outcomes could lead to unexpected financial strains, affecting not only short-term cash flow but also the company's overall capital allocation and risk management strategies. No specific numerical calculations are possible with the provided data, but these qualitative insights illustrate how litigation risks influence both current financial reporting and future financial stability.","1",""
"196","a9ad9aac","Initial vs subsequent delivery breakdown for EW ASR Dec23 shares.","For the Edwards Lifesciences (EW) December 2023 accelerated share repurchase (ASR) agreement: - Initial Delivery: On December 12, 2023, EW received an initial delivery of 4.6 million shares of common stock, representing approximately 80% of the total contract value. - Subsequent (Final) Delivery: On December 29, 2023, EW received an additional 0.7 million shares. In total, 5.3 million shares were received under the December 2023 ASR, with 4.6 million delivered initially and 0.7 million delivered upon final settlement.","In December 2023, the ASR agreement was central to Edwards Lifesciences Corporation's repurchase activity. Specifically, under the ASR:\n\n- On December 12, 2023, the company received an initial delivery of approximately 4.6 million shares, which represents about 80% of the total ASR contract value.\n- On December 29, 2023, the remaining approximately 0.7 million shares were delivered, representing the final 20% of the ASR contract.\n\nThis means that out of the total 5.3 million shares (as reported, 5,333,315 shares, with the minor difference possibly due to rounding) purchased in December 2023, the ASR agreement delivered all of these shares in two distinct tranches--initially 80% of the contract value and subsequently 20%.","10",""
"201","9f644173","2023 PP&E & infra inv. trends for EOG Resources.","In 2023, EOG Resources invested significantly in property, plant and equipment (PP&E) and infrastructure. The company funded $6.6 billion in exploration, development, and other PP&E expenditures (excluding asset retirement obligations), with $195 million of this being non-cash. Most of these investments were focused on exploration and development drilling, facilities, and related infrastructure, particularly in major plays like the Delaware Basin, Eagle Ford, Dorado gas, and Utica plays--areas where EOG generates its highest rates-of-return. The company also spent on gathering and processing infrastructure, transportation infrastructure, and environmental projects. EOG's capitalized costs relating to oil and gas producing activities increased, with net capitalized costs rising to $28,767 million at the end of 2023 from $26,531 million in 2022. The gross value of proved properties rose to $69,618 million from $64,657 million, while unproved properties were $2,472 million (down from $2,665 million in 2022). Accumulated depreciation, depletion, and amortization also increased to $43,323 million. Additionally, EOG paid $144 million in cash for property acquisitions, primarily to acquire a gathering and processing system in the Powder River Basin, indicating ongoing investment in infrastructure to support operations. Overall, EOG maintained a strong investment pace in PP&E and infrastructure in 2023, with a continued focus on operational efficiency, expanding production capacity, and supporting long-term growth.","The data shows that spending on Other Property, Plant and Equipment more than doubled from $381 million in 2022 to $800 million in 2023. Notably, $134 million of the 2023 expenditures was allocated for acquiring a gathering and processing system in the Powder River Basin. This significant increase in spending, and the specific investment in processing infrastructure, suggests that EOG Resources is strategically enhancing its infrastructure to support production activities and improve operational efficiency. In contrast to previous years--where investments in this category were lower and primarily related to routine maintenance and smaller-scale capacity expansions--the 2023 initiative reflects a deliberate move toward bolstering downstream assets. This increased focus on capital allocation towards infrastructure may be aimed at reducing bottlenecks, optimizing production flow, and potentially reducing costs in the long term, aligning with strategic investments to strengthen the company's competitive positioning.","8",""
"200","c555ca68","At IFF, board age & innovation risk are critical factors.","Based on the information provided, IFF's executive leadership includes several experienced individuals, with ages ranging from early 40s to mid-60s. For example, J. Erik Fyrwald, the Chief Executive Officer, is 64 years old, and other top executives are mostly in their 40s, 50s, and 60s (Chunk 1). This indicates a leadership team with significant professional experience. Regarding innovation risk, IFF places a strong emphasis on research and development as a key competency. The company invests substantial resources in developing new molecules, compounds, and technologies aligned with consumer insights and market trends. IFF also has a robust portfolio of patents and ongoing research programs to drive innovation (Chunk 9). Additionally, leadership development programs are in place to empower employees to become agents of change and great leaders, supporting sustainable careers and fostering innovation (Chunks 3 and 5). While an older board may suggest deep experience, IFF addresses innovation risk by prioritizing leadership development, continuous learning, and a culture of innovation, aiming to ensure forward-looking decision-making despite the age profile of its leadership.","The provided data lists ages along with a marker (1) that appears to denote board membership. Assuming that the individuals tagged with (1) are the board members, we have the following ages: 64 (J. Erik Fyrwald), 47 (Deborah Borg), 60 (Ralf Finzel), 60 (Simon Herriott), 49 (Jennifer Johnson), 62 (Glenn Richter), and 57 (Angela Strzelecki). The average age is calculated as follows:\n\n(64 + 47 + 60 + 60 + 49 + 62 + 57) / 7 = 399 / 7 ≈ 57 years.\n\nAn average board age of 57 suggests a board with a significant level of maturity and experience. This demographic profile can be beneficial in several ways:\n\n1. Strategic Risk Management: Experienced board members bring a wealth of industry and managerial experience, which can be pivotal in identifying and mitigating strategic risks.\n2. Stability and Long-Term Vision: The maturity of the board may also translate into discipline and focus on long-term corporate governance, creating stability within the company.\n\nHowever, there can be potential drawbacks:\n\n1. Innovation and Dynamism: A board that is relatively older might be more risk-averse and less inclined toward pursuing disruptive innovation. A more diverse age mix, including younger members, could infuse fresh perspectives and a greater appetite for innovative ventures.\n2. Adaptability: Rapid technological change and evolving market conditions may require boards to adapt quickly. The relative conservatism that sometimes accompanies a higher average age could slow down responses to emerging trends.\n\nOverall, while the board's maturity contributes to effective strategic risk management and stability, the company may need to consider complementing its board with dynamic and innovative viewpoints to remain competitive and agile in today's fast-changing environment.","7",""
"174","1533c65a","Net inc. decline driven by op. mkts, factors impacting cost mgmt & pricing for CHRW.","C.H. Robinson Worldwide, Inc. (CHRW) experienced a significant decline in net income in 2023 compared to prior years. Net income dropped to $325.1 million in 2023 from $940.5 million in 2022 and $844.2 million in 2021. This decline was primarily driven by challenging operating market conditions, particularly a weak industry freight demand in 2023. The decrease in demand led to lower gross profits, especially in segments like Managed Services, where gross profits per transaction grew but were offset by a reduction in freight under management. Cost management was also affected by restructuring expenses, such as $13.5 million in severance and related costs and other SG&A expenses stemming from the company's 2022 Restructuring Program. Additionally, while some segments saw increased case volumes and pricing, overall margins were pressured by elevated purchased transportation costs and other operating expenses. In summary, the decline in net income was due to a combination of softer market conditions (weaker freight demand), ongoing cost pressures, and restructuring-related expenses, all of which impacted the company's ability to manage costs and maintain pricing power effectively in 2023.","The significant drop in net income--with 2022 reporting approximately $940.5 million and 2023 only about $325.1 million--is largely mirrored by a steep decline in total revenues, which fell from about $24.70 billion in 2022 to roughly $17.60 billion in 2023. Looking at the components, the Transportation segment experienced a major revenue decrease (from approximately $23.52 billion down to $16.37 billion), whereas the Sourcing segment remained relatively stable. This revenue contraction suggests that operational challenges such as lower shipment volumes, less favorable freight rate environments, or reduced demand in the transportation market may have been key factors.\n\nFrom a cost management perspective, although costs and expenses declined in absolute terms (for instance, purchased transportation and related services fell from about $20.04 billion to $13.89 billion), the proportional drop in revenue was more severe. This contributed to thinner operating margins as the company might not have been able to sufficiently adjust its cost structure or improve pricing in response to a downturn in volumes. In other words, the firm's cost management measures and pricing strategies may not have been aggressive or flexible enough to protect profitability during a period of market pressure. In a competitive environment, if price negotiations become tougher or if clients shift to lower-cost alternatives, a company like C.H. Robinson might see its ability to pass along costs weaken, which could explain the eroding net income.\n\nIn summary, the data indicates that the decline in net income is primarily due to operational factors--especially a significant drop in transportation revenue likely driven by market conditions--and that the firm's cost management and pricing strategies may not have fully mitigated the impact of these adverse market trends.","8",""
"202","d02dfd6a","BIO: LT debt valuation impact from lower unamortized discounts & issuance costs in 2022-2023.","I cannot find sufficient information in the provided documents to answer this question.","The data shows that the unamortized discounts and debt issuance costs decreased from $12.4 million in 2022 to $10.5 million in 2023. With the face amounts of the notes remaining constant at $1,200 million (i.e., $400 million + $800 million) for both periods, this reduction in the discount resulted in a higher reported (net) long-term debt in 2023. Specifically:\n\nNet debt in 2022 = $1,200 million - $12.4 million = $1,187.6 million\nNet debt in 2023 = $1,200 million - $10.5 million = $1,189.5 million\n\nThe decrease in the unamortized discount by $1.9 million ($12.4 million - $10.5 million) directly increases the reported value of the long-term debt by the same amount.\n\nThus, the impact of the decrease in unamortized discounts and debt issuance costs is a $1.9 million increase in the carrying amount of the long-term debt.","1",""
"203","f566afe7","Calculation method for the DTE unionization % gap, with ticker placed last.","To calculate the DTE unionization percentage gap, you would compare the percentage of unionized employees at DTE Energy (the whole company) with that at DTE Electric (the electric utility subsidiary), then subtract one from the other. Based on the provided information: - DTE Energy (overall): 9,950 employees, about 4,900 unionized. - DTE Electric: 4,450 employees, about 2,550 unionized. Calculation steps: 1. Calculate unionization percentage for DTE Energy: (4,900 unionized / 9,950 total) x 100 ≈ 49.25% 2. Calculate unionization percentage for DTE Electric: (2,550 unionized / 4,450 total) x 100 ≈ 57.30% 3. Find the unionization percentage gap: 57.30% (DTE Electric) - 49.25% (DTE Energy overall) ≈ 8.05% So, the calculation method is: (Union employees at DTE Electric / Total employees at DTE Electric) x 100 minus (Union employees at DTE Energy / Total employees at DTE Energy) x 100 Unionization % gap ≈ 8.05% DTE","To find the percentage point difference in unionization between DTE Electric and DTE Energy overall, you first compute each unionization percentage and then subtract one from the other. For DTE Energy overall, divide the number of unionized employees (4,900) by the total number of employees (9,950) and multiply by 100: (4900/9950) x 100 ≈ 49.2%. For DTE Electric, divide the unionized employees (2,550) by the total (4,450) and multiply by 100: (2550/4450) x 100 ≈ 57.3%. The percentage point difference is then 57.3% - 49.2% ≈ 8.1 percentage points. This means DTE Electric has about an 8.1 percentage point higher unionization rate than DTE Energy overall.","10",""
"204","0ca21392","LRCX's cust acquisition & upgrade incentives strategy.","I cannot find sufficient information in the provided documents to answer this question.","Based on the provided reference, Lam Research is aware of the inherent inertia in long‐term customer relationships in the semiconductor manufacturing industry and plans to address this challenge through a strategy focused on continuous innovation and service excellence. Specifically, the company recognizes that once a customer qualifies a supplier's equipment, switching becomes difficult due to the high investment needed for qualification and integration. To win new customers and incentivize current ones to upgrade, Lam Research plans to:\n\n1. Invest significantly in research and development to introduce product enhancements and new technologies that meet evolving customer requirements. This includes improvements in process performance, productivity, defect control, and overall cost‐of‐ownership. \n\n2. Enhance its global manufacturing and supply chain capabilities to ensure timely production and shipping of products, which is crucial for meeting customer timelines.\n\n3. Maintain an extensive global service and support network to ensure high levels of customer support, including the provision of high-quality, cost-efficient spare parts, thus making an upgrade path more attractive.\n\n4. Focus on demonstrating clear performance and productivity benefits that can outweigh the friction of changing established long-term relationships, thereby encouraging current customers to consider upgrading to the latest products.\n\nOverall, by continually advancing its technology and ensuring robust customer service, Lam Research aims to create compelling value propositions that overcome the inertia associated with long-standing supplier relationships.","1",""
"206","12ba240d","Op eff, mkt response, and employee dist. for McKesson.","Here is a summary based on your requested topics for McKesson: Operating Efficiency (Op eff): - For the year ended March 31, 2024, revenues increased by 12%, gross profit increased by 4%, and total operating expenses increased by 12% compared to the prior year. The gross profit margin was 4.15% in 2024, slightly down from 4.47% in 2023. Total operating expenses as a percentage of revenues were 2.89% in 2024, nearly flat compared to 2.88% in 2023. (Chunks 7, 11) Market Response (Mkt response): - McKesson's ten largest customers accounted for about 69% of total consolidated revenues in fiscal 2024, with CVS Health Corporation alone accounting for 28%. The company maintains extended partnerships, such as with CVS (through June 2027), and has distribution agreements with group purchasing organizations and government entities. On the supply side, the largest supplier accounted for 12% of total purchases, with the top ten suppliers making up 67%. McKesson believes its supplier relationships are sound, but notes that loss of a supplier or changes in manufacturer pricing strategies could impact profitability. (Chunk 9) Employee Distribution (Employee dist.): - As of March 31, 2024, McKesson had approximately 51,000 employees worldwide, including 6,000 part-time employees: 35,000 in the U.S., 13,000 in Canada, and 3,000 in Europe (primarily Norway). McKesson supplements its workforce with contractors and consultants as needed. Regarding diversity, women represented 62% of the overall workforce and 43% of leadership, while people of color made up 49% overall and 28% in leadership, based on voluntary self-identification. (Chunk 2) If you need details on any of these areas, such as financial figures or diversity initiatives, let me know!","McKesson employs approximately 51,000 people worldwide, with a significant concentration in the U.S. (35,000 employees), a strong presence in Canada (13,000 employees), and a strategic employee base in Europe (3,000 employees, primarily in Norway). Additionally, the company supplements its workforce with 6,000 part-time employees and contractors as needed, which provides flexibility to adapt to fluctuating business demands and support its operational scalability.","10",""
"205","d952409e","Impact of PSX HCM strat on ops risks & long-term perf.","I cannot find sufficient information in the provided documents to answer this question.","The company integrates human capital management with its overall business strategy by focusing on attracting, developing, and retaining a high-performing and diverse workforce. The four-year union contracts negotiated with six unions, which cover wages and benefits, provide predictable labor cost structures and reduce the risk of labor disruptions. Moreover, the emphasis on DEI and employee engagement through well-structured training, feedback mechanisms, and inclusive practices ensures that the workforce is well-equipped for a rapidly evolving environment. This sustainable approach to talent management and labor stability contributes to the company's operational resilience, which is a positive indicator for long-term financial performance.","1",""
"209","bf2c4db1","Board finance expertise at Alphabet - focused on risk mgmt & capital allocation impact.","Alphabet's board demonstrates significant finance expertise, particularly in risk management and capital allocation, primarily through key members such as Ruth M. Porat. Ruth Porat serves as President, Chief Investment Officer, and Chief Financial Officer of Alphabet and Google. Her responsibilities include overseeing corporate investments, investment vehicles (such as GV and CapG), the ""Other Bets"" investment portfolio, and infrastructure, as well as engaging with policymakers on economic growth and competitiveness (Chunk 2). Porat's extensive background includes serving as CFO and Vice Chairman at Morgan Stanley, where she co-headed Technology Investment Banking and led the Financial Institutions Group. Her experience enables informed oversight of Alphabet's risk management and capital allocation strategies. The board, including Porat and other directors, authorizes and oversees significant capital allocation decisions, such as Alphabet's multi-year, multi-billion dollar share repurchase programs (Chunks 5 and 8). These programs are evaluated in light of prevailing market conditions and the company's economic situation, reflecting the board's focus on balancing shareholder returns with maintaining adequate liquidity and managing financial risks. Overall, Alphabet's board leverages deep financial and risk management expertise to guide the company's strategy, investments, and capital return initiatives, with a direct impact on the company's resilience and long-term value creation.","The expertise of board members with strong finance and accounting backgrounds--exemplified by Ruth M. Porat as Chief Financial Officer and Amie Thuener O'Toole as the Corporate Controller--can enhance Alphabet Inc.'s risk management and capital allocation processes in several key ways:\n\n1. Risk Management Oversight: Their extensive experience in financial reporting and internal controls equips them to identify and assess financial risks more effectively. They can help implement robust risk assessment frameworks and monitor key financial indicators that might signal emerging issues, thereby enabling proactive management of credit, market, and operational risks.\n\n2. Strategic Capital Allocation: With a deep understanding of cash flow management, cost of capital, and investment appraisal techniques, these experts can contribute to more informed decisions on where to deploy capital. Their insights can guide the evaluation of potential investments, mergers and acquisitions, or divestitures by ensuring that the anticipated returns are commensurate with the risks involved.\n\n3. Enhanced Financial Governance: Their financial acumen allows them to critically oversee budgeting, forecasting, and financial planning processes. This oversight ensures that capital is allocated efficiently and that the company maintains the liquidity needed to seize growth opportunities while minimizing unnecessary exposure to financial uncertainty.\n\n4. Integration of Financial Best Practices: By applying industry-standard accounting principles and risk management frameworks, they help ensure that Alphabet's processes are aligned with best practices. This might include the use of stress testing, scenario analysis, and dynamic hedging strategies to safeguard against adverse market conditions.\n\nOverall, the presence of such seasoned professionals on the board strengthens Alphabet Inc.'s ability to balance growth initiatives with prudent risk management, ultimately supporting sustainable corporate performance and long-term investor confidence.","8",""
"207","a03a23e0","Impacts on fin health and risk profile from target litig. risk provisions; TKR.","I cannot find sufficient information in the provided documents to answer this question.","The provided reference gives insight into the nature of Target's litigation risk and the context in which it is disclosed. Although the reference does not include detailed quantitative information such as the specific dollar amounts set aside as litigation provisions or adjustments made in the financial statements, we can infer some key points:\n\n1. Risk Disclosure and Transparency: Target's public disclosure of the litigation and its description of defensive measures indicates a proactive approach to risk management. Transparent risk disclosures help investors understand material risks and the company's potential exposure, which can mitigate perceived uncertainty in the market.\n\n2. Provisions and Impact on Financial Health: If Target decides to record provisions for potential legal liabilities, these provisions can affect the income statement by reducing net income during periods when large contingent liabilities are recognized. Conversely, if the company believes the risk is low or is managing it via legal defenses, it might minimize large one-time expenses. Either scenario directly influences profitability metrics.\n\n3. Overall Risk Profile and Capital Allocation: By acknowledging and factoring in litigation risks, Target can better plan its capital allocation. Setting aside appropriate provisions can reduce the impact of unexpected adverse outcomes, but persistently high litigation risks may lead to a higher risk premium demanded by investors. This, in turn, could affect the cost of capital if investors perceive higher business risk.\n\nIn summary, Target's handling of litigation-related risks through detailed disclosures and, when needed, recording contingent liabilities/provisions generally supports a more accurate reflection of its risk profile. This action helps maintain investor confidence, even if it might lead to short-term earnings volatility. Ultimately, while the net effect on financial health depends on the magnitude of the litigation exposure, the proper management of such risks and transparent reporting are crucial in ensuring that the company's overall financial and risk profile remains balanced.","1",""
"208","02204e09","Impact of capex segmentation on auto risk and growth for Aptiv PLC.","I cannot find sufficient information in the provided documents to answer this question.","The provided data on capital expenditures by operating segment and geographic region can be used to identify several potential risks and growth opportunities that may affect Aptiv PLC's profitability and competitive positioning in the automotive sector. Key insights include:\n\n1. Growth Opportunities:\n   - Increase in Capital Expenditures: Aptiv's rising capital expenditures across the Signal and Power Solutions and Advanced Safety and User Experience segments over the 2021-2023 period indicate a commitment to enhancing technology and product offerings. This can improve competitive positioning by addressing the industry shift towards electrification, connected vehicles, and advanced safety systems.\n   - Geographic Expansion: The consistent and significant investments in regions such as North America, Europe/Middle East/Africa, and Asia Pacific (notably a marked increase in Asia Pacific investments from $149 million in 2021 to $252 million in 2023) suggest that Aptiv is positioning itself in key growth markets. This geographic diversification may reduce dependency on a single region and capture emerging opportunities as global market demands evolve.\n   - Long-Term Supplier Commitments: The fact that many capital expenditures are based on customer commitments secured years in advance implies that Aptiv is well-positioned for future growth. These established supplier-customer relationships can foster innovation and potentially lead to long-term contracts that support revenue stability.\n\n2. Risks:\n   - High Capital Commitments: With total outstanding capital commitments around $246 million and significant annual investments, there is inherent risk if projected vehicle production or technology adoption falls short of expectations. The fixed nature of these commitments--especially those that are non-cancellable--can strain cash flows if market conditions change unfavorably.\n   - Execution and Production Risks: Given that supplier selections are made years in advance, any misalignment between anticipated and actual production schedules, or delays in technology development (particularly in advanced safety and user experience segments), could negatively impact earnings and competitive position.\n   - Regional Market Risks: The diversified geographical investments bring exposure to regional economic uncertainties, regulatory changes, and competitive pressures. For example, macroeconomic slowdowns or abrupt regulatory changes in any of these key regions (Europe, North America, Asia Pacific) could affect the return on these investments.\n\nIn summary, while Aptiv's substantial and growing capital expenditures signal a strong commitment to innovation and market leadership in the evolving automotive sector, they also bring risks related to execution, cash flow management, and potential market volatility. These factors should be closely monitored as part of a broader analysis of the company's strategic positioning and financial health.","1",""
"212","db445d39","Analysis of non-op items for TMO: impact of interest income, interest expense, and other income/expense.","I cannot find sufficient information in the provided documents to answer this question.","We can indeed answer this question using the provided data. The instruction is to take the three non‐operating items for each year--interest income, interest expense (with its absolute value, i.e. ignore its negative sign), and the other income/(expense)--and add them. In doing so we get:\n\n- For 2023: \n  Interest income = 879\n  Interest expense (absolute) = 1,375\n  Other income/(expense) = -65\n  Sum = 879 + 1,375 + (-65) = 2,189 (million dollars)\n\n- For 2022:\n  Interest income = 272\n  Interest expense (absolute) = 726\n  Other income/(expense) = -104\n  Sum = 272 + 726 + (-104) = 894 (million dollars)\n\n- For 2021:\n  Interest income = 43\n  Interest expense (absolute) = 536\n  Other income/(expense) = -694\n  Sum = 43 + 536 + (-694) = -115 (million dollars)\n\nWhat does this tell us? Although the way the question asks for the ""sum"" (i.e. adding the absolute value of interest expense) produces a hybrid measure that shows the overall scale of non‐operating items, the key insight is better seen by comparing it to the net non‐operating effect on income. Normally, if we kept the expense sign for interest expense, we'd get:\n\n- 2023: 879 - 1,375 - 65 = -561\n- 2022: 272 - 726 - 104 = -558\n- 2021: 43 - 536 - 694 = -1,187\n\nThis means that in 2023 and 2022, even though the magnitudes of interest income and interest expense & other costs are high (resulting in an ""absolute"" sum of 2,189 and 894, respectively), the net effect is that non‐operating items have been a drag on pre‐tax earnings (-561 and -558 million, respectively). In 2021 the net non‐operating effect was even more adverse (-1,187 million). In other words, while the gross ""sum"" (with the interest expense made positive) shows the scale of financing-related flows, the net result--as normally recorded--is that non‐operating activities reduce earnings, with a smaller drag in 2023 and 2022 relative to 2021.\n\nThus, the answer is: 2023's sum is 2,189 million, 2022's is 894 million, and 2021's is -115 million (when calculated as instructed). When we interpret these numbers in the context of the income statement, we see that non‐operating items represent a net cost to the firm (-561, -558, and -1,187 million for 2023, 2022, and 2021 respectively), indicating that financing costs and other non‐operating expenses outweigh any interest income. This suggests that even though the gross magnitudes vary by year, in every year non‐operating items have had a negative (detrimental) impact on overall earnings.","1",""
"210","c5e163ca","Purchase commitments schedule for HBAN and its impact on cash flow/cap allocation.","I cannot find sufficient information in the provided documents to answer this question.","The scheduled amounts for purchase commitments are broken down as follows:\n- Less than 1 Year: $195 million\n- 1 to 3 Years: $262 million\n- 3 to 5 Years: $70 million\n- More than 5 Years: $54 million\nTotaling $581 million.\n\nThese obligations require the company to plan for substantial cash outflows based on their maturity profiles. In cash flow forecasting, Huntington Bancshares Incorporated must account for these scheduled commitments to ensure adequate liquidity--is particularly critical for the near-term (less than 1 year) commitments that demand immediate funding. Longer-term commitments (beyond 1 year) will need to be factored into the capital allocation strategy, with appropriate reserves or financing arrangements established well in advance. This proactive management helps in avoiding liquidity shortfalls and ensures that there is enough capital allocated to meet operational and strategic needs against the fixed future payment obligations.","1",""
"211","1ac4c8e6","Volatility in revenue recognition timing for Booking Holdings (BKNG).","Booking Holdings (BKNG) experiences volatility in revenue recognition timing due to several key factors: 1. Booking vs. Check-in Timing: Revenue is generally recognized when the traveler checks in, not when the reservation is booked. This creates a timing difference between when gross bookings (recognized at booking) and revenues (recognized at check-in) are recorded (Chunks 1, 2, 4). 2. Seasonality: The company typically achieves its highest profitability in the third quarter, coinciding with peak summer travel and the highest check-ins, especially in Europe and North America. The first quarter tends to be the least profitable due to lower check-ins (Chunks 1, 2). 3. Booking Window: Changes in the average time between booking and travel (the ""booking window"") impact the alignment of gross bookings with revenue recognition. In 2023, the booking window was longer than in 2022, with more bookings made for travel further in the future, increasing the lag between bookings and revenue (Chunks 1, 2, 5, 8). 4. Impact of External Events: Significant downturns or acceleration in bookings, due to factors such as geopolitical events or pandemics, may not be immediately reflected in revenue, as revenue is only recognized when travel occurs (Chunks 4, 5). 5. Marketing Expense Timing: Marketing expenses are generally incurred and recognized when bookings are made, not when revenue is recognized, contributing further to the volatility between quarters (Chunks 1, 2). In summary, Booking Holdings' revenue recognition is inherently volatile due to the timing differences between when reservations are booked and when travel actually occurs, seasonal travel patterns, fluctuations in the booking window, and the timing of marketing expenses.","The point-in-time revenue recognition method used by Booking Holdings Inc. means that the company records revenue only when it has completed its post-booking services and the traveler begins using the travel services. This approach has a couple of key implications for the timing and volatility of reported revenues:\n\n1. Timing of Revenue Recognition: Because revenue is recognized only at the time of service consumption (i.e., when the traveler starts using the reserved service), there is a delay between when a booking is made (and potentially when cash is received) and when the revenue is recognized. This delay ensures that revenue accurately reflects the performance of the service but also means that revenues from high booking volumes might not appear in the same period as the bookings occur. As such, the reported revenue in the period may be more aligned with actual travel activity rather than the volume of advance reservations.\n\n2. Volatility of Revenue: Since recognition occurs upon the use of travel services rather than at the time of booking, revenues can be more volatile. Factors such as seasonal travel patterns, cancellations, and variations in consumer behavior directly influence when and how much revenue is recorded. For instance, if there is a significant number of cancellations or if travel volumes fluctuate due to economic or seasonal factors, the revenue recognized in a particular period may vary considerably relative to the underlying booking volume. Additionally, any adjustments (for example, due to incentives, rebates, or refunds) are made at the point of recognition, which can further contribute to volatility in the reported figures.\n\nIn summary, while this point-in-time recognition methodology ensures that revenues match the actual delivery of travel services, it also means that there can be significant lags and variability in reported revenues compared to the timing of cash inflows and bookings.","9",""
"215","6ed546b1","Measures for legal/regulatory risk strategy at Rollins include compliance audits, risk assessment protocols, and ongoing training programs, <ticker> ROL.","I cannot find sufficient information in the provided documents to answer this question.","Management outlines several steps to monitor and mitigate risks from current and potential legal and regulatory issues. Firstly, the Company evaluates pending and threatened claims in a structured manner and establishes loss contingency reserves. These reserves are determined using historical claims data, trends, and an independent third‐party actuarial study, coupled with management's judgment about changes in business practices and the nature of claims. Secondly, management actively monitors legal and regulatory challenges, including ongoing investigations and potential claims related to environmental, tax, and employment matters. For example, in the case of environmental investigations involving hazardous waste and pesticide disposal, the Company is engaging with local governmental authorities to ensure compliance--even though management does not currently expect these matters to materially affect financial results. Overall, these measures align with the Company's risk strategy by integrating systematic evaluation of claims with proactive oversight. The approach of regularly updating estimates based on emerging information and relying on both internal judgment and third-party assessments helps the company take timely corrective actions and manage its overall risk exposure effectively.","1",""
"214","f49d2918","The expertise of BorgWarner's board/executives significantly influences mkt challenges & shareholder value, BWA.","BorgWarner's board and executive team bring significant expertise and experience, which supports the company in addressing market challenges and enhancing shareholder value. The executive leadership includes individuals with deep backgrounds in engineering, finance, strategy, operations, and integration, many having held key roles within BorgWarner and at other major automotive or technology companies (see Chunk 1). The company's board diversity also stands out, with 63% of board members as of December 31, 2023, being women and/or racially/ethnically diverse, and 40% of the executive management team having similar diversity. This diversity can contribute to broader perspectives and more effective decision-making, which is valuable in navigating market changes (see Chunk 8). BorgWarner's leadership has guided the company through strategic shifts, such as its focus on electrification (""Charging Forward""), aiming to grow its electric vehicle (eProducts) portfolio through investments and acquisitions (see Chunk 13). Such direction helps the company address evolving industry trends and competitive pressures. Additionally, the board oversees critical areas like Diversity, Equity & Inclusion (DE&I), risk management (including cybersecurity), and compensation, aligning leadership performance with shareholder interests (see Chunks 7, 8, and 11). This oversight and strategic guidance are important in sustaining performance and shareholder value in a dynamic market. In summary, the expertise and composition of BorgWarner's board and executives play a key role in meeting market challenges and supporting shareholder value through strategic leadership, diversity, and effective governance.","The data provided outlines a leadership team and board with a wide array of expertise spanning legal, finance, and operational disciplines. This blend helps BorgWarner in several key ways:\n\n1. Balanced Decision-Making and Strategic Oversight: The presence of executives with strong legal and governance experience, such as Tonit M. Calaway, provides sound oversight on regulatory and compliance matters, ensuring that strategic decisions are made within a robust legal framework. This is complemented by finance professionals like Kevin A. Nowlan, whose background in financial management, coupled with experience from previous executive roles, equips the team to evaluate capital allocation, risk, and profitability effectively.\n\n2. Risk Mitigation and Capital Stewardship: Leaders with finance and treasury backgrounds (for example, Craig D. Aaron and Kevin A. Nowlan) are critical in anticipating market volatilities and devising strategies that safeguard shareholder value. They ensure that BorgWarner's capital is allocated efficiently while maintaining strong oversight on cash flow and cost management, all of which are vital for sustaining long‐term profitability.\n\n3. Operational Excellence and Market Responsiveness: The team's strong operational leadership - especially from roles like Stefan Demmerle and Isabelle McKenzie, who have deep run-ins with managing complex systems and product lines - positions the company to innovate and adapt to changing market trends. Their hands-on experience in technology, production systems, and integration enables BorgWarner to react swiftly to shifts in market demand, production challenges, and global supply chain considerations.\n\n4. Synergistic Governance for Future Challenges: With board members and executives holding roles at multiple high-profile companies (e.g., involvement in Autoliv, Inc., Meritor Inc., and Federal Reserve Bank advisory roles), the team benefits from a network of industry insights. This diverse background fosters an environment where innovative ideas are shared and implemented, thereby positioning BorgWarner to be competitive on an international scale while also enhancing shareholder value.\n\nIn essence, the combination of legal prudence, financial acumen, and hands-on operational expertise creates a dynamic framework. This not only equips BorgWarner to navigate current market challenges such as shifts in global supply chains, evolving regulatory landscapes, and technological disruptions but also prepares the company to seize growth opportunities that ensure long-term shareholder value.","8",""
"213","9d57e365","Trends in DLR equity for 2022-23: APC, divs, comp losses, and overall fin health, dist. - DLR","Based on the provided context, here's a summary of the key trends in Digital Realty Trust, Inc. (DLR) equity for 2022-2023, covering additional paid-in capital (APC), dividends, comprehensive losses, overall financial health, and distributions: **1. Additional Paid-in Capital (APC) and Equity Issuance:** - In 2023, DLR raised approximately $1.1 billion in net proceeds from issuing about 11.3 million common shares under its 2022 Sales Agreement at an average price of $96.35 per share. - After terminating the 2022 agreement in August 2023, DLR entered a new ATM Equity Offering Sales Agreement and raised another $1.1 billion from about 8.7 million shares at an average price of $133.21 per share. - As of December 31, 2023, approximately $343.4 million remained available for future sales under this new agreement. (Chunk 3) **2. Dividends and Distributions:** - DLR continued to make regular quarterly distributions to stockholders and unitholders. The annual rate of distribution per unit was $4.880 in 2023. (Chunk 2) - Distributions are generally funded by cash provided by operating activities, though the company notes it may use borrowings if necessary. (Chunk 2) - Dividends are classified as either dividends or return of capital depending on the source (current/accumulated earnings or excess thereof). (Chunk 2) **3. Comprehensive Losses:** - The provided context does not specify comprehensive losses for 2022-2023. The main financial figures given relate to net income and earnings per share. **4. Overall Financial Health:** - Net income available to common stockholders increased significantly to $908 million in 2023 from $337 million in 2022. Basic earnings per share rose to $3.04 in 2023 from $1.18 in 2022. (Chunk 4) - The company had 312,293,563 shares outstanding as of February 21, 2024. (Chunks 7, 10) - DLR's access to capital remains strong, as evidenced by successful equity raises, but the company acknowledges reliance on third-party capital sources for future needs. Equity or debt financing may not always be available on favorable terms, and unfavorable equity sales could dilute shareholders. (Chunk 13) **5. Distribution Policy:** - DLR intends to continue regular distributions, subject to board discretion, cash flow, financial condition, and REIT requirements. (Chunks 6, 14) **Summary:** From 2022 to 2023, Digital Realty Trust demonstrated strong equity-raising capability, increased net income, continued regular and substantial dividend distributions, and maintained a healthy financial position. The company is mindful of capital market conditions and the potential need for external financing to meet future obligations and growth. There is no explicit information on comprehensive losses for these years in the provided context.","Between 2022 and 2023, Digital Realty Trust's equity section shows some important shifts among its components:\n\n1. Additional Paid-In Capital (APIC) increased from $22,142,868 to $24,396,797, an increase of approximately $2.25 billion. This suggests that during the period the company raised additional funds from equity issuance or received excess proceeds relative to the par value, helping bolster its equity base.\n\n2. Accumulated Dividends in Excess of Earnings worsened from -$4,698,313 in 2022 to -$5,262,648 in 2023. The further negative balance indicates that the company continued to distribute dividends in excess of its earnings. This is not uncommon in REITs and similar companies where steady, often high, dividend distributions are a priority to maintain investor appeal. However, it also means that its retained earnings--or cumulative earnings--are being eroded by these dividend payments.\n\n3. Accumulated Other Comprehensive Loss increased from -$595,798 to -$751,393, a deterioration of about $155,595. This increase in cumulative comprehensive losses may be attributable to adjustments in valuation or other items reflected in OCI, and while it adds to the negative components of equity, its impact is less pronounced than that seen under the dividends account.\n\nWhen considering the overall equity position, total stockholders' equity increased from $17,583,334 in 2022 to $19,117,534 in 2023. This net increase is largely supported by the rise in APIC, suggesting that the capital raised more than offset the deeper negative balances in the accumulated dividends and comprehensive losses.\n\nImplications for Financial Health and Distribution Policies:\n- The growth in APIC implies that the company has been successful in attracting additional investor capital, which can strengthen its balance sheet and support future growth initiatives. \n- On the other hand, the deepening accumulated deficits--both in excess dividends and comprehensive losses--indicate that the company is committed to a distribution policy (consistent with many REITs) that prioritizes returning cash to shareholders even if it means distributing more than current earnings. \n- The overall increase in total equity, despite these negative counters, suggests that the company is managing these trade-offs effectively, maintaining a robust equity base while continuing its dividend policies. \n\nIn summary, the evolution of the equity section signals a company that is raising capital efficiently while upholding a distribution policy that emphasizes shareholder returns, which is typical for REITs. However, the persistent negative balance in retained earnings components (dividend payout in excess of earnings and comprehensive losses) may warrant monitoring over time to ensure that such policies do not compromise long-term financial flexibility.","6",""
"216","a4d1490c","Trend in EPS vs margin shifts & future cap allocation in Weyerhaeuser (WY)","The provided context offers insight into Weyerhaeuser's financial performance, margin shifts, and some indicators relevant to future capital allocation, but does not explicitly provide historical or projected EPS (Earnings Per Share) figures. Margin Shifts: - The Wood Products segment experienced significant margin compression. There was a $1,827 million (72%) decrease in operating income and net contribution to earnings, primarily due to changes in gross margin driven by decreased sales volumes and reduced sales realizations across most product lines. Costs of sales decreased by $467 million (9%) due to these lower volumes and raw material prices [Chunk 7]. - Segment net sales for Wood Products declined from $7,958 million in 2022 to $5,657 million in 2023, reflecting broad-based softness in demand and pricing [Chunk 9]. EPS Trends: - The context does not provide explicit EPS numbers for Weyerhaeuser. However, the sharp decrease in operating income and margins in 2023 implies a likely decline in EPS compared to the previous year, consistent with the overall downturn in sales and profitability. Future Capital Allocation: - Weyerhaeuser is organized as a REIT, which allows it to distribute most of its REIT income to shareholders without paying corporate-level tax, thus favoring dividends as a primary means of capital return [Chunk 15]. - The company's strategic focus includes operational excellence, cost optimization, disciplined capital execution, and profitable sales growth in target markets, suggesting capital allocation will prioritize core operations and shareholder returns through dividends [Chunk 12, Chunk 15]. - There is an emphasis on maintaining strong balance sheet discipline, aligning closely with fiber supply, and reinvesting in operational capabilities. In summary, Weyerhaeuser experienced a notable decline in margins and operating income, likely resulting in lower EPS for 2023. The company is expected to continue its focus on disciplined capital allocation, prioritizing operational efficiency and returning capital to shareholders, primarily through dividends as a REIT. Explicit EPS figures or detailed forward-looking capital allocation plans are not provided in the available context.","The data clearly shows a declining trend in EPS over the three years--from $3.48 (basic) in 2021 to $2.53 in 2022 and $1.15 in 2023--which aligns with similar declines in gross, operating, and net margins. For instance, the gross margin dropped from approximately 40% in 2021 (gross profit of $4,098 million on sales of $10,201 million) to about 22% in 2023 (gross profit of $1,682 million on sales of $7,674 million). The operating margin similarly declined from roughly 35.7% in 2021 (operating income of $3,643 million) to about 15.5% in 2023 (operating income of $1,186 million). Finally, net margins fell from about 25.5% in 2021 (net earnings of $2,607 million) to around 10.9% in 2023 (net earnings of $839 million).\n\nThis alignment between falling margins and declining EPS suggests that the company is facing increasing cost pressures or possibly structural challenges that are compressing profitability across all levels of the income statement. The deterioration in margins, along with the substantial drop in EPS, implies that future profitability may remain under pressure unless corrective actions are taken. Regarding capital allocation, the company might need to reassess its investment strategy by focusing on cost control measures, optimizing its operational efficiency, or potentially reallocating capital towards areas that strengthen its competitive positioning. In a lower margin environment, capital may be more strategically deployed to either streamline operations or to invest in initiatives that could help reverse the trend, such as technological improvements or divestitures of non-core assets. Overall, the declining profitability trends signal a need for a more conservative capital allocation strategy aimed at preserving cash flow and shoring up margins before more aggressive growth or shareholder returns are pursued.","7",""
"221","2d7be62a","WDC's legal risks impact on cap alloc. & financials.","Western Digital (WDC) faces legal risks that have a direct impact on its financial statements and capital allocation. For example, WDC was found liable in an intellectual property litigation case brought by MR Technologies, GmbH, resulting in a jury award of $262 million plus $117 million in prejudgment interest, with the company recognizing an aggregate liability of $384 million as of June 28, 2024. Of this, $291 million was recognized as operating expenses for litigation matters for the year ended June 28, 2024. This significant legal expense affects the company's net income, cash flow, and ultimately its ability to allocate capital toward other strategic initiatives, investments, or shareholder returns. Additionally, the company notes that predicting the ultimate outcome and financial impact of legal matters involves uncertainties, and actual results could differ materially from management's estimates, potentially leading to further adjustments in liabilities and affecting financial results. These legal risks and related financial obligations can divert resources away from growth opportunities, business investments, or debt reduction, directly influencing Western Digital's capital allocation decisions.","The disclosures offer sufficient context to assess the potential impact of adverse legal and tax outcomes on Western Digital Corporation's capital allocation and overall financial health. If the court decisions or IRS matters worsen beyond the amounts already accrued, the company could be exposed to further cash outflows and increased liabilities. This would likely result in a few key strategic adjustments: \n\n1. Cash Flow Management and Liquidity Preservation: The company may need to set aside additional reserves to cover potential future liabilities or face increased borrowing costs if credit ratings are negatively impacted. This shift toward conserving cash would directly affect available funds for capital investments and operating activities.\n\n2. Adjustments in Capital Allocation: With a larger portion of funds earmarked for legal and tax liabilities, the company might reduce expenditures in areas such as research and development, capital investments, or shareholder returns like dividends and share repurchases. Essentially, the priority could shift from growth and strategic initiatives to meeting obligations arising from litigation and IRS controversies.\n\n3. Impact on Financial Health: Further adverse outcomes would likely reduce free cash flow and could place strain on the balance sheet. Beyond the immediate financial outflow, there may be longer-term strategic effects such as diminished investor confidence, potential downgrades by credit rating agencies, and hurdles in maintaining existing growth trajectories.\n\nIn summary, should the outcomes become more severe than anticipated, Western Digital Corporation would likely adopt more conservative capital allocation strategies, emphasizing cash preservation, reducing discretionary spending, and potentially modifying its investment and financing strategies. This conservative stance would aim to safeguard overall financial health amid rising legal and tax-related uncertainties.","9",""
"217","f0e35cd1","exec role dist. strat. supp. MSFT op. eff.","At Microsoft, executive roles supporting distribution strategy and operational efficiency include the Executive Vice President and Chief Commercial Officer (Judson B. Althoff), who oversees commercial business activities, and the Executive Vice President and Chief Marketing Officer (Takeshi Numoto), who has played a key role in transforming Microsoft's go-to-market approach, including distribution strategies for products such as Office 365 (Chunks 2, 5). Microsoft's distribution, sales, and marketing strategy is managed through multiple channels, including OEMs, direct sales, distributors, and resellers. The sales organization works directly with commercial enterprises, manages OEM relationships, and supports partners who engage in sales, consulting, and fulfillment functions (Chunk 4). Distribution agreements are in place with major multinational OEMs, and products are distributed both through direct agreements and via distributor channels for lower-volume manufacturers (Chunk 13). These executive roles and multi-channel strategies are designed to optimize Microsoft's operational efficiency by ensuring broad, flexible, and scalable product distribution worldwide.","The information provided shows a well‐defined executive leadership structure with clearly delineated roles. For example, Satya Nadella as Chairman and CEO leads overall strategic direction, supported by specialized executives such as Amy E. Hood (CFO) for financial oversight, Kathleen T. Hogan (CHRO) for talent and organizational culture, and Judson B. Althoff (Chief Commercial Officer) for commercial strategies. This distribution ensures that each key functional area--finance, human resources, marketing, business development, and operations--is led by specialized executives, thereby promoting focused oversight and accountability. The explicit assignment of roles helps enable cross‐functional collaboration where strategic initiatives can be effectively translated into operational practices. In addition, having experienced executives in these roles facilitates informed decision‐making, risk management, and resource allocation, all of which support Microsoft's strategic direction and bolster operational efficiency. Although the data does not delve into the specific operational routines or reporting relationships, the title structure indicates that the company has set up a leadership framework designed to cover critical areas of its business, ensuring alignment between long-term strategy and day-to-day operations.","7",""
"218","aa629e1a","AMGN's exp. strategy globally and its growth in biotech driven by key market insights.","Amgen's (AMGN) expansion strategy globally focuses on delivering innovative medicines for high unmet medical needs and leveraging its expertise to improve health outcomes and reduce the social and economic burden of disease. Amgen operates in approximately 100 countries and has grown to be one of the world's leading independent biotechnology companies (Chunk 1, Chunk 2). Key aspects of Amgen's global expansion and biotech growth strategy include: 1. **Acquisitions and Portfolio Expansion:** Amgen completed the acquisition of Horizon Therapeutics in 2023, significantly strengthening its rare disease portfolio with first-in-class medicines such as TEPEZZA (thyroid eye disease), KRYSTEXXA (chronic refractory gout), and UPLIZNA (neuromyelitis optica spectrum disorder). This aligns with Amgen's strategy to deliver innovative medicines and expand into new therapeutic areas (Chunk 1, Chunk 2). 2. **Robust and Innovative Pipeline:** Amgen maintains a robust pipeline with potential first-in-class medicines at all stages of development and is advancing new programs in key therapeutic areas, such as obesity, oncology, and rare diseases. The company continues to invest heavily in research and development to strengthen its competitive position and ensure long-term growth (Chunk 2, Chunk 10). 3. **Manufacturing and Supply Chain Excellence:** Amgen has invested in next-generation biomanufacturing facilities in the United States (Rhode Island, Ohio, North Carolina) and internationally (Singapore, Ireland, Netherlands) to expand capacity, increase flexibility, and improve efficiency. These facilities use state-of-the-art and environmentally sustainable technologies, which provide a competitive manufacturing advantage and support global product demand (Chunks 4, 6, 14). 4. **Biosimilars:** Amgen both faces competition from and participates in the development of biosimilars, launching products such as MVASI (biosimilar to Avastin), KANJINTI (biosimilar to Herceptin), and AMJEVITA (biosimilar to HUMIRA). The expansion into biosimilars provides more affordable therapeutic choices and extends Amgen's market reach (Chunk 5). 5. **Market Insights Driving Growth:** Amgen's growth is driven by strong volume increases in key products (e.g., Repatha, TEZSPIRE, EVENITY, Prolia, BLINCYTO), and by adapting to local market conditions and regulatory environments. The company is attentive to global pricing and reimbursement pressures, working with healthcare stakeholders to maintain access while supporting innovation and sustainability (Chunks 2, 12, 14, 15). 6. **Strategic Capital Allocation:** Amgen maintains a disciplined approach to capital allocation, balancing investment in growth opportunities, acquisitions, manufacturing expansion, and shareholder returns (Chunk 2, 12). In summary, Amgen's global expansion and growth in biotechnology are driven by strategic acquisitions, a robust and innovative product pipeline, advanced and sustainable manufacturing, participation in the biosimilars market, and a focus on addressing unmet medical needs in both established and emerging markets. These efforts are supported by a deep understanding of key market insights and local healthcare environments.","Amgen's approach to expanding its presence in diverse international markets is designed to support long-term growth potential and enhance its competitive positioning by leveraging multiple marketing and distribution channels. First, by having a presence in approximately 100 countries, the company reduces its reliance on any one geographic market, thereby mitigating regional risks and diversifying revenue streams. Second, the use of various distribution channels--including direct sales, sales through major pharmaceutical wholesalers (which account for a significant proportion of revenues), and partnerships in key markets like Japan, China, and other regions--ensures that the company can tailor its go-to-market strategies to the specific regulatory and commercial environments of each region. This flexibility not only improves market penetration but also captures local demand more effectively.\n\nFurthermore, the strategic collaborations and partnerships in markets where Amgen does not operate its own sales force enable the company to quickly and efficiently harness the strengths of local market experts. This enhances its competitive positioning by combining Amgen's innovative product pipeline with robust, region-specific sales and marketing strategies. The configuration also supports long-term growth by facilitating sustained access to new customers and markets, which is critical in the biotechnology sector where product lifecycles and market dynamics are continuously evolving.\n\nOverall, the company's international expansion through a dual strategy of direct marketing in key regions (such as the U.S. and Europe) and leveraging established partnerships internationally positions Amgen to respond to market changes, optimize its sales distribution, and solidify its status as a global leader in biotechnology.","7",""
"219","cda3f039","Risk oversight analysis of News Corp board composition.","News Corp's Board of Directors has an established structure for risk oversight, with specific responsibilities delegated to its committees. The Audit Committee holds primary responsibility for overseeing risks related to cybersecurity, receiving regular reports from the CTO and CISO, and updating the Board as appropriate. Additionally, the Board's standing committees assist in overseeing significant risks within their delegated areas. For example, the Compensation Committee assesses progress toward diversity, equity, and inclusion (DEI) objectives annually and reports to the Board, while a Compliance Steering Committee oversees global compliance-related policies. In terms of composition, as of December 31, 2023, the Board was 43% women, reflecting a commitment to diversity. The Nominating and Corporate Governance Committee includes women and minorities in the candidate pool for new Directors. These practices indicate that News Corp's Board is structured to provide integrated risk oversight and is composed to promote diverse perspectives and effective governance.","The provided signatures and roles offer several insights into the company's governance, oversight, and by extension, its approach to risk management. First, the presence of key executive roles (CEO, CFO, Chief Accounting Officer) who are also signatories ensures that the top management is directly accountable for both operational and financial risks. Furthermore, the board includes several independent directors (Kelly Ayotte, José María Aznar, Natalie Bancroft, Ana Paula Pessoa, and Masroor Siddiqui) whose presence suggests a balanced oversight mechanism. Independent directors typically provide unbiased judgment, contributing to robust risk oversight and strategic guidance, which is essential for mitigating potential conflicts of interest. Additionally, the ownership of roles like Chair (Lachlan K. Murdoch) indicates a solid leadership structure that reinforces clear oversight responsibilities. Overall, the mix of executives and independent board members signals a structured approach to risk management, leveraging diverse expertise to address operational, financial, and strategic risks.","7",""
"220","953a9efe","YoY insider trading & ownership for Conagra Brands (CAG).","I cannot find sufficient information in the provided documents to answer this question.","The provided reference only confirms that no modifications were made to the directors' or officers' trading arrangements during the fiscal quarter ended May 26, 2024. It does not provide any information regarding insider trading activity or overall insider ownership levels from the previous year, nor does it offer a comparison metric for such aspects. Without additional historical data or details concerning last year's insider activities and ownership positions, it's not possible to assess whether the current period's stability represents a significant change or consistency relative to the previous year.","9",""
"223","a2e421e0","Rockwell Automation's (ROK) cybersecurity track record impacts profitability & investor sentiment significantly.","I cannot find sufficient information in the provided documents to answer this question.","Not having experienced any material cybersecurity incidents to date can have several positive financial implications and influences on investor sentiment. First, from a profitability standpoint, a strong record of avoiding material cybersecurity breaches suggests that the company's risk management strategies and cybersecurity measures are effective. This success minimizes the likelihood of incurring unexpected costs associated with breach remediation, regulatory fines, remediation expenses, or operational downtime. Consequently, the company can maintain more predictable operating expenses and potentially allocate extra resources toward growth initiatives or improving operational efficiencies.\n\nFurthermore, from an investor perspective, the absence of significant cybersecurity incidents enhances the company's risk profile. Investors tend to value companies that exhibit robust and proactive risk management, as it reduces concerns about future losses or disruptions. This history can lead investors to perceive the company as a lower-risk investment, which may improve market sentiment, potentially lower the cost of capital, and enhance the company's stock valuation. In addition, insurers may also offer more favorable terms if the historical risk of a cybersecurity incident is low, thereby reducing insurance expenses and further positively impacting the bottom line.\n\nIn summary, the financial implications of a clean cybersecurity record include maintained margins through the avoidance of unexpected costs and enhanced profitability due to lower risk-related expenses. This, coupled with improved investor confidence and favorable financing terms, supports a more attractive outlook for future growth and profitability assessments.","1",""
"222","4bb77ba6","FRT's trends in CIP & lease ROU for 2022-23 impact growth/assets strategy.","Based on the provided context, for Federal Realty Investment Trust (FRT), the balance sheet data shows a decrease in construction-in-progress (CIP) and operating lease right of use (ROU) assets from 2022 to 2023: - Construction-in-progress (CIP) declined from $662.6 million in 2022 to $613.3 million in 2023. - Operating lease ROU assets, net, decreased from $94.6 million in 2022 to $87.0 million in 2023. - Finance lease ROU assets, net, decreased significantly from $45.5 million in 2022 to $6.9 million in 2023. These trends indicate that FRT has reduced its investments in new development and possibly completed or slowed down ongoing construction projects. The decrease in lease ROU assets may reflect either the expiration or modification of certain lease contracts, or strategic reductions in leased properties. FRT's overall business and asset strategy focuses on owning, managing, and redeveloping high-quality retail and mixed-use properties in strong markets, aiming for increasing cash flow, internal growth, and capital appreciation (see Chunks 4, 5, 7, and 13). The reduction in CIP could suggest a shift toward completing current projects or being more selective with new developments, potentially as a response to economic conditions such as inflation and higher interest rates, which the company notes as risks affecting its business. In summary, the downward trends in CIP and lease ROU assets from 2022 to 2023 suggest FRT is moderating new development and lease expansion, likely to preserve capital and manage risk, aligning with a strategy that emphasizes stability, high occupancy, and long-term growth in high-demand markets.","The available data allow us to draw some insights. First, the construction‐in‐progress (CIP) balance decreased from $662.6 million in 2022 to $613.3 million in 2023, a reduction of roughly $49.3 million. This decline could indicate that projects recorded as CIP in prior periods have been completed and moved into the ""net real estate"" category. Alternatively, it may be a sign that the Trust is reducing its pace of new development projects, suggesting a potential shift in growth strategy from actively developing new assets to focusing on stabilizing or optimizing its current portfolio.\n\nSecond, the operating lease right‐of‐use (ROU) assets declined from about $94.6 million in 2022 to $87.0 million in 2023, a decrease of approximately $7.6 million, while the finance lease ROU assets showed a much sharper drop from $45.5 million to $6.9 million (roughly $38.6 million decline). The significant reduction in finance lease ROU assets might reflect maturities or renegotiations of lease contracts that previously required capitalization, or a strategic shift away from using finance leases as a vehicle for asset acquisition. The more modest decline in operating leases may similarly indicate adjustments in lease terms or portfolio rebalancing.\n\nCollectively, these variations suggest that the Trust might be recalibrating its asset management strategy by: \n1. Completing and possibly winding down new construction activities, which may point to a stabilization strategy rather than aggressive expansion. \n2. Adjusting its lease structure--potentially reducing its reliance on finance leases--which may be aimed at improving liquidity metrics, reducing financed liabilities, or streamlining balance sheet management.\n\nIn terms of future growth potential, a slowdown in new construction could signal that the Trust is focusing on optimizing returns from its existing properties rather than rapidly expanding its asset base, a move that could lower risk and improve operational efficiency. Meanwhile, changes in the lease accounting arrangements may provide further flexibility in managing financing and asset deployment. These strategic adjustments could serve to strengthen the company's balance sheet and potentially enhance its competitive positioning within the market, albeit with a more measured pace of growth.","9",""
"225","15c80065","Evolving capital allocation in EA's repurchase program, EA.","Electronic Arts (EA) has demonstrated an evolving approach to capital allocation in its stock repurchase programs. In August 2022, EA's Board of Directors authorized a program to repurchase up to $2.6 billion of common stock. Under this program, approximately 10 million shares were repurchased for about $1.3 billion during the fiscal year ended March 31, 2024. This program was terminated on May 8, 2024, and replaced by a new stock repurchase program approved in May 2024, which authorizes up to $5.0 billion in repurchases and expires on May 9, 2027. Under the new program, EA may purchase stock in the open market or through privately negotiated transactions, with the timing and amount of repurchases dependent on price, capital availability, regulatory requirements, alternative investment opportunities, and market conditions. The company is not obligated to repurchase a specific number of shares, and the program may be modified, suspended, or discontinued at any time. EA is actively repurchasing shares under this new program, reflecting a continued and increasing commitment to returning capital to shareholders through share repurchases as part of its overall capital allocation strategy (Chunk 1).","The historical data on the share repurchase programs indicates that Electronic Arts Inc. is evolving its capital allocation strategy by increasingly prioritizing shareholder returns via stock repurchases. Initially, under the November 2020 program, the company repurchased shares up to a total value of $2.6 billion over a defined period, completing those repurchases in October 2022. The subsequent August 2022 program similarly targeted a repurchase amount of $2.6 billion and saw activity in fiscal years 2023 and 2024, though it was eventually terminated and replaced.\n\nWith the new program approved in May 2024, the authorized share repurchase amount has increased to $5.0 billion, and this new program is set to expire in May 2027. This transition illustrates several key aspects of EA's evolving strategy:\n\n1. Expanded Capital Return Commitment: The increase in the repurchase authorization from $2.6 billion to $5.0 billion signals a stronger commitment to returning capital to shareholders. It reflects management's confidence in the company's cash flow and financial stability.\n\n2. Flexibility and Opportunism: The new program's design--allowing repurchases in the open market or through privately negotiated transactions--demonstrates a more flexible and opportunistic approach. It allows EA to adjust the timing and size of repurchases depending on prevailing market conditions, price movements, and other investment opportunities.\n\n3. Strategic Capital Allocation: By superseding previous programs, the company is not just maintaining its buyback discipline; it is scaling it up. This suggests that EA perceives its shares as being undervalued and sees repurchases as an effective way to enhance shareholder value, while also managing its capital in line with its broader strategic goals.\n\n4. Market Conditions and Risk Management: The statement highlights that decisions on repurchase timing and volume will depend on a range of factors, including regulatory requirements and capital availability. This shows that EA is integrating market risk evaluation and capital flexibility into its strategy.\n\nOverall, the transition to a new, larger repurchase program indicates that Electronic Arts Inc. is sharpening its focus on leveraging excess capital to directly boost shareholder returns, even as it remains responsive to market opportunities and risks.","9",""
"224","99f4169e","Q4 2023 DOW buyback vol. & avg. price.","In the fourth quarter of 2023, Dow Inc. repurchased 2,561,161 shares of its common stock at an average price of $48.81 per share.","Dow Inc. repurchased a total of 2,561,161 shares during the fourth quarter of 2023. The table directly provides the average price of $48.81 per share for the fourth quarter, so the overall average price paid per share is $48.81.","10",""
"226","1152079d","Impact of INCY competition on revenue growth & profitability in the short vs long-term.","The provided documents indicate that Incyte (INCY) operates in highly competitive therapeutic areas, particularly Hematology/Oncology and Inflammation and Autoimmunity, with a portfolio that relies substantially on revenues from its lead product, JAKAFI. To sustain and grow revenues, Incyte must continually develop and commercialize new products to offset potential losses when current products lose exclusivity or face competition from new entrants (Chunks 2, 6, 15). In the short term, competition primarily affects Incyte's revenue growth and profitability through the risk of reduced sales as rival products enter the market or as existing products lose exclusivity. This can create immediate pressure on revenue streams and margins if Incyte cannot bring new products to market quickly enough to compensate. In the long term, sustained competition means Incyte must continually innovate and expand its product pipeline to maintain and grow its market position. The company's strategy is to focus resources on selected discovery programs and rapidly progress clinical candidates, aiming for efficient commercialization of new products (Chunks 8, 9, 11). If successful, this approach can support long-term growth and profitability, but failure to innovate or delays in development could lead to declining revenues and profitability as competitive pressures increase. In summary, competition poses risks to Incyte's revenue growth and profitability both in the short and long term: short term through potential sales erosion of existing products, and long term through the ongoing need for successful innovation and commercialization to replace revenues lost to competition and patent expirations.","The provided disclosure does not include specific quantitative data for calculations, but it does offer enough qualitative detail to assess the potential impact of intense competition from larger, fully integrated pharmaceutical companies on Incyte Corporation's revenue growth and profitability. In the short term, this competition may lead to increased R&D and commercial investment by Incyte to defend its market share and establish competitive differentiators. The firm might experience pricing pressures, delays in market entry for its new products, and incurring higher-than-expected costs in clinical development and regulatory approvals. These factors could negatively affect short-term profitability due to higher expenses and possible uncertainty in revenue generation.\n\nIn the long term, if competitors successfully develop products that are technologically superior or lower in cost, Incyte could face sustained market share erosion and margin compression. Long-term revenue growth could also suffer if competitive products secure favorable market positioning--supported by larger financial resources, more extensive commercialization networks, and robust regulatory strategies. Incyte's ability to sustain profitability over the long term would depend on its capacity to innovate more rapidly, secure proprietary advantages (such as patents), and execute successful market strategies. In summary, while the exact numerical impact is not available from the provided data, the competitive landscape described suggests that Incyte might encounter both near-term cost pressures and longer-term challenges in maintaining robust revenue growth and profitability.","9",""
"227","f5ae5eff","Acquisitions, jobber/multi-store integr., consolid., div., pos. for ORLY.","O'Reilly Automotive (ORLY) is actively involved in consolidating the fragmented automotive aftermarket industry through acquisitions and strategic integration of independently owned auto parts stores (referred to as ""jobber stores"") and multi-store chains. This strategy is a core part of their growth and market positioning. Key points regarding acquisitions and integration: - ORLY selectively pursues strategic acquisitions to strengthen its position as a leading automotive aftermarket parts supplier, both in existing markets and as a springboard for expansion into new domestic and international markets. The company believes that national auto parts chains can operate more efficiently than smaller independent operators, leading to continued industry consolidation (Chunk 9). - New stores are typically added by constructing new facilities, renovating existing ones, acquiring jobber stores (by purchasing substantially all inventory and assets, excluding real estate), or purchasing multi-store chains (Chunk 1, Chunk 2). - Recently, ORLY completed the acquisition of Groupe Del Vasto, an auto parts supplier in Canada, broadening its international presence (Chunk 3). - Past acquisitions include Bond Auto Parts, Bennett Auto Supply, and Mayoreo de Autopartes y Aceites (Mayasa), which were integrated into ORLY's store network (Chunk 7). - When integrating acquisitions, ORLY sometimes merges acquired stores into existing locations or rebrands them as O'Reilly stores (Chunk 7). - The company's acquisition and integration strategies are designed to achieve economies of scale in management, advertising, and distribution, and to enhance its competitive positioning in both densely and less densely populated markets (Chunk 1, Chunk 14). In summary, O'Reilly Automotive's approach to acquisitions, jobber and multi-store integration, and consolidation positions the company to expand market share, increase operational efficiency, and maintain a leading role in the automotive aftermarket industry.","The strategic acquisitions, including the purchase of independently owned auto parts stores (jobber stores) and multi-store chains, are designed to consolidate a fragmented market and thus enhance overall market consolidation, revenue diversification, and competitive positioning. By integrating jobber stores, O'Reilly Automotive is able to efficiently acquire additional inventory and operational centers without the need to build new facilities from scratch, thereby accelerating expansion into both established and underpenetrated markets. Meanwhile, purchasing multi-store chains helps to quickly increase market share and create a geographically diverse network. Together, these strategies allow O'Reilly to achieve economies of scale through streamlined management, advertising, and distribution networks. They also enable the company to diversify its revenue streams across a variety of market sizes and locations, minimizing the risk associated with any single market segment. Ultimately, by merging both organic growth (new store openings and store renovations) and inorganic growth (strategic acquisitions), O'Reilly strengthens its competitive positioning by leveraging a more integrated and comprehensive distribution network that meets evolving customer needs in both traditional and omnichannel environments.","9",""
"229","aa94d53c","HD's legal proceedings impact on financials mgmt. justification.","Based on the provided context, there is no information indicating that the HD business (presumably referring to Baxter's HD business) is involved in legal proceedings that directly impact its financials. Instead, the significant financial impact on the HD business relates to asset impairments. In 2023, Baxter recognized $267 million in long-lived asset impairment charges for its HD business, which included $190 million related to manufacturing equipment, operating lease right-of-use assets, and HD equipment leased to customers, and $77 million related to developed technology intangible assets. These impairments were due to the carrying amount of the HD asset group exceeding its forecasted undiscounted cash flows, prompting a fair value assessment using a discounted cash flow model. The impairments were classified within cost of sales in the consolidated statement of income (loss) for the year ended December 31, 2023. The management's justification for these charges was based on the outcome of impairment testing following a segment change and the identification of a triggering event requiring a review of asset values, not on the outcome of any legal proceedings. Therefore, there is no indication in the provided documents that legal proceedings related to the HD business have impacted financials; the primary financial impact has come from asset impairments justified by management through impairment testing and fair value assessments. If you are seeking information specifically about legal proceedings and their effect on the HD business's financials, I cannot find sufficient information in the provided documents to answer this question.","Management justifies that the ongoing legal proceedings and potential penalties under the civil consent decree will not materially impact the company's consolidated financial position and cash flows by emphasizing two key points: First, they have assessed that, based on the current information, none of the legal proceedings--including those potentially arising from violations by third‐party installers--are expected to result in penalties that would cause material adverse effects. Second, any stipulated penalties that might eventually be imposed are anticipated to be offset by the company's ability to recoup these amounts through corresponding fines imposed on the third‐party installers. This dual approach of actively managing the risk and ensuring cost recovery underpins management's view that the financial impact remains limited.","1",""
"231","0d6a8f28","Impact of FAST repurchase auth non-expiring as of 12/31/23 - ticker in last position.","As of December 31, 2023, Fastenal Company (ticker: FAST) had remaining authority to repurchase 6,200,000 shares under a July 12, 2022 authorization, and this repurchase authorization does not have an expiration date. The non-expiring nature of this authorization allows the company flexibility in timing its share repurchases, enabling it to buy back shares as market conditions and company priorities dictate, without the pressure of an impending expiration. This can provide ongoing support for the stock price and allow management to opportunistically enhance shareholder value over time.","The total remaining share repurchase authority as of December 31, 2023, is 6,200,000 shares. The fact that this authorization does not expire provides Fastenal with significant strategic flexibility in its capital management. Without an expiration date, the company can execute share repurchase programs at opportune times, responding to market conditions and optimizing shareholder value over the long term. This non-expiring feature allows Fastenal to adjust the pace and timing of buybacks without the pressure of a looming deadline, facilitating more deliberate and potentially advantageous use of capital for returning value to shareholders.","10",""
"228","ef08b83f","Legal risk mgmt BRK insurance reinsurance.","Berkshire Hathaway manages legal risk in its insurance and reinsurance businesses through a combination of regulatory compliance, underwriting discipline, and ongoing monitoring of claims and legal developments: 1. Regulatory Compliance: Berkshire's insurance and reinsurance subsidiaries are subject to extensive regulation in the jurisdictions where they operate, including the U.S., Europe, and other regions. Regulations cover aspects such as the types of business that can be written, rates charged, capital requirements, investment restrictions, and dividend payments. Berkshire monitors changes in regulations and acknowledges that new or changing regulations can impact its operations and capital allocation (Chunks 3, 4, 9). 2. Underwriting Discipline: Berkshire emphasizes underwriting profit and instructs managers to reject inadequately priced risks. The company seeks to avoid extending coverage beyond its underwriting intent and recognizes that legal or judicial changes (such as new theories of liability) may increase claims costs unexpectedly, sometimes years after a contract is written. This uncertainty is factored into risk management and pricing (Chunks 3, 9). 3. Claims Estimation and Reserves: The company regularly reviews and updates unpaid loss estimates, including those for retroactive reinsurance contracts, and maintains significant reserves for potential claims. As of December 31, 2023, estimated unpaid losses for property and casualty insurance risks were approximately $146 billion. A small percentage increase in these liabilities can materially affect earnings, so careful estimation and monitoring are critical (Chunks 9, 12). 4. International Operations: Berkshire's non-U.S. insurance entities comply with local regulations on licensing, solvency, auditing, reporting, and capital requirements. The company adapts its structure as needed to maintain access to key markets, as seen with the establishment of Berkshire Hathaway European Insurance DAC in Ireland post-Brexit (Chunk 4). 5. Risk of Legal and Judicial Developments: Berkshire acknowledges that changes in laws, regulations, or court interpretations can impose new financial obligations or extend liability. These risks are monitored as part of the company's legal risk management framework (Chunk 9). In summary, Berkshire Hathaway's legal risk management in insurance and reinsurance is based on strict adherence to regulatory requirements, conservative underwriting practices, vigilant monitoring of legal developments, and the maintenance of substantial reserves to address uncertainties in claims and liabilities.","The reference indicates that Berkshire Hathaway considers litigation related to insurance and reinsurance contracts to be a normal and routine part of its business. The company manages and mitigates these legal risks by integrating them into its overall risk management framework. Specifically, Berkshire Hathaway monitors such litigation closely, uses established legal and underwriting practices to contain potential liabilities, and leverages risk transfer mechanisms such as reinsurance. The company's approach is designed to ensure that these legal actions do not have a material effect on its financial condition or its operating results. While the reference does not detail every specific risk management measure, it confirms that the company views these legal risks as inherent to its business model and effectively mitigated through its standard operational protocols.","8",""
"232","33a82061","EAT liquidity facilities in funding ops, capex, M&A.","I cannot find sufficient information in the provided documents to answer this question.","The provided data makes it clear that Eaton structures its short-term financing to ensure it has ample liquidity for day-to-day operations, capital expenditures, and strategic acquisitions. Specifically:\n\n1. Revolving Credit Facilities: Eaton has access to a total of $3,000 million through revolving credit facilities. Although there were no borrowings outstanding at December 31, 2023, these facilities act as a standby source of liquidity. This means that if cash or short‐term investments temporarily fall or if there is a surge in operating needs, the company can draw on these facilities. The revolving credit facilities also support the company's use of short-term funding for paying off commercial paper, thereby managing overall liquidity risk.\n\n2. Commercial Paper Program: Eaton maintains a $3,000 million commercial paper program. While no commercial paper was outstanding at the year-end, this program readily provides short-term borrowing options when market conditions demand a quick infusion of funds. Notably, recent issuances (such as the Euro Notes and 2023 Notes) were used primarily to pay down outstanding commercial paper. This indicates that the commercial paper program is an integral part of Eaton's liquidity management toolkit, used to bridge temporary financing needs and facilitate smooth operational funding while also offering flexibility in capital allocation.\n\n3. Available Bank Lines of Credit: With lines of credit amounting to $1,070 million (of which $451 million was outstanding at December 31, 2023), Eaton has an additional layer of financial backup. These lines, which are primarily used for the issuance of letters of credit, bolster the company's liquidity by supporting trade and short-term obligations. They play a crucial role in ensuring that Eaton has the necessary credit to secure transactions and manage working capital efficiently, especially in scenarios where immediate cash flow might be constrained.\n\nIn summary, these credit arrangements collectively provide a financial safety net. They ensure that Eaton can meet its scheduled debt payments, support ongoing operations, invest in capital projects, and seize acquisition opportunities when they arise. By having diversified sources of liquidity, Eaton minimizes its risk of running into cash shortages and maintains flexibility in its capital allocation strategy.","1",""
"230","8ac481e8","ServiceNow InQuisient litigation fin. impact.","The litigation between ServiceNow and InQuisient Inc., in which InQuisient alleged that ServiceNow's Now Platform infringed three of its patents, was resolved in December 2024 through a confidential settlement agreement. The settlement was for an immaterial amount, meaning it did not have a material financial impact on ServiceNow.","The litigation with InQuisient Inc. could impact ServiceNow's financial condition and operating results in several significant ways. Although the company currently does not believe that the ultimate resolution will result in a material loss, the uncertainty inherent in litigation means that there is a risk of adverse outcomes. In particular, if an adverse determination is made, there is the potential for: \n\n1. Disruption to Services: A negative outcome related to intellectual property claims could prevent ServiceNow from offering some of its services if key technologies are found to infringe on InQuisient's patents.\n\n2. Financial Strain: Although ServiceNow accrues loss contingencies when both probable and estimable, in this case, the company is unable to estimate the possible loss or range of loss. This lack of an estimate reflects the inherent unpredictability of such litigation, and if costs or damages are ultimately significant, this could materially affect the company's financial condition and results of operations.\n\n3. Increased Legal and Operational Expenses: The prolonged nature of the legal proceedings -- with a trial date set for October 7, 2024 -- could result in additional litigation costs, distraction of management focus, and potential changes in capital allocation to mitigate any litigation impacts.\n\nOverall, while there is no quantifiable calculation available from the provided data, the statement highlights that any unfavorable ruling could harm the competitive positioning and operational ability of the company, thereby impairing its financial outcomes.","2",""
"233","a1340975","Constellation Brands manages dilution from share repurchases effectively in its equity comp plans, STZ.","Constellation Brands (STZ) manages dilution from share repurchases in relation to its equity compensation programs through active share repurchase authorizations approved by its Board of Directors. The company has implemented several share repurchase authorizations, including the 2018, 2021, and 2023 authorizations, with billions of dollars allocated for repurchasing shares (Chunk 6). Repurchased shares help offset the impact of dilution caused by shares issued under equity compensation plans, such as nonqualified stock options, restricted stock units, and performance share units, which are granted to employees, officers, and directors (Chunk 13). During Fiscal 2024, Constellation Brands repurchased over 1 million shares of Class A Stock at a cost of $249.7 million (Chunk 7). The company funds share repurchases through cash flow from operations, borrowings, and divestiture proceeds (Chunk 8). The share repurchase program is flexible--repurchases may be made through open market transactions or privately negotiated deals, and the program may be modified or discontinued at any time based on various factors, including market conditions, cash availability, and regulatory changes (Chunks 4, 8). In summary, Constellation Brands uses ongoing share repurchase programs to manage and offset dilution from equity compensation, supporting shareholder value while retaining flexibility to adjust the program as needed.","The information suggests that the share repurchase program is part of the company's broader strategy to manage dilution from future equity issuances under its equity compensation plans. When the company issues new shares as part of stock-based compensation, it increases the total number of shares outstanding, which can dilute existing shareholders' values. By executing share repurchases, the company can effectively reduce the number of shares outstanding, thereby offsetting the dilution. This helps maintain key performance metrics such as earnings per share and can support the stock price. For more granular details, such as the magnitude and timing of these repurchases, one would refer to the MD&A and Note 17 sections mentioned in the reference.","10",""
"235","8fa98b3b","Non-op impact on margins risk growth FY24 MDT.","For fiscal year 2024, Medtronic's (MDT) non-operating items had a notable impact on its margins and risk profile: - Non-operating income, net, was a negative $412 million (presented as $(412) million), reducing reported income before taxes and thus margin (Chunk 1, Chunk 5). - Interest expense, net, was $719 million, further lowering operating margin. - Non-GAAP reconciliations show adjustments for items such as amortization of intangible assets ($1,693 million), restructuring costs, acquisition/divestiture items, litigation charges, and gains/losses on minority investments, all of which affect reported margins (Chunk 4). - The effective GAAP tax rate was 23.4%, but the non-GAAP effective tax rate was lower at 16.0%, reflecting the impact of these adjustments on after-tax margins. Risks to margin growth from non-operating items include: - Volatility in minority investment gains/losses ($308 million loss in FY24). - Ongoing restructuring, litigation, and acquisition/divestiture activity that introduces uncertainty and non-recurring charges. - Interest expense that may increase with higher debt or rising interest rates. In summary, non-operating items in FY24 reduced Medtronic's reported profit margins and add risk to margin growth due to their volatile and sometimes unpredictable nature.","In fiscal year 2024, Medtronic's operating profit was $5,144 million on net sales of $32,364 million, yielding an approximate operating margin of 15.9%. When non‐operating items are considered, the two items in focus--interest expense of $719 million and other non‐operating income of -$412 million--combine to have a net effect of -$1,131 million. Adjusting the operating profit by these non-operating items, the pre‐tax income becomes $4,837 million, which corresponds to a margin of about 14.9% (that is, 4,837/32,364). In other words, the non‐operating charges effectively reduce the profitability margin by roughly 1 percentage point.\n\nThis reduction raises a couple of implications for Medtronic's risk and growth potential. First, the significant interest expense points to a notable reliance on debt financing. This exposure implies potential vulnerability to rising interest rates or changes in debt servicing costs in the future, highlighting an element of financial risk. Second, the negative figure for other non-operating income suggests that non-core items--whether one-off expenses or recurring issues--are also detracting from bottom-line performance. Together, these adjustments imply that while the company's operational performance remains relatively strong, attention to capital structure (and managing the effects of non-operating costs) is critical. Effective management of these costs, alongside maintaining strong operating margins, would be important for supporting future growth prospects and mitigating risk.","8",""
"234","c9c85bc0","Match Group's ops discontinuation impacts diluted EPS & earnings consistency over 3 yrs.","Over the three years ended December 31, 2023, Match Group's discontinued operations had only a minimal impact on diluted EPS and earnings consistency: - In 2021, earnings from discontinued operations were $509,000, which translated to a negligible $0.00 impact on diluted EPS. - In 2022, there was a loss from discontinued operations of $2.2 million, resulting in a $(0.01) impact on diluted EPS. - In 2023, there were no earnings or losses from discontinued operations, so there was no impact on diluted EPS. Overall, the effect of discontinued operations on diluted earnings per share was immaterial across all three years, and thus did not significantly affect the consistency of Match Group's reported diluted EPS or overall earnings attributable to shareholders during this period. The company's diluted EPS from continuing operations remained the main driver of overall earnings per share (for example, $2.26 in 2023, $1.25 in 2022, and $0.93 in 2021) with only minor fluctuations from discontinued operations (Chunks 1, 2, 3, 5).","The provided data allows us to compare diluted EPS figures with and without the impact of discontinued operations over the three years. In 2023, discontinued operations are not reported (i.e., there is no line item), so the diluted EPS of $2.26 reflects only continuing operations. In 2022, the data shows that while the diluted EPS from continuing operations is $1.25, the inclusion of discontinued operations--which contributed a very small net loss (-$2,211 in absolute dollars, translating to a per share effect of approximately -$0.01)--reduces the overall diluted EPS to $1.24. In 2021, although there is a reported figure for discontinued operations, its impact on diluted EPS is effectively nil (reported as $0.00), so the diluted EPS remains at $0.93 whether you include or exclude discontinued operations.\n\nThis exercise indicates that, for the periods under review, discontinued operations had minimal quantitative impact on earnings per share. The near-negligible differences imply that the core (continuing) operations are the primary driver of EPS, suggesting earnings consistency over the period, at least in terms of how discontinued items are affecting the EPS numbers. However, even though the impact is minor historically, companies with discontinued operations could face potential future risks if those discontinued segments have larger or more volatile results. Therefore, while the EPS appears stable due to the consistent performance of continuing operations, analysts should remain mindful of any future changes in the scale or volatility of discontinued operations as they could signal shifts in business structure or risk profile.","10",""
"237","03b6872f","Impact on risk mgmt. & financial rptng from NCLH TESS/Audit oversight & CISO updates.","The Technology, Environmental, Safety and Security (TESS) Committee and the Audit Committee of Norwegian Cruise Line Holdings Ltd. (NCLH) play key roles in overseeing risk management and financial reporting, particularly regarding data protection and cybersecurity. The TESS Committee oversees programs and policies related to data protection and cybersecurity, receiving updates on related risks from the Chief Information Security Officer (CISO) at least annually, and more frequently as needed. The Audit Committee also receives at least annual updates from the Chief Information Officer and/or CISO on cybersecurity and information system compliance matters that could pose risks to financial reporting or operations. The CISO is responsible for overall data security and cybersecurity risk reduction efforts, including compliance, training, awareness, and technical security measures. The CISO's regular updates enable these committees to monitor and address any issues that could affect NCLH's risk profile or financial reporting integrity. This governance structure ensures that both data security risks and potential impacts on financial reporting are regularly reviewed at the highest levels. As a result of this oversight and the CISO's input, NCLH maintains effective internal control over financial reporting, as confirmed by external audit, and is able to promptly identify and mitigate risks that could materially affect its business or financial condition. To date, NCLH is not aware of any cybersecurity threats or incidents that have materially affected or are reasonably likely to materially affect its business, strategy, results of operations, or financial condition, and any expenses incurred from cybersecurity incidents have been immaterial.","The provided data indicates that oversight by the Board's TESS and Audit Committees, combined with regular updates from the Chief Information Security Officer (CISO), strengthens risk management in several key ways that support reliable financial reporting:\n\n1. Coordination and Prioritization of Cyber Risk: The TESS Committee specifically oversees data protection and cybersecurity programs, ensuring that sophisticated and evolving cyber risks are routinely monitored and prioritized. This direct oversight means that cyber risks are not only identified but also appropriately managed, reducing the possibility that an overlooked issue could culminate in a financial reporting error or operational disruption.\n\n2. Regular Reporting and Timely Updates: By receiving consistent updates from the CISO (and in some cases the Chief Information Officer), both the TESS and Audit Committees are kept informed about the status of cybersecurity risk management. These updates allow the Board to promptly address issues that could otherwise impact financial operations, thereby safeguarding the integrity of the financial reporting process.\n\n3. Integrated Risk Management with Financial Impact Focus: The communication framework ensures that cybersecurity risks are assessed within the broader enterprise risk management program. The Audit Committee's oversight particularly focuses on risks that may affect financial reporting, ensuring that any potential financial impact from cyber incidents is mitigated before it can materialize into a material misstatement or loss.\n\n4. Accountability and Transparency: The well-defined roles and responsibilities, especially of a highly qualified CISO with extensive experience and relevant certifications, ensure high standards of accountability. This professional oversight helps maintain transparency and rigor in both risk management procedures and financial disclosures.\n\nOverall, this layered approach to oversight--combining strategic committee oversight, specialized technical management, and regular risk assessments--supports robust internal controls and enhances the reliability of financial reporting by minimizing the risk of unforeseen cybersecurity incidents impacting financial performance.","9",""
"236","91d50c4f","Distribution sales reliance at Builders FirstSource (BLDR) raises op risk & cash flow implications stemming from low installation rev.","Builders FirstSource (BLDR) generates a majority of its revenue from distribution sales, which primarily consist of selling building products it manufactures as well as reselling purchased building products. Revenue from these sales is recognized at a point in time upon delivery to customers, and payment is typically received shortly after the sale (Chunks 6, 10, 11). This reliance on distribution sales, as opposed to installation or service-based revenue, creates certain operational risks and cash flow implications: 1. **Operational Risk**: Distribution sales are sensitive to market factors such as volatility in the prices of lumber and other building products, intense industry competition, general economic conditions, production schedules of customers and suppliers, weather, and labor market dynamics. These factors contribute to variability in revenues, earnings, and cash flows, making it difficult to project operating results consistently (Chunks 1, 3). 2. **Cash Flow Implications**: Since distribution sales represent a significant portion of total net sales, BLDR's cash flows are closely tied to the volume and pricing of these transactions. Periods of low installation or value-added service revenue may exacerbate the impact of fluctuations in distribution sales, further increasing cash flow variability. Additionally, the company faces pricing pressure from large customers (such as production homebuilders), which can limit BLDR's ability to pass on cost increases, potentially compressing margins and affecting cash flows (Chunk 14). In summary, BLDR's heavy reliance on distribution sales, coupled with comparatively lower installation revenue, increases its exposure to operational risks and cash flow variability due to market, pricing, and customer-related factors.","The information provided reveals that less than 10% of the company's net sales come from installation and construction services, meaning that over 90% of revenue is generated through distribution sales. This heavy reliance on distribution sales suggests several key points:\n\n1. Cash Flow Profile: Distribution sales are recognized at the point of delivery, and payment is usually received soon afterward. This results in a faster cash conversion cycle and more predictable and stable cash flows compared to installation or construction services, where revenue is recognized over time based on the progress of the contract.\n\n2. Operational Risk: Distribution sales generally involve fewer operational complexities. The risks associated with long-term projects--such as unexpected delays, cost overruns, or complexities in project management--are minimized. Therefore, the company faces lower operational risk in its primary revenue stream.\n\n3. Overall Business Strategy: With distribution sales forming the majority of the revenue base, the company's performance is less affected by the uncertainties typical of extended service contracts. This focus can lead to more consistent profitability and potentially simpler financial management and forecasting.\n\nIn summary, the company's minimal reliance on installation and construction services indicates a strategic dependence on distribution sales. This reliance reduces operational risk and contributes to a robust, predictable cash flow profile.","7",""
"239","0dbaf98d","2023 op exp breakdown for Westinghouse Air Brake: SG&A, engineering, ticker, amortization.","For the year ended December 31, 2023, Westinghouse Air Brake Technologies Corporation (ticker: WAB) reported the following operating expense breakdown (in millions): - Selling, General and Administrative Expenses (SG&A): $1,139 million - Engineering Expenses: $218 million - Amortization Expense: $321 million These totaled $1,678 million in operating expenses for 2023.","To calculate the total operating expenses for 2023, add the following: \n- Selling, general and administrative expenses: $1,139 million\n- Engineering expenses: $218 million\n- Amortization expense: $321 million\n\nTotal operating expenses = $1,139 + $218 + $321 = $1,678 million.","10",""
"240","efe884cc","Transparency in finance roles at Invitation Homes impacts profitability, INVH.","I cannot find sufficient information in the provided documents to answer this question.","The available reference indicates that within Invitation Homes Inc.'s leadership, two board members have explicit financial or accounting roles: Jonathan S. Olsen, who serves as the Executive Vice President and Chief Financial Officer, and Kimberly K. Norrell, who holds the position of Executive Vice President and Chief Accounting Officer. Their dual roles not only embed finance and accounting expertise at the uppermost level of the company's governance but also serve as a backbone for robust financial oversight. This leadership involvement is critical in ensuring accurate financial reporting, strengthening internal controls, and enhancing overall financial transparency. In turn, this transparency aids external analysts when conducting profitability assessments and risk evaluations, as rigorous financial oversight can translate into more reliable reporting metrics, prudent capital allocation, and ultimately, improved investor confidence and decision-making.","1",""
"238","a40b3fb0","Impact of high common stock holder count on liquidity and market dynamics for JKHY.","Based on the provided information, as of August 15, 2024, Jack Henry & Associates, Inc. (JKHY) had approximately 344,699 holders of its common stock. While the documents do not directly analyze the impact of this high shareholder count, some implications can be inferred: A high number of common stockholders generally indicates a broad distribution of shares among many investors. This tends to enhance the liquidity of the stock because shares are more widely held and traded, making it easier for buyers and sellers to transact without significantly affecting the price. Enhanced liquidity usually leads to narrower bid-ask spreads and more stable market dynamics. Furthermore, JKHY's common stock is quoted on the Nasdaq Global Select Market, which is known for high liquidity and active trading of listed securities. The combination of a large shareholder base and listing on a major exchange supports active trading and efficient price discovery for JKHY shares. In summary, the high number of common stockholders for JKHY likely contributes positively to the liquidity of its stock and supports healthy market dynamics, making it easier for investors to buy and sell shares. However, there is no explicit discussion or quantitative analysis of this impact in the provided documents.","The fact that Jack Henry & Associates, Inc. has approximately 344,699 common stock holders suggests a broad and diverse shareholder base, which can positively impact trading liquidity and market dynamics in several ways. First, a larger number of shareholders typically implies more active participation in trading, thereby increasing daily trading volumes. High trading volumes generally reduce bid-ask spreads, allowing investors to buy and sell shares with less market impact. Second, a dispersed shareholder base reduces the concentration of ownership, meaning that no single investor or small group of investors has disproportionate control over price movements. This dispersion can lead to more stable, efficient pricing as decisions are made by a wide array of market participants. Lastly, while a larger number of shareholders may also include many long-term holders (which can sometimes reduce liquidity), the sheer volume of participants often outweighs this, supporting better market depth and reduced volatility during normal trading conditions.\n\nIn summary, the relatively large number of common stock holders is likely to contribute to enhanced trading liquidity and a more balanced market dynamic for the stock.","9",""
"241","63d1f728","Legal contingencies trends & future impact analysis for NetApp.","NetApp is subject to a rapidly evolving and increasingly complex legal and regulatory environment, particularly regarding privacy, data protection, artificial intelligence (AI), and information security. The company faces growing regulation from federal, state, and international agencies, such as the EU's General Data Protection Regulation (GDPR) and the newly adopted EU Artificial Intelligence Act, which introduces new AI risk categorization, obligations, and prohibitions. Other global governments have also implemented similar comprehensive privacy and data protection frameworks. NetApp must comply with requirements related to cross-border data transfers, including Binding Corporate Rules and Standard Contractual Clauses (SCCs), which have recently been updated to impose stricter contract and operational requirements. These requirements necessitate revisions to customer and vendor agreements and enhanced transparency and data subject rights. The interpretation and enforcement of these laws are uncertain and may change, creating additional compliance challenges. Failure to comply with these evolving laws and regulations could harm NetApp's reputation, result in liability, and adversely impact its business operations and those of its partners, vendors, and customers. The company acknowledges that any failure--or perceived failure--by itself or its partners to comply with relevant laws, regulations, or industry standards could lead to legal claims, financial penalties, and reputational damage. Looking forward, NetApp anticipates continued uncertainty and potentially increasing compliance obligations as cyber-security threats rise and AI technology is adopted more widely. Changes in legal interpretation, enforcement, and new regulations may require ongoing adjustments to business practices and customer agreements, impacting NetApp's operations and financial condition. In summary, the trend for NetApp is toward greater legal and regulatory scrutiny, particularly around privacy, data protection, and AI. The future impact may include increased compliance costs, the need for operational adjustments, potential legal exposure, and uncertainty regarding the interpretation and enforcement of existing and future laws.","The provided disclosure does not offer detailed historical data or trend analytics regarding legal contingencies - it simply describes the nature of potential legal risks and the company's accounting approach for contingencies. Specifically, the text outlines that the company is involved in various legal proceedings (including patent litigation) and explains that, when losses from these events are both probable and estimable, a liability is recorded. However, it does not include past quantitative trends (e.g., frequency of claims, amounts accrued, or historical outcomes) that would allow for a detailed historical analysis.\n\nNonetheless, the narrative does provide insight into how similar future litigation or legal challenges might affect NetApp, Inc.'s competitive positioning and financial health. For instance, if a future adverse ruling were to lead to a finding of infringement or impose monetary penalties, the company might face significant costs including:\n\n- Increased Legal Expenses and Potential Damages: This would affect cash flows and profitability, as significant payouts (or reserves) would need to be reflected in the financial statements.\n\n- Operational Disruptions: Potential product shipment delays, redesigns, or even injunctions could disrupt business operations and erode competitive market advantage.\n\n- Strategic and Financial Implications: Future legal liabilities, even if unaccrued historically, may impact investor sentiment, management's allocation of capital, and ultimately, competitive positioning in the marketplace if additional funds must be diverted to legal defense or restructuring.\n\nIn summary, while the note does not allow us to identify historical trends in legal contingencies, it clearly communicates that adverse legal outcomes in the future could have a material negative impact on NetApp, Inc.'s financial position and competitive status. Management currently believes that the anticipated outcomes will not materially harm the business, though inherent uncertainties remain.","4",""
"244","73531f36","Leadership roles at TROW impact profit & cap allocation.","Leadership roles at T. Rowe Price (TROW) impact profit and capital allocation in several ways: 1. Profit Impact: - The company's ability to attract and retain key personnel is highlighted as a factor that can affect revenues and overall business success. Leadership decisions influence the firm's strategy, execution, and ability to maintain client relationships, all of which are critical drivers of profitability (Chunk 1). - Compensation for leadership, including bonuses, restricted stock units, and other incentive awards, is a significant component of expenses. Variations in total compensation, driven by leadership and talent management decisions, can directly affect net income (Chunk 1). - Leadership is also responsible for setting and managing strategic priorities, including spending levels, which impact the company's expense structure and ultimately profitability (Chunk 1). 2. Capital Allocation: - Leadership oversees capital allocation, including investments in technology, administrative infrastructure, and key strategic initiatives--areas that require judgment and prioritization to support long-term growth (Chunk 1). - The capital allocation-based income, such as carried interest from general partner interests in affiliated private investment funds, is managed by leadership and is recognized as part of income, which can fluctuate based on leadership's investment decisions (Chunk 11). - Leaders also manage the company's liquidity and investment portfolio, determining how much capital is allocated to cash, discretionary investments, seed capital, and hedging strategies (Chunk 10, Chunk 16). In summary, leadership at T. Rowe Price plays a critical role in both profit generation (through talent management, strategic direction, and expense oversight) and capital allocation (investment decisions, portfolio management, and prioritizing strategic initiatives). Their effectiveness in these roles directly impacts the company's financial results and long-term stability.","The provided leadership composition shows a diversity of specialized skills and long tenures across key investment areas, and while we do not have direct financial statement numbers here, we can infer how these capabilities likely drive profitability and optimize capital allocation. For example, the leadership team is composed of individuals with deep expertise in global investments, fixed income strategies, and international equity. Their extensive experience--spanning roles such as chief investment officer, head of global multi-asset, and head of U.S. equity--suggests that the firm can leverage informed, experienced decision-making to identify profitable investment opportunities and manage risks effectively.\n\nBy drawing on decades of expertise in specialized segments, the team is likely to be able to:\n\n1. Make strategic asset allocation decisions that maximize returns relative to risk. The combination of fixed income, equity, and multi-asset specialists helps ensure that capital is allocated efficiently across various portfolios according to market conditions and company strategy.\n\n2. Enhance risk management practices. The leadership's extensive experience in roles focused on risk (e.g., Chief Risk Officer and heads of fixed income areas) indicates that they can anticipate market volatility and adjust portfolio exposures accordingly, thereby protecting profitability.\n\n3. Drive operational efficiencies and cross-divisional insights. With many leaders holding multiple roles over their careers and rigorous corporate oversight (as evidenced by long tenures and varied positions such as legal, treasury, and global distribution), the organization can integrate insights across segments. This integration supports better capital allocation by ensuring that strategic investments in growth areas are balanced with risk management and cost control measures.\n\n4. Support long-term strategic planning. Leadership with a strong track record in investment management likely contributes to more effective long-term capital planning that not only aims at returns but also at maintaining liquidity and financial stability, therefore fueling sustainable profitability.\n\nWhile no direct calculations are applicable from the leadership bios alone, the insights gleaned support the view that T. Rowe Price leverages its high-caliber leadership to achieve competitive positioning, efficient capital allocation, and ultimately, improved profitability.","8",""
"245","632f159a","Contract progress input metrics for Jabil.","I cannot find sufficient information in the provided documents to answer this question.","Jabil Inc. defines progress on contracts with over time customers by using an input method, where the measure of progress is based on the costs incurred to date relative to the total estimated cost at completion. In other words, as the company incurs costs on a contract, it recognizes revenue proportionally to the cost incurred compared to the expected total cost, which reflects the ongoing performance and the transfer of control to the customer. This method ensures that revenue recognition aligns with the work completed on the contract and is typically aligned with the contractual standalone selling price of the goods or services provided.","1",""
"243","02037b95","Diversity in TT execs drives strategic value creation for the company, TT.","I cannot find sufficient information in the provided documents to answer this question.","The provided information clearly illustrates a diversity of backgrounds among the executive officers of Trane Technologies plc and allows us to assess how their varied expertise underpins the company's strategic initiatives and long‐term value creation. For example, with Christopher J. Kuehn serving as the Chief Financial Officer, the company benefits from robust financial oversight and strategic capital allocation. Paul A. Camuti's extensive background in technology and sustainability supports innovation and the development of cutting‐edge solutions in a rapidly evolving market. Operational expertise is reflected in Raymond D. Pittard's leadership in integrated supply chain management, which is critical for ensuring efficiency and responsiveness in global operations. Legal and regulatory concerns are addressed by Evan M. Turtz, whose role as General Counsel helps mitigate risks and ensure compliance, thereby protecting the company's long‐term interests. Similarly, Mairéad A. Magner's focus on human resources boosts talent management and organizational capability, aligning the workforce with strategic goals.\n\nIn summary, this blend of expertise enables the company to pursue a balanced approach to growth: solid financial management adds credibility and investment discipline; technological and sustainability initiatives drive innovation and competitive differentiation; efficient operations enhance cost control and supply chain resilience; and strong legal and human resources functions ensure risk management and organizational cohesion. This multifaceted leadership framework is essential for achieving sustainable long-term value creation and executing strategic initiatives effectively.","1",""
"246","31184bc1","Segmentation of LT debt interest & maturity for NSC, ticker at the end.","I cannot find sufficient information in the provided documents to answer this question.","The provided data does allow us to break down Norfolk Southern Corporation's long‐term debt by both its interest rate/maturity buckets and by the maturity timing (near‐term vs. later years).\n\n1. Allocation by Interest Rate and Maturity Buckets (as of December 31, 2023):\n   - 4.20% Notes and Debentures maturing to 2028: $2,370 million\n   - 4.03% Notes and Debentures maturing from 2029 to 2033: $3,094 million\n   - 4.32% Notes and Debentures maturing from 2034 to 2064: $11,247 million\n   - 5.22% Notes and Debentures maturing from 2097 to 2121: $1,384 million\n   \n   (Other items such as securitization borrowings, finance leases, and certain discounts are adjustments made in arriving at the total; the principal breakdown is provided above.)\n\n2. Allocation of Near‐Term Versus Later-Year Maturities:\n   The long‑term debt maturities subsequent to 2024 are provided as follows:\n   - Maturities in the near term (2025-2028):\n     - 2025: $556 million\n     - 2026: $602 million\n     - 2027: $621 million\n     - 2028: $602 million\n     Total for 2025-2028 = 556 + 602 + 621 + 602 = $2,381 million\n   - Later maturities (2029 and subsequent years):\n     - Total = $14,794 million\n   \n   The total long‑term debt (excluding current maturities and short‑term debt) is reported as $17,175 million.\n   \n   To calculate the percentages:\n   - Percentage maturing in the near term = (2,381 / 17,175) x 100 ≈ 13.86%\n   - Percentage maturing in later years = (14,794 / 17,175) x 100 ≈ 86.14%\n\nThus, Norfolk Southern's long‑term debt is predominantly held in the later maturities (approximately 86.14%), with only about 13.86% of the debt maturing in the near term (2025-2028).","1",""
"242","bec34c30","Tech/mobility investments by PAYX drive competitive edge & cost efficiencies.","Paychex (PAYX) achieves a competitive edge and cost efficiencies through continuous investments in technology and mobility. Their proprietary, cloud-based SaaS platform, Paychex Flex, integrates advanced data analytics and artificial intelligence (AI) to provide a seamless and intuitive user experience across devices, allowing clients and their employees to access HR and payroll services anytime, anywhere (Chunks 6, 7, 13). This device-independent design maximizes convenience, increases employee retention, and improves client productivity. Their technology-enabled solutions reduce the total cost of ownership for clients and allow for scalable, customizable service as businesses grow (Chunks 4, 5). The use of AI, such as the Paychex Flex Intelligence Engine and Flex Assistant chatbot, streamlines customer service, automates routine queries, and enhances efficiency, handling nearly two-thirds of client questions with high satisfaction scores (Chunk 14). By automating compliance updates and payroll processing, and leveraging their SaaS delivery model, Paychex not only differentiates itself from competitors but also drives operational cost efficiencies for both the company and its clients (Chunks 1, 3, 4, 8). These ongoing investments in digital and mobile technology are central to Paychex's strategy for growth, client retention, and maintaining industry-leading margins.","The qualitative data in the reference indicates that Paychex's investments in leading‐edge technology and mobility applications serve two primary functions. First, they enhance the company's competitive position by providing a differentiated service that emphasizes ease of use, technological accessibility, and a broad array of service offerings. This technological edge - which is integrated with personalized support from industry professionals - allows Paychex to stay ahead of both traditional HR service providers and emerging online competitors. Second, the adoption of advanced and mobile-enabled solutions helps drive cost efficiencies by automating processes, reducing manual intervention, and streamlining service delivery. This integration not only supports scalable operations but also helps lower operational costs over time, as the company can manage larger volumes of transactions and customer interactions more efficiently. While the reference does not provide specific numerical data or direct cost calculations, it lays out the strategic rationale behind how such technology investments contribute to both a competitive market stance and the potential for improved cost structures.","9",""
"249","3aeadfbc","MTCH's litigation exp., contingent liabs. affect profitability & cap allocation.","I cannot find sufficient information in the provided documents to answer this question.","The provided disclosure text offers a qualitative overview of several significant litigation matters--including class actions, regulatory investigations, and derivative lawsuits--that Match Group has been involved in, but it does not include specific historical or current numerical data regarding litigation expenses or the size of contingent liabilities. In other words, while the company details the scope, nature, and progress of each legal proceeding (for example, noting dismissals, settlements, and pending motions), it does not offer detailed line items or trends that would allow an analysis on the dollar amounts historically spent or set aside for litigation and contingent liabilities.\n\nIn terms of the potential impact on overall profitability and capital allocation strategies, the narrative suggests several key points:\n\n1. Significant litigation matters, such as the class actions and FTC cases, are acknowledged but are described in ways that indicate many claims have been dismissed, settled on non-material terms, or are being vigorously defended. This implies that although litigation costs and contingent liabilities are a recognized risk, the company believes they have strong defenses in place and insurance coverage may mitigate the financial impact.\n\n2. Without explicit expense data or historical trend figures, it is difficult to quantify how these litigation-related costs have affected profitability metrics (such as net income or operating margins) in the past or their projected effect on future cash flows. However, the fact that the company continues to allocate resources for litigation defense and potential settlements indicates that these financial risks are taken into account as part of overall capital planning and risk management.\n\n3. The absence of explicit numerical disclosures in the given reference means that, for investors, a deeper analysis would necessitate reviewing supplemental financial statements or footnotes in Match Group's annual or quarterly filings (10-Ks and 10-Qs) where any provisions for litigation expenses, contingent liabilities, or related insurance recoveries might be quantified.\n\nOverall, while the provided narrative contextualizes the spectrum of litigation risks that could influence profitability and capital allocation, it does not provide the granular, quantitative data needed to perform a detailed numerical analysis of litigation expenses or contingent liabilities. Investors would need to refer to additional financial disclosures for precise figures.","2",""
"248","93c46d80","Judgment calls on ICE revenue recognition estimates affect FP during contract renewals/restructuring, ICE.","I cannot find sufficient information in the provided documents to answer this question.","Intercontinental Exchange, Inc. makes several key judgment calls and estimates when determining the timing of revenue recognition. First, management evaluates customer contracts to identify distinct performance obligations--services or products that are promised to be transferred to the customer. This involves decisions about whether certain bundled products and services should be accounted for separately based on their distinct nature. The company then allocates the transaction price to these individual obligations, relying on estimates of when each service or good is delivered to the customer.\n\nAnother area of judgment involves determining the point in time or over the period when these performance obligations are satisfied. For most of the short-term contracts (i.e., less than one year), the allocation method may be straightforward; however, for longer-term contracts or those involving variable consideration (such as those with significant contract renewals or restructured service bundles), management's estimates become crucial. For example, if a contract is renewed or its service mix is restructured, the timing of fulfilling each performance obligation could change significantly. This might result in an acceleration of revenue recognition if services are delivered sooner than anticipated, or a deferral if obligations extend into a later period. Such adjustments can materially impact the period's reported financial performance by altering both recognized revenue and deferred revenue balances.\n\nAdditionally, the treatment of contract acquisition and fulfillment costs--which may be capitalized or expensed based on estimates of recoverability and the asset's amortization period--also relies on management judgments. Variations in these estimates could affect operating margins and profitability, particularly in periods with substantial changes in contract compositions (like renewals or restructuring).\n\nIn summary, the timing of revenue recognition at Intercontinental Exchange, Inc. is significantly influenced by estimates regarding the identification of performance obligations, the allocation of transaction price, and the determination of when each obligation is met. These estimates can shift revenue between periods, thereby impacting reported earnings and deferred revenue balances, especially in periods with significant contract renewals or when service bundles are restructured.","1",""
"247","9cd38954","Net inc. & rev. % change from 2021-2023 reflects profitability & cost efficiency for Aon (AON).","From 2021 to 2023, Aon's total revenue increased from $12,193 million in 2021 to $13,376 million in 2023, representing a revenue growth of approximately 10%. Net income attributable to Aon shareholders grew from $1,255 million in 2021 to $2,564 million in 2023, which is an increase of over 100%. This significant increase in net income, despite a 10% rise in revenue, indicates improved profitability. However, operating expenses also rose from $10,103 million in 2021 to $9,591 million in 2023 (noting a dip in 2022), and the operating margin slightly decreased from 29.4% in 2022 to 28.3% in 2023, reflecting some pressure on cost efficiency due to higher expenses related to growth initiatives, legal settlements, and restructuring charges. Overall, Aon demonstrated strong profitability growth between 2021 and 2023, though cost efficiency was somewhat impacted in 2023 by increased operating expenses, as evidenced by the slight decline in operating margin.","Between 2021 and 2023, net income attributable to Aon shareholders grew from $1,255 million to $2,564 million, which is an increase of approximately 104% [(2,564 - 1,255)/1,255 * 100]. In contrast, total revenue increased from $12,193 million to $13,376 million, representing roughly a 9.7% rise [(13,376 - 12,193)/12,193 * 100]. This significant disparity indicates that, despite modest revenue growth, the company has substantially enhanced its profitability, likely through improved operational efficiency and tighter control over its expenses.","9",""
"250","72265591","Impact of AVY sanction order on legal costs & risk profile, with RFID alternatives considered.","The sanction order in the ADASA Inc. v. Avery Dennison Corporation litigation resulted in significant legal costs and impacted Avery Dennison's (AVY) risk profile. As of December 30, 2023, AVY had recorded a contingent liability of $82.9 million for this matter, reflecting their best estimate of the anticipated judgment. The district court's revised sanction order in January 2024 lowered the sanction from approximately $20 million to about $5.2 million, based on a royalty applied to late-reported tags, consistent with the amount already accrued by AVY. Additional legal costs have been incurred due to ongoing appeals and post-trial motions, with AVY planning to continue appealing recent court decisions. Regarding the company's risk profile, AVY acknowledges that future legal expenses to resolve proceedings could be higher than currently accrued liabilities, but it is unable to reasonably estimate the potential additional costs. The company also states that, based on current information, the ultimate resolution of these legal proceedings is not expected to be material to its overall financial position, results of operations, or cash flows. In response to the litigation, AVY has largely completed its migration to alternative encoding methods for its RFID tags. This strategic move helps mitigate future legal risks related to the disputed patent and reduces exposure to further sanctions or royalty payments associated with the ongoing litigation. In summary, the sanction order has led to substantial accrued liabilities and legal costs for AVY, while the migration to alternative RFID encoding methods is a risk mitigation measure that should help reduce the company's legal exposure going forward.","The information provided allows us to assess qualitatively how both the recent lowering of the sanction order and the migration to alternative RFID encoding methods could affect the company's future legal costs and long-term risk profile. First, the revised sanction order, which reduced the imposed sanction from approximately $20 million to about $5.2 million, directly lowers the potential financial burden that might otherwise have been triggered by the litigation outcomes. This reduction not only limits the immediate legal expense in this matter but may also set a precedent for more favorable judicial considerations in related disputes, thereby potentially mitigating future legal liabilities. Second, the transition to alternative RFID encoding methods represents an operational risk management initiative. By moving away from the technology that is at the center of the patent infringement claim, the company is positioning itself to reduce exposure to similar patent disputes in the future. This proactive adaptation can lower the likelihood of incurring additional litigation costs and legal risks, contributing to a more stable long-term operational risk profile. In summary, the lowered sanctions reduce near-term financial exposure due to litigation, while the strategic technological migration helps to mitigate future legal risks and potentially fosters a stronger competitive positioning by reducing dependency on a technology that has been subject to patent disputes.","9",""
"253","c7efd5b0","Impact on valuation risk from Genuine Parts liability estimate uncertainty is significant, GPC.","I cannot find sufficient information in the provided documents to answer this question.","The provided data allows us to evaluate the impact of liability estimate uncertainties on the valuation and risk profile of Genuine Parts Company. In 2023, the company estimated its product liability accrual at $244 million based on a calculated range from $196 million to $277 million--a spread of $81 million. This range captures the uncertainty inherent in predicting future claims and represents a significant degree of variability. From a valuation standpoint, such uncertainty can affect the company in several ways:\n\n1. Risk Premium: Investors may view the wide range as an indication that future liability costs have a high degree of uncertainty. To account for this additional risk, a higher risk premium might be demanded, which could in turn increase the company's cost of equity and overall cost of capital.\n\n2. Discounting Future Cash Flows: Uncertainty in liabilities forces analysts to be more conservative when discounting projected cash flows. This often results in a higher discount rate, thereby reducing the present value of future cash flows and, consequently, the overall valuation of the company.\n\n3. Contingency Reserves: The need to reserve for potential outcomes within the liability range can affect the company's reported earnings and cash flow, adding further caution to valuation models that consider these figures.\n\n4. Perceived Stability and Credit Rating: A wide range in estimated liabilities may signal potential volatility if adverse outcomes materialize. This can impact the company's perceived credit risk and, by extension, its funding costs and capital allocation decisions.\n\nAlthough the company does note that its insurance coverage, defense strategies, and historical resolution of claims suggest that these risks are manageable within the ordinary course of business, the inherent uncertainty in the liability range still contributes to an elevated risk profile. Investors and credit analysts will likely factor these uncertainties into their assessments, potentially leading to a more cautious valuation and a higher emphasis on risk management in any future projections.","1",""
"252","94d9c7ca","Employee growth multiplier for PAYC vs expected target.","Based on the information provided, Paycom Software, Inc. (PAYC) has grown its business at a 23% compound annual growth rate (CAGR) in total revenues from January 1, 2020 through December 31, 2023. This revenue growth has resulted in substantial investments that have driven increases in employee headcount, as stated in the context. As of December 31, 2023, Paycom employed 7,308 people, substantially all of whom are full-time employees. However, there is no explicit mention of a specific ""employee growth multiplier"" or a detailed comparison to an ""expected target"" within the provided documents. In summary, while there is clear evidence of significant employee growth associated with Paycom's revenue growth, the exact employee growth multiplier versus an expected target is not specified in the documents provided. If you need a precise multiplier or a direct comparison to a stated target, I cannot find sufficient information in the provided documents to answer this question.","The question cannot be answered with the provided data. Although we know the current year's employee count (7,308), the information does not include the previous year's employee count needed to calculate the growth multiplier, nor does it mention the expected growth target for comparison.","9",""
"254","a8b1f59c","12/31/23 vs COP LTD 2022","Based on the provided context, the comparison of ConocoPhillips (COP) as of December 31, 2023 versus 2022 is limited to certain details about inventories and acquisitions: - Inventories at December 31, 2023, were $1,398 million, up from $1,219 million at December 31, 2022. - In 2023, COP completed the acquisition of the remaining 50% working interest in Surmont, making it a 100% owned asset. The total consideration for this acquisition was $3.0 billion. No further details about overall revenues, profits, or other financial metrics for COP for 2023 versus 2022 are provided in the available context. If you are seeking a more comprehensive comparison (such as revenues, net income, or earnings per share), I cannot find sufficient information in the provided documents to answer this question.","Based on the provided data, the total long-term debt of ConocoPhillips as of December 31, 2023, is $17,863 million. In comparison, the long-term debt as of December 31, 2022, was $16,226 million. This represents an increase of $1,637 million (or approximately a 10.1% increase) from 2022 to 2023.","2",""
"255","329da134","Audit cmte overseeing cybersecurity at LRCX to mitigate financial risks.","At LRCX (Lam Research Corporation), the Audit Committee is responsible for reviewing and monitoring the company's cybersecurity and information security policies, as well as its internal controls regarding cybersecurity and information security. The Audit Committee regularly receives reports from the Chief Information Security Officer (CISO) on information security risks at least quarterly, and at least annually to the Board. The Committee also reports regularly to the Board and recommends actions as necessary. This oversight helps mitigate financial risks by ensuring that the company's cybersecurity threats and incidents are actively managed and that such risks have not, to date, materially or adversely affected the company's business strategy, results of operations, or financial condition (see Chunk 2).","The provided data explains that the Board of Directors, through its audit committee, plays a central role in overseeing the company's cybersecurity policies and practices. Specifically, the Board and the audit committee:\n\n1. **Oversight & Regular Review**: The audit committee is responsible for reviewing and monitoring the company's cybersecurity and information security policies along with the internal controls related to cybersecurity. This involves regular assessments of risk mitigation strategies, ensuring that security procedures are effective and up-to-date.\n\n2. **Reporting Structure**: The Chief Information Security Officer (CISO) reports to the audit committee at least quarterly and to the Board annually. This reporting structure ensures that high-level management is kept informed about cybersecurity risks and incidents, allowing the Board to make informed decisions on whether additional measures are needed.\n\n3. **Integration with Enterprise Risk Management (ERM)**: Cybersecurity risk assessments and mitigation strategies are integrated into the broader ERM framework. This integration reinforces that cybersecurity is a critical component of overall risk management, with the audit committee playing a key role in ensuring that the organization's approach is both comprehensive and responsive to emerging threats.\n\n4. **Independent Reviews and External Advice**: The audit committee benefits from the inclusion of independent third-party evaluations and external benchmarks. This external oversight further strengthens the policies and helps ensure that the company is aligned with evolving industry standards, such as the ISO 27001-2022 certification held at the headquarters.\n\nThe oversight provided by the Board, particularly via the audit committee, can help mitigate potential financial losses in several ways:\n\n- By ensuring that robust cybersecurity policies and risk management strategies are in place, the likelihood of a successful breach or security incident is reduced, thereby protecting intellectual property and sensitive business data.\n- Regular monitoring and reporting allow for early detection of vulnerabilities or incidents. Early remediation minimizes the potential for extended downtime or financial damage due to breaches.\n- Well-governed cybersecurity measures can help maintain customer and supplier trust, thereby preserving the company's market reputation and minimizing the costs associated with breaches, such as legal liabilities, remediation, or regulatory fines.\n\nOverall, strong Board and audit committee oversight acts as a crucial control mechanism that not only helps the company address and mitigate cybersecurity risks but also safeguards its financial health by reducing the potential for material adverse events.","8",""
"257","2a44ae07","VTRS directors' backgrounds impact on growth & comp positioning.","I cannot find sufficient information in the provided documents to answer this question.","While the provided reference does not include detailed biographical information or a complete summary of each director's career history, it does list their names and titles, which allows us to form some informed hypotheses. For instance, Rajiv Malik, listed as President and Director, likely has significant operational and industry expertise that could help steer initiatives related to market expansion and innovation--key factors for future growth. Similarly, Mark W. Parrish, serving as Vice Chair and Director, traditionally implies a background that could balance strategic oversight with capital allocation and cost control, which would be instrumental in maintaining competitive positioning in a challenging marketplace. Lastly, James M. Kilts, as a Director, may bring expertise in financial discipline or market strategy, which can enhance the company's approach to both profitability and risk management. In essence, if these directors possess backgrounds enriched by industry-relevant experience (such as in pharmaceuticals, healthcare operations, or corporate turnaround strategies), their guidance is likely expected to bolster Viatris Inc.'s growth prospects by encouraging effective strategic planning, efficient capital allocation, and reinforced competitive advantages. However, a more detailed analysis would benefit from additional data on their specific industry experiences and career achievements.","2",""
"256","8b020fa8","Allegion plc, analyze LT debt trend for 2022-2023 & assess leverage impact.","Between 2022 and 2023, Allegion plc's long-term debt decreased significantly. As of December 31, 2022, long-term debt stood at $2,081.9 million, and by December 31, 2023, it had decreased to $1,602.4 million (see [Chunk 2]). This reduction primarily reflects scheduled repayments, as the total debt declined from $2,094.5 million to $2,015.0 million, and the current portion of long-term debt increased from $12.6 million to $412.6 million, indicating that a significant portion of debt is due in 2024 (see [Chunk 2] and [Chunk 4]). This decrease in long-term debt improves Allegion's leverage profile, as total liabilities also decreased from $3,046.7 million in 2022 to $2,993.2 million in 2023, while total equity increased from $944.5 million to $1,318.3 million (see [Chunk 1]). The rise in equity and the decrease in debt indicate a strengthening balance sheet and reduced leverage risk. In summary, Allegion plc's leverage has improved from 2022 to 2023 due to lower long-term debt and higher equity.","Allegion's total long-term debt decreased from $2,081.9 million in 2022 to $1,602.4 million in 2023--a reduction of approximately $479.5 million. This notable reduction in long-term debt implies a lower leverage level, which generally benefits the company by reducing its interest burden and overall financial risk. With reduced debt levels, Allegion may experience improved credit ratings and enhanced flexibility with its cash flows, allowing more capacity for strategic investments and potentially enhancing its competitive positioning. However, it is also important to consider that changes in the current portion of long-term debt (which increased significantly from $12.6 million to $412.6 million) may reflect refinancing or reclassification dynamics that should be analyzed in the context of the company's broader financial strategy.","10",""
"258","037b46e9","Liquidity safety for FDIC insured deposits SCHW.","Charles Schwab Corporation (SCHW) prioritizes the safety and liquidity of FDIC-insured deposits by maintaining robust liquidity management practices. The company's primary source of funds is client bank deposits, with more than 80% of these deposits qualifying for FDIC insurance as of December 31, 2023. To ensure liquidity, Schwab keeps overnight cash deposits and short-term investments, as well as a buffer of highly liquid investments, including U.S. Treasury securities, to meet both daily and unanticipated liquidity needs. Schwab is subject to regulatory liquidity requirements, such as the Liquidity Coverage Ratio (LCR) and the Net Stable Funding Ratio (NSFR). The LCR requires Schwab to hold enough High Quality Liquid Assets (HQLA) to cover 100% of its projected net cash outflows over a 30-day period of stress. As of December 31, 2023, Schwab's LCR was 130%, indicating a strong liquidity position. Similarly, Schwab's NSFR was 126%, meaning its available stable funding exceeded required stable funding. These practices and regulatory requirements help ensure Schwab can meet its obligations to clients, including those with FDIC-insured deposits, even in stressed market conditions, supporting both the safety and liquidity of those deposits.","The fact that more than 80% of bank deposits are FDIC insured as of December 31, 2023, indicates that a significant portion of client funds are protected against the risk of bank failure. This high level of FDIC insurance coverage enhances the safety of these liquidity sources from a client perspective. In practical terms, if a bank were to experience financial difficulties, the insured deposits (up to the respective FDIC limits) would be safeguarded, thereby reducing the potential impact on clients. This measure builds client confidence in the firm's liquidity management, as their cash deposits are secured by a government-backed insurance scheme.","9",""
"259","1023e5b0","DexCom's intl workforce % and global talent diversity stats.","As of December 31, 2023, DexCom had approximately 9,600 employees worldwide, with 3,800 of those (about 40%) based internationally. Regarding global talent diversity, among full-time U.S. employees, approximately 64% are ethnically diverse. For gender diversity, globally there are about 4,700 female and 4,900 male employees, reflecting near gender parity. DexCom captures ethnic diversity data only for its U.S. workforce, not for its international workforce.","From the references, DexCom employs 5,800 people in the United States and 3,800 internationally, totaling 9,600 employees. To calculate the international percentage: (3,800 / 9,600) * 100 ≈ 39.6%. This global distribution not only broadens the company's access to a diverse range of skills and perspectives but also positions DexCom to benefit from local market insights and innovation, which can be a competitive advantage in attracting and retaining top talent.","10",""
"260","5039b6f2","How does IVZ's global team along with its investment capabilities ensure consistent cash flow and long-term growth for its portfolio, IVZ?","Invesco (IVZ) leverages its globally diverse team and broad investment capabilities to drive consistent cash flow and long-term growth. The company has specialized investment teams across more than 20 countries, managing a wide range of asset classes, investment styles, and geographies. This global presence and diversity enable Invesco to meet the varied needs of investors worldwide, serving clients in more than 120 countries and managing approximately $1.6 trillion in assets as of December 31, 2023 (Chunks 10, 13). Key drivers of Invesco's success include: - Long-term investment performance: Invesco focuses on achieving strong, sustained investment results that help attract and retain assets under management (AUM), which is crucial since their revenues are primarily derived from investment management contracts based on AUM (Chunks 1, 13). - High-quality client service and effective distribution: The firm emphasizes maintaining strong relationships and delivering value through diverse distribution channels and responsive client service (Chunks 10, 13). - Breadth and depth of investment offerings: Invesco offers multiple investment objectives across asset classes (equity, fixed income, balanced, alternatives, and money market), enhancing its ability to capture opportunities in high-demand markets (Chunks 2, 3). - Integrated risk management: The company embeds risk management into both day-to-day operations and strategic planning, helping it navigate challenging market conditions and support stable financial performance (Chunk 1). - Innovation and talent development: Invesco invests in product innovation, technology, and talent, ensuring its teams remain effective and that offerings align with evolving client needs and industry trends (Chunks 2, 3, 5). These strengths contribute to Invesco's ability to generate consistent operating cash flows, as its global teams' performance and client-focused strategies support positive net flows and revenue growth. Invesco's cash flow from operations consistently exceeds dividend payments, share repurchases, capital expenditures, and operating expenses, underlining its financial resilience (Chunk 6). In summary, IVZ's global team and broad investment capabilities, combined with a focus on performance, client service, risk management, and innovation, ensure consistent cash flow and underpin the company's long-term growth.","The company's competitive advantage is rooted in its diversified global presence and its broad suite of investment capabilities. First, the diverse global team allows Invesco to tap into multiple regional markets, manage varied economic cycles, and leverage local expertise, thereby stabilizing revenue streams and cash flow. This widespread geographical footprint not only helps capture a range of market growth opportunities but also reduces dependence on any single region's performance, thus lowering business risk.\n\nAdditionally, the range of investment capabilities--spanning various asset classes and product types--enhances the firm's ability to tailor offerings to evolving market demands, satisfy a wide array of client needs, and manage risk through diversification. These strengths underpin consistent cash flow by generating recurring business from a diverse client base and facilitate long-term growth by bolstering client retention, building brand recognition, and driving innovation. Collectively, these elements provide a foundation for sustainable profitability by balancing fee income against competitive pressures and ensuring that the firm can adapt to changing market conditions.","10",""
"261","caf1835d","Mgt confident in Q4 buyback strategy for CTSH.","I cannot find sufficient information in the provided documents to answer this question.","The data provided on the company's stock repurchase program clearly illustrates an aggressive buyback strategy by management. In Q4 2023, the company repurchased $298 million of its Class A common stock, and it has a remaining authorization of $1,777 million under its stock repurchase program. This approach reflects several key points regarding management's confidence and expectations:\n\n1. Confidence in the Current Share Valuation: By repurchasing shares even when market conditions can be volatile, management is effectively signaling that they view the current share price as undervalued. A large repurchase program implies belief that the market is not fully pricing in the intrinsic value of the business. The program's flexible structure, including purchases executed under a 10b5-1 Plan, further reinforces the notion that management sees an opportunity at the current market valuation.\n\n2. Positive Outlook for Future Growth: Allocating a significant portion of available capital towards buybacks, instead of, for example, more aggressive capital expenditures or dividend increases, underscores a strong belief in the company's growth prospects. When management is optimistic about future earnings, free cash flow, and long-term shareholder value, repurchasing shares is a method to deliver immediate value and enhance future per-share financial metrics. In essence, fewer shares outstanding can boost earnings per share, assuming that future performance meets or exceeds current expectations.\n\n3. Strategic Capital Allocation: The remaining repurchase balance, which is substantial even after Q4 activity, indicates that management plans to continue buying back stock as market conditions present attractive opportunities. This sustained approach against a backdrop of a strong capital return program can be viewed as assurance of both the company's liquidity and confidence in its strategic decisions moving forward.\n\nIn summary, the aggressive buyback activity--both in the recent $298 million Q4 repurchase and the large uncommitted repurchase balance--demonstrates management's conviction that the current share price is a bargain relative to the company's long-term fundamentals and indicates a bullish outlook on future growth prospects.","1",""
"264","8d382a39","Total non-op income for Jan 28, 2024, & its impact on financial resilience for NVDA.","For the fiscal year ended January 28, 2024, NVIDIA reported total non-operating income (other income (expense), net) of $846 million. This figure comprises interest income of $866 million, interest expense of $(257) million, and other net income of $237 million (see Chunk 2). The positive non-operating income contributed to overall profitability, adding to the company's financial resilience. It reflects strong cash management and investment returns, which provide additional financial flexibility. However, given that operating income ($32,972 million) and net income ($29,760 million) were overwhelmingly driven by core business operations, the impact of non-operating income, while positive, is relatively modest in the context of NVIDIA's overall financial strength for the year.","Calculation: The interest income for the period is $866 million and the other income (net) is $846 million, yielding a total non-operating income of $866 + $846 = $1,712 million. This additional non-operating income contributes to NVIDIA's financial resilience by diversifying its income streams beyond core operating activities, which can help mitigate risks during downturns in primary business segments. The non-operating income, representing earnings from interest and other sources, provides extra capital that can enhance overall profitability, support reinvestment initiatives, and buffer against unexpected expenses or economic challenges. Such income can also improve the company's cash flow stability, offering greater financial flexibility in capital allocation and strategic investments.","7",""
"262","0de4513f","Investor sentiment, stock performance, and UHG's Q4 share repurchase strategy.","Investor sentiment can impact stock performance, as seen in references to ESG ratings and investor sentiment affecting stock price and access to capital (Chunk 9). For UnitedHealth Group (UHG), stock performance over the past five years has been strong, with the cumulative total return on UHG's common stock increasing from $100 at the end of 2018 to $227.65 at the end of 2023, outperforming the S&P Health Care Index and closely tracking the S&P 500 Index (Chunk 2). Regarding UHG's Q4 share repurchase strategy, while specific Q4 repurchase numbers are not directly provided, there is relevant annual data: UHG uses share repurchases as part of its capital management. The company reports strong financial performance in 2023, with diluted earnings per share increasing by 13% to $23.86 and return on equity at 27% (Chunks 10, 13). Share repurchase activity typically signals management's confidence in the company's value and can positively influence investor sentiment and stock performance. In summary, positive investor sentiment and strong financial results have contributed to UHG's robust stock performance, and the company continues to utilize share repurchases as a strategic tool, particularly in Q4 and throughout 2023, to enhance shareholder value.","The Q4 2023 share repurchase activity by UnitedHealth Group, as illustrated by the consistent purchase of shares throughout October to December 2023 and the remaining capacity under the repurchase program, suggests that management is confident in the company's financial health. Repurchasing shares at an average price of about $535.34 reflects the company's belief that its stock is fairly valued--or even undervalued--and that investing excess cash to reduce the number of outstanding shares is an effective way to boost metrics such as earnings per share. This action implies that the company has sufficient liquidity and robust cash flows, which can be interpreted as a strong financial position.\n\nFor investors, such an active buyback program generally signals positive future outlooks; it is often seen as a vote of confidence from management and can generate bullish sentiment, potentially leading to improved stock performance over time. Moreover, share repurchases tend to benefit shareholders both directly--through increased ownership and indirectly--by improving per-share financial metrics. In summary, the execution of the share repurchase program in Q4 2023 indicates that UnitedHealth Group believes in its financial stability and future prospects, which, in turn, could positively influence investor sentiment and the company's stock performance going forward.","7",""
"263","19366a7d","PHM's legal risk disclosure may influence analysts' outlook.","I cannot find sufficient information in the provided documents to answer this question.","Management's disclosure in the reference indicates that while there are ongoing legal matters, the current approach is to mitigate the potential negative impact through insurers, legal consultation, and reserves. Analysts would take this as a signal that the management is proactive in managing foreseeable risks. They might view such disclosures as a mild caution, implying that although the current reserves for legal liabilities are deemed adequate, there is still a notable uncertainty if unexpected liabilities arise above estimates. This could lead to a potential downward adjustment in forecasts or an increased risk premium in valuation models. However, the statement also implies that the company does not expect these issues to materially affect operations or cash flows, which supports a stable outlook if conditions remain constant. In summary, while the assessment is measured--indicating controlled risk--the possibility that liabilities could exceed expectations introduces a degree of risk that may temper some analyst projections regarding future growth and stability.","1",""
"266","b7959052","Impact of Booking Holdings revenue mix on competitive positioning vs integrated search/mobile players TICKER.","Booking Holdings derives its revenues primarily from three sources: merchant revenues (facilitating payments for bookings), agency revenues (commissions for reservations where they do not handle the payment), and advertising/other revenues (mainly from KAYAK referrals and OpenTable restaurant services). The majority of both merchant and agency revenues come from Booking.com's accommodation reservations, while KAYAK and OpenTable contribute to advertising and other segments (Chunks 3, 5). This revenue mix positions Booking Holdings strongly in the core accommodation booking market but makes it reliant on transaction-based income from travel reservations, especially in accommodations. Its advertising and metasearch (KAYAK) revenues are smaller in comparison to the merchant/agency segments. Compared to integrated search and mobile platform competitors (e.g., Google, which combines search, meta-search, and direct booking functions in a single mobile-first ecosystem), Booking Holdings faces several competitive challenges: - Integrated platforms like Google leverage their dominant general search business to promote their own travel meta-search results and increasingly offer direct booking options within their ecosystem, often at the top of organic search results, making it harder for Booking Holdings to acquire customers cost-effectively (Chunk 2). - Competitors with ""super-apps"" or broader product offerings (combining frequent-use services with travel, payments, and more) can more easily and cost-effectively acquire and retain users, potentially reducing Booking Holdings' share of consumer attention and bookings (Chunk 2). - Meta-search platforms (like Google and others) lower the cost of entry for new competitors and can commoditize travel search and bookings, putting pressure on Booking Holdings to maintain differentiation and brand value (Chunk 2). While Booking Holdings continues to innovate in mobile and payments (e.g., increasing adoption of its payments platform, enhancing mobile apps, and integrating AI), its revenue mix, concentrated in accommodation bookings and less diversified into advertising/search, means it must continually invest in technology, user experience, and brand to maintain competitiveness against integrated search/mobile players (Chunks 3, 4, 7). In summary, Booking Holdings' revenue mix supports a strong position in online accommodations but exposes it to competitive pressure from integrated search/mobile players who can leverage broader platforms, cross-sell, and control customer acquisition channels more efficiently.","The reference text discusses the competitive landscape, noting that Booking Holdings competes in travel and restaurant reservation services against companies with integrated search and mobile capabilities; however, it does not provide concrete details on the revenue mix between these segments or any quantitative analysis regarding their impact on competitive positioning and growth potential. To accurately evaluate this question, detailed financial breakdowns, segment revenues, or growth metrics for travel versus restaurant reservations would be required. Without these data, any analysis would be speculative.","8",""
"251","0afad95e","CNC impact & classification of state tax & payment revenue.","I cannot find sufficient information in the provided documents to answer this question.","The reference explains that state-imposed premium taxes and state-directed payments affect the financial statements in a way that they are both recognized separately from other premium revenues. For premium taxes, some states impose these as similar assessments or pass-through payments. When these are structured as pass-through items, they are recorded as separate components within both revenues and operating expenses, so that the premium tax amounts do not directly distort the underlying operational performance but are clearly disclosed. For products where premium taxes and state assessments are not treated as pass-through, they are posted as premium revenue on one side and as premium tax expense on the other. \n\nFurthermore, certain states require state-directed payments which, although showing minimal risk, are managed as a premium adjustment. These state-directed payments are recorded within the consolidated statements as premium revenue and, on the cost side, as medical costs at nearly a 100% health benefit ratio. \n\nIn summary, while premium taxes may be net neutral when they are fully passed through (recorded on both revenue and operating expense lines), when not passed through, they create a gross recognition difference between the premium revenue and the associated expense. Meanwhile, state-directed payments are reflected as revenue with a matching expense entry, ensuring that the impact on the overall reported profitability is clearly delineated in the consolidated statements of operations.","1",""
"265","0cd962f2","HST luxury/upper upscale mix vs lower-tier margin impact.","Host Inc. (HST) primarily owns hotels in the luxury and upper upscale categories, with these segments constituting nearly all of its portfolio and revenues. Specifically, hotels that are not considered upper upscale or luxury account for only about 1% of HST's revenues (Chunk 2). The company's portfolio is operated under internationally recognized luxury and upper upscale brand names, such as Marriott, Westin, Ritz-Carlton, Hyatt, Four Seasons, and Hilton (Chunks 2, 4, 14). As for margin impact, the provided context does not directly compare the operating margins between HST's luxury/upper upscale hotels and lower-tier properties. However, HST reports strong profit margins for its comparable hotels (which are predominantly luxury and upper upscale), with a 2023 operating profit margin of 15.6% and a comparable hotel EBITDA margin of 30.1% (Chunk 1). This suggests that the company's focus on higher-tier properties is associated with robust margins, but there is no explicit data provided on how this compares to margins in lower-tier segments. In summary: HST's hotel mix is overwhelmingly luxury and upper upscale, and these segments generate strong profit margins, while lower-tier hotels represent a negligible portion of its business and revenue. There is no specific margin comparison between luxury/upper upscale and lower-tier hotels in the provided context.","Based on the reference, we can provide a qualitative assessment. Host Hotels & Resorts' concentration in the luxury and upper upscale segments means that its properties are positioned in a market where guests are willing to pay premium rates for quality accommodations, superior service, and a full suite of upscale amenities. This generally translates into higher average daily rates (ADR) and revenue per available room (RevPAR) compared to lower-tier properties, which often compete primarily on price. Consequently, the higher pricing power also tends to support healthier profit margins. However, it is important to note that while premium properties can achieve better margins on a per‐unit basis, they may also face higher operating costs (investment in guest facilities, maintenance of high service levels, etc.) and can be susceptible to economic cycles that affect luxury spending. In contrast, lower-tier competitors are under pricing pressure but may benefit from lower capital and operating expenses. Overall, Host Hotels & Resorts' portfolio mix is likely to generate comparatively higher revenue and operating margins due to its premium market positioning, though this advantage comes with its own set of risks related to higher fixed costs and competitive market dynamics (including competition from non-traditional lodging options such as online short-term rentals).","7",""
"268","d2d0a22b","Details on share repurchase for Hess (HES) in 2023.","In 2023, Hess Corporation did not directly repurchase common stock, as there is no mention of settled common stock repurchases for that year (the last such repurchases were in 2022, totaling $630 million). However, in 2023, Hess Midstream (an affiliate) completed two underwritten public equity offerings totaling approximately 24.3 million Hess Midstream Class A shares held by affiliates of Hess and GIP. These shares were obtained through the exchange of 24.3 million of their Class B units of HESM Opco. Additionally, in 2023, HESM Opco repurchased an aggregate of approximately 13.6 million HESM Opco Class B units in multiple transactions from affiliates of Hess and GIP for total proceeds of $400 million, financed by borrowings under HESM Opco's revolving credit facility. Hess received net proceeds of $167 million from the public offering of Class A shares in Hess Midstream LP. In summary, while Hess itself did not repurchase its own common stock in 2023, there were significant equity transactions and unit repurchases involving its Midstream affiliate.","Hess Corporation did not engage in any share repurchase activity during 2023. According to the provided data, while the Board of Directors approved a new authorization on March 1, 2023, for repurchases up to an aggregate amount of $1 billion--replacing the previous authorization that was fully utilized at the end of 2022--no shares of common stock were actually repurchased for the year ended December 31, 2023. Additionally, the Merger Agreement restricts the company's ability to repurchase, redeem, or retire any of its capital stock during the period from the agreement date until the merger's closing.","8",""
"267","114821a1","Difference in comp-to-rev ratio for AJG: brokerage vs. risk mgmt.","In 2023, the compensation-to-revenue ratio for Arthur J. Gallagher & Co. was 55% for the brokerage segment and 60% for the risk management segment. This means compensation expense represented 55% of brokerage segment revenues and 60% of risk management segment revenues.","The calculation is straightforward: for the brokerage segment, compensation expense is 55% of revenues, whereas for the risk management segment, it is 60%. Subtracting 60% from 55% gives 55% - 60% = -5 percentage points. This indicates that the brokerage segment's compensation-to-revenue ratio is 5 percentage points lower than that of the risk management segment.","7",""
"273","e0d34d6b","Veralto Corp's (VLTO) global labor dist. union influence on op. flexibility and cost risk.","Veralto Corp operates globally, with approximately 16,000 employees as of December 31, 2023. Of these, about 6,000 are in North America, 5,000 in Western Europe, less than 500 in other developed markets, and 5,000 in high-growth markets. In the United States, fewer than 10 employees are hourly-rated, unionized workers. However, outside the U.S.--particularly in Europe--many employees are represented by unions and/or works councils, and the company is subject to government-mandated collective bargaining arrangements and union contracts in certain countries. Union representation and collective bargaining outside the U.S. can affect Veralto's operational flexibility, as union contracts and works council regulations may limit the company's ability to unilaterally change employment terms or quickly adapt operations. These arrangements also pose cost risks, as collective bargaining agreements can result in increased labor costs and may restrict the company's ability to fully implement operational changes to enhance efficiency. In summary, union influence is significant mainly in Europe, where it can increase labor costs and reduce flexibility, whereas in the U.S., union influence is minimal.","Veralto Corporation employs around 16,000 people with roughly 6,000 in North America, 5,000 in Western Europe, under 500 in other developed markets, and 5,000 in high-growth markets. Notably, nearly all U.S. employees are non-unionized (with fewer than 10 unionized), whereas in Europe, many employees are represented by unions or works councils due to government-mandated collective bargaining agreements. This diversified geographic workforce, combined with varying degrees of union involvement, suggests that the company may face different regulatory environments and potential labor cost pressures across regions, which could affect its operational flexibility and overall cost management.","10",""
"270","e5cb20c7","APD: plant efficiency, tech perf, & svc impact on global comp?","Plant efficiency, technological performance, and service are key factors impacting Air Products and Chemicals, Inc.'s (APD) global competitiveness in its equipment business. These elements, along with technical know-how, price, schedule, and plant performance guarantees, are the primary bases for competition in the sale of equipment businesses. Superior plant efficiency and advanced technology can make APD's offerings more attractive to customers in industries such as chemical and petrochemical manufacturing, oil and gas processing, and steel production. High levels of service and technical support further differentiate APD and strengthen its position in global markets, helping to meet customer requirements and maintain a competitive edge worldwide.","The provided data indicates that although the equipment business represents less than 10% of consolidated sales, its competitive positioning is enhanced by an emphasis on plant efficiency, technological performance, and service. This focus allows the company to differentiate its products by ensuring superior operation and reliability in comparison to global rivals. By delivering equipment that is more efficient and technologically advanced, the company can offer lower operating costs, better performance guarantees, and innovative solutions that appeal to customers looking for optimized plant operations. Moreover, the emphasis on service and technical know-how supports fast resolution of issues and ensures adherence to tight schedules and performance benchmarks, all of which strengthen customer confidence and foster long-term relationships. This holistic approach helps Air Products and Chemicals, Inc. maintain a competitive edge by not only competing on price but also on value-added benefits that address customers' operational and performance needs.","9",""
"275","01142856","$23.9B in demand deposits against short-term liabilities impacts liquidity for Ameriprise.","Based on the provided context, Ameriprise Financial reports customer deposits, including demand deposit types, as part of its banking and brokerage deposits. As of December 31, 2023, total banking and brokerage deposits were $23.9 billion, which include interest-bearing checking, money market, savings, and brokerage deposits. These deposits are amounts payable to customers and are considered short-term liabilities. Having $23.9 billion in demand deposits (and similar short-term liabilities) impacts Ameriprise's liquidity in several ways: - These deposits provide a significant source of short-term funding for the company. - The company pays interest on certain customer deposit balances, which is included in banking and deposit interest expense. - The deposits are generally invested in fixed and variable rate securities, helping to generate returns. - However, because these are short-term liabilities, Ameriprise must maintain sufficient liquidity to meet potential withdrawals or demands from customers. - The company's liquidity management is thus heavily influenced by the need to ensure it can meet these obligations, and any large or rapid outflows could require Ameriprise to liquidate assets or obtain additional funding. In summary, $23.9 billion in demand deposits against short-term liabilities provides Ameriprise with funding but also creates liquidity risk that must be carefully managed to ensure customer obligations can be met at all times.","Ameriprise's availability of $23.9 billion in banking and brokerage deposits, which are payable on demand, provides a strong liquidity buffer relative to its known short-term obligations. Specifically, the company has short‐term contractual obligations of approximately $12.3 billion in investment certificate maturities, $2.2 billion in estimated insurance and annuity benefits, and $550 million in maturing long-term debt in October 2024 (excluding other operating liquidity needs). This sums to roughly $15.05 billion in identifiable obligations. The immediate access to $23.9 billion - which is about 1.6 times these obligations - suggests that Ameriprise is well-positioned to cover its short-term liabilities. This ample deposit base helps manage liquidity risk by ensuring that the company can satisfy its contractual obligations and operational liquidity requirements without needing to liquidate other assets quickly or at unfavorable prices.","6",""
"269","8d384918","Impact of TT cybersecurity integration on strategic planning & capex for long-term growth.","TT integrates cybersecurity requirements into its business and corporate groups, ensuring that cybersecurity considerations are embedded into operating environments as appropriate. This integration influences business strategies, budgeting, and similar processes, including strategic planning and capital expenditure (capex) for long-term growth. Senior and executive management, along with the Board of Directors, regularly review financial planning processes, which includes oversight of cybersecurity programs. Any changes or additions to the cybersecurity risk assessment program are reviewed by executive management, the Board, and the Audit Committee, and independent third parties regularly assess the program to ensure its effectiveness. This approach ensures that cybersecurity needs are factored into strategic decisions and investment allocations, supporting the company's long-term growth objectives. By maintaining strong cybersecurity oversight and integrating these practices into strategic planning and capex decisions, TT aims to mitigate risks and support sustainable growth.","The integration of cybersecurity requirements into Trane Technologies plc's strategic planning and capital budgeting processes supports its long-term financial stability and investment growth prospects in several key ways. First, by embedding cybersecurity into the strategic planning framework, the company ensures that its risk management approach is aligned with overall business objectives. This proactive alignment helps mitigate potential losses from cyber incidents, thereby protecting revenue streams and reducing unexpected financial liabilities. Second, incorporating cybersecurity into capital budgeting means that investments are specifically allocated to secure critical systems and maintain resilience. This targeted investment minimizes the risk of costly disruptions and builds investor confidence in the company's ability to safeguard its assets, which is crucial for sustainable growth. Lastly, the participation of senior management, the Board of Directors, and specialized committees in overseeing cybersecurity initiatives promotes continuous monitoring and responsive adjustments to emerging threats. This comprehensive governance structure not only leads to enhanced operational reliability but also positions the company favorably in a competitive market, as robust cybersecurity support is increasingly seen as an indicator of strong corporate management and long-term viability.","8",""
"274","d20a5e4e","PACCAR's interest inc. recognition on extended payment rec. boosts profitability.","PACCAR recognizes interest income on extended payment receivables when customers are granted extended payment terms and charged interest. This interest income is recognized when earned, and there are no significant financing components in most product or service revenues since customers generally pay shortly after the products or services are transferred. However, when extended payment terms are granted, the resulting interest income is included in profitability (see Chunk 1). In the Financial Services segment, interest income from finance and other receivables is recognized using the interest method, which provides a constant rate of return over the life of the contracts (Chunks 2 and 3). This interest income directly contributes to the segment's revenues and overall profitability. Therefore, PACCAR's recognition of interest income on extended payment receivables does boost profitability by generating additional income, particularly within its Financial Services segment.","The provided data explains that in the Truck and Parts segments, interest income arising from extended payment terms is recognized on an accrual basis--that is, it is recorded as earned over time rather than when payment is received. In practical terms, when the Company extends payment terms and charges interest, the interest income is accumulated and recognized as revenue as it accrues, independent of when the customer actually pays.\n\nEvaluating profitability, this approach has several implications: \n1. It ensures that interest income--which is a non-operating or supplementary revenue stream--is reported in the period it is earned, aligning with the accrual accounting principle. This provides a more accurate picture of overall profitability during each period. \n2. It prevents a mismatch between the recording of sales revenue and the related interest income, meaning that the profitability analysis reflects both operating revenue (from truck and parts sales) and financing income from extended credit. \n3. For analysts, the interest income recognized separately highlights the effect of customer credit policies. A higher interest portion would imply more revenue coming from financing activities rather than from core product margins, which could be monitored to assess potential risks (such as credit risk) or benefits (like improved revenue through financing). \n4. Depending on the volume of such transactions, interest income can enhance profit margins, but should also be examined in the context of cost management and overall credit risk associated with extended payment terms.\n\nThus, understanding the timing and recognition of interest income is critical in assessing both the financial performance and the risk profile associated with the credit extended to customers.","6",""
"271","72397c9c","Employee satisfaction (ESS) significantly impacts ops efficiency, growth, & risk.","Employee satisfaction, as measured through employee engagement surveys (ESS), plays a significant role in operational efficiency, growth, and risk management. Across multiple organizations, employee engagement is closely monitored and used to inform leadership decisions, drive organizational improvements, and enhance retention. - High employee engagement and satisfaction are linked to lower turnover rates and increased average tenure, which contribute to operational stability and growth (see IT.pdf, EXPD.pdf, IDXX.pdf). - Regular employee surveys provide actionable insights that help organizations improve workplace culture, leadership effectiveness, communication, and well-being--all of which can enhance operational efficiency (FDS.pdf, FI.pdf, AVY.pdf, KLAC.pdf). - Satisfied employees are more likely to feel supported, remain with the company, and contribute to a positive and productive work environment, reducing organizational risk associated with high turnover or disengagement (EPAM.pdf, AVY.pdf, IDXX.pdf). - Organizations also use ESS results to identify and mitigate risks related to workforce morale, inclusion, and safety, further supporting overall business resilience and risk management (KLAC.pdf, AVY.pdf, FI.pdf). In summary, employee satisfaction directly impacts a company's operational efficiency, supports growth through improved retention and engagement, and helps mitigate risks by fostering a stable, committed, and productive workforce.","The reference indicates that in 2023 Extra Space Storage Inc. achieved an overall employee satisfaction score of 79% with more than 95% employee participation. This high level of participation and a relatively positive satisfaction score suggest that the company maintains a stable and engaged workforce, which could reduce operational risks like high employee turnover and promote overall efficiency and productivity--factors that are favorable for long-term growth and risk management from an investor's perspective.","4",""
"272","9ddbe73b","Impact of Fifth Third's borrowing capacity on future growth potential: FITB.","Fifth Third's borrowing capacity is an important factor supporting its future growth potential, as it provides the flexibility to fund operations, manage liquidity, and support asset growth. The bank relies primarily on stable and low-cost core deposits to fund its activities, but also maintains access to other funding sources, such as secured borrowing facilities through the Federal Home Loan Bank (FHLB), Federal Reserve Bank (FRB), and public securities markets (Chunks 2, 10). As of December 31, 2023, the Board had authorized $10.0 billion of debt or other securities for issuance, with $8.75 billion still available, reflecting significant capacity to raise funds if needed (Chunk 10). This borrowing capacity enables Fifth Third to respond to balance sheet needs, support loan growth, and manage through periods of market disruption or deposit volatility. The ability to sell or securitize loans and to access secured facilities helps diversify funding sources, reducing reliance on any single channel (Chunk 10). However, several risks could constrain this growth potential. Adverse market conditions, loss of customer confidence, regulatory changes, or a downgrade in credit ratings could raise borrowing costs, limit market access, or require more collateral--potentially restricting growth opportunities (Chunks 1, 6, 8). Regulatory changes may also impose stricter liquidity requirements, requiring Fifth Third to hold more liquid assets or capital, which could limit expansion or be dilutive to shareholders (Chunk 8). In summary, Fifth Third's robust borrowing capacity underpins its ability to fund future growth, but this potential is moderated by market, regulatory, and reputational risks that could adversely affect its funding flexibility and cost.","The provided data offers several insights into the bank's funding infrastructure, which can be used to address the question. Specifically, Fifth Third Bancorp has robust borrowing capacities and access to public markets: \n\n1. **Bank Note Program**: The MD&A indicates a global bank note program with a total borrowing capacity of $25.0 billion, of which $20.9 billion was available as of December 31, 2023. This capacity allows the bank to tap into an established line of unsecured borrowing quickly to support strategic initiatives and meet short-term liquidity needs during expansion or in response to market opportunities.\n\n2. **Secured Borrowing Sources**: In addition to the bank note program, secured borrowing through sources such as the FRB and the FHLB amounts to approximately $60.2 billion in available capacity. Secured borrowing generally comes at a lower cost and with more favorable terms, enabling the Bancorp to finance longer-term growth projects or acquisitions while maintaining liquidity.\n\n3. **Access to Public Markets**: The bank also benefits from access to the public securities market. The MD&A mentions that the Board authorized $10.0 billion of debt or other securities for issuance, with $8.75 billion still available. The issuance of fixed-rate/floating-rate senior notes further illustrates this capability. Public market access means that in times of growth or expansion, the bank can raise additional funds if needed, often at competitive rates, which diversifies its funding mix and reduces reliance on any single source.\n\nOverall, these multiple sources of funding--unsecured and secured borrowing combined with public market access--position Fifth Third Bancorp to capitalize on future growth opportunities by ensuring adequate liquidity, reducing funding risks, and providing flexibility to pursue strategic investments such as expanding lending capacity, acquisitions, or other capital-intensive initiatives. The sizeable outstanding and available funds suggest the bank can quickly mobilize resources in response to changing market conditions, thereby supporting both organic growth and potential M&A activities.","8",""
"277","cabb6a48","2023 & 2022 loan commitments segmentation for KeyCorp (KEY); credit exposure data.","I cannot find sufficient information in the provided documents to answer this question. The context does mention that KeyCorp's loan commitments generally carry variable rates, have fixed expiration dates or termination clauses, and involve credit risk not reflected on the balance sheet (Chunk 1), but it does not provide segmented loan commitment amounts or detailed credit exposure data for 2023 and 2022.","For 2023, KeyCorp's loan commitments are segmented as follows (in millions of dollars):\n- Commercial and other: $55,603\n- Commercial real estate and construction: $3,440\n- Home equity: $8,984\n- Credit cards: $7,058\n\nFor 2022, the breakdown was as follows:\n- Commercial and other: $58,269\n- Commercial real estate and construction: $4,037\n- Home equity: $9,346\n- Credit cards: $7,424\n\nAnalysis of the composition indicates that the vast majority of the loan commitments are in the 'Commercial and other' category for both years, implying that KeyCorp's credit exposure is predominantly linked to commercial lending activities. This major segment generally consists of diverse corporate or business loans, which may carry different risk profiles compared to consumer-oriented products. The significantly lower allocations in commercial real estate, home equity, and credit cards suggest that while the bank maintains exposures in these areas, the bulk of its potential exposure (especially in terms of maximum possible accounting loss on these commitments) is concentrated in its commercial lending. The consistency between 2022 and 2023 also implies a stable overall mix, with slight decreases across the categories possibly reflecting a cautious approach or adjustments in risk management practices to limit future exposure.","1",""
"276","17fb67b7","Geographic dist. of Northern Trust emp. indicates regional risk exp. & growth.","Northern Trust employed approximately 23,100 full-time equivalent employees as of December 31, 2023. The regional distribution of the employee base is 42% in Asia-Pacific, 41% in North America, and 17% in Europe, Middle East, and Africa. This geographic distribution reflects Northern Trust's significant operational presence and resource investment in Asia-Pacific and North America, with a smaller but notable presence in EMEA. Such a distribution indicates exposure to regional risks--including economic, regulatory, and geopolitical risks--in these areas, as well as potential opportunities for growth, particularly in markets where employee concentration is higher, suggesting business focus and expansion strategies (see Chunk 3).","As of December 31, 2023, Northern Trust had approximately 23,100 full-time employees distributed as follows: 42% in the Asia-Pacific region, 41% in North America, and 17% in Europe, Middle East, and Africa. This regional breakdown suggests a balanced exposure with significant presence in both the Asia-Pacific and North American markets, which are known for their growth potential and economic dynamism. At the same time, the smaller allocation in Europe, the Middle East, and Africa may reflect either a strategic focus on more promising markets or a potential area for future expansion. Investors might view this distribution as a way to diversify regional risks while capitalizing on growth in key markets.","10",""
"280","9e2ed88d","Litigation details for RealPage, with ticker in focus, clarify MAA's owner/operator role.","Mid-America Apartment Communities, Inc. (MAA), with ticker symbol MAA, is named as a defendant in a series of lawsuits referred to as the ""RealPage Litigation."" These lawsuits, filed in late 2022 and early 2023, allege that RealPage, Inc. and various large owners and operators of multifamily residential real estate--including MAA--conspired to artificially inflate multifamily rental prices through the use of RealPage's revenue management software. MAA is one of the owners/operators accused of participating in this alleged collusion. The lawsuits seek monetary damages, attorneys' fees, costs, and injunctive relief. The cases have been consolidated for pretrial proceedings in the United States District Court for the Middle District of Tennessee. As of December 31, 2023, motions to dismiss the consolidated action were denied, and the case is proceeding. MAA has stated that it believes the litigation is without merit as it pertains to the company and plans to vigorously defend itself. At this early stage, MAA cannot predict the outcome or estimate potential losses, but does not currently believe the litigation will have a material adverse effect on its financial condition, though it cannot guarantee it will not affect results of operations. In summary, MAA is involved in the RealPage litigation as an owner/operator of multifamily properties accused of antitrust violations related to rent pricing, but maintains its innocence and is actively defending against the claims.","The provided information states that in late 2022 and early 2023, 28 putative class action lawsuits were initiated in the RealPage litigation. These lawsuits were filed against RealPage, Inc. along with over 50 of the largest owners and operators of apartment communities nationwide. The litigation alleges that RealPage and these property owners/operators conspired to artificially inflate the prices of multifamily residential real estate using RealPage's revenue management software. The plaintiffs in these cases are seeking monetary damages, attorneys' fees and costs, and injunctive relief. It has also been noted that the litigation was centralized on April 10, 2023, in the Middle District of Tennessee for coordinated or consolidated pretrial proceedings.\n\nRegarding Mid-America Apartment Communities, Inc., the company is specifically implicated by being named among the over 50 largest owners and operators of apartment communities that are defendants in these lawsuits. Although the company believes that the litigation is without merit as it pertains to itself and plans to vigorously defend the claims, it acknowledges that the outcome is uncertain and while it currently does not expect the litigation to have a material adverse effect on its financial condition, there remains some unpredictability regarding its impact on future operations.","10",""
"281","9852f9f6","Impact of DPZ on capex eff. & segment perf. via transfer pricing.","I cannot find sufficient information in the provided documents to answer this question.","Because the intersegment revenues between the Supply Chain and U.S. Stores segments are determined using market-based (external) pricing, the prices charged internally reflect what an independent customer would pay. This has two main effects when interpreting capital expenditure efficiency and overall segment performance:\n\n1. Reliable Performance Comparisons: Since the internal transfer prices mirror external market rates, the profits and margins recorded by each segment are not distorted by subjectively determined prices. The Supply Chain's income from its internal sale and the U.S. Stores' cost of goods sold for internally sourced items represent arms-length transactions. This means that, for performance evaluation purposes, the segments are measured on metrics that are comparable to how they would perform if the transactions occurred with an external party. The segments' cash flows, investment returns and related efficiency ratios (such as capital expenditure relative to generated income or operating margins) can be interpreted without needing to adjust for ""fudged"" internal pricing.\n\n2. Impact on Capital Expenditure Analysis: Capital expenditures (CapEx) efficiency is often measured relative to a segment's operating performance. For example, if the Supply Chain segment makes significant investments to maintain or enhance its operations, having transfer prices based on market pricing means that the capital efficiency (the return on those investments) is benchmarked against real-world costs. Similarly, the U.S. Stores segment's evaluation of CapEx efficiency for store operations will factor in the cost of supplies purchased at market rates. As a result, the internal transfer pricing prevents one segment from artificially inflating or deflating its income through manipulated pricing of internal transactions, ensuring that each segment's investment returns are reflective of real economic costs and benefits.\n\nIn summary, market-based intersegment pricing helps ensure that both the capital expenditures and the operating performance metrics of the Supply Chain and U.S. Stores segments are aligned with external market conditions. Analysts can then more confidently assess the true efficiency of capital allocation and the overall profitability by noting that the internal transactions are conducted at arm's length, thereby reducing potential biases in segment performance evaluation.","1",""
"283","ef13377c","Multiplicative net profit margin factor for Pentair plc in 2023, TKR: PNR.","To calculate the multiplicative net profit margin factor for Pentair plc in 2023, divide net income by net sales: Net profit margin = Net income / Net sales From the data: - Net income (2023): $622.7 million - Net sales (2023): $4,104.5 million Net profit margin = 622.7 / 4,104.5 ≈ 0.1517 So, the multiplicative net profit margin factor for Pentair plc in 2023 is approximately **0.152** (rounded to three decimal places).","To determine the net profit margin factor, you divide the net income from continuing operations by the net sales. For 2023, this is calculated as follows:\n\nNet profit margin factor = (Net Income from Continuing Operations) / (Net Sales) = 622.9 / 4104.5 ≈ 0.1517\n\nThis means that by multiplying the net sales by approximately 0.1517 (or 15.17%), you derive the net income from continuing operations.","9",""
"284","55574941","PG's effective tax impact on EBT & future profit in 2023.","For Procter & Gamble (PG) in fiscal year 2023, the effective income tax rate was 19.7%. Earnings before income taxes (EBT) for 2023 were $18.4 billion, and the total income tax expense was $3.6 billion. This resulted in net earnings of $14.7 billion. The increase in the effective tax rate from the prior year (from 17.8% in 2022 to 19.7% in 2023) was mainly due to unfavorable geographic mix impacts, although this was partially offset by higher excess tax benefits from share-based compensation. The effective tax rate directly reduces EBT to arrive at net profit, so an increase in the rate means a higher portion of EBT is paid as taxes, leaving less for net earnings. Looking forward, any changes in the effective tax rate (such as from shifts in geographic earnings mix, changes in tax law, or the level of excess tax benefits from share-based compensation) will continue to impact PG's future profitability. A higher effective tax rate would reduce future net profits, while a lower rate would increase them, assuming EBT remains the same.","In 2023, Paramount Global's continuing operations reported an earnings (loss) before tax of approximately -$1,253 million. The income tax line shows a benefit of $361 million. When we view this benefit relative to the pretax loss, it effectively provided a tax relief of about 29% (i.e., 361/1253 ≈ 28.8%). In practical terms, for every dollar of loss incurred pre‐tax, approximately 29 cents of benefit was recorded, which helped to narrow the net loss reported. \n\nLooking forward, this tax benefit has two important implications for future profitability projections. First, if the company returns to positive pretax earnings, it will likely incur a tax expense rather than record a benefit - implying that the attractive effective rate seen during the loss year may reverse toward the statutory rates or the company's normalized effective rate. Second, the benefit recorded in 2023 may be the result of nonrecurring tax items (such as loss carryforwards or specific tax adjustments), which means that future periods might not enjoy similar benefits, potentially reducing net income relative to pretax improvements. Analysts should therefore adjust forecasts by considering that the impressive tax benefit in a loss scenario might not translate into lower effective tax rates once profitability is restored.","1",""
"278","70b252aa","Uncertainty from Medtronic's legal loss could affect forecasts and valuations, MDT.","Uncertainty from Medtronic's potential legal losses could indeed impact forecasts and valuations for MDT. The company is involved in various legal actions, including product liability, intellectual property disputes, environmental proceedings, and tax disputes. While Medtronic records liabilities for loss contingencies when a loss is probable and reasonably estimable, many of these matters are at early stages or involve claims that are difficult to predict, making the ultimate financial impact uncertain (Chunk 14). For example, Medtronic faces ongoing litigation related to hernia mesh products and diabetes pump retainer rings, but has not recorded related expenses because potential losses are not currently probable or reasonably estimable (Chunk 3). Additionally, environmental and anti-corruption matters also present uncertainty, with the company unable to estimate potential losses at this time (Chunks 3 and 6). Tax disputes, particularly the unresolved IRS case regarding the allocation of income between Medtronic, Inc. and its Puerto Rico subsidiary, could have a material adverse impact on the company's financial condition, results, and cash flows if resolved unfavorably (Chunks 4, 6, 8, and 12). Because the outcomes and potential financial impacts of these legal matters are uncertain and could be material, this uncertainty can affect investor forecasts and valuations for MDT by introducing risk regarding future earnings, cash flows, and overall financial stability.","The uncertainty in estimating losses from legal proceedings, especially in areas such as environmental remediation and anti-corruption matters, creates significant variability in Medtronic's financial forecasts and valuation metrics. First, because many of these potential losses have not been recorded in expense due to their uncertainty (i.e., they are not currently probable or reasonably estimable), management must rely on judgment and historical estimates when forecasting future expenses. This uncertainty increases the potential for large adjustments in future periods if the outcomes worsen or turn out to be more adverse than expected. Consequently, cash flow projections and earnings forecasts remain exposed to variability, increasing the level of risk associated with the company's performance.\n\nAdditionally, in valuation models, such as discounted cash flow (DCF) analyses, the uncertainty leads investors and analysts to incorporate a higher risk premium or adjust discount rates upward to account for the potential for unforeseen liabilities. The lack of precise estimates forces a broader range of potential future outcomes, which may result in lower valuation multiples as investors demand compensation for the added uncertainty. Analysts might also run scenario analyses (base case, downside, and upside) to incorporate the wide range of possible impacts from these contingencies.\n\nIn summary, the inability to precisely estimate losses from litigation and regulatory issues adds risk and uncertainty to Medtronic's financial forecasts and valuation. This uncertainty may be reflected by:\n- Increased variability in earnings forecasts and cash flow estimates.\n- The need for risk-adjusted discount rates or additional risk premiums in DCF models.\n- Wider scenario ranges in valuation analyses, leading to valuations that are more sensitive to adverse legal outcomes.\n\nOverall, while the current estimated accruals and contingency disclosures provide some insight, the intrinsic uncertainty necessitates a cautious approach in both forecasting and valuation.","8",""
"279","f6a68c16","Linde's cap allocation strategy focuses on higher ST borrowing and structured LT debt, LIN.","Based on the provided context, Linde's capital allocation strategy does not specifically focus on higher short-term (ST) borrowing. Instead, Linde emphasizes securing long-term (LT) committed funding through the issuance of public notes, debentures, and commercial paper, which is backed by long-term bank credit agreements. Their financing approach aims to minimize the total cost of funds and manage currency and interest-rate exposures, sometimes using financial derivatives. Linde maintains significant long-term revolving credit facilities, including a $5 billion Five Year Credit Agreement and a $1.5 billion 364-day revolving credit agreement, both of which had no borrowings outstanding as of December 31, 2023. The company's weighted-average interest rate for short-term borrowings was 4.8% at year-end 2023, and for 2023 their global effective borrowing rate was about 2.6%. The expected maturities of long-term debt are structured, spreading principal repayments over several years. Overall, Linde's strategy is to maintain operating flexibility and strong liquidity with a focus on long-term debt funding rather than a preference for higher short-term borrowing.","The data provided does allow us to ponder some concerns, although it does not deliver a definitive answer. Specifically, the increase in the weighted-average interest rate on short-term borrowings from 3.2% in 2022 to 4.8% in 2023 suggests that financing costs for short-term debt have risen, which may put pressure on liquidity and could indicate a tougher debt market environment. Additionally, the detailed long-term debt maturity schedule--with scheduled repayments amounting to $14.66 billion over the next several years--shows that Linde has a structured approach to debt management. This structure could imply that the company is focused on maintaining disciplined debt servicing. However, whether these factors signify a deliberate shift in capital allocation strategies that might come at the expense of future growth initiatives isn't decisively answerable with the current data alone.\n\nMore context would be needed, such as insights into Linde's free cash flow, capital expenditure trends, operating performance, and management's strategic commentary regarding investments and growth plans. Without such additional information, while the increasing short-term borrowing costs do raise potential concerns about a higher financing burden, the structured long-term debt profile suggests a measured approach to debt management rather than an outright shift away from growth investments.\n\nIn summary, investors should definitely monitor these trends as potential risk signals. Elevated short-term costs might squeeze available capital if not offset by strong cash flows. However, the long-term debt profile -- in itself -- does not conclusively indicate that Linde is de-prioritizing growth. A more comprehensive view combining additional qualitative and quantitative data would be required to determine if there is indeed a shift in capital allocation impacting future growth initiatives.","8",""
"285","4e8f7acc","Capex in 2023 vs D&A and asset reinvestment strategy (CARR)","I cannot find sufficient information in the provided documents to answer this question.","In 2023, the company's capital expenditures for each segment significantly exceed their respective depreciation and amortization expenses, suggesting a deliberate and aggressive reinvestment strategy. For example, in the HVAC segment, capital expenditures were $3,204 million while depreciation and amortization were $413 million--a ratio approaching 7.8. For Refrigeration, the capital expenditures of $834 million compared to $34 million of depreciation result in a ratio of roughly 24.5, and for Fire & Security, $940 million of capex is paired with $54 million of depreciation, a ratio of about 17.4. These ratios imply that the company is not merely replacing its depreciating assets (replacement-level spending) but is instead investing substantially in its asset base. The relatively high expenditure compared to the expense of depreciation indicates potential growth initiatives, modernization of equipment, and capacity expansion to support future operations rather than just maintaining existing assets. In summary, Carrier Global Corporation appears to be pursuing an active asset reinvestment approach, investing significantly more than the annual depreciation charge, which may reflect a strategy aimed at growth and long-term competitive positioning.","1",""
"286","a8371daa","Long-term valuation impact of AON regarding cybersecurity threats.","Based on the provided context, Aon recognizes that cybersecurity threats pose ongoing risks that could potentially impact its long-term valuation. The company has experienced cybersecurity incidents in the past, including computer viruses, unauthorized access, ransomware, and data loss, but to date, these have not had a material impact on its business strategy, results of operations, or financial condition (Chunks 1, 3). However, Aon acknowledges that the evolving and increasingly sophisticated nature of cyber threats presents continued risk. If significant incidents were to occur, they could result in financial loss, reputational damage, regulatory scrutiny, legal liability, and harm to client trust (Chunks 1, 3, 14). Such outcomes could negatively affect Aon's competitiveness and results of operations, all of which are factors that can influence long-term valuation. Aon has implemented a comprehensive cybersecurity and enterprise risk management program, with oversight by its Board of Directors and Audit Committee, regular reviews, and a dedicated Global Security Services organization led by an experienced Chief Security Officer (Chunks 1, 11, 14). These measures are intended to mitigate cybersecurity risks, but the company makes clear there is no assurance that all risks can be eliminated or that future incidents will not have a material impact. In summary, while Aon's current cybersecurity incidents have not materially affected its long-term valuation, the company recognizes that future, more severe incidents could adversely impact its financial condition, reputation, and competitive position, all of which are key drivers of long-term valuation. The effectiveness of Aon's ongoing risk management and cybersecurity investments will be critical in limiting any negative valuation impact from such threats over time.","Aon's robust cybersecurity framework--comprising comprehensive policies, dedicated controls, board-level oversight, and an enterprise risk management approach--currently helps insulate the company from material financial impact due to cybersecurity incidents. However, if evolving cybersecurity threats intensify, several long-term valuation implications could materialize:\n\n1. Increased Operating Costs: While Aon's incident response and risk mitigation strategies are strong, a significant uptick in cybersecurity threats may require additional investments in technology, specialized personnel, and more frequent testing and monitoring. These higher operational costs could compress profit margins over time.\n\n2. Higher Capital Allocation to Cybersecurity: The necessity to continuously upgrade systems, bolster IT infrastructure, and possibly purchase more expensive cybersecurity insurance could lead to a reallocation of capital that might otherwise be used for growth initiatives or returned to shareholders. This shift could affect long-term growth trajectories and, indirectly, valuation multiples.\n\n3. Impact on Risk Perception and Cost of Capital: If investors begin to perceive an increase in cybersecurity risks, even in the presence of strong controls, it may lead to a demand for a higher risk premium. This means that Aon could face a higher cost of capital due to perceived increased risk, which would lead to a higher discount rate used in valuation models, thereby lowering the company's present valuation.\n\n4. Reputational and Client Trust Risks: Despite established controls, any high-profile cybersecurity breach could harm Aon's reputation. A loss of client trust and potential revenue impacts might result from even a single significant incident. Such reputational damage can negatively affect long-term growth expectations and market positioning.\n\nIn summary, while Aon's current cybersecurity measures help to mitigate risks, an escalation in threat intensity could lead to increased operating expenses, a reallocation of capital toward cybersecurity measures, and a higher risk premium demanded by investors. Each of these factors has the potential to slow margin growth and reduce overall valuation over the long term despite the company's strong risk management protocols.","8",""
"282","7520e2d6","HAL 2023 product sales rev w/ ticker vs services rev gap.","For the year ended December 31, 2023, Halliburton Company (ticker: HAL) reported: - Product sales revenue: $6,535 million - Services revenue: $16,483 million The gap between services revenue and product sales revenue is $16,483 million - $6,535 million = $9,948 million, with services revenue exceeding product sales revenue by this amount.","In 2023, Halliburton Company's services revenue was $16,483 million and the product sales revenue was $6,535 million. To calculate the difference: 16,483 - 6,535 = 9,948. Therefore, the services revenue was $9,948 million higher compared to the product sales revenue.","10",""
"290","bdc4a35a","KIM faces alt retail comp for rental income profitability.","Yes, Kimco Realty (KIM) faces competition from alternative retail channels that can impact rental income profitability. The retail real estate industry is highly competitive and dynamic, with competition coming not only from other physical shopping centers and malls but also from internet retailing sites and catalogs. The growth of e-commerce and alternative retail channels, such as direct-to-consumer brands and club stores, has intensified competition, changed consumer preferences, and affected market dynamics. These alternatives offer retailers new distribution options beyond traditional brick-and-mortar locations, which can negatively affect the demand for physical retail space, potentially reducing occupancy rates and the level of rents that can be obtained. This competitive environment may adversely impact KIM's ability to lease space and maintain profitable rental income (see Chunk 1 and Chunk 14).","The provided reference clearly explains that competitive pressures from alternative retail formats--especially e-commerce, outlet malls, discount shopping clubs, telemarketing, and home shopping networks--can negatively impact Kimco Realty Corporation's rental income and overall profitability. Specifically, these competitive pressures can affect the company in the following ways:\n\n1. Lower Rental Income: More convenient or lower-priced retail alternatives may attract tenants away from Kimco's shopping centers, causing downward pressure on rental rates. Additionally, if tenants can secure better lease terms elsewhere, they may demand concessions when renewing, which directly reduces rental revenue.\n\n2. Increased Vacancy Rates: As alternative retail formats appeal to both customers and potential tenants, Kimco may face difficulty in leasing vacant spaces. This can lead to higher vacancy rates, further eroding rental income.\n\n3. Tenant Financial Health Concerns: With heightened competition, tenants may experience weaker business performance. Underperforming retailers might be more likely to default on lease payments or close their stores, which again impacts rental income.\n\n4. Higher Acquisition Costs: Competition in acquiring properties from developers with greater financial resources might force Kimco to pay a premium. These higher costs to acquire or develop properties can squeeze profitability.\n\nOverall, while exact quantification (e.g., revenue changes or profit margins) isn't possible without more detailed financial data, the qualitative impact is that increased competition pressures rental income by forcing lower rents, increasing vacancy rates, and potentially leading to tenant defaults--all of which could negatively impact overall profitability.","8",""
"291","61e6ea70","ARE: turnover diff & departures impact for 568 workforce.","I cannot find sufficient information in the provided documents to answer this question.","The percentage point reduction is 10.7 percentage points (calculated as 19.0% - 8.3%). With a workforce of 568 employees, the industry turnover would result in approximately 108 departures annually (0.19 * 568 ≈ 107.92), while Alexandria's rate would result in about 47 departures (0.083 * 568 ≈ 47.14). This implies a reduction of roughly 61 departures per year (108 - 47 ≈ 61) compared to the industry average.","1",""
"287","cf5e5a7f","Status of legal proceedings for EPAM and potential disclosures.","I cannot find sufficient information in the provided documents to answer this question.","Based on the provided reference, EPAM Systems, Inc. is not currently involved in any material legal proceedings. Additionally, the company has not disclosed any material legal or governmental proceedings that are pending or that they are aware of being contemplated to be brought against them. This indicates that there are no significant current or potential future legal claims affecting the company.","2",""
"292","5ca6e368","PAREM: ad rev recognition timing for audience ratings guarantees.","For Paramount (PAREM), advertising revenues related to contracts with audience ratings guarantees are recognized over time based on the proportion of the audience rating or impressions delivered to the total guaranteed in the contract. If the amount billed exceeds the revenue recognized, the excess is deferred until the guaranteed audience ratings or impressions are delivered. In summary, revenue is recognized as the guaranteed audience is delivered, not simply when ads are aired, ensuring that recognition matches fulfillment of the audience guarantee (see Chunks 1, 2, 3).","Paramount Global recognizes advertising revenues when the advertising spots are aired on television or streamed and displayed on digital platforms. For contracts that include a guarantee - such as delivering a targeted audience rating or a specific number of impressions - revenue is recognized over time. Specifically, revenue is recognized based on the proportion of the guaranteed audience ratings or impressions that have been delivered relative to the total guaranteed in the contract. Any amount billed in excess of the revenue recognized is deferred until the guaranteed audience ratings or number of impressions are fully delivered.","9",""
"294","80465551","HP has a significant human capital impact, driving growth & enhancing competitive positioning.","HP's human capital strategy plays a significant role in driving growth and enhancing its competitive positioning. With approximately 58,000 employees in 59 countries, HP leverages the diverse skills and perspectives of its workforce to power innovation and deliver transformative solutions for customers worldwide. The company's approach includes: - Ongoing learning and development opportunities, including internal and external programs, leadership assessments, coaching, job rotations, and a focus on critical skills such as software development, AI, data science, and strategic thinking. - A comprehensive compensation and benefits package, with regular pay equity reviews to ensure fair and equitable pay practices across the global workforce. - A strong emphasis on employee engagement, with regular feedback mechanisms like annual surveys (with a 90% participation rate in 2024) and pulse polls, which help HP continuously strengthen its culture and address employee concerns. - Commitment to diversity, equity, and inclusion, both in hiring and internal development, ensuring equal opportunities and access for all employees. - A global wellness program supporting the holistic wellbeing of employees across physical, financial, emotional, life balance, and social/community pillars. This strategic investment in talent development, engagement, and inclusion ensures HP attracts and retains exceptional talent, cultivates a high-performing workforce, and drives the innovation necessary for long-term growth and competitive advantage in its markets.","The reference shows that Healthpeak Properties, Inc. prioritizes human capital management as a central element of its business strategy, with 193 full-time employees and structured oversight by the Board of Directors through its Compensation and Human Capital Committee. This focus on human capital matters--including corporate culture, diversity, and succession planning--suggests that the company is investing in the critical areas that can enhance employee performance, innovation, and long-term competitive advantage, thereby supporting sustainable growth.","1",""
"288","25b69bd3","2023 capex for Marsh & McLennan vs historical trends & long-term asset inv. drivers; ticker at the end.","I cannot find sufficient information in the provided documents to answer this question. While the documents contain details about Marsh & McLennan Companies' (MMC) long-term investments, investment types, and some acquisition activity, they do not provide specific capital expenditures (capex) figures for 2023, nor do they outline historical capex trends or detailed drivers for long-term asset investment. Most investment information relates to equity method investments, private equity holdings, and acquisitions rather than traditional capex. Ticker: MMC","In 2023, the company reported capital expenditures of $416 million, which is a decrease of about $54 million compared to 2022's $470 million. When compared to 2021, where capital expenditures were $406 million, the 2023 figure is only slightly higher by approximately $10 million. These numbers indicate that the company has maintained a relatively stable level of investment in long-term assets over the three years. The modest decline from 2022 to 2023 suggests that while the company may be adjusting its spending in response to operational or market conditions, it continues to commit a similar level of resources to its long-term asset base. This stability reflects a consistent strategy in capital allocation, aimed at supporting sustained operational capabilities and growth through steady investments in fixed and strategic assets.","2",""
"295","1ecb9579","UPS's investments in cybersecurity pose cost mgmt. liabilities.","UPS's investments in cybersecurity do pose cost management liabilities. The company acknowledges that maintaining and enhancing cybersecurity measures can require significant investment, especially as cyber threats become increasingly sophisticated. UPS may also face increased costs to modify, upgrade, or enhance its cybersecurity measures, and compliance with evolving laws and regulations regarding privacy, cybersecurity, and data protection can materially increase operating costs (see Chunk 5). Additionally, UPS interacts with third-party IT networks and systems, which introduces further risks and potential costs if those parties experience cybersecurity incidents (see Chunks 1, 4, 13). The occurrence of cybersecurity events could result in material disruptions, regulatory scrutiny, litigation, and other liabilities that could negatively impact UPS's business and financial results (see Chunk 1). Therefore, the need for ongoing investment in cybersecurity, regulatory compliance, and incident response represents a significant cost management challenge and liability for UPS.","The information provided outlines UPS's approach to managing cybersecurity risk, and while there are no explicit quantitative figures or direct cost data provided, we can assess the qualitative impact on cost management and financial liabilities. Specifically:\n\n1. Cybersecurity Budget: UPS's allocation for cybersecurity is reviewed by its Risk Committee and managed at a corporate level. Regular monitoring, independent reviews, and periodic assessments indicate that the company is actively investing resources to maintain robust cybersecurity defenses. This proactive budgeting helps mitigate the risk of breaches, and by lessening the impact and frequency of cyber incidents, it can potentially reduce the associated remediation costs and financial disruptions.\n\n2. Cybersecurity Insurance Program: The company's cybersecurity insurance is also scrutinized by the Risk Committee. An effective insurance program serves as a critical financial risk transfer mechanism. By having appropriate cyber insurance, UPS can offset some of the financial liabilities incurred in the event of a cyber incident, thereby helping to manage potential direct costs related to cyber breaches or interruptions in business operations.\n\n3. Investment in Technical Assessments and Third-Party Reviews: The deployment of technical assessments, internal audits, and engagements with independent third-party service providers reinforces UPS's cyber risk evaluation process. Regular assessments help identify vulnerabilities and ensure that appropriate mitigation measures are in place. This investment in technical assessments minimizes the chance of material cyber incidents and thus protects against larger financial liabilities stemming from such events.\n\nOverall, the combined impact is a deliberate strategic mitigation of cybersecurity risks where proactive investment (through budget allocations) and the use of dedicated cybersecurity insurance work together to contain and reduce the financial liabilities that could arise from potential cyber incidents. The technical assessments further enhance this stance by ensuring that these measures remain effective and up-to-date in the face of evolving threats.","7",""
"293","07308ac3","Repurchase capacity for Dec23 & cap alloc impact for xyL.","As of December 31, 2023, Xylem Inc. (XYL) had $182 million in remaining share repurchase capacity under its current authorization. No shares were repurchased under this program during the fourth quarter of 2023, so the full $182 million remained available at year-end. Regarding capital allocation impact, the program's stated objective is to deploy capital in a way that benefits shareholders while maintaining a focus on growth. The Board of Directors determines the level of repurchases, taking into account profitability, financial condition, capital needs, future prospects, and other relevant factors. There is no assurance of future repurchase activity or its magnitude, as it is subject to the Board's discretion and business considerations. In summary: - Repurchase capacity at December 31, 2023: $182 million. - Capital allocation: The repurchase program aims to balance shareholder returns with supporting growth, and future activity will depend on financial and strategic considerations.","The company's repurchase program was authorized for up to $500 million, and as disclosed, no shares were repurchased during Q4 2023. As of December 31, 2023, there remains an available capacity of approximately $182 million under the share repurchase program. \n\nThis remaining capacity can influence future capital allocation decisions by providing management with flexibility. With $182 million still available, the company can choose to repurchase shares if it considers the stock undervalued or if it aims to optimize capital structure and deliver shareholder value. It also signals the company's intent to actively manage its equity base, which can be attractive to investors. Future decisions will likely weigh alternative uses of capital, such as investments in growth or debt reduction, against the benefits of share repurchases.","9",""
"298","7108882a","Expedia's impact on intl mkt share growth is driven by its global supply & product diff. strategies.","Expedia's impact on international market share growth is significantly driven by its global supply and product differentiation strategies. The company leverages a deep and broad selection of travel products, which enables it to tailor offerings for different types of consumers and travel demands worldwide. Its core brand portfolio, consistent enhancements to product and service offerings, and global scale create increasing value for both customers and supply partners. Expedia distinguishes itself through multiple channels to generate demand, the quality and breadth of its travel product supply, usability of its websites and mobile apps, price or promotional offers, customer service, and flexible loyalty programs. This differentiation allows Expedia to compete effectively against both online and offline travel companies in local, regional, national, and international markets. Additionally, Expedia's technology platform and tools for suppliers facilitate efficient management, distribution, and marketing of travel products, further supporting its international growth and competitive position. In summary, Expedia's strategies focused on extensive global supply and differentiated products are central to its efforts to grow and maintain international market share.","The provided reference details qualitative information regarding how Expedia leverages its global supply network and differentiated product features to capture market share in international markets. Specifically, Expedia focuses on building a truly global, travel marketplace by engaging a broad and diverse range of travel suppliers (including airlines, hotels, rental car companies, cruise operators, and more). This extensive global supply network enables Expedia to offer competitive pricing, negotiated deals, and the breadth of travel products which directly appeals to both leisure and corporate travelers.\n\nFurthermore, Expedia differentiates itself through multiple value-added aspects such as:\n- Multiple channels to generate demand via their websites, mobile apps, and offline networks.\n- Enhanced product features and usability, which improve the user experience and drive customer loyalty.\n- Competitive promotional offers, flexible loyalty programs, and robust customer service.\n- Advanced B2B solutions (such as Rapid API and Expedia TAAP) that cater to a wide range of partners and international markets.\n\nThese strategies position Expedia to capture market share in international markets by offering a comprehensive and integrated travel solution that addresses both consumer and partner needs. The long-term growth prospects are positively influenced by:\n- Global scale and diversified revenue streams, reducing reliance on any single market.\n- Increased ability to negotiate competitive supplier pricing, leading to better margins and increased customer satisfaction.\n- Continuous innovation in technology and product features that align with evolving competitor landscapes and customer expectations.\n\nAlthough no quantitative calculations are provided in the reference, the qualitative description indicates that Expedia's focus on a global supply network combined with differentiated, multi-channel product offerings reinforces its positioning as a dominant international player. This strategic focus supports robust long-term growth prospects by enabling continued market expansion, improved competitive positioning, and the ability to generate sustainable revenue growth.","9",""
"296","38e0b21f","High-growth end-use % for Eastman revenue and peer positioning, ticker at the end.","For Eastman Chemical Company (EMN), approximately 60% of 2023 sales revenue was generated from outside the United States and Canada, which suggests a strong presence in international and potentially high-growth markets (Chunk 1, Chunk 13). However, the specific percentage of revenue from high-growth end-use markets is not directly stated in the provided information. Eastman defines its business strategy around leveraging technology platforms and innovation to target attractive niche and high-growth markets across diverse geographies (Chunks 2, 5, 7, 9). The company serves end-use markets in transportation, durables and electronics, building and construction, medical and pharma, and consumables (Chunk 4), and is focused on driving growth through differentiated, specialty materials. In terms of peer positioning, Eastman pursues organic growth and targeted acquisitions, emphasizing specialty businesses and innovation in sustainability and circular economy solutions (Chunks 2, 9). This positions Eastman competitively among specialty chemical peers by focusing on innovation, sustainability, and expanding into new and high-growth markets. Ticker: EMN Summary: While a precise percentage of revenue from high-growth end-use markets is not specified, Eastman generates a significant portion of sales internationally and targets high-growth applications and regions through innovation and specialty products, positioning itself strongly among global specialty materials peers.","The provided data consists of product descriptions, key raw materials, and end-use applications across various companies, but it does not include Eastman Chemical Company's financial statements or specific revenue breakdowns by end-use applications. Without detailed segment revenue data showing what percentage of Eastman's revenue comes from areas such as transportation, building and construction, or health and wellness, it is not possible to accurately determine the percentage attributable to high-growth end-use applications or assess how this mix compares against its peers. Additional financial disclosures or revenue segmentation data would be required to answer this question.","8",""
"297","7d0f1bd6","PSEG FY23 energy cost ratio vs FY22/21.","For Public Service Enterprise Group (PSEG), the energy cost ratio--calculated as Energy Costs divided by Operating Revenues--for the years 2023, 2022, and 2021 is as follows (all values in millions): - 2023: Energy Costs $3,260 / Operating Revenues $11,237 ≈ 29.0% - 2022: Energy Costs $4,018 / Operating Revenues $9,800 ≈ 41.0% - 2021: Energy Costs $3,499 / Operating Revenues $9,722 ≈ 36.0% So, the energy cost ratio decreased significantly in 2023 compared to 2022 and 2021.","For fiscal 2023, the energy cost is $3,260 million while the operating revenues are $11,237 million. To calculate the ratio, divide the energy cost by the operating revenues and multiply by 100: (3,260 / 11,237) x 100 ≈ 29.0%. In comparison, the ratio for fiscal 2022 was (4,018 / 9,800) x 100 ≈ 41.0%, and for fiscal 2021 it was (3,499 / 9,722) x 100 ≈ 36.0%. This indicates that in fiscal 2023, energy costs represented a smaller proportion of operating revenues relative to the previous two years.","10",""
"299","eeda4426","TDY EPS trend analysis adj for WAS & implications on SH value.","I cannot find sufficient information in the provided documents to answer this question.","Over the three years, Teledyne's basic and diluted EPS have increased significantly despite modest increases in weighted average common shares outstanding. In 2021, the basic EPS was $10.31 (with 43.2 million shares) and diluted EPS was $10.05 (with 44.3 million shares). In 2022, these figures rose to $16.85 (46.8 million shares) for basic EPS and $16.53 (47.7 million shares) for diluted EPS. By 2023, basic EPS further increased to $18.80 (47.1 million shares) and diluted EPS to $18.49 (47.9 million shares).\n\nTo put this into perspective, while the number of shares outstanding increased by roughly 9-10% over the period, the basic EPS grew from $10.31 to $18.80 - an increase of about 82%. This disparity indicates that the company's net income growth has outpaced the increase in shares, suggesting robust improvements in profitability on a per-share basis. In other words, shareholders have seen enhanced value creation as the earnings generated per share - a key measure of profitability - have risen considerably, implying effective capital allocation and operational performance over the three-year period.","1",""
"300","2b8cb791","Liquidity mgmt, WC changes, risk, & benefits for Lennar.","Lennar manages liquidity and working capital (WC) through several strategies and structures, while also addressing risks and the benefits of its approach: Liquidity Management: - Lennar maintains significant cash and cash equivalents. At November 30, 2024, it had $5.0 billion in cash and restricted cash, compared to $6.6 billion the previous year. The company also had $4.7 billion of homebuilding cash and cash equivalents and no outstanding borrowings under its $2.9 billion unsecured revolving credit facility, giving it approximately $7.6 billion in available capacity (Chunk 2). - Its activities are primarily financed through cash generated from operations, debt issuances, investor funds, and credit facilities, including warehouse lines of credit and its revolving credit facility (Chunk 2). Working Capital (WC) Changes: - In 2024, cash provided by operating activities was $2.4 billion, down from $5.2 billion in 2023. This decrease was due in part to an increase in inventories as part of the company's growth strategy, offset somewhat by net earnings and an increase in accounts payable and other liabilities of $380 million (Chunk 2). - The company closely monitors changes in estimated cash flows from its investment securities and periodically reviews for impairment, though none were recorded in 2024 or 2023 (Chunk 2, 15). Risk Management: - Liquidity risk includes the inability to meet cash and collateral needs or not having the right mix, composition, or tenor of funding to support assets and liabilities (Chunk 1). - Lennar manages this risk by analyzing liquidity characteristics of assets and liabilities, developing internal stress testing assumptions, defining and monitoring liquidity strategies, policies, reporting, and contingency funding plans, and ensuring compliance with regulatory requirements (Chunk 1). - The company also reviews its investments for impairments and classifies its investment securities appropriately (Chunk 15). Benefits: - Strong liquidity management enables Lennar to support its core businesses and meet financial obligations even during economic stress, helping to ensure ongoing operations and support for clients (Chunk 1, 2). - Effective working capital management allows the company to fund growth (as seen with increased inventories) while maintaining financial flexibility (Chunk 2). - The overall approach provides for both current and long-term capital needs, supporting dividends, stock buybacks, and future growth (Chunk 6). In summary, Lennar's disciplined liquidity and working capital management practices help mitigate risk, support operational needs, enable growth, and return capital to shareholders through dividends and stock repurchases.","The provided cash flow details allow us to assess how changes in working capital items, particularly receivables, inventories, and deposits, are affecting liquidity. In 2023, for example, there was an increase in receivables (-$329 million), which indicates that more sales are made on credit. This could mean that while revenues might be growing, the timing of cash collections is slower, potentially weighing on liquidity if this trend continues. However, the impact is partly offset by a decrease in inventories (+$2,274 million), which suggests the company was able to reduce its inventory levels - thus freeing up cash. Additionally, the moderate outflow from increased deposits (-$296 million) reflects higher pre-acquisition costs on real estate, indicating that more cash is being tied up in advance payments.\n\nOverall, Lennar Corporation appears to be managing its liquidity well, as evidenced by robust net cash provided by operating activities ($5,179 million in 2023), which more than compensates for the working capital pressures. The benefits include improved cash flow from inventory reductions and strong operating cash generation. However, potential risks remain if the trend in higher receivables were to persist without an improvement in collections - as it may signal a reliance on credit sales with the attendant risk of slower cash conversion. In summary, while the company's liquidity is supported by operational strength and effective inventory management, vigilance is needed in monitoring receivables growth to avoid any future liquidity issues.","7",""
"289","ad3f06e1","The impact of leadership diversity at Dayforce Inc. on talent retention and competitive positioning.","Based on the provided context, Dayforce Inc. demonstrates a commitment to leadership diversity, with women representing approximately 44% of employees in manager-level roles and above, and about 36% in vice president-level roles and above as of December 31, 2023. In the U.S., people of color accounted for about 24% of employees in manager-level roles and above, and approximately 27% in vice president-level roles and above (Chunk 1). This focus on diversity in leadership is part of a broader strategy to attract and retain top talent, which remains critical to the company's ongoing success. Dayforce fosters a culture of continuous learning and empowerment, offering professional development programs, leadership development, and job shadowing opportunities (Chunk 1). The company's employee Net Promoter Score in 2023 was 50, indicating a relatively high level of employee satisfaction and engagement (Chunk 1). In terms of competitive positioning, Dayforce leverages its inclusive culture and diverse leadership as part of its value proposition to both employees and customers. Its Dayforce Engagement product, for example, helps customers build inclusive workforces and measure employee sentiment on equity and belonging (Chunk 1). The company has also received multiple industry accolades, such as being named a Leader in the Gartner Magic Quadrant for Cloud HCM Suites for large enterprises for four consecutive years (Chunks 7, 10), which bolsters its reputation in the market. In summary, leadership diversity at Dayforce Inc. positively influences talent retention through an inclusive and supportive culture, professional growth opportunities, and high employee engagement. This, in turn, strengthens the company's competitive positioning by attracting and retaining top talent and enhancing its reputation as a leader in the HCM software industry.","Dayforce Inc. has demonstrated a strong commitment to diversity and inclusion. As of December 31, 2023, women made up approximately 50% of the global workforce; however, they represented about 44% of employees in manager-level roles and 36% in vice president-level roles and above. In the U.S., people of color accounted for roughly 24% of managers and 27% of vice presidents. These figures indicate that while the overall gender balance is favorable, there are gaps in leadership roles. The company's targeted initiatives, such as the Achieving Corporate Equity program and various employee resource groups, aim to improve these ratios. For investors, this approach suggests potential benefits in talent retention, enhanced leadership diversity, and competitive positioning, all of which are key to sustainable long-term growth.","9",""
