query_id,query,chunk_ids,document_ids,final_answer
a4de4db1,10b5-1 trading plan sentiment & long-term strategy for Airbnb CTO.,"128743,88986,119263,104512,147872,147871,107281,152574,11382,4022,13111,130620,102982,162058,34663,9252","384,321,35,356,483,390,263,455,40,103,14,306,311,443,29","Based on the provided context, Ari Balogh, Airbnb's Chief Technology Officer, adopted a 10b5-1 trading plan on November 29, 2023, with an expiration date of October 31, 2024. The plan allows for the sale of up to 525,688 shares. There is no explicit information in the provided documents regarding sentiment or long-term strategy associated with this trading plan. The context only outlines the adoption and terms of the plan, not the executive's intentions or outlook. Therefore, I cannot find sufficient information in the provided documents to answer this question regarding sentiment and long-term strategy."
d013f300,"Impact of NSC exec career prog on IR & fin expertise, ticker in last pos.","91411,91410,61294,108695,27666,104598,167144,140335,142036,108646,123561,121546,145805,123562,150876,48545,96692","289,418,451,326,424,366,271,495,142,371,180,84,437,312",I cannot find sufficient information in the provided documents to answer this question.
ff498046,MetLife's cybersecurity controls mitigate operational risk and financial impact MFC.,"123966,123968,123967,90469,103984,103985,37391,68610,97337,72418,105074,84528,124530,123912,102039,123913","290,199,268,111,304,372,213,310,313,251","MetLife’s cybersecurity controls are designed to mitigate operational risk and potential financial impact by implementing a comprehensive Information Security Program. This program protects the confidentiality, integrity, and availability of data and technology assets through physical, technical, and administrative safeguards. Key features include: - A dedicated cybersecurity incident response team and an incident response plan tested annually with participation from senior executives and the Board of Directors. - Regular review and updating of information security policies and procedures to reflect changes in law, technology, and emerging threats. - Ongoing network and application testing, surveillance, and periodic risk assessments of both internal operations and third-party service providers. - Risk mitigation strategies such as cybersecurity and privacy liability insurance to help defray costs associated with a security breach. - Vendor management procedures and continuous monitoring of high-risk vendors. - Employee training programs on cybersecurity best practices. - Engagement with independent assessors and third-party experts to evaluate and improve the program, with findings reported to the Board. MetLife has not identified any cybersecurity risks or incidents during the reported period that have materially affected, or are reasonably likely to materially affect, its business strategy, financial condition, or results of operations. This indicates that the implemented controls are effective in mitigating operational and financial risks associated with cybersecurity threats."
e9e6207f,"Debt terms, interest exp., & proj. for Molson Coors.","145167,145165,145238,145349,145343,145340,145346,144949,145348,145339,31792,145342,31791,145351,145345,144946","97,434","Based on the provided context, here is a summary regarding Molson Coors (TAP) debt terms, interest expense, and available information for projections: Debt Terms (as of December 31, 2023): - Long-term debt includes: - EUR 800 million 1.25% notes due July 2024 - CAD 500 million 3.44% notes due July 2026 - $2.0 billion 3.0% notes due July 2026 - $1.1 billion 5.0% notes due May 2042 - $1.8 billion 4.2% notes due July 2046 - Finance leases and other smaller obligations - Total long-term debt (including current portion): $6,202.4 million - Current portion of long-term debt: $890.3 million - Total long-term debt (excluding current portion): $5,312.1 million - Short-term borrowings: $21.5 million Debt Repayment and Amortization: - The CAD 500 million 2.84% notes were repaid on July 15, 2023, using cash on hand. - Debt issuance costs are being amortized over the respective terms of the notes. Interest Expense: - Interest expense for 2023: $234.0 million - Interest expense for 2022: $250.6 million - Interest expense for 2021: $260.3 million Projections: - No explicit interest expense projections are provided in the available context. - However, the declining trend in interest expense from 2021 to 2023 may be due to ongoing repayments and refinancing at potentially lower rates. Summary: Molson Coors maintains a diversified debt portfolio with maturities ranging from 2024 to 2046 and coupon rates between 1.25% and 5.0%. Interest expense has been gradually decreasing over recent years, with $234.0 million reported for 2023. No direct future projections for interest expense are included in the provided documents."
1bc4aa38,Implications of labor structure w/ LYV employee ratio.,"95420,95395,95496,95252,95282,95494,95391,95390,95479,95503,95504,95389,95350,95276,95246,95506",284,"The provided context does not specify exact employee ratios or detailed breakdowns of full-time versus part-time or seasonal employees at Live Nation Entertainment (LYV). However, it does provide insight into the company's labor structure and its implications: - LYV's direct operating expenses include salaries and wages related to seasonal employees at their venues, indicating a significant reliance on variable, event-driven staffing. These costs are described as primarily variable in nature, reflecting the fluctuating needs based on event schedules and seasons (Chunk 1). - Selling, general, and administrative expenses cover salaries and compensation for full-time employees, suggesting a core permanent workforce that supports ongoing business operations beyond event-based activities (Chunk 1). - The company highlights its commitment to diversity, equity, and inclusion with specific programs and representation goals, which can impact recruitment, retention, and promotion within their labor structure (Chunk 14). Implications: - The use of a large number of seasonal employees allows LYV to adapt labor costs to event demand, providing flexibility but also potentially leading to challenges in workforce management and consistency of service. - A core of full-time employees ensures stability for critical business functions and supports strategic initiatives, including diversity and inclusion. - The focus on diversity and inclusion, recognition for workplace equality, and structured employee resource groups may enhance employee engagement, broaden talent pools, and reduce turnover for permanent staff. In summary, LYV’s labor structure—with its mix of full-time and seasonal employees—provides operational flexibility but requires effective management to balance variable labor costs with the need for a skilled, engaged, and diverse workforce. The exact employee ratio is not specified in the context, but the structure is designed to support both the cyclical nature of live events and ongoing corporate functions."
96cc0422,"Dec 2023 RSG LT debt breakdown & YOY comp, ticker at the end.","134741,134611,134799,134620,134745,134682,134689,134621,134626,134593,134698,134564,134478,134443",401,"As of December 31, 2023, Republic Services, Inc. (RSG) had a total debt carrying value of $12.8 billion, with a long-term portion of $11.9 billion (after subtracting the current portion of $932.3 million). The breakdown of the principal amounts by major components is as follows (rounded to nearest $0.1 million): - Credit facilities and loans: - $3.5 billion Credit Facility (matures August 2026): $297.1 million outstanding - Term Loan: $500.0 million - Commercial Paper: $496.0 million - Senior Notes: - August 2024: $900.0 million - March 2025: $500.0 million - November 2025: $350.0 million - July 2026: $500.0 million - November 2027: $650.0 million - May 2028: $800.0 million - April 2029: $750.0 million - March 2030: $600.0 million - February 2031: $650.0 million - February 2032: $750.0 million - March 2033: $700.0 million - December 2033: $650.0 million - April 2034: $800.0 million - March 2035: $181.9 million - March 2040: $399.9 million - May 2041: $385.7 million - March 2050: $400.0 million - Debentures: - September 2035: $148.1 million - Tax-exempt bonds: $1,289.1 million (with maturities 2024–2053) - Finance leases: $251.3 million (with maturities 2024–2063) Year-over-year comparison: - As of December 31, 2022, total debt was $11.8 billion, with a long-term portion of $11.3 billion. - This represents an increase in total debt of approximately $1.0 billion year-over-year, and an increase in long-term debt of about $0.6 billion. Ticker: RSG"
1463dac0,Exec trading of BBWI vs trends in insider ownership.,"14702,14859,14861,14862,14858,14805,14720,14721,14703,37896,14849,14724,14706,14725,45493,24146","112,72,46,135",I cannot find sufficient information in the provided documents to answer this question.
6f5b5ef5,"Terrence Duffy's impact on strategy, capital allocation, and risk mgmt at CME Group is noteworthy. CME.","29475,29709,29474,29480,29479,29545,29431,29538,29708,29478,29544,29473,29481,29476,29621,29701",90,"Terrence A. Duffy has served as CME Group's Chairman and Chief Executive Officer since 2016, with a long tenure on the board since 1995 and extensive leadership experience within the company. Under his leadership, CME Group has pursued a strategy focused on expanding its global presence, product offerings, and operational flexibility, as reflected in its acquisitions of major exchanges and firms such as CBOT, NYMEX, COMEX, and NEX. These moves expanded CME Group’s customer base and product suite, fostering capital efficiencies across futures, cash, and OTC markets, and enhancing the company’s competitive positioning. Duffy's strategic direction has included maintaining CME Group's position as a global leader in derivatives, strengthening its clearing and risk management capabilities, and leveraging technology for market access and transparency. The company's structure as a holding company and its focus on a wide array of products—interest rates, equity indexes, FX, commodities, energy, and metals—reflect this comprehensive strategy. On capital allocation, CME Group has consistently focused on investments that support technological innovation, product development, and acquisitions that align with long-term growth and risk mitigation. The company’s approach to risk management includes robust practices for clearing, counterparty risk assessment, and cybersecurity, integrating layers of controls and industry best practices to safeguard its operations and clients. Overall, Duffy’s impact is evident in CME Group’s strategic growth, prudent capital deployment, and strong risk management framework, which have contributed to the company’s leadership in global financial markets."
11359ac7,"CS impact, usability, and brand rep on loyalty & earnings for CoStar Group.","37876,37845,37782,37899,37732,37716,37730,134450,14349,37898,37844,37724,48169,37745,37906,37723","112,401,43,142","CoStar Group’s impact, usability, and brand reputation play significant roles in driving customer loyalty and earnings. Impact & Usability: CoStar’s core offering is a subscription-based, integrated platform for commercial real estate intelligence, providing comprehensive data and analytical tools covering office, industrial, retail, multifamily, hospitality, and student housing properties. The usability of the platform is enhanced by features such as property databases, leasing and sales analytics, risk management, and benchmarking capabilities, which allow commercial real estate professionals to efficiently access, analyze, and utilize real estate information for decision-making (Chunks 2, 5, 12, 16). The company’s services are distributed primarily via online platforms and mobile applications, making access straightforward for users (Chunk 7). Brand Reputation: CoStar Group relies heavily on the strength and awareness of its brands (such as CoStar, LoopNet, Apartments.com, Homes.com, Land.com, STR, Ten-X, and OnTheMarket) to attract and retain users and subscribers. The company invests significantly in marketing to grow its user base and reinforce its brand differentiation, which it considers key assets. Strong brand reputation is cited as vital for attracting new customers and expanding within existing markets (Chunk 3). Effect on Loyalty & Earnings: Brand awareness and usability directly influence customer loyalty, as clients are more likely to continue subscriptions and recommend the platform if they find value and reliability in the services provided. The company’s recurring revenue model, with most subscriptions automatically renewing and contract rates based on various client needs, supports stable and predictable earnings (Chunk 14). However, CoStar acknowledges that if brand awareness or usability falters, or if marketing investments do not yield increased usage and advertising, both loyalty and financial performance could be negatively affected (Chunk 3). In summary, CoStar Group’s comprehensive and user-friendly platforms, combined with strong brand reputation, are critical in maintaining customer loyalty and supporting earnings growth. Investments in data quality, research, and brand marketing are central to sustaining this advantage."
9d84b5f8,"Liquidity impact from Salesforce (CRM) on WC, capex, and debt maintenance.","36492,36522,36523,36519,36462,36320,36329,32549,36456,36325,27047,69476,104659,41540,121311,43670","129,100,203,108,365,82,312,122","Salesforce (CRM) maintains a strong liquidity position, which positively impacts its ability to manage working capital (WC), capital expenditures (capex), and debt maintenance: - Working Capital (WC): As of January 31, 2024, Salesforce had $29.1 billion in current assets (including $8.5 billion in cash and cash equivalents, $5.7 billion in marketable securities, and $11.4 billion in accounts receivable) against $26.6 billion in current liabilities. This demonstrates solid short-term liquidity to cover its operational needs. - Capital Expenditures (Capex): In fiscal year 2024, Salesforce spent $736 million on capital expenditures, which was funded from operating cash flows. With net cash provided by operating activities at $10.2 billion, the company generates sufficient cash to cover its capex requirements. - Debt Maintenance: As of January 31, 2024, Salesforce had $999 million in current debt and $8.4 billion in noncurrent debt. The company believes that its existing cash, cash equivalents, marketable securities, cash from operations, and access to a $3.0 billion revolving credit facility are sufficient to meet debt maintenance and other financial obligations over the next 12 months. In summary, Salesforce’s strong liquidity ensures it can comfortably meet its working capital needs, fund capital expenditures, and maintain its debt obligations."
f6f28978,BDX plans FY24 ASR for share repurchases & expenditures.,"15845,15872,15877,15760,140649,140650,15672,25418,158185,15852,15824,15917,15916,15705,15923","472,49,418,75","In fiscal year 2024, Becton, Dickinson and Company (BDX) executed and settled accelerated share repurchase (ASR) agreements for the repurchase of 2.118 million shares of its common stock for a total consideration of $500 million, excluding a 1% excise tax on share repurchases of $3 million, which was recorded as an increase to Treasury stock. These share repurchases were made under the repurchase program authorized by the Board of Directors on November 3, 2021, for up to 10 million shares of BD common stock, with no expiration date."
e96f2b64,Timing of contract obligations vs growth for Etsy.,"59014,59054,59017,58995,59134,58993,58804,58994,59002,58757,58749,59006,59055,58762,11842","37,173",I cannot find sufficient information in the provided documents to answer this question.
dd760470,Union contract expiry risks at NWSA; mgt focusing on talent retention during digital pivot.,"118136,79216,118178,118165,118177,118181,118173,118233,118114,118217,79217,156408,7572,112889,87637","354,260,234,338,467,25","NWSA faces risks related to union contract expirations, as approximately 3,600 of its employees are represented by various unions, with contracts expiring at different times over the coming years. The company acknowledges that labor disputes, including strikes or work slowdowns during contract negotiations, could cause production delays, business interruptions, higher costs, and reduced profit margins. These risks may be heightened by labor constraints and inflationary pressures on wages and benefits (Chunks 1, 6). In parallel, as NWSA continues its digital transformation, management is highly focused on talent retention and development. The company recognizes that attracting, retaining, and motivating highly qualified employees—especially for technology, product development, data science, marketing, and sales roles—is both difficult and costly in a competitive market. Challenges include alignment with evolving workforce expectations, such as flexible and remote work arrangements, and the impact of workforce reductions intended to optimize organizational structure. Failure to retain key talent or to hire suitable replacements could hinder the company’s digital strategy and negatively impact business results (Chunks 1, 3, 5)."
55f7b727,EPS evolution of GWW from 2021-2023 highlights shareholder value & profitability.,"69320,69323,69300,69294,69304,69225,69299,69306,69322,69321,69377,69293,69311,69256,102934","202,306","From 2021 to 2023, W.W. Grainger, Inc.'s earnings per share (EPS) showed significant growth, underscoring increasing shareholder value and profitability: - In 2021, diluted EPS was $19.84. - In 2022, diluted EPS rose to $30.06. - In 2023, diluted EPS further increased to $36.23. This progression reflects a compound annual growth rate of over 35% during the period. The steady rise in EPS demonstrates Grainger's ability to drive profit growth and deliver value to shareholders through improved operational performance and increasing net earnings."
72b70e59,Sentiment on PG insider trading & governance risk is critical for investors.,"119832,119842,119858,119813,119847,119930,120013,119859,119851,100091,119852,100090,119809,120012,119856,119924","298,359","Based on the provided context, Procter & Gamble (P&G) demonstrates a robust approach to governance, risk management, and internal controls, which are important factors for investors concerned about insider trading and governance risk. P&G emphasizes strong internal controls and ethical conduct, as reflected in its Worldwide Business Conduct Manual and internal control systems. The company maintains written policies and procedures, segregates duties, and carefully selects and develops employees. Oversight is provided by its Global Leadership Council, Disclosure Committee, Board of Directors, and Audit Committee, which review accounting, financial reporting, and control matters. Global Internal Audit regularly assesses internal controls and compliance, and a Control Self-Assessment Program is conducted annually (Chunk 16). Additionally, P&G's compliance programs address a wide range of laws and regulations, including anti-corruption, privacy, data protection, and financial reporting. The company expects its suppliers and third parties to comply with these standards and has policies to manage these relationships (Chunk 4). There is no specific mention in the context of material concerns or weaknesses related to insider trading or governance risk at P&G. The company's long-standing history of dividend payments, share repurchase programs, and well-established governance structures suggest a stable and well-managed risk environment (Chunks 3, 15, 16). In summary, the sentiment based on the available context is that P&G takes governance and risk management—including those related to insider trading—seriously, which should be reassuring to investors. There are no indications of heightened or unmitigated insider trading or governance risks in the provided documents."
aa94d53c,HD's legal proceedings impact on financials mgmt. justification.,"72025,72024,72001,72083,71956,71964,71992,71952,72021,71947,71973,21026,48946,47583,21095,52671","64,140,144,211,154","HD is involved in various legal, regulatory, and governmental enforcement proceedings, including government inquiries, investigations, and litigation related to consumer, employment, tort, and other matters. These proceedings are a normal part of its business operations. Litigation outcomes are inherently unpredictable and can require the company to take or refrain from certain actions, which could negatively affect operations or result in significant adverse verdicts, fines, or costs. Management justifies the financial impact of these legal proceedings by noting that involvement in lawsuits, investigations, and compliance with settlements or consent decrees can incur significant expenses, divert management’s attention and resources, and potentially damage the company’s reputation. Additionally, some outcomes may adversely affect operations or increase costs, and compliance with these legal matters can require changes to internal systems, processes, or controls, potentially increasing operating expenses. In summary, HD’s management recognizes that legal proceedings can significantly impact financial results due to their unpredictability, potential for large expenses, and required operational adjustments, all of which justify the careful consideration and disclosure of these risks in their financial statements."
13ec0e25,"Impact of FE exec roles on profitability & cash flow, ticker in last position.","96465,154034,94208,88311,119270,41654,58301,145399,136920,21751,88310,63315,52179,104665,91920,105304","288,66,312,356,408,262,171,460,314,273,435,280,153,122,184",I cannot find sufficient information in the provided documents to answer this question.
12c4696d,"Schein (HSIC) focuses on ESG, enhancing employee engagement, strengthening competitive positioning, and improving long-term outcomes.","76534,76613,76533,76538,76479,76535,76489,76488,76481,76615,76480,76704,76486,76492,76611",225,"Henry Schein (HSIC) integrates environmental, social, and governance (ESG) principles into its business operations, focusing on a values-based culture and sustainability. The company emphasizes employee engagement through various initiatives such as pay equity analysis, diversity and inclusion education, wellness programs, and community-building activities like Henry Schein Games, Community Circles, and Employee Resource Groups. These efforts foster an environment where employees, known as Team Schein Members (TSMs), feel engaged, included, and psychologically safe. To strengthen its competitive positioning, Henry Schein leverages over 91 years of experience, a global footprint, and a comprehensive product and service portfolio. The company focuses on meeting customer needs with customized solutions, direct sales and marketing expertise, and a strong e-commerce presence. Its dual-segment strategy—health care distribution and technology/value-added services—enables it to serve over one million customers worldwide and differentiate itself with consultative, technology-driven offerings. These combined efforts support Henry Schein’s long-term economic success, create shared value for society, and position the company for sustained growth and positive outcomes."
5d774c3a,"Wynn's SSR allocation influences revenue rec. & profit metrics, WYN.","163999,163809,163898,163896,163805,164019,163678,163901,163893,163817,163998,164021,163799,163688,163879,164020",488,"Based on the provided context, Wynn's allocation of the standalone selling price (SSR) directly influences its revenue recognition and profit metrics. For transactions that include complimentary goods or services (such as those provided to incentivize future gaming or through loyalty programs), Wynn allocates the standalone selling price of each good or service to the appropriate revenue type (casino, rooms, food and beverage, entertainment, retail, and other). This allocation determines how much revenue is recognized in each category. For casino transactions, after allocating amounts to complimentary goods/services and loyalty points, the remaining amount is recorded as casino revenue when the wager is settled. Complimentary goods and services provided by third parties under Wynn's discretion are recorded as operating expenses, not revenue. When loyalty points are redeemed, the value is allocated to the relevant revenue type, and if redeemed with third parties, any difference between the amount paid and the standalone selling price is recorded as entertainment, retail, and other revenue. These allocations impact the reported revenue in each segment and, subsequently, the profit metrics for each area of the business. Proper allocation ensures that the revenue and profit figures accurately reflect the economic value delivered in each category, in line with accounting standards. (See context from Chunks 3 and 4.)"
6ac131a1,Accrued unbilled rev. impacts rev. recog. & op. perf.,"98536,61445,50355,81228,60579,36559,61444,129025,32621,141126,36472,161168,32620,36471,113075","481,386,100,293,420,108,240,178,147,180,338","Accrued unbilled revenue represents revenue that has been earned by a company for goods delivered or services rendered, but has not yet been billed to the customer as of the reporting date. This arises due to timing differences between when the service is performed or the product is delivered and when the customer is actually invoiced. **Impact on Revenue Recognition:** - Revenue is recognized when it is earned, not necessarily when it is billed. Accrued unbilled revenue ensures that revenue recognition aligns with the actual delivery of goods and services, in accordance with accounting standards like ASC 606 (see context from D.pdf, CNP.pdf, NI.pdf, IQV.pdf). - For example, Dominion Energy and Virginia Power include accrued unbilled revenue in their receivables based on estimated amounts of electricity and natural gas delivered but not yet billed to customers (Chunk 2, 7). - This approach ensures that the financial statements accurately reflect the company's performance during the period, even if invoicing will occur later. **Impact on Operating Performance:** - Including accrued unbilled revenue in the financial statements gives a more accurate picture of operating performance, as it matches revenue with the period in which the associated activities occurred. - It affects key financial metrics such as accounts receivable and total revenue, which in turn impacts reported profitability and operating cash flow. - Companies monitor and estimate unbilled revenue using historical usage, customer rates, and other relevant factors (see NI.pdf, Chunk 15). - Operationally, it ensures that companies are not understating revenue in periods where significant services have been provided but not yet billed. In summary, accrued unbilled revenue allows companies to recognize revenue as it is earned, providing a true representation of their operating performance for the period, even if billing and cash collection occur later."
1d3a4ef3,Capex segmentation insights on strategy & future growth for CHD.,"27793,27704,27778,27679,27693,27672,27705,27730,27592,43670,27795,27698,43669,27802,27666","129,84","Church & Dwight's (CHD) capital expenditures (capex) strategy is focused on supporting future sales growth, particularly through investments in manufacturing capacity. For 2024, planned capex is approximately $180 million, primarily targeting manufacturing capacity expansions in laundry, litter, and vitamins—key product areas anticipated to drive future growth (Chunk 2). Looking at the 2023 breakdown, capex was allocated as follows: $190.0 million in Consumer Domestic, $20.4 million in Consumer International, and $13.1 million in the SPD (Specialty Products Division), totaling $223.5 million (Chunk 1). This distribution underscores a strategic emphasis on the Consumer Domestic segment, which is the company's largest revenue driver. The focus on manufacturing investments aligns with CHD’s broader strategic goal to support expected future sales growth through enhanced production capabilities. These investments are intended to ensure the company can meet increasing demand and capitalize on growth opportunities in its core product categories. In summary, CHD’s capex segmentation reflects a strategy of reinforcing its strongest segments—especially Consumer Domestic—by investing in capacity for staple product lines, which supports both near-term operational needs and long-term growth objectives."
72d93b44,Impact of % change in UNH interest exp on pre-tax earnings.,"149791,149825,149790,149818,149817,149846,149826,8819,81868,81818,23640,31495,28206,90118,149793","448,96,71,267,242,86,28","For the fiscal year 2023, UnitedHealth Group's interest expense increased by $1,154 million, or 55%, from $2,092 million in 2022 to $3,246 million in 2023. This increase in interest expense directly reduced the company's earnings before income taxes. Specifically, despite a 14% increase in earnings from operations, the higher interest expense offset some of this gain, resulting in an 11% increase in earnings before income taxes (from $26,343 million in 2022 to $29,112 million in 2023). Therefore, the 55% increase in interest expense had a negative impact on pre-tax earnings, partially offsetting operational earnings growth."
c49b410a,"For Essex Property Trust (ESS), confidence in share repurchase valuation remains strong, coupled with a positive growth perspective ahead.","55351,55499,55350,55435,55349,55241,55242,55268,55284,55243,55531,55239,55368,55250,55355,55539",163,"Based on the provided context, Essex Property Trust (ESS) demonstrates strong confidence in its share repurchase valuation. In September 2022, the Board approved a new stock repurchase plan authorizing up to $500 million in share repurchases, superseding the previous plan. During 2023, the company repurchased and retired 437,026 shares for a total of $95.7 million at an average price of $218.88 per share, with $302.7 million of purchase authority remaining as of December 31, 2023. This ongoing commitment to share repurchases indicates management's confidence in the value of the company's shares. Additionally, the company maintains a positive growth outlook. Management highlights a strong financial position, with sufficient cash flows, cash reserves, and access to capital markets to meet anticipated needs and support investment strategies. The company also emphasizes flexibility in shifting acquisition, development, and redevelopment activities to optimize portfolio performance and drive rental growth. These factors support a positive growth perspective for Essex Property Trust moving forward."
3e4450ee,Consumer trends in product reformulations & innovation for PEP.,"123138,78889,123139,123128,123224,123227,123235,86209,132682,123226,123140,123223,2064,123241,92807","233,9,396,370,276,255","Consumer trends influencing product reformulations and innovation at PepsiCo (PEP) include: - Increased consumer focus on health and wellness, leading to reformulations that reduce added sugars, sodium, and saturated fat in products. - Growing demand for products with functional ingredients and positive nutrition, such as legumes, whole grains, fruits and vegetables, nuts and seeds, dairy, protein (including plant-based proteins), fiber, micronutrients, and hydration. - Heightened interest in sustainability, driving innovation in packaging (reducing plastic, increasing recyclable and compostable options, and scaling models like SodaStream and returnable bottles). - Shifting consumer preferences toward diverse ingredients and healthier oils. - The acceleration of e-commerce and digital purchasing, which is influencing how products are marketed and distributed. - A general trend towards more transparency and sustainability throughout the supply chain, including regenerative agriculture and reduced environmental impact in production and packaging. PepsiCo responds to these trends by investing in global research and development, continually innovating with new technologies, ingredients, flavors, and substrates, and incorporating consumer insights to adapt its portfolio. The company’s pep+ (PepsiCo Positive) strategy places sustainability and positive nutrition at the core of its business transformation, aiming for long-term sustainable growth by aligning its offerings with these evolving consumer preferences and trends."
793dc0e4,"HWM's impact on cash flow & investment is influenced by leadership in cost control, supply chain, and cap allocation.","78337,78308,78378,78310,78303,78304,78348,78367,158161,78366,23565,78360,78315,159990,114081,127988","382,71,231,341,472,478","Howmet Aerospace’s (HWM) cash flow and investment are indeed influenced by its leadership’s effectiveness in cost control, supply chain management, and capital allocation: - Cost Control & Operating Results: The company’s increase in cash provided from operations in 2023 (up 23% from 2022) was attributed to higher operating results, which reflect effective cost control and operational efficiency (Chunk 5). - Supply Chain & Working Capital: Changes in working capital—including management of accounts payable, receivables, and inventories—significantly affect operating cash flow. Efficient supply chain management helps optimize these components, impacting cash flow positively or negatively depending on the year (Chunks 5 and 6). - Capital Allocation: Leadership decisions regarding capital expenditures, debt repayments, share repurchases, and dividends directly affect investing and financing cash flows. For example, in 2023, significant uses of cash included repayments of long-term debt, share repurchases, and capital expenditures on automation and technology upgrades (Chunks 6, 7, 13). Overall, HWM’s ability to generate and deploy cash is closely tied to the leadership’s actions in managing costs, optimizing the supply chain, and making disciplined capital allocation decisions."
9de93d4e,Impact on revenue timing predictability of unredeemed gift cards w/ WMT.,"14348,158234,72082,89915,45245,129760,89914,129761,14373,149431,14846,142761,6318,48044,140267","417,388,134,266,43,426,141,46,211,21,472,446","For Walmart (WMT), the timing of revenue recognition for unredeemed gift cards is influenced by when those cards are redeemed or when management estimates that certain balances will not be redeemed (i.e., breakage). Gift card purchases are not recognized as revenue until redemption occurs. Because Walmart's gift cards in the U.S. and some other countries do not expire, customers can redeem them indefinitely. However, while most gift cards are redeemed within 12 months, some are never fully redeemed. Management estimates the amount of unredeemed balances and recognizes revenue for these amounts as breakage over the expected redemption period. This approach adds some predictability to revenue timing, as historical patterns inform the estimation of when breakage revenue is recognized. Still, because there is no expiration date for most Walmart gift cards, there is inherent uncertainty in the exact timing, though the majority of redemptions—and thus revenue recognition—generally occur within a year of issuance."
1575095d,Cap allocation risk mgmt for FedEx's aircraft purchase agreement.,"65176,65216,65330,65326,65175,65158,65295,65255,65115,65251,65233,65159,65180,65021,41933","123,189","FedEx manages capital allocation risk related to its aircraft purchase agreements through several key strategies: 1. Long-Term Planning and Flexibility: Due to lengthy lead times for aircraft manufacturing and modifications, FedEx must anticipate volume levels and plan fleet requirements years in advance. Commitments for aircraft are made based on these projections, and the company strives to utilize its integrated global network to maintain flexibility with fleet planning, allowing aircraft to be interchangeable across routes and geographies to meet changing economic conditions (Chunks 1, 5). 2. Used Aircraft Opportunities: FedEx monitors the timing and availability of certain used aircraft types, particularly those with better fuel efficiency, to create opportunities to acquire these aircraft at favorable prices ahead of capacity needs. This helps mitigate the risk of overinvestment or underutilization (Chunk 1). 3. Impairment and Asset Utilization Review: The company regularly evaluates its long-lived assets for impairment, especially when events indicate that future cash flows may not support the carrying value of asset groups. Decisions to remove assets from service, such as retiring older aircraft for more efficient models, are based on network-level projections and cost-benefit analysis. If assets are removed from service, impairment charges may be recognized (Chunks 1, 5, 13). 4. Purchase Commitments and Modernization Programs: As of May 31, 2024, FedEx had $4.3 billion in noncancelable aircraft and related purchase commitments, with a schedule for future payments spread over several years. Modernization programs—such as the acquisition of more fuel-efficient Boeing 777F and 767F aircraft—are intended to achieve long-term operating savings and replace older models. The company notes its ability to delay timing on these purchases when appropriate, providing an additional risk management lever (Chunk 7). 5. Monitoring Temporarily Idled Assets: Aircraft that are temporarily idled due to maintenance or demand adjustments are assessed regularly for impairment and are expected to return to service as needed to match demand, helping to avoid excess capacity and associated costs (Chunk 13). In summary, FedEx’s capital allocation risk management for aircraft purchases relies on advanced planning, flexible network operations, careful monitoring of asset utilization and impairment, opportunistic acquisition of used aircraft, and staggered purchase commitments with the ability to adjust timing based on market conditions and business needs."
07851579,Impact on cash flows due to Netflix's tech & content innovation.,"107291,107290,107295,107298,107345,107263,107293,107266,107259,107302,107181,107262,107283,107299,45742,107284","136,321","Netflix’s investments in technology and content innovation have a significant impact on its cash flows, primarily through high levels of spending on content acquisition, licensing, and production, as well as ongoing technology and development expenses. - Content Investments: Netflix’s primary use of cash is for acquiring, licensing, and producing content, especially original content, which requires substantial upfront payments. In 2024, payments for content assets increased by $3,862 million (29%) compared to 2023, rising from $13,140 million to $17,003 million. This increase in payments for content assets partially offset cash inflows from operations, showing how content innovation drives substantial cash outflows (Chunks 6, 9, 12). - Amortization and Cash Flow Timing: Content costs are amortized over the expected period of use, typically on an accelerated basis due to higher upfront viewing. Over 90% of a content asset is expected to be amortized within four years after its availability. However, cash payments for producing original content are often made well before the content is available for streaming, impacting short-term cash flows (Chunks 4, 8, 9, 14). - Technology and Development Expenses: Netflix continues to invest heavily in technology and development, with $2,925 million spent in 2024. These expenses, along with content investments, are part of the company’s ongoing efforts to improve its platform and user experience, further impacting operating cash flows (Chunk 2). - Net Effect on Cash Flows: Despite these significant outflows for content and technology, Netflix generated strong operating cash flows ($7.36 billion in 2024). The company expects to continue investing significantly in global and original content, which will continue to impact liquidity and cash flow timing (Chunks 6, 9). In summary, Netflix’s focus on tech and content innovation leads to substantial upfront cash outflows, particularly for original content, but these investments are essential for driving growth and maintaining its competitive edge. The company’s operating cash flows remain robust, though the timing of content spend and amortization can cause fluctuations in reported cash flow figures."
ba476a19,MA ruling risk mitigation legal proceedings for Pentair.,"121555,131537,121694,121482,9363,98984,121712,121705,121707,93318,103082,76597,165936,101246,152273,131536","225,295,455,393,366,494,302,307,277,30","Pentair acknowledges that it has been, and may in the future be, involved in legal proceedings relating to its business, including those related to mergers and acquisitions (M&A), commercial disputes, regulatory matters, product liability, and environmental issues. The company states that while it believes a material impact on its consolidated financial position, results of operations, or cash flows from such claims is unlikely, it also recognizes the inherent uncertainty of litigation. Pentair periodically reexamines its estimates of probable liabilities and makes appropriate adjustments as developments occur in litigation. For risk mitigation, Pentair manages and adjusts reserves for probable and reasonably estimable liabilities, including those arising from acquired businesses, and maintains a regulated wholly-owned captive insurance subsidiary to insure a portion of its property and casualty risks. The company also discloses the possibility that an adverse ruling or unfavorable development in legal proceedings could have a material adverse impact, though it currently considers its reserves and risk management practices to be appropriate based on known facts and circumstances. In summary, Pentair mitigates M&A-related legal proceedings risk through ongoing assessment of liabilities, maintaining insurance coverage, and adjusting reserves as necessary, but acknowledges that the possibility of future material adverse outcomes cannot be entirely ruled out due to the unpredictable nature of litigation."
1377d233,"Cost structure for cybersecurity at Mohawk Industries, along with its op. profitability and projected long-term impact, focusing on ticker MHK.","99340,99406,99370,99272,99335,99396,99324,99381,99457,99337,99262,99378,99332,99263,99261",296,"The provided documents contain some information about Mohawk Industries’ (MHK) cybersecurity approach, operating profitability, and investment strategies, but do not break out the specific cost structure for cybersecurity. Cybersecurity Cost Structure: - Mohawk maintains “robust and comprehensive processes, procedures and controls” to protect its information systems and data infrastructure from cybersecurity threats. - The cybersecurity program is led by a Senior Director of Cybersecurity (CISO) and interfaces with other functional areas, but there are no specific dollar amounts or percentage costs attributed to cybersecurity in the documents ([Chunk 7]). Operating Profitability: - In 2023, Mohawk reported net sales of $11,135.1 million and a net loss attributable to Mohawk Industries, Inc. of $439.5 million (or $(6.90) per share), compared to net earnings of $25.2 million in 2022 ([Chunk 1], [Chunk 3], [Chunk 10]). - Operating loss for 2023 was $(287.8) million, compared to operating income of $244.2 million in 2022 ([Chunk 1], [Chunk 3]). - The company faced significant impairment charges and restructuring costs that contributed to the negative operating results ([Chunk 1], [Chunk 10]). Projected Long-term Impact: - While there is no explicit forward-looking statement about the financial impact of cybersecurity investments, the company highlights the importance of data security and privacy as part of its “Better for Performance” sustainability pillar ([Chunk 11], [Chunk 15]). - The company is focused on maintaining strong operational performance, which includes risk management and data security as ongoing priorities, suggesting that continued investment in cybersecurity is expected as part of its long-term strategy ([Chunk 7], [Chunk 11]). Summary: - Mohawk Industries has a formal cybersecurity program but does not disclose specific costs in the provided context. - In 2023, the company reported negative operating profitability due to several factors, including impairment and restructuring charges. - Cybersecurity is considered important for long-term operational performance, but the direct financial impact or projected long-term cost/benefit is not quantified in the available documents. If you need more detailed or itemized financial data specifically for cybersecurity, it is not available in the retrieved context."
dda6eba3,"2023 inv. turnover for Phillips 66 using crude/product cost & avg. inv. from 2022-23, PSX.","128413,128415,128416,12148,43079,128311,128465,128417,128418,128230,128503,114621,128466,128202,128515","342,127,38,383","To calculate the 2023 inventory turnover for Phillips 66 (PSX) using the cost of purchased crude oil and products and the average inventory from 2022 and 2023: **Inventory Turnover Formula:** Inventory Turnover = Cost of Goods Sold (COGS) / Average Inventory For PSX, the cost of purchased crude oil and products is used as COGS. - Cost of purchased crude oil and products in 2023: $128,086 million - Inventory at end of 2023: $3,750 million - Inventory at end of 2022: $3,276 million - Average Inventory = (2023 Inventory + 2022 Inventory) / 2 = ($3,750 + $3,276) / 2 = $7,026 / 2 = $3,513 million **Inventory Turnover = $128,086 million / $3,513 million ≈ 36.47** **Conclusion:** The 2023 inventory turnover for Phillips 66 is approximately **36.5**."
02632d80,ROE rate approvals from Ameren Corp reflect profitability resilience.,"5812,5989,5795,6011,5794,5689,5789,5921,5811,5918,5808,5656,5730,5793,5909",20,"Ameren Corporation’s allowed Return on Equity (ROE) rates demonstrate profitability resilience by providing stable and competitive returns across its business segments, despite regulatory changes and economic pressures. For 2023, the allowed ROEs were: - Ameren Transmission: 10.52% (including a 50-basis-point incentive for RTO participation, set by FERC) - Ameren Illinois Electric Distribution: 8.72% (set under a Multi-Year Rate Plan, or MYRP) - Ameren Illinois Natural Gas: 9.44% - Ameren Missouri: ROE is not explicitly specified in the latest rate order, but the framework includes mechanisms for timely cost recovery and investment return. Additionally, Ameren Illinois’ formula ratemaking for energy-efficiency investments ties ROE to the annual average of the monthly yields of 30-year U.S. Treasury bonds plus 580 basis points, ensuring returns are responsive to changes in interest rates. These regulatory frameworks and allowed ROEs enable Ameren to manage inflationary pressures, maintain reliable returns, and adjust for cost variations, supporting the company's ability to deliver consistent profitability even amid market and regulatory challenges. Ameren’s focus on minimizing the gap between allowed and earned ROEs and utilizing mechanisms such as trackers, riders, and formula ratemaking further enhances its profitability resilience."
86580c44,Payment timing for NWS sports programming rights vs. programming costs & purchase obligations.,"118422,118292,118299,119428,61861,118300,61965,118334,45392,118298,118162,157738,157879,157878,29298","354,357,135,181,471,89","Based on the provided information: - **Sports programming rights**: Payments are spread over multiple years, specifically through fiscal 2032. As of June 30, 2024, the total commitment is $3,177 million, with the following payment schedule: - Less than 1 year: $481 million - 1-3 years: $1,080 million - 3-5 years: $775 million - More than 5 years: $841 million - **Programming costs**: These total $908 million, and the payments are scheduled as: - Less than 1 year: $324 million - 1-3 years: $407 million - 3-5 years: $169 million - More than 5 years: $8 million - **Purchase obligations**: These amount to $1,563 million, with the following timing: - Less than 1 year: $544 million - 1-3 years: $627 million - 3-5 years: $263 million - More than 5 years: $129 million **Summary**: - Sports programming rights commitments are more heavily weighted toward the next 3 years but remain significant over a long-term horizon (through 2032). - Programming costs are more front-loaded, with the majority due within 3 years and minimal amounts after 5 years. - Purchase obligations also concentrate payments in the next 3 years, with a smaller portion extending beyond 5 years. In short, all three categories have the highest payment obligations in the near term (next 3 years), but sports programming rights extend further into the future compared to programming costs and purchase obligations."
3f0b0818,HII's experienced workforce has a significant impact on its operational and financial performance.,"75052,75051,75166,74993,75012,75017,66494,75122,75135,75143,75022,75187,75020,209,75287","193,2,221","HII's experienced workforce plays a significant role in its operational and financial performance. The company depends on its ability to attract, train, and retain employees with specialized skills in areas such as engineering, nuclear, trades and crafts, manufacturing, information technology, and cybersecurity. Losing experienced personnel, especially as a growing portion of the workforce nears retirement, poses critical challenges—requiring HII to hire and develop new qualified staff and manage the transfer of essential knowledge and skills. Competition for talent is intense, particularly against commercial technology companies that may offer more attractive compensation and benefits. These workforce challenges have resulted in significant difficulties in hiring and retaining qualified personnel, leading to higher labor, recruiting, and training costs. Such difficulties have negatively impacted HII's results of operations, financial condition, and cash flow, and have affected its ability to perform under contracts and compete for new business. A shortage of skilled employees can further impact contract performance and competitiveness (Chunks 1, 2). To address these issues, HII invests in workforce development through initiatives like its apprentice schools, partnerships with educational institutions, and targeted training programs, which are considered critical to the company's success (Chunk 11). However, the overall impact of an experienced workforce remains substantial, directly influencing HII’s operational effectiveness and financial outcomes."
495f038d,RJF's share repurchase prog. offsets dilution in capital alloc.,"137369,137368,137050,17684,137042,17685,137051,136932,137043,137388,137027,137056,137407,137415,136916","408,54","RJF's share repurchase program is used to offset dilution that could arise from share issuances resulting from share-based compensation programs or acquisitions. The company repurchases shares of its common stock from time to time, primarily through regular open-market purchases, with the amounts and timing determined by factors such as current and projected capital position, legal and regulatory constraints, market conditions, and the price and trading volumes of its stock. This approach allows RJF to effectively manage its capital allocation while mitigating the dilutive impact of new share issuances."
ffab8ec1,% change in NFLX net income 2022 vs 2023.,"107290,107291,75489,107247,75490,107248,107256,107293,107254,107262,45442,107341,99592,107302","321,297,222,135","Netflix (NFLX) net income increased from $4,491,924,000 in 2022 to $5,407,990,000 in 2023. To calculate the percentage change: % change = [(5,407,990 - 4,491,924) / 4,491,924] × 100 = (916,066 / 4,491,924) × 100 ≈ 20.4% So, the percentage change in Netflix net income from 2022 to 2023 was approximately 20%."
13ce82c5,NEM's liquidity vs capex strat amid dev spending.,"119009,119015,119210,119012,119062,119034,119118,118701,119105,119116,119117,119120,125316,119135,112716,155856","337,466,356,375","NEM maintains a disciplined capital allocation strategy that prioritizes financial flexibility to self-fund development projects, pursue strategic partnerships, reduce debt, and return cash to shareholders through dividends and share repurchases. The company’s approach to capital expenditures (capex) emphasizes sustaining and developing its portfolio of long-lived assets using cash generated from operations. NEM funds its near-term development capital projects, such as Tanami Expansion 2, Ahafo North, and the Cadia Block Caves project, from existing liquidity and ongoing operating cash flows. For example, as of December 31, 2023, NEM had $3,002 million in cash and cash equivalents, with total liquidity (including borrowing capacity) of $6,079 million. This strong liquidity position allows the company to manage both short- and potentially long-term adverse market events while supporting its development spending. NEM closely monitors market conditions and adjusts project timelines if necessary, as demonstrated by the delay in the investment decision for the Yanacocha Sulfides project in response to inflationary and market pressures. Overall, the company’s strategy ensures that development spending does not compromise liquidity, enabling continued investment in growth while maintaining financial stability (Chunks 1, 2, 4)."
e95ef96c,Cash flow rev stability over the long term from PPAs for CMS Energy.,"38026,38247,38025,38217,169075,169076,38121,168810,38102,38244,38097,38083,38082,38053,38105","113,497","CMS Energy’s long-term PPAs provide a substantial and predictable source of cash flow and revenue stability over the long term. At December 31, 2023, Consumers (a subsidiary of CMS Energy) had future commitments to purchase capacity and energy under long-term PPAs totaling an estimated $7.2 billion from 2024 through 2048, with annual payments ranging from $0.7 billion to $0.8 billion over the next five years. These contracts generally require monthly capacity payments based on plant availability or deliverability, which supports cash flow stability. Additionally, under Michigan’s regulatory framework, Consumers is allowed to recover prudently incurred costs associated with these PPAs through mechanisms such as the Power Supply Cost Recovery (PSCR) process. This provides an additional layer of revenue stability, as costs for purchased power are designed to be passed through to customers, subject to regulatory approval. Furthermore, CMS Energy’s Clean Energy Plan allows it to earn a return equal to its pre-tax weighted-average cost of capital on payments made under new, competitively bid PPAs with non-affiliated entities that are approved by the Michigan Public Service Commission (MPSC), further supporting long-term revenue stability. In summary, the structure of the PPAs, regulatory cost recovery mechanisms, and the ability to earn a return on certain PPA payments collectively contribute to cash flow and revenue stability for CMS Energy over the long term."
5ccc9ee6,"2023 REG redevel. costs impact: timing, proj. scale, NOI volatility.","132445,132446,132448,132415,132414,132305,132534,132535,132533,132433,132304,132283,88846,132530","395,263","In 2023, Regency Centers’ redevelopment costs increased by $19.7 million compared to the prior year, primarily due to the timing and magnitude (scale) of ongoing projects. The company continues to improve its shopping center portfolio through redevelopment, which can involve adjacent land acquisition, building expansion, facade renovation, new out-parcel building construction, and tenant improvement costs. The size and magnitude of each redevelopment project vary, and the timing and duration of these projects can lead to volatility in Net Operating Income (NOI). This means that as projects progress at different rates and scales, the company may experience fluctuations in NOI depending on when projects are started, underway, or completed (Chunks 1, 2)."
7b17a9b2,"Impact of CarMax's mkt share on rev & profitability as used vehicle values weaken, KMX.","87959,87995,88037,88031,87950,88188,87952,87954,87967,88187,88186,87983,87994,88032,87987",261,"As used vehicle values weaken, CarMax's market share has a direct impact on its revenue and profitability. In calendar 2023, CarMax's share of age 0- to 10-year-old used vehicles sold nationwide decreased from 4.0% in 2022 to approximately 3.7%. This decline in market share was negatively impacted by sharp vehicle depreciation in the used car industry and the company's focus on profitable market share rather than volume growth (Chunk 1). The weakening of used vehicle values poses risks to both revenue and profitability. Steep market depreciation of vehicle inventory can result in reduced retail and wholesale margins, as CarMax may be unable to liquidate excess inventory at prices that meet margin targets or even recover costs (Chunk 2, Chunk 13). Reduced margins and lower market share both contribute to lower overall revenue and profitability. Additionally, if CarMax cannot maintain competitive advantages or fails to adapt to market changes, its sales and results of operations could be further adversely affected (Chunk 12, Chunk 15). This includes challenges in sourcing inventory profitably, as well as increased competition in both retail and financing operations. In summary, as used vehicle values decline, a shrinking market share can amplify pressure on CarMax’s revenue and profitability due to lower sales volumes and compressed margins on each vehicle sold."
1dcdba9e,Trends in capex for Micron from 2022 through 2024.,"106133,106107,106104,106131,105978,105970,55678,43670,106036,98800,106099,106195,106101,105995,43815","129,164,317,294","From 2022 through 2024, Micron's capital expenditures (capex) showed the following trend: - In fiscal 2022, capex was $12,067 million. - In fiscal 2023, capex decreased to $7,676 million. - In fiscal 2024, capex increased again to $8,386 million. This indicates that after a peak in 2022, capex declined significantly in 2023 as the company responded to challenging market conditions and increased inventory levels by reducing capital expenditures and wafer starts. In 2024, capex increased compared to 2023, reflecting a partial recovery and renewed investment as market conditions improved and Micron began expanding production capacity again (see Chunks 1 and 13)."
9f66f4c8,MRO $2.01B US CAPEX vs intl growth op performance.,"104078,104077,103894,104075,104082,104126,43670,104059,104088,104055,104114,103990,103991,104069,43669,104161","129,310","For the year ended December 31, 2023, Marathon Oil Corporation (MRO) reported capital expenditures (CAPEX) of $2.01 billion in the United States and $0.02 billion (or $20 million) internationally (see Chunk 4). In terms of operational performance: - U.S. operations generated revenues from contracts with customers of $6.199 billion and segment income of $2.606 billion. - International operations generated revenues from contracts with customers of $208 million and segment income of $98 million. This shows that the vast majority of both CAPEX and operational income are concentrated in the U.S., while international operations remain a much smaller portion of the company’s overall growth and performance. The U.S. CAPEX of $2.01 billion supports a significantly higher level of revenue and segment income compared to the international segment."
9a41a152,Impact of Zebra Tech's Matrox acquisition on investing cash flow & future invs. Ticker to consider: ZBRA.,"161146,161013,161008,161106,161171,161170,161227,161228,161105,161109,161202,161224,161195,161147,161148",481,"The acquisition of Matrox Electronic Systems Ltd. by Zebra Technologies (ZBRA) had a significant impact on the company's investing cash flows. In 2022, Zebra paid $881 million in cash for the acquisition of Matrox (net of Matrox’s cash on hand). This large outflow is reflected in the consolidated statements of cash flows under ""Acquisition of businesses, net of cash acquired,"" which shows $881 million used for acquisitions in 2022. As a result, total net cash used in investing activities for 2022 was $968 million, which is substantially higher than in the years before and after the acquisition ($546 million in 2021, $92 million in 2023). The acquisition has expanded Zebra's machine vision products and software offerings, and the $639 million of goodwill recognized is associated with plans for global expansion and integration of Matrox into Zebra’s offerings. Regarding future investments, the Matrox acquisition demonstrates Zebra's willingness to make significant strategic investments to expand its technological capabilities and market reach, particularly in machine vision. This suggests that Zebra may continue to pursue similar strategic acquisitions or investments to support growth in its core and adjacent markets. In summary: The Matrox acquisition resulted in a major investing cash outflow in 2022 and reflects Zebra Technologies' strategy of investing in growth through acquisitions, which could indicate a continued focus on such investments in the future."
65456492,Revenue recognition: principal vs. agent criteria?,"16640,25979,25945,153574,152896,114896,25944,1020,41343,3086,2985,22933,115673,151804","5,69,454,456,458,12,77,51,343,121,346","The criteria for determining whether a company acts as a principal or an agent in revenue recognition involve evaluating control over the specified goods or services prior to transfer to the customer. Key indicators include: - Whether the company is primarily responsible for fulfilling the promise to provide the specified goods or service. - Whether the company has inventory risk before the specified good or service is transferred to the customer. - Whether the company has discretion in establishing the price for the specified good or service. If the company controls the goods or services before they are transferred to the customer, it is acting as a principal and recognizes revenue on a gross basis (the total amount expected in the exchange). If the company does not control the goods or services and instead arranges for another party to provide them, it acts as an agent and recognizes revenue on a net basis (the amount it is entitled to retain) (Chunks 2, 3, 7). Judgment is required in this evaluation, and each performance obligation in a contract must be assessed based on the specific facts and circumstances (Chunks 2, 3, 7)."
fc41702c,CapEx allocation for Cardinal (CAH) focuses on mfg/tech to enhance comp. positioning.,"24128,23953,23994,24038,23942,23971,23914,23982,23933,23878,23899,23867,24029,23860,23885",72,I cannot find sufficient information in the provided documents to answer this question.
da973d53,Indemnification & guarantee terms of PRU vs impact on risk mgmt.,"168262,168250,168703,168702,168749,168750,168705,167896,168562,167876,168235,167966,167804,167863,167874",496,"Prudential Financial (PRU) engages in a variety of indemnification and guarantee arrangements that impact its risk management strategy in several ways: Types and Terms of Indemnifications & Guarantees 1. Commercial Paper & Intercompany Loans: PRU has issued a subordinated guarantee for a subsidiary’s domestic commercial paper program ($514 million outstanding as of December 31, 2023) and guarantees principal and interest payments on $4.9 billion of intercompany loans between affiliates. These guarantees are typically subject to contractual terms and may have time limitations or renewal provisions (Chunks 5, 6). 2. Letters of Credit: PRU issues guarantees for letters of credit obtained by affiliates (e.g., $2.3 billion for Lotus Reinsurance Company, $1.5 billion standby and $0.5 billion uncommitted for Prismic Re). These support statutory reserve credit for reinsurance agreements and are often automatically renewed annually unless notice of termination is given. The likelihood of drawing on these guarantees is considered remote, and their current value is described as immaterial (Chunks 6, 7). 3. Indemnification of Serviced Mortgage Loans: In its PGIM segment, PRU indemnifies government-sponsored entities (like Fannie Mae and Freddie Mac) for a portion of credit risk on serviced multi-family mortgages. The company’s loss exposure typically ranges from 4% to 20% of the loan balance, with a maximum exposure of $3.1 billion as of December 31, 2023. The actual accrued liability is much lower ($28 million), and there were no losses settled in 2023 or 2022 (Chunks 3, 4). 4. Other Financial Guarantees: PRU provides indemnities and guarantees related to acquisitions, dispositions, investments, and other transactions, often triggered by breaches of representations, warranties, or covenants. Some obligations have contractual maximums, while others do not. The accrued liability for other guarantees was $32 million as of December 31, 2023 (Chunk 7). Impact on Risk Management - Risk Assessment & Limitation: These arrangements are subject to risk assessment, with PRU maintaining allowances for credit losses and accrued liabilities as appropriate. The company believes the likelihood of significant losses (especially on letters of credit and certain guarantees) is remote, and these exposures are closely monitored and often collateralized. - Risk Mitigation Strategies: PRU employs risk mitigation through product design (e.g., automatic rebalancing, ALM strategies), external reinsurance, and careful underwriting standards, particularly for indemnification arrangements in mortgage servicing (Chunk 2). - Financial Statement Management: The company records liabilities for indemnifications and guarantees based on historical loss experience and the size/life of the underlying exposure. The current financial impact of these guarantees is generally small relative to the maximum exposure, reflecting effective risk management and loss controls (Chunks 3, 4, 7). - Ongoing Monitoring: Some guarantees are not subject to explicit maximums, so PRU must maintain robust monitoring and governance to manage potential exposure (Chunk 7). In summary, while PRU issues a wide range of indemnifications and guarantees as part of its operations, these are generally structured to limit financial impact, supported by risk mitigation strategies, and closely monitored as part of its overall risk management framework. The financial statements reflect prudent reserving and recognition of liabilities, helping PRU manage potential risks associated with these arrangements."
ce086bd1,Third-party delivery revenue recognition & cash flow impacts for CMG.,"27927,27912,27839,27926,27840,27838,27888,27821,27929,27930,27935,27820,27916,27928",85,"Chipotle (CMG) recognizes revenue from third-party delivery in two ways, depending on how the order is placed: 1. **White Label Sales (Chipotle’s App/Website):** - If the customer orders through Chipotle’s website or app, Chipotle controls the delivery service. - Revenue, including delivery fees, is recognized when the delivery partner transfers the food to the customer. - Payment is received directly from the customer at the time of sale. 2. **Marketplace Sales (Third-Party Platforms):** - If the order is made through a third-party delivery partner’s website or app, Chipotle recognizes revenue (excluding delivery fees collected by the delivery partner) when control of the food is transferred to the delivery partner. - Payment is received from the delivery partner after the transfer, with payment terms that are short-term in nature. **Cash Flow Impacts:** - For White Label Sales, cash is collected from the customer immediately, positively impacting cash flow. - For Marketplace Sales, there is a timing difference: cash is received from the delivery partner after the food has been handed over, which may slightly delay cash inflow but is still considered short-term. Overall, the main cash flow impact is the potential delay in receiving funds from third-party delivery partners for Marketplace Sales, while White Label Sales provide immediate cash inflow. (References: Chunks 1, 4)"
2076b8c2,"DexCom's board composition, including its signature page, and role diversity's impact on governance are critical considerations.","53128,52794,53132,52882,52848,52847,53080,53078,52849,52884,159664,52881,52798,15405,149462,45887","136,47,155,477,446","Based on the provided context, the specific composition of DexCom's Board of Directors (such as the names, backgrounds, or the detailed signature page) is not directly listed in the excerpts above. However, there is information regarding governance structure and the company’s approach to diversity and inclusion, which impacts governance: - DexCom’s governance is overseen by several committees, including the Nominating and Governance Committee, which reviews risks, opportunities, strategies, programs, policies, and performance related to corporate sustainability and governance matters (Chunks 5, 6, 9). - The company emphasizes the importance of diversity, equity, and inclusion (DEI) as part of its culture and governance, noting that approximately 64% of its full-time U.S. employees are ethnically diverse and it has improved representation of female leaders, particularly at senior levels (Chunks 4, 10, 12). - DEI initiatives are seen as critical not only for company culture but also for serving a diverse patient population and supporting effective governance by fostering a workplace that values unique skill sets and perspectives (Chunks 4, 10). - The company’s DEI Leadership Council and employee resource groups are specifically mentioned as mechanisms for advancing DEI strategy and fostering a sense of belonging, which contributes to governance by ensuring diverse viewpoints are represented in decision-making (Chunk 10). Regarding the signature page, while it is referenced in the table of contents (Chunk 2), the actual page or signatures are not included in the provided content. In summary: While the specific board composition and signature page are not detailed in the excerpts, DexCom’s governance structure includes a focus on diversity and inclusion, which is integrated into senior leadership and committee oversight, positively impacting governance by enhancing representation, engagement, and decision-making within the organization."
921af442,CAMP's inventory turnover trends for 2023-2024 reflect operational efficiency.,"24037,88071,3137,43081,31551,116197,6237,88066,8266,88043,158064,34927,89557,32082,72054,154343","96,98,261,72,104,265,12,461,211,21,472,27,348,127",I cannot find sufficient information in the provided documents to answer this question.
33536a32,"Price variability of repurchases for F5 in FY24 Q4 during Aug-Sept & timing strategy, F5.","86570,60002,48636,1308,59702,65115,161807,27025,59703,86641,60093,62337,112486,59736,37408,19478","256,483,6,175,176,143,82,336,111,182,60,189","For F5 (FFIV), during the fourth quarter of fiscal year 2024, the company repurchased 7,705 shares in August 2024 at an average price of $195.48 per share, and 485,893 shares in September 2024 at an average price of $205.81 per share. This shows a price increase of about $10.33 per share from August to September. Regarding timing strategy, F5’s share repurchase programs allow acquisitions to be made from time to time in private transactions, accelerated share repurchase programs, or open market purchases as permitted by securities laws and other legal requirements. The programs can be terminated at any time, providing flexibility to the company to adapt to market conditions and other factors. Additionally, shares withheld from restricted stock units to satisfy tax obligations do not reduce the dollar amount available for purchases under the repurchase program."
aa0999c9,QCOM Dec 2024 div per share & cap return policy alignment.,"126770,126771,126865,126751,126806,126625,126755,126565,126611,126573,126841,126791,126877,126851,126807",378,"For December 2024, Qualcomm (QCOM) announced a cash dividend of $0.85 per share on its common stock, payable on December 19, 2024, to stockholders of record as of the close of business on December 5, 2024. Qualcomm’s capital return policy includes both stock repurchases and cash dividends. The company intends to continue using cash dividends as a means of returning capital to shareholders, subject to capital availability and its assessment that dividends are in the best interests of stockholders. Additionally, Qualcomm maintains active stock repurchase programs, with a new $15.0 billion authorization announced in November 2024, supplementing its existing program. The timing and amount of repurchases depend on market conditions and other factors, and the programs have no expiration date. This approach aligns with Qualcomm’s ongoing policy to return capital through both dividends and share repurchases (Chunks 1, 2, 3, 4, 5)."
e35b0baf,"Liabilities & equity capital structure analysis for JNPR in 2022-23, ticker at the end.","87198,87243,87287,87289,87238,87288,87277,87196,87186,87260,87197,87252,87278",258,"For Juniper Networks (JNPR), the liabilities and equity capital structure for the years 2022 and 2023 are as follows (amounts in millions): 2023: - Total assets: $9,518.5 - Total liabilities: $5,025.8 - Current liabilities: $2,104.0 - Accounts payable: $295.1 - Accrued compensation: $292.2 - Deferred revenue: $1,130.0 - Other accrued liabilities: $386.7 - Long-term debt: $1,616.8 - Long-term deferred revenue: $894.9 - Long-term income taxes payable: $204.5 - Long-term operating lease liabilities: $82.9 - Other long-term liabilities: $122.7 - Total stockholders’ equity: $4,492.7 - Additional paid-in capital: $6,740.0 - Accumulated other comprehensive income: $49.1 - Accumulated deficit: $(2,296.4) 2022: - Total assets: $9,326.7 - Total liabilities: $4,851.6 - Current liabilities: $2,078.9 - Accounts payable: $347.4 - Accrued compensation: $306.1 - Deferred revenue: $1,020.5 - Other accrued liabilities: $404.9 - Long-term debt: $1,601.3 - Long-term deferred revenue: $642.6 - Long-term income taxes payable: $279.4 - Long-term operating lease liabilities: $117.7 - Other long-term liabilities: $131.7 - Total stockholders’ equity: $4,475.1 - Additional paid-in capital: $6,846.4 - Accumulated other comprehensive income: $4.2 - Accumulated deficit: $(2,375.5) Analysis: - The company’s liabilities increased from $4,851.6 million in 2022 to $5,025.8 million in 2023, mainly due to increases in deferred revenue and long-term debt. - Stockholders’ equity remained relatively stable, with a slight increase from $4,475.1 million in 2022 to $4,492.7 million in 2023. - The capital structure shows a moderate balance between equity and liabilities, with equity comprising about 47% and liabilities about 53% of total capital at the end of 2023. - The company maintains a substantial amount of additional paid-in capital, and its accumulated deficit decreased, indicating positive net income over the period. Ticker: JNPR"
45a2da1c,Operational risk from labor disputes in OTIS union agreements.,"115794,127918,95332,149510,115804,4086,115820,127919,4085,95732,116040,78260,115859,74760,150841,45681","451,231,136,286,15,220,347,284,382,447","Otis faces operational risks from labor disputes related to its union agreements. A significant portion of its workforce is covered by collective bargaining agreements—approximately 63% of the U.S. workforce and many colleagues outside the U.S. are represented by workers' councils or statutory labor unions. While Otis strives to maintain good relationships with these employee representative bodies, work stoppages, union negotiations, labor disputes, and other labor-related matters could adversely affect its business. The company recognizes that the negotiation of collective bargaining agreements, labor disputes, and labor inflation in its global markets can impact its operations. Risks from these issues include possible disruptions to business operations, additional unexpected costs, adverse effects on employee morale, and the potential failure to meet operational targets due to the loss of employees or work stoppages (see [Chunk 1], [Chunk 5], and [Chunk 7])."
c5e73433,"Litigation outcomes for Cisco and their impact on strategic capital allocation, particularly for innovation/market expansion, will be closely monitored by investors.","39625,39774,39775,39541,39498,39589,39776,39593,39469,9046,39472,39588,39567,39473,174,39468,39566","29,2,117","Cisco acknowledges that litigation, especially related to intellectual property, can have significant impacts on its business operations and strategic priorities. The company notes that third parties, including customers, have asserted and may continue to assert claims or initiate litigation regarding exclusive patent, copyright, trademark, and other intellectual property rights relevant to Cisco. These claims can be time-consuming, result in costly litigation, require the diversion of technical and management personnel, or necessitate the development of non-infringing technologies or license agreements, which may not always be available on acceptable terms (Chunks 13, 17). Such litigation can affect customer relationships and may result in settlements for significant amounts, even for unmeritorious claims. If successful claims are made against Cisco, or if they are required to indemnify customers, it could result in substantial financial obligations (Chunk 13). Regarding capital allocation, Cisco’s strong cash position has historically allowed it to invest in strategic initiatives such as acquisitions, R&D, customer financing, and stock repurchases (Chunk 1). However, net outflows for acquisitions, legal settlements, or other litigation-related expenses could reduce available resources for innovation and market expansion. For example, in fiscal 2024, Cisco’s cash and investments decreased significantly due to major acquisitions and other capital uses (Chunk 1, 8). In summary, litigation outcomes are material for Cisco’s strategic capital allocation. Negative litigation outcomes could reduce the capital available for innovation and market expansion, while successful defense or resolution of claims can help preserve resources for these strategic priorities. Investors will closely monitor these outcomes, as they directly influence Cisco’s ability to execute on its growth and innovation strategies."
226abecd,Succession planning & governance factors for PNC exec age/longevity.,"131549,131552,131548,157328,131464,131983,131458,168941,34664,131463,131607,131457,131558,131459,131460,85042","103,393,497,470,252","PNC’s approach to executive succession planning and governance is rooted in several key practices and structures: 1. Succession Planning: - There is a formal Management Level Executive Committee responsible for guiding business strategy, including human capital matters, and assisting the CEO and Board on these issues (Chunk 12). - The Board of Directors reviews and provides oversight of succession planning, ensuring the company is staffed with sufficient resources and talent to operate effectively (Chunk 11, 12). - Leadership development and internal mobility are emphasized: about 60% of first-level and above open positions are filled with internal candidates, and significant investment is made in early career development programs (Chunks 7, 12, 14). 2. Governance Factors: - PNC has a comprehensive governance structure, with Board committees overseeing risk (Risk Committee), corporate responsibility (Corporate Responsibility Committee), and technology (Technology Committee) (Chunk 11). - The Corporate Diversity Council, co-chaired by the CEO and Chief Diversity Officer, oversees initiatives to support an inclusive and diverse workforce (Chunk 12). - The Chief Corporate Responsibility Officer, a member of the Executive Committee, reports directly to the CEO and helps ensure oversight of corporate responsibility strategies (Chunk 12). 3. Executive Age and Longevity: - PNC’s executive team has a range of ages, from 40 (Alexander E.C. Overstrom) to 64 (Gregory B. Jordan), with most in their 50s and 60s (Chunks 1, 3). - Executive tenure at PNC varies, with several key leaders having been with the company for over a decade or more (e.g., Vicki C. Henn since 1994, Robert Q. Reilly since 1987, William S. Demchak since 2002), while others have joined more recently (e.g., Carole L. Brown in 2019) (Chunks 1, 3). - This mix of long-serving and newer executives supports both organizational stability and the infusion of new perspectives. In summary, PNC’s succession planning is comprehensive and linked to governance practices that promote leadership continuity, internal advancement, and diversity, with a leadership team reflecting both experience and renewal."
d414f672,AIZ runoff exposure cash flow risk from reinsurer default & client non-payment.,"6596,6771,6720,6684,6525,6683,6528,6703,6408,6413,6418,6428,6686,6685,6466",22,"AIZ faces cash flow risks from both reinsurer default and client non-payment in relation to its runoff exposures: 1. Reinsurer Default Risk: - AIZ retains exposure to asbestos, environmental, and other general liability claims from discontinued reinsurance pools (1971–1985). While reserve estimates for these claims are not expected to be material, the company’s obligation to pay claims remains even if reinsurance is in place. If a reinsurer defaults, AIZ would still be responsible for paying claims, potentially affecting its cash flows. - The company mitigates reinsurer default risk by evaluating the financial condition of reinsurers and typically holding collateral (such as funds withheld, trusts, and letters of credit) as security under reinsurance agreements. The allowance for credit losses on reinsurance recoverables is determined using an expected credit loss model based on reinsurer credit ratings and collateral. Despite these controls, if reinsurers become insolvent or fail to pay, AIZ could face direct financial responsibility for previously ceded liabilities, negatively impacting cash flows (Chunks 4, 5, 6, 14, 15). 2. Client Non-Payment Risk: - For high deductible insurance claims, AIZ pays the entire claim upfront and is then reimbursed by the insured for the deductible portion. This creates a credit exposure and potential cash flow risk if clients (insureds) fail to reimburse the company. - The risk of client non-payment is managed through an expected credit loss model, which uses the insureds’ credit ratings and historical default experience to estimate potential losses. The allowance is regularly reviewed and based on credit standing and collection experience (Chunk 8). - Additionally, AIZ is exposed to credit risk from premiums and accounts receivable, including amounts due from sponsors, agents, and third parties. Offsets such as commissions payable or profit share arrangements help mitigate this risk, but failure by these parties to pay could still adversely affect AIZ’s cash flows (Chunks 3, 13, 14). In summary, AIZ’s runoff exposures present cash flow risks if reinsurers default or clients fail to pay amounts owed. These risks are managed through collateral, credit assessments, and allowance models, but could still materially impact the company if counterparties fail to perform."
8dcba71a,Net interest exp. vs income before taxes ratio for CDW 2023.,"25928,25927,26015,26014,79259,26789,25991,128327,158429,25994,25990,25935,116421,146115,25973","234,77,81,437,473,349,383","For CDW in 2023: - Net interest expense was $227 million (Interest expense, net). - Income before income taxes was $1,450.2 million. The ratio of net interest expense to income before income taxes is: $227\ \text{million} \div 1,450.2\ \text{million} \approx 0.1566$ or 15.7% So, the net interest expense as a percentage of income before income taxes for CDW in 2023 was approximately 15.7%."
7301f1a8,NTAP's growth strategy focuses on delta performance and market expansion.,"110014,109993,110095,110200,110036,110210,110013,110195,109996,110019,110206,110192,109992,110015,110043,109987",330,I cannot find sufficient information in the provided documents to answer this question.
3f1c27fe,Dividend growth vs buyback strategy for MAS.,"95144,95102,95143,95128,44153,12461,97349,69698,106086,150890,70446,86848,101738,46086,101524,133644","257,130,290,451,39,137,204,398,207,303,283,317","MAS maintains a balanced capital allocation strategy that includes both dividend growth and share buybacks. The company has a history of paying quarterly dividends and increasing them over time; for example, in 2023, the annual dividend was $1.14 per share, and the Board declared an increase to $1.16 per share for 2024 (a 2% increase). In addition to dividend growth, MAS actively repurchases its common stock. In 2023, the company repurchased and retired 6.2 million shares for approximately $356 million and had $1.6 billion remaining under its $2.0 billion share repurchase authorization as of December 31, 2023. For 2024, MAS anticipates using approximately $600 million of cash for share repurchases, continuing its approach of using buybacks as a key part of its capital allocation, including offsetting dilution from restricted stock units. In summary, MAS pursues both dividend growth and share repurchases as part of its long-term strategy to return capital to shareholders, with a slight emphasis on buybacks in terms of allocated capital in recent years."
3ee32bb9,"Comparison of Brown & Brown litigation risk mgmt vs operational risks, BRO.","114217,19631,125435,19727,19809,19637,19889,19659,19645,19634,7100,125266,46913,19726,7099,152307","455,139,341,375,24,61","Based on the provided context, Brown & Brown (BRO) addresses operational risks extensively, with an emphasis on cybersecurity, employee training, incident response, and compliance, but there is limited direct information about litigation risk management specifically. **Operational Risk Management at Brown & Brown:** - BRO has implemented a comprehensive operational risk management approach that includes cybersecurity defense, structured incident response, vulnerability management, and regular employee training (such as cybersecurity awareness, HIPAA, and compliance with privacy laws). - The company uses intrusion detection/prevention systems, endpoint protection, log management, and maintains a cyber liability insurance policy to mitigate the financial impact of data breaches. - BRO conducts regular internal and external vulnerability scans, periodic penetration tests, and requires annual security and compliance training for employees. - Incident response involves coordination among the Security Operations Center, internal security, technology teams, third-party partners, and the Legal Department, with escalation to the Board when necessary. - The company acknowledges exposure to cybersecurity risks (malware, phishing, exploit attempts), but states these have not yet materially impacted its business or financial results. - BRO’s risk disclosures also reference risks related to employee retention, IT interruptions, and acquisition integration, indicating a broad view of operational risk (Chunk 2, 4, 14). **Litigation Risk Management at Brown & Brown:** - There is no explicit mention of a dedicated litigation risk management framework or detailed policies for managing legal claims or litigation exposures in the provided context. - Legal risk is referenced primarily in the context of information security incidents, where the Legal Department directs internal and external reporting and escalation processes in the event of impactful incidents (Chunk 4, 14). - BRO’s risk factors recognize that legal and regulatory changes or incidents could adversely affect the business, but detailed litigation management strategies or structures are not outlined in the retrieved information. **Comparison:** - Operational risk management at BRO is structured and proactive, with established systems, frequent training, and defined response protocols. - Litigation risk management is not described in detail and appears to be handled reactively within the context of broader risk or incident response processes, particularly as guided by the Legal Department during security or regulatory incidents. - The company’s main focus in the available context is on operational risk, especially cybersecurity, rather than on a separate, formal litigation risk management program. **Summary:** Brown & Brown’s operational risk management is comprehensive, especially regarding cybersecurity and compliance, while litigation risk management is addressed as part of incident response and legal oversight, without a specifically detailed or standalone framework in the provided documents."
fed4ba99,CME's credit facility increase conditions & approval reqs.,"29589,29592,29590,50684,29593,78429,134743,30866,29706,30865,32688,134622,25772,29704,29702,29701","100,231,76,401,148,90,93","CME maintains a $2.3 billion multi-currency revolving senior credit facility, which can be increased up to $3.3 billion. To increase the facility, CME must obtain the consent of the agent and the lenders providing the additional funds. There are no specific covenants in the indentures or credit agreements that directly restrict CME’s ability to pay dividends, but there are customary financial and operating covenants that could indirectly affect this ability (see [Chunk 1], [Chunk 3])."
f7208e9f,"Breakdown of Assurant board & exec roles, ticker in the mid-sentence.","6422,6421,106011,6650,6651,6669,6647,6645,6646,6416,6462,120582,6391,6461,80588,6850","361,317,22,238","Assurant, Inc. (ticker: AIZ) provides the following breakdown of diversity among its board and executive roles: - As of December 31, 2023: - Women comprised 60% of the global workforce, 43% at managerial levels, 11% at the Assurant Management Committee level, and 31% of the Board. - In the U.S., 54% of the workforce, 45% at managerial levels, 22% at the Assurant Management Committee level, and 31% of the Board identified as racially or ethnically diverse. - Four diverse directors held Board Chair and committee chair roles. - As of January 1, 2024, after the expansion of the Assurant Management Committee: - Women comprised 17% of the executive leadership team. - 25% of the executive leadership team identified as racially or ethnically diverse. These figures underscore Assurant's ongoing commitment to increasing diverse representation at senior leadership and board levels."
3f9a8da4,KKR's insurance liabilities & claims impact long-term stability implications.,"148987,148709,148878,148710,148186,148037,148198,148218,148197,148187,148275,23029,148035,148879,148994","444,69","KKR's insurance liabilities and claims have significant implications for its long-term stability. The company operates insurance businesses that provide retirement, life, and reinsurance products, and the valuation of associated liabilities—such as closed block policy liabilities and embedded derivatives—depends on present value techniques that incorporate various assumptions, including mortality, surrender rates, policyholder behavior, and cost of capital (Chunks 2, 3, 4, 14). Changes in market and economic conditions, policyholder behavior (such as lapses or surrenders), the cost of providing guaranteed insurance benefits, and the amount and frequency of claims and benefit payments can materially affect KKR’s financial results and stability (Chunks 6, 13). For example, higher-than-expected claims or unfavorable policyholder behavior could increase liabilities and reduce earnings. KKR also notes that the use of leverage in its insurance subsidiaries and investment vehicles can magnify both gains and losses, impacting liquidity and stability (Chunk 8). Additionally, KKR acknowledges that gaps in risk management or failure to accurately model and manage these risks could leave the company exposed to unidentified or unanticipated risks, which could materially and adversely affect its long-term stability (Chunks 7, 9). In summary, the management and accurate valuation of insurance liabilities and claims are critical to KKR’s long-term financial stability, and adverse developments in these areas could have a material negative impact."
fe0a5314,"BIIB vendor risk, cybersecurity, liability, investor sentiment, supply chain.","22425,22424,22395,22451,22622,22292,22544,22442,22440,22550,22293,22548,22429,22549,22557",68,"Biogen (BIIB) faces significant risks related to vendors, cybersecurity, liability, investor sentiment, and its supply chain: Vendor Risk and Supply Chain: - Biogen's operations rely on vendors and third-party providers, making vendor risk a key concern. Security breaches or cyber incidents affecting these partners can negatively impact Biogen’s security posture and disrupt operations, including manufacturing delays or data breaches ([Chunk 1], [Chunk 2], [Chunk 4]). - The company has a vendor risk management program, conducting security assessments before engaging high-risk vendors and ongoing monitoring for compliance with cybersecurity standards ([Chunk 4]). - Supply chain attacks, including those targeting manufacturing, hardware, or software, could cause delays, data privacy breaches, and other operational disruptions ([Chunk 1], [Chunk 2]). Cybersecurity: - Biogen is exposed to evolving cybersecurity threats such as malware, ransomware, denial-of-service attacks, social engineering, and supply chain attacks. These threats are increasing in frequency and sophistication, often involving well-resourced, skilled actors ([Chunk 1], [Chunk 2]). - The use of cloud technologies and AI-based software introduces additional risks, including the potential exposure of confidential proprietary information ([Chunk 1], [Chunk 8]). - Biogen maintains a cybersecurity program aligned with frameworks such as NIST, and leverages internal and external expertise to manage and benchmark its capabilities ([Chunk 4]). Liability: - Despite efforts to strengthen cybersecurity, Biogen acknowledges that incidents could still occur, leading to material financial, legal, operational, or reputational harm, including the loss of critical or sensitive information and competitive advantage ([Chunk 1]). - The company’s liability insurance may not be sufficient to cover claims related to security breaches or cyber-attacks ([Chunk 1]). Investor Sentiment: - Investor sentiment may be affected by Biogen’s ability to manage these risks. Fluctuations in financial results can occur due to cybersecurity incidents, supply chain disruptions, or vendor failures ([Chunk 8]). - The company’s disclosures indicate ongoing efforts to inform investors of risks and mitigation strategies, but also acknowledge that not all risks can be predicted or fully mitigated ([Chunk 11]). In summary, Biogen actively manages vendor and supply chain risks through assessments and monitoring, but recognizes that cybersecurity threats and potential liability remain significant. These risks, if realized, could adversely impact investor confidence and the company’s reputation."
7a46ac1e,Impact of Church & Dwight coupon reserve mthd on P&L & cash flow w/ redemp variances: CHD,"27778,27679,27718,27726,27720,27666,27719,27681,27672,27727,27756,27705,27802,27803,27804",84,"Church & Dwight establishes reserves for consumer coupon redemptions based on historical trends and projected redemption rates. The costs for coupons are netted against sales and are recorded when the related sale takes place, not when the coupons are actually redeemed. This means the impact of coupon redemption is recognized immediately in the profit and loss statement (P&L) as a reduction to sales, based on estimated redemption rates. If actual coupon redemptions differ from these estimates, it affects the required reserve. For example, a 0.1% deviation in redemption rates from the accrued rate would result in approximately a $0.7 million difference in the coupon reserve required. If estimates for all promotional and sales return reserves change by 10%, the impact would be about $16 million on promotional spending and sales return accruals. These differences would be recognized in the P&L as adjustments to the reserves, thereby impacting net sales and potentially net income. For cash flow, since coupon costs are recorded at the time of sale, actual redemptions may result in cash outflows at a later date. Variances between estimated and actual redemptions would cause adjustments to reserves, impacting future cash flows when coupons are actually redeemed and settled. However, the primary cash flow impact is delayed, as the reserve is a non-cash item at initial recognition and only becomes a cash outflow upon coupon redemption. In summary: - The coupon reserve method directly impacts P&L by reducing sales at the time of sale based on estimated redemptions; differences between estimates and actuals result in reserve adjustments impacting future P&L. - Cash flow is affected when coupons are actually redeemed and paid out; changes in redemption rates alter the timing and amount of cash outflows, but the initial reserve is non-cash. (See Chunk 8 for details on reserve estimation and its financial impact.)"
cd61ae31,Impact of input volatility on incentive returns & revenue predictability: Prologis.,"122984,122792,45965,122878,119827,122983,123102,21752,123098,123060,123061,121774,122922,32199,122841,122796","66,99,359,137,367,369","Input volatility—such as fluctuations in capitalization rates, market rents, interest rates, and foreign currency exchange rates—directly impacts Prologis’ incentive returns (referred to as ""promotes"" or ""promote revenues"") and revenue predictability. These key inputs are highly volatile and largely outside Prologis’ control, and their variability can materially affect the amount and timing of promote revenues from co-investment ventures. As a result, Prologis recognizes promote revenues only at the end of the performance period, after actual results are known. This approach acknowledges that the volatility in these inputs can significantly impact the incentive returns period over period, making revenue from promotes less predictable (see Chunks 1, 4, and 6)."
bc46e855,BRWN: Trends in advtg & SG&A exp impact on margins 22-24.,"28618,3049,119941,23874,1647,3879,32260,142176,14821,161502,88106,14820,1374,134045","482,99,261,6,7,72,359,424,12,14,46,399,87",I cannot find sufficient information in the provided documents to answer this question.
2d816a1c,FRT trends in rental inc. collectibility adj. 2021-2023.,"61041,61060,61059,60961,60960,61031,61038,61058,61086,60971,60938,61030,61054,60901",179,"From 2021 to 2023, Federal Realty Investment Trust (FRT) experienced the following trends in rental income collectibility adjustments: - In 2021, collectibility-related adjustments resulted in a significant decrease to rental income of $24.0 million. - In 2022, there was an increase to rental income of $4.1 million due to collectibility adjustments. - In 2023, collectibility-related adjustments led to a slight decrease to rental income of $0.4 million. These adjustments reflect changes in FRT’s assessment of lease collectibility, cash collections from tenants previously classified as not probable, disputed rents, and rent abatements, particularly those related to the COVID-19 pandemic. The proportion of tenants whose revenue is recognized on a cash basis also declined from 31% in 2022 to 28% in 2023 (based on total commercial leases) (Chunks 2, 3, 4, 5)."
9852f9f6,Impact of DPZ on capex eff. & segment perf. via transfer pricing.,"47980,47968,47858,47859,47857,47866,48039,48136,48134,48005,48046,47872,47854,47853,47971,47900",141,I cannot find sufficient information in the provided documents to answer this question.
094d5944,Impact on cost mgmt of adjusted EBITDA for WBD corporate ops perf.,"157983,157980,59020,147651,59021,157807,157808,157981,147652,157700,157861,157868,157877,157795,157866","443,173,471","Adjusted EBITDA for Warner Bros. Discovery (WBD) is used to evaluate the operating performance of its segments, including Corporate operations, by excluding certain costs and non-cash items such as employee share-based compensation, depreciation and amortization, restructuring and facility consolidation, impairment charges, gains and losses on business and asset dispositions, transaction and integration costs, and certain inter-segment eliminations. By excluding these items, Adjusted EBITDA provides a clearer picture of ongoing operational performance, allowing management to focus on controllable, recurring costs and better manage the efficiency of corporate operations. For WBD's Corporate segment specifically, Adjusted EBITDA in 2023 was negative $1,242 million, reflecting ongoing corporate expenses that are not directly attributable to the operating segments. The use of Adjusted EBITDA helps management identify areas for cost control and operational improvement by isolating recurring operating costs from one-time or non-cash charges. This approach aids in cost management by ensuring that performance assessments and resource allocation decisions are not distorted by extraordinary or non-operational items, thereby supporting more effective cost discipline within corporate operations. However, it is important to note that Adjusted EBITDA excludes certain costs that still represent real cash outflows (e.g., restructuring costs, integration costs), so while it is useful for performance evaluation and cost management, it should be considered alongside other financial metrics for a complete view of cost management effectiveness."
8040a89d,"Revenue & profitability trends for Baker Hughes (BKR) vs SLB (SLB), Halliburton (HAL), & Siemens Energy (ENR).","18482,18499,18608,18497,18607,18485,18488,18369,18373,18522,18611,18486,69631,18641,69702","57,204","Based on the provided context, here are the revenue and profitability trends for Baker Hughes (BKR), with limited information available for Halliburton (HAL). There is no information provided for SLB (Schlumberger) or Siemens Energy (ENR). **Baker Hughes (BKR):** - **Revenue Trends:** - 2023: $25.5 billion - 2022: $21.2 billion - 2021: $20.5 billion - Revenue increased by $4.4 billion or 21% from 2022 to 2023, primarily driven by higher volume in Industrial & Energy Technology (IET) and stronger activity in Oilfield Services & Equipment (OFSE) ([Chunk 6], [Chunk 11]). - **Profitability Trends:** - Income before tax in 2023 was $2,655 million, up from $22 million in 2022, a significant increase of $2,633 million. - The improvement was driven by higher volume and price in both segments, cost-out initiatives, a positive effect from changes in the fair value of certain equity securities, and lower restructuring and impairment charges ([Chunk 6]). - OFSE segment operating income rose to $1,746 million in 2023 from $1,201 million in 2022 ([Chunk 2]). **Halliburton (HAL):** - The only data available is on the business environment and some macroeconomic indicators ([Chunk 15]): - In 2023, 44% of HAL’s consolidated revenue came from the United States. - The company’s activity is significantly impacted by oil and natural gas prices and worldwide rig activity. - No specific revenue or profitability figures are provided for HAL in the retrieved context. **SLB (Schlumberger) and Siemens Energy (ENR):** - There is no information provided in the retrieved documents regarding revenue or profitability trends for SLB or Siemens Energy. **Summary:** - Baker Hughes showed strong revenue and profitability growth from 2022 to 2023. - Halliburton data in the context is limited to industry trends and does not provide specific financial results. - No financial trend data is available for SLB or Siemens Energy in the provided documents. If you need a comparison including specific figures for HAL, SLB, or Siemens Energy, more data from their filings would be required."
3df3a46a,"Sales team struct. at JKHY impacts client acq., retention, cash flows & capex.","83830,83834,83853,83836,83854,83835,83845,83999,83844,83831,83827,83903,83949,83997,83847",249,"Jack Henry’s sales team structure is designed to support both client acquisition and retention, which in turn impacts the company’s cash flows and capital expenditures: - Sales Structure and Roles: Sales executives focus on acquiring new clients in assigned territories, while regional account executives nurture existing client relationships and cross-sell additional products and services. This dual focus helps drive both new business and deeper engagement with current clients. - Support and Marketing: Sales professionals are supported by staff who handle product demonstrations, proposal generation, and contract management. The marketing department aids with lead generation and brand-building activities, such as trade shows, advertising, and promotional campaigns. - Compensation: Sales professionals receive a mix of base salary and performance-based commissions, incentivizing both client acquisition and retention. Impact on Client Acquisition and Retention: - The dedicated roles for new client acquisition and for deepening existing relationships help ensure high levels of client retention and ongoing cross-selling, which are core to the company’s strategy and recurring revenue. - High levels of service and comprehensive support (up to 24/7 availability and assigned account managers) further contribute to client retention. Impact on Cash Flows and Capex: - The recurring nature of software support fees (typically about 20% of the license fee, billed annually in advance) and the proration for new implementations contribute to steady, predictable cash flows. - The company’s focus on cross-selling and maintaining high client retention helps sustain and grow recurring revenues, supporting positive cash flow. - Capex is impacted by the need to support both on-premise and cloud-based delivery, as well as investments in product development and acquisitions, but the sales structure itself is more directly linked to revenue generation and cash flow through new sales and ongoing support contracts. In summary, Jack Henry’s sales team structure is designed to maximize both client acquisition and retention, which supports steady cash flows through recurring revenues and helps the company plan its capital expenditures effectively."
72be57ff,"Capital allocation for TMUS includes network investment, operational efficiencies, and cash flow valuation.","147532,147528,147522,147866,147672,147701,147619,147530,147706,147652,147901,147705,147880,147903,147704,147527",443,"T-Mobile US (TMUS) allocates capital primarily toward network investment, operational efficiencies, and generating strong cash flow. The company’s liquidity requirements for capital expenditures are mainly driven by investments in spectrum licenses, construction, expansion, and upgrading of network infrastructure, as well as the integration of acquired networks, technology, personnel, and customer bases, particularly following the T-Mobile and Sprint merger (Chunk 5). TMUS focuses on operational efficiencies by expanding its digital capabilities, enhancing customer experiences, and investing in domestic customer care (Chunk 16). The company also strives to attract and retain high-quality customers, which is a significant operational expense, alongside network operations and device offerings (Chunk 16). In terms of cash flow, TMUS generates substantial cash from operating activities, with $18.6 billion in net cash provided by operating activities in 2023 and $22.3 billion in 2024. These strong cash flows support the company’s capital allocation decisions, including network investments, repurchasing common stock, and paying dividends to shareholders (Chunk 6, Chunk 4). Overall, TMUS’s capital allocation strategy is focused on strengthening and expanding its network, improving operational efficiencies to drive customer growth and retention, and leveraging strong cash flows to create value for shareholders."
80820f77,Passenger revenue mix for UAL 2021-2023 & growth strategy impact.,"150899,150964,150900,150963,150743,12557,12492,101746,12673,41849,150923,151076,150744,150961,151079","123,451,303,39","United Airlines (UAL) passenger revenue mix from 2021 to 2023 is as follows (in millions): - 2023: - Domestic (U.S. and Canada): $32,400 - Atlantic: $10,982 - Pacific: $5,267 - Latin America: $5,068 - Total: $53,717 - 2022: - Domestic: $28,474 - Atlantic: $9,072 - Pacific: $2,927 - Latin America: $4,482 - Total: $44,955 - 2021: - Domestic: $16,845 - Atlantic: $3,414 - Pacific: $1,507 - Latin America: $2,868 - Total: $24,634 Passenger revenue increased significantly across all regions from 2021 to 2023, with notable growth in the Pacific and Atlantic regions: - Pacific revenue grew from $1.5B in 2021 to $5.3B in 2023. - Atlantic revenue grew from $3.4B in 2021 to $11.0B in 2023. - Domestic and Latin America also saw strong, though proportionally smaller, growth. Impact of Growth Strategy: - UAL’s passenger revenue increased by $9.0 billion, or 22.5%, in 2023 compared to 2022, mainly due to a 17.5% increase in capacity (Available Seat Miles), strength in yield, and a 0.5 point increase in passenger load factor. - The most significant growth in 2023 was in the Pacific region (118.8% increase in passenger revenue and 123.1% increase in RPMs), reflecting a strategic focus on rebuilding and expanding international long-haul routes post-pandemic. - Atlantic also saw strong growth (28.0% increase in revenue), highlighting UAL’s emphasis on international markets. - Ancillary fees (e.g., baggage, premium seats) contributed $4.1B to passenger revenue in 2023, up from $2.2B in 2021, showing a push to diversify revenue sources. - The company’s growth strategy has focused on increasing overall capacity, particularly in international markets, optimizing pricing (yield), and enhancing ancillary revenue streams. In summary, UAL’s passenger revenue mix has shifted toward greater international exposure, especially in the Pacific and Atlantic regions, supported by increased capacity and targeted growth strategies in these markets."
6aef0faa,Impact of Keurig Dr Pepper customer incentives on SG&A and ops classification; ticker at end.,"86389,23874,86416,86338,86327,86289,86173,86375,86415,86361,86324,86419,86317,129830,86310","72,388,255","Keurig Dr Pepper (KDP) accrues customer incentives, sales returns, and marketing program costs based on contractual terms, volume metrics, and historical trends. The classification of these expenses is determined by management’s judgment: certain customer incentives and marketing program costs may be recorded either as a reduction from gross sales or as advertising and marketing expense, which is a component of SG&A (Selling, General, and Administrative) expenses. Thus, customer incentives can impact both the income from operations (when they reduce gross sales) and SG&A expenses (when classified as advertising and marketing). A 10% change in the accrual for these programs would have affected KDP's income from operations by $53 million for the year ended December 31, 2023. Ticker: KDP"
9294f77b,Constellation Energy (CE) focuses on clean energy market policy positioning.,"38382,38381,38349,38348,38386,38370,38363,38380,38420,53897,38362,38480,38840,38841,129222,53896","114,387,158","Constellation Energy (CE) is strongly focused on clean energy market policy positioning. The company is committed to a carbon-free energy future and aims to be a leading advocate at both federal and state levels for policies that reduce greenhouse gas (GHG) emissions and support the growth of clean energy. Its strategy includes achieving a 100% carbon-free owned generation portfolio by 2040 (with an interim goal of 95% by 2030), and a 100% reduction in operations-driven emissions by 2040, subject to policy support and technology advancements. Constellation actively partners with businesses and government entities that are setting ambitious carbon-reduction goals, and it supports long-term solutions to the climate crisis. The company also emphasizes the importance of governmental and corporate policies that accelerate decarbonization and policy support for nuclear and other carbon-free energy sources. This positioning is central to its business outlook and growth strategy as demand for reliable, clean power generation increases."
559d7a1e,Keysight's (KEYS) extended warranty rev rec impacts on profitability & cash flow.,"87484,87509,87479,87444,87485,87412,87366,87443,87405,147130,87452,147181,87586,137606,70008","441,409,259,205","Keysight sells extended warranties that provide coverage beyond the standard warranty term. The revenue from these extended warranties is deferred and recognized over the extended coverage period, rather than being recognized immediately (Chunks 1, 5, 11). This means that when a customer purchases an extended warranty, Keysight initially records the cash received as a liability (deferred revenue) and recognizes it as revenue gradually over the life of the warranty. Impact on profitability: - Recognizing extended warranty revenue over time smooths reported revenue and profitability, aligning revenue recognition with the actual delivery of warranty services. This can result in more stable margins over reporting periods. - Profitability in any given period reflects only the portion of extended warranty revenue associated with services provided during that period, not the full amount of cash received upfront. Impact on cash flow: - Cash flow from operating activities benefits immediately from the cash received when extended warranties are sold, as the cash is collected upfront. - However, since revenue is recognized over time, there is a timing difference between cash inflow and revenue recognition, leading to deferred revenue liabilities on the balance sheet. In summary, Keysight’s extended warranty revenue recognition policy supports stable profitability over time and immediate positive cash flow upon sale, but creates deferred revenue liabilities until the revenue is recognized over the coverage period."
22bb7b97,Akamai's EPS impact from share count dilution in 2023.,"2037,1910,1911,102935,47130,113084,102934,46241,153966,4261,156284,1955,1884,1875,2024","8,137,139,459,15,306,338,466","In 2023, Akamai's diluted earnings per share (EPS) was $3.52, compared to basic EPS of $3.59. The difference is due to the dilutive effect of potential common stock, which includes stock awards and convertible senior notes. The weighted average shares outstanding increased from 152,510 thousand (basic) to 155,397 thousand (diluted), meaning dilution from these instruments increased the share count by 2,887 thousand shares. This dilution resulted in a $0.07 reduction in EPS for 2023 ($3.59 basic EPS minus $3.52 diluted EPS) due to the additional shares included in the diluted EPS calculation."
490aa0ad,"LMT's litigation risk assumptions and their fin. impact on the co. are under scrutiny, LMT.","93535,78444,127592,93536,93565,93566,93562,93342,99199,106536,89789,135437,93272,105362,158577,141408","421,295,231,266,404,277,473,314,381,318","Lockheed Martin (LMT) faces litigation and legal proceedings as part of its ordinary business, which can involve fines, penalties, cost reimbursements, compensatory or treble damages, or non-monetary sanctions. The company assesses the likelihood and potential financial impact of these matters based on factors such as the nature of the proceedings, the amount of damages or loss contingency (if estimable), case progress, legal precedent, advice from counsel, and its own experience. This assessment is updated as cases progress. LMT believes it is remote that the outcome of any single legal proceeding will have a material adverse effect on the company as a whole, though individual matters could materially affect net earnings and cash flows in the period they are recognized. Where a loss is at least reasonably possible, LMT attempts to estimate the potential loss or range of loss, and discloses when such an estimate cannot be made. For example, in the ongoing litigation with the Metropolitan Transportation Authority (MTA), the MTA is seeking damages of approximately $190 million, while LMT is seeking monetary damages of about $95 million. LMT is defending itself and notes that the probability of a material adverse effect on the entire company is considered remote, but the outcome could impact earnings and cash flows for the relevant period if unfavorable. In summary, while LMT faces litigation risks that could impact its financial results in specific periods, it does not currently expect such risks to have a material adverse effect on the overall company, based on its ongoing evaluations and risk assumptions. However, this assessment could change as individual legal matters develop."
381f67d3,Class action false advertising for J.M. Smucker (SJM) impact on financials & market.,"132791,132922,132790,132876,132820,132830,132671,132831,132825,103324,113609,132936,132923,132762,132761","396,308,340","J.M. Smucker (SJM) is a defendant in a series of putative class action lawsuits alleging false advertising and related claims. These lawsuits are based on allegations that the company misrepresented the number of servings in various canisters of Folgers coffee. The cases are currently in pre-trial proceedings in the United States District Court for the Western District of Missouri. As of April 30, 2024, SJM has not recorded a loss contingency for these lawsuits because the outcome and potential financial impact cannot be predicted, and the likelihood of loss is not considered probable or reasonably estimable. The company does not currently believe that the final outcome of these proceedings will have a material adverse effect on its financial position, results of operations, or cash flows. However, SJM acknowledges that if it is required to pay significant damages, its business and financial results could be adversely impacted, and sales of the affected products could suffer both in the locations involved and potentially elsewhere (see Chunks 1, 2, 3, and 13). In summary, there has not yet been a direct financial or market impact from the class action false advertising lawsuits as of the latest reporting date, but the company recognizes the potential for negative effects if the lawsuits result in significant damages."
2e45201d,Impact on productivity & margins from EA employee dev & workforce changes.,"48775,48667,48614,48595,48666,48587,48596,48613,48638,48643,48776,48637,48588,48589,48576",143,"Electronic Arts (EA) places significant emphasis on attracting, developing, and retaining a qualified workforce, recognizing that these efforts are critical to the successful development of its products and services. The company invests in employee development through professional growth resources, skills learning, technical onboarding, and job-specific programs. EA also supports employees' physical, mental, familial, and financial health, and offers benefits such as comprehensive health insurance and flexible work models (virtual, on-site, or hybrid) to facilitate productivity and engagement (Chunks 6, 13, 14). Regarding productivity, EA conducts regular engagement surveys (with a 78% participation rate in December 2023) to monitor and improve its work environment, aiming to create a culture that supports employee performance and business goals (Chunks 6, 13). On margins, EA notes that the market for highly skilled talent is extremely competitive, leading to increased costs to recruit and retain key personnel, including higher variable compensation and stock-based compensation. In fiscal year 2024, research and development expenses rose by $92 million (up 4%) primarily due to a $51 million increase in stock-based compensation and a $45 million increase in personnel-related costs (Chunks 2, 5, 8, 10). These increases can put pressure on margins, though the company also points out that efficiencies from digital game sales and live services can help expand gross margins (Chunk 10). In summary, EA’s focus on workforce development enhances productivity, but increased competition for talent and higher compensation costs can negatively impact margins. However, investments in employee engagement and development are seen as essential to sustaining business performance and innovation."
f7a50c98,Pricing differences for CBRE repurchase vs mkts.,"27025,27050,27229,27024,27228,27049,30060,23813,143870,27205,108567,108566,2979,38481,27206","325,71,12,430,82,114,91","CBRE repurchased shares at an average price of $82.59 per share during 2023. For the fourth quarter of 2023, the company repurchased 285,254 shares at an average price of $68.69 per share (with October at $68.36 and November at $69.51 per share). These repurchases were made in open market and/or privately negotiated transactions. While the provided context gives the average prices paid by CBRE for its repurchases, it does not specifically compare these prices to the prevailing market prices at the time of the repurchases. Therefore, I cannot provide a direct analysis of the pricing differences between CBRE’s repurchase prices and the broader market prices based solely on the information provided. If you are seeking to compare the repurchase price to market price, you would need data on CBRE’s daily or average market trading prices during the periods in which the repurchases occurred, which is not included in the provided documents."
4b36f4af,Analysis of 'Held Since' data shows leadership stability & capex impact for VZ.,"158748,158807,158692,158806,158808,158967,158608,158687,158688,158929,43670,43669,158604,158641,91071,158686","129,474,270","I cannot find sufficient information in the provided documents to answer this question. The context does not include any 'Held Since' data or direct analysis linking leadership stability to capital expenditures (capex) for Verizon (VZ). If you can provide more specific details or additional context, I would be happy to help further."
897b0cd8,Impact of UK unused credit mngmt on capital allocation & growth for PYPL.,"127375,127514,127295,127237,127372,127420,127494,127373,127378,127431,127379,127439,127218,127215,127552",380,"The management of unused credit in the UK has several impacts on PayPal’s (PYPL) capital allocation and growth: 1. Capital Allocation Flexibility: As of December 31, 2023, PayPal had approximately $6.2 billion in unused credit available to UK PayPal Credit account holders. However, the company does not expect all account holders to use their full credit lines simultaneously, and individual credit lines are subject to periodic review and possible termination based on usage and creditworthiness. This prudent management helps limit the risk of a sudden large drawdown, preserving liquidity and allowing PayPal to allocate capital efficiently to other needs, such as operations, investments, or credit expansion (Chunk 1, Chunk 2). 2. Regulatory Approval for Customer Balances Usage: PayPal’s management is allowed to designate up to 50% of European customer balances (including the UK) held in its Luxembourg banking subsidiary to fund credit activities in Europe, the UK, and the US. As of the end of 2023, $3.0 billion was designated for this purpose, representing 39% of available balances. This regulatory structure provides flexibility in capital allocation but also requires careful management to ensure compliance and maintain adequate liquidity for both customer obligations and credit growth (Chunk 5, Chunk 8, Chunk 10). 3. Risk Management Enables Growth: By closely monitoring credit quality, periodically reviewing account usage and creditworthiness, and having the ability to terminate unused lines, PayPal manages risk and limits potential credit losses. This approach supports sustainable growth in its credit products, as it can expand credit offerings without exposing itself to excessive risk or liquidity strain (Chunk 7, Chunk 9, Chunk 11). 4. Third-Party Funding and Partnerships: PayPal also seeks to use external funding sources (such as asset sales or partnerships) for its credit portfolio, including in the UK. This strategy reduces the need to allocate large amounts of its own capital, enabling PayPal to support growth in credit products without overextending its balance sheet (Chunk 3, Chunk 5, Chunk 8). In summary, PayPal’s active management of UK unused credit balances—through periodic review, regulatory-approved capital allocation from customer balances, and use of external funding—helps the company manage risk, optimize capital allocation, and support growth in its credit offerings."
7294b355,"WBD workforce geo breakdown as of 12/31/23 & effects of talent dev & diversity on comp, ticker WBD.","157689,157861,157868,157928,157706,157704,157903,157705,157914,157700,157794,157703,157791,158000,157913,157884",471,"I cannot find sufficient information in the provided documents to answer this question. The context does not contain a geographic breakdown of Warner Bros. Discovery's (WBD, ticker: WBD) workforce as of December 31, 2023, nor does it detail the effects of talent development and diversity initiatives on compensation."
e7129c27,2023 vs 2022 distribution of MCO US/non-US employees.,"98351,98534,98357,98456,98354,98571,98355,98459,98453,98352,98393,98353,31258,98430","293,95","As of December 31, 2023, MCO had the following distribution of employees: - U.S.: 5,229 employees - Non-U.S.: 9,922 employees As of December 31, 2022: - U.S.: 5,068 employees - Non-U.S.: 9,358 employees This represents a year-over-year increase of 3% in U.S. employees and 6% in non-U.S. employees."
5905ba05,Impact on strategy and growth from Altria exec age profile and role dist. is notable. MO.,"102299,101981,101977,102050,101989,102312,102304,102302,106011,101995,101999,102054,102048,58394,101996,102154","304,171,317","Altria's executive team, as of February 15, 2024, is composed of experienced leaders with ages ranging from 46 to 64 and includes roles such as CEO, CFO, COO, Chief Strategy & Growth Officer, and heads of legal, HR, and compliance functions. The presence of both seasoned executives (e.g., CFO and General Counsel in their late 50s to mid-60s) and relatively younger leaders (e.g., Chief Strategy & Growth Officer at 46) suggests a blend of deep industry experience and fresh perspectives. This diversity in age and role distribution likely supports Altria's strategy of ""Moving Beyond Smoking,"" which aims to transition adult smokers to potentially less harmful products. The inclusion of a dedicated Chief Strategy & Growth Officer indicates a strong focus on innovation and long-term vision, while continuity in leadership roles (with most executives having served in various capacities within Altria or its subsidiaries for the past five years) ensures stability during this strategic shift. Overall, the executive team's profile enables Altria to balance continuity and change, fostering both operational excellence and strategic transformation towards a smoke-free future."
0f8ec4a8,WBA's declining RE & equity negatively impacts growth capex and elevates risk mgmt concerns.,"161608,161464,161529,161463,161538,161394,161503,161531,161473,161477,161498,161470,161646,161645,161641",482,"Walgreens Boots Alliance (WBA) has experienced a significant decline in both retained earnings (RE) and total equity between August 31, 2023 and August 31, 2024. Retained earnings dropped from $33,058 million to $23,348 million, and total equity fell from $28,322 million to $12,005 million during this period (see Chunk 2 and Chunk 4). This sharp reduction is primarily due to large net losses, including an $8.6 billion net loss attributable to WBA in fiscal 2024, driven by substantial non-cash impairment charges and other adverse factors (Chunk 6). This decline in retained earnings and equity can negatively impact WBA's ability to fund growth capital expenditures (capex). As shown in Chunk 1, WBA's total capital expenditures decreased from $2,117 million in 2023 to $1,381 million in 2024, reflecting constrained financial capacity. Lower equity also means a weaker balance sheet, which may limit the company's access to external financing on favorable terms and increase its cost of capital. Furthermore, diminished equity elevates risk management concerns. With a thinner equity cushion, WBA has less ability to absorb potential future losses, making it more vulnerable to operational risks, market volatility, and unexpected adverse events. This can affect stakeholder confidence and increase scrutiny from creditors and investors. In summary, WBA's declining retained earnings and equity are constraining its growth capex and heightening risk management challenges."
c30bed08,Trends in capex for Feb '24 vs Jan '23 & Jan '22 for DLR.,"49385,43670,49352,49383,49454,49541,131071,49567,43669,49351,49363,49564,49350,49384,161434,49397","392,145,129,482","Based on the provided information, here is the trend in capital expenditures (capex) for Digital Realty Trust (DLR): - For the year ended December 31, 2023, total capital expenditures were approximately $3.3 billion. - For the year ended December 31, 2022, total capital expenditures were approximately $2.5 billion. This represents an increase of about $0.8 billion (or roughly 32%) from 2022 to 2023. There is no specific data provided for February 2024 or January 2024. However, the most recent annual numbers show a significant upward trend in capex from 2022 to 2023. Information for January or February 2024 is not available in the provided context, so a detailed monthly comparison for those months cannot be made. In summary: - Capex for 2023: ~$3.3 billion - Capex for 2022: ~$2.5 billion - Trend: Significant increase from 2022 to 2023 I cannot find sufficient information in the provided documents to report capex specifically for February 2024 or January 2024."
cb1af657,Impact on long-term growth and earnings forecast stability from proactive risk mgmt by CI.,"82955,37478,114801,113970,152350,46929,86287,122472,46883,119930,122471,46928,37353,98361,146169,114804,93338","293,455,359,139,111,368,341,246,343,437,277,255",I cannot find sufficient information in the provided documents to answer this question.
c3940015,FMC’s cybersecurity incident mgmt impacts investor confidence & market val. when evaluating the ticker.,"63902,63903,63907,63896,66487,63905,66488,63912,150881,60203,103650,64172,64171,63914,64173,145535","193,451,177,436,309,186","FMC has established a comprehensive cybersecurity incident management process designed to rapidly assess, respond to, and communicate about cyber incidents. This process involves cross-functional teams (including IT, legal, and finance), senior management, and, when needed, the Board of Directors. The company has not experienced a direct cybersecurity breach in its own systems during 2023; any incidents involving third-party vendors were not material for FMC. FMC’s commitment to transparency is evident in its policy to inform investors of material cybersecurity incidents in compliance with SEC regulations. The company’s cybersecurity program is periodically audited by independent third parties and was most recently rated at or above industry benchmarks, indicating a mature and robust approach to risk management. This strong governance, oversight by both management and the Board, and transparent disclosure practices are likely to bolster investor confidence. By demonstrating proactive risk management and readiness to address and communicate about incidents, FMC helps minimize the potential negative impact of cybersecurity events on its market value and investor perception."
11f0e3fd,Charles River Labs (CRL) cybersecurity capex effects on cash flow & investor comms.,"34891,34698,34855,34889,34910,34882,34911,35018,34853,34878,35019,34704,34873,34846,34842",104,"Based on the provided context, there is no specific breakout of capital expenditures (capex) solely for cybersecurity at Charles River Laboratories (CRL). However, the company describes its cybersecurity risk management and investment in systems and processes using recognized industry frameworks (ISO, NIST, CIS, CSA), multifactor authentication, malware defenses, monitoring, and employee training. These activities likely contribute to overall capital expenditures, but are not itemized separately in the disclosed financials. For fiscal year 2023, CRL reported total capital expenditures of $318.5 million, which supported business growth, but the documentation does not specify what portion, if any, was directly allocated to cybersecurity (Chunk 1). Regarding effects on cash flow, capital expenditures, including those related to IT and potentially cybersecurity, are a use of cash in investing activities. In 2023, net cash used in investing activities was $563.2 million, which included capex among other items (Chunk 1). On investor communications, CRL provides transparency about its cybersecurity framework, management, and Board oversight, stating that its information security management system is ISO/IEC 27001:2013 certified, and outlines its risk management practices in its public filings (Chunks 14 and 15). These disclosures are intended to inform investors of the company’s commitment to cybersecurity risk management and compliance. In summary: - There is no explicit capex amount for cybersecurity; related spending is part of the total capex. - Capex, including cybersecurity, is a cash outflow in investing activities. - CRL communicates cybersecurity strategy and oversight in its investor filings, highlighting certifications and governance, but does not break out cybersecurity spending specifically. If you need more granular detail on cybersecurity spending or its isolated cash flow impact, the provided documents do not contain that level of specificity."
15efabc1,2024 cash outlays for Deere vs strategic initiatives in 2025 capex; DE.,"44346,44347,44475,44352,44312,44339,44351,44315,44300,31512,49707,44227,44341,44378","96,146,131","For fiscal year 2024, Deere & Company's capital expenditures (cash outlays for capital projects) were $1,624 million. This amount reflects investment in equipment, property, and other capital initiatives for the year. Looking ahead, the provided context does not specify the exact amount or detailed breakdown of Deere's planned capital expenditures for strategic initiatives in 2025. There is information about capital expenditures for other companies (such as Dow and COR) with specific plans for 2025, but not for Deere. Therefore, for 2024, Deere's cash outlays for capital expenditures were $1,624 million. However, I cannot find sufficient information in the provided documents to answer the question regarding Deere's strategic initiatives or capital expenditure plans for 2025."
d1a4c48e,"Q3 2024 share repurchase volume for DIS, along with the weighted avg. cost.","45431,44584,158145,84533,158246,158186,158185,162019,31478,78408,149659,47967,161807,86570","96,256,483,132,135,231,141,472,251,447","For Q3 2024 (covering July 1, 2024, to September 28, 2024), DIS repurchased a total of 5,011,000 shares at a weighted average cost of $92.49 per share."
51c9848d,"Operating income growth for ServiceNow in 2023 compared to 2022, NOW.","108318,108271,108269,108188,108197,108272,108278,108194,108177,108193,108215,108323,108173,108174",324,"ServiceNow's income from operations (operating income) for 2023 was $762 million, compared to $355 million in 2022. This represents an increase of $407 million in operating income from 2022 to 2023."
995a7473,2024 ROK property capex vs 2022-2023.,"127746,127747,127698,127624,127661,83625,45461,43670,43669,55678,127741,91070,128851,127678,127660","129,385,164,135,270,248,381","Rockwell Automation (ROK) had capital expenditures for property of $224.7 million in 2024, compared to $160.5 million in 2023 and $141.1 million in 2022. This shows a significant increase in property capital expenditures over the three years: - 2022: $141.1 million - 2023: $160.5 million - 2024: $224.7 million (Source: Chunk 1)"
8a4d6b83,How do changes in bundled service delivery impact revenue and profitability for INTU?,"80104,80102,5688,5687,79984,80059,88844,79958,80108,80107,79978,152551,130893,88310,79926,80171","262,455,392,263,236,20","Changes in bundled service delivery impact INTU’s revenue and profitability primarily through the timing and allocation of revenue recognition, as well as the ability to deliver value to customers. When INTU bundles multiple products and services (such as software licenses, updates, support, and connected services), they must determine whether these are distinct performance obligations or should be recognized together. For example, with QuickBooks Desktop subscriptions, revenue for the software license and version protection is recognized at delivery, while revenue for support and connected services is recognized over the subscription term as those services are provided. If the enhancements or updates are not considered material or distinct, revenue is recognized over time as the forms and updates are delivered, rather than upfront (Chunks 1, 2, 9). The way these bundles are structured and delivered can affect both the amount and timing of revenue recognized, which in turn influences reported profitability. Additionally, INTU’s ability to clearly demonstrate the value of bundled offerings is critical—if customers do not perceive added value, adoption may be lower, potentially reducing revenue and impacting earnings (Chunk 8). In summary, changes in bundled service delivery affect INTU’s revenue and profitability through revenue recognition policies, timing of when revenue is booked, and customer adoption of bundled offerings. Proper identification and allocation of bundled performance obligations are key factors in this process."
b0c5406b,BLK op margin trend for 2023 vs 2022/21.,"20366,20562,20563,20564,20574,20775,20570,20566,20573,20670,165326,165323,20381,20556","492,63","BlackRock's GAAP operating margin for 2023 was 35.1%, compared to 35.7% in 2022 and 38.5% in 2021, indicating a downward trend over these years. On an as adjusted (non-GAAP) basis, the operating margin was 41.7% in 2023, 42.8% in 2022, and 46.8% in 2021, also showing a consistent decline year over year."
b494b8b3,Exec team succession risks from age diversity in CTSH.,"39252,39262,39256,39308,39250,39244,39311,39281,39310,39249,39363,39282,39245,81398,39227,39361","241,116","Based on the provided context, there is no specific discussion in the documents about executive team succession risks related to age diversity at Cognizant (CTSH). While the executive officers' ages are listed (ranging from 47 to 62), there is no analysis or commentary on succession planning specifically linked to age diversity. The documents do address the importance of maintaining a senior leadership team effective in executing strategic goals and mention that the loss of senior executives or failure to attract and retain new ones could materially affect the business (Chunk 2). However, they do not attribute these risks specifically to age diversity. Executive officers are appointed annually and none are related to each other (Chunk 3), but again, age diversity is not highlighted as a succession risk. Therefore, there is no sufficient information in the provided documents to specifically address executive team succession risks from age diversity at CTSH."
8ce0a122,Rev rec for variable annuities; AMP valuation for future revenues (AMP).,"15076,15156,15271,15272,15155,15238,15213,15157,15073,15154,15382,15088,15220,15385,14998",47,"Revenue Recognition for Variable Annuities (Rev Rec): For variable annuities, AMP earns revenue primarily through asset-based management fees and distribution fees. These fees are typically based on a fixed rate applied as a percentage to the net asset value of the annuity contract or the underlying account balances. The ongoing revenue is recognized over the time the client holds the contract and is not recognized at the time of sale because it is variably constrained by factors outside the company’s control, such as market volatility and client behavior (e.g., how long clients hold their investment or annuity contract). Revenue is recognized only when it is probable that a significant reversal will not occur, and this ongoing revenue may be recognized for many years after the initial sale (see Chunk 6). AMP Valuation for Future Revenues: AMP values future revenues from variable annuities by projecting, discounting, and assessing cash flows over the life of the contract. The fair value is calculated based on projected, discounted benefits and fees. In determining market risk benefits (such as guaranteed minimum benefits), AMP uses actuarial models to simulate various equity market scenarios and considers significant assumptions, including customer asset value growth rates, mortality, surrenders, benefit utilization, and investment margins. Management reviews these assumptions quarterly and updates them annually unless there is a material deviation. Changes in fair value due to changes in nonperformance risk are recognized in other comprehensive income, while all other changes are recorded through earnings (see Chunks 5, 9, and 10). In summary: Revenue from variable annuities is recognized over time as it is earned, subject to constraints, and future revenues are valued using actuarial projections and discounted cash flow methods that incorporate various behavioral and market assumptions."
2485f7c7,"Impact of accounting judgments on eBay's rev growth & fin health, EBAY.","50690,50691,50692,50730,50758,50671,50731,50759,50725,50548,78894,50812,50292,131084,88227,50826","262,392,233,147,148","Accounting judgments have a significant impact on eBay’s revenue growth and financial health. The preparation of eBay’s financial statements involves management making estimates and assumptions that affect reported amounts of assets, liabilities, revenue, expenses, and disclosures about contingent assets and liabilities. These judgments are particularly important in areas such as revenue recognition and income taxes. For revenue growth, eBay’s accounting judgments impact how and when revenue is recognized, especially given the complexity of its contracts, which may include multiple goods or services, discounts, and incentives. Management must determine if services are distinct performance obligations, estimate stand-alone selling prices, and decide whether revenue should be reported gross or net. Significant judgment is also required to evaluate if promotions or incentives should be treated as a reduction of revenue or as sales and marketing expenses. Changes in these estimates and judgments could impact the timing or amount of revenue recognized, which directly affects reported revenue growth (Chunks 1, 2, 4, 7). For financial health, accounting judgments related to income taxes are critical. eBay’s annual tax rate depends on statutory rates and tax planning opportunities in different jurisdictions, and the company must make significant judgments in evaluating tax positions, including uncertainties related to foreign earnings and deferred tax assets. Management assesses the recoverability of deferred tax assets by estimating future taxable income. These estimates rely on historical experience and business forecasts, and if assumptions change, it could affect the valuation allowance and thus eBay’s net income and overall financial position (Chunk 3). In summary, eBay’s financial results—particularly its revenue growth and financial health—are materially influenced by management’s accounting judgments and estimates. Changes or inaccuracies in these judgments could lead to significant changes in reported financial outcomes."
609b8dde,"2024 capex mix for Marriott focuses on maintenance vs growth, MAR.","95787,77157,77159,77158,95809,95808,83625,77344,43669,163238,43670,91070,77160,95716,95694","129,227,486,270,248,286","For 2024, Marriott (MAR) expects total capital expenditures and other investments to be approximately $1.0 billion to $1.2 billion. This includes both capital and technology expenditures, loan advances, contract acquisition costs, and other investing activities. Of this total, approximately $250 million is earmarked specifically for maintenance capital spending. The remainder is allocated to growth-oriented investments such as technology systems transformation and potential property acquisitions (for example, $200 million is planned for a land purchase option). In summary, for 2024, Marriott’s capex mix includes about $250 million for maintenance (sustaining) capital, with the majority of the capex budget focused on growth and strategic investments."
eb8bd7b1,"BSX's ERM board engagement in cybersecurity drives long-term growth & enhances competitive positioning in healthcare tech, BSX.","23195,18472,154980,23194,50935,62135,62136,50658,18471,29829,140411,123203,52576,99027,92271","418,70,295,464,370,274,148,149,182,57,154,91","BSX integrates cybersecurity risk management into its enterprise risk management (ERM) program, with the Board of Directors overseeing an enterprise-wide approach to risk, including cybersecurity risks. The ERM program evaluates top risks to the company annually and presents the findings to the Board and its Risk Committee. This oversight ensures that management actively manages, monitors, and reports on cybersecurity risks as part of the company’s strategic planning process. By embedding cybersecurity into ERM and having direct Board engagement, BSX is able to proactively address potential threats, prioritize security investments, and ensure resilient operations. This approach supports long-term growth and strengthens BSX’s competitive positioning in healthcare technology, as it helps protect information assets, maintain trust, and respond swiftly to evolving cyber threats—key factors for success in the healthcare tech industry."
d39021a1,AON's lit. defense strat. impacts earnings growth & capex.,"11684,11522,11686,11521,11463,102127,11476,11446,11683,11444,11438,106555,106424,11462,106423","304,36,318","Aon's litigation defense strategy does have an impact on its earnings growth. In 2023, operating expenses increased by $781 million (9%) compared to 2022, and this was partly due to a $197 million charge related to actual or anticipated legal settlement expenses. These legal costs contributed to a decrease in operating margin to 28.3% (from 29.4% in 2022) and a slight decrease in net income by $18 million (1%) to $2.6 billion. However, despite these increased expenses, Aon's diluted earnings per share still increased by 3% to $12.51, and cash flows from operating activities grew by 7% to $3.4 billion, reflecting strong overall operating income growth and working capital optimization (Chunks 2, 4). Regarding capital expenditures (capex), the provided context does not specify a direct impact of litigation defense strategy on capex. The legal costs are recognized as operating expenses rather than capital expenditures. In summary, Aon's litigation defense strategy and related legal costs can negatively affect earnings growth through increased operating expenses and reduced margins, but there is no clear evidence in the provided context that it directly impacts capital expenditures."
72265591,"Impact of AVY sanction order on legal costs & risk profile, with RFID alternatives considered.","12228,12037,12054,12227,12224,12173,12100,12106,12078,12229,12044,12225,12110,12099,12105,161014","481,38","The sanction order against AVY (Avery Dennison) in the litigation with ADASA Inc. was revised on January 25, 2024, lowering the sanction from approximately $20 million to about $5.2 million, based on a royalty of $0.0025 per late-reported RFID tag. As of December 30, 2023, AVY’s total contingent liability for this matter was $82.9 million, which the company classified as non-current due to the expected duration for full resolution. AVY plans to appeal the recent court decisions. Regarding legal costs and risk profile: - The company acknowledges that future expenses to resolve legal proceedings could exceed the amounts accrued, but it is currently unable to reasonably estimate a range of potential additional expenses. If new information allows for such an estimate, AVY would adjust its liabilities accordingly. - Despite the uncertainties, AVY believes that, based on current information, the resolution of legal proceedings would not be material, individually or in the aggregate, to its financial position, results of operations, or cash flows. - The company also notes that additional lawsuits or regulatory matters could arise in the future, and the potential costs of resolving them cannot be determined until such matters arise. In terms of operational response, AVY has largely completed its migration to alternative encoding methods for its RFID tags. This migration reduces dependency on the contested technology and may help mitigate future legal and financial risks related to similar patent claims. In summary, the sanction order has increased AVY’s legal costs and liabilities but is not considered material to the company’s overall financial health at this stage. The shift to alternative RFID encoding methods is a proactive step to manage and reduce future legal risks."
2c234abc,Impact on cap structure & EPS from equity comp plan shares of Bunge Global SA.,"19009,19015,19011,18775,18776,19012,19004,19010,19013,19016,19014,18777,18891,18878,18778",58,"The equity compensation plans of Bunge Global SA, which include stock options and restricted stock units (RSUs), have a direct impact on both the company’s capital structure and earnings per share (EPS): Impact on Capital Structure: - As of December 31, 2023, Bunge had 3,514,972 securities to be issued upon vesting/exercise of outstanding options, warrants, and rights under its equity compensation plans. This includes 1,691,109 stock options, 674,404 performance-based RSUs, and 1,149,459 time-based RSUs (including dividend equivalents payable in shares) (Chunks 4, 5, 12). - When these awards vest or are exercised, new shares are issued, which increases the total number of shares outstanding and can dilute existing shareholders’ ownership. - Bunge’s 2016 Equity Incentive Plan allows for a maximum of 10,900,000 registered shares to be issued under the plan, and the 2017 Non-Employee Directors Equity Incentive Plan allows up to 320,000 shares (Chunks 5, 10, 12). Impact on EPS: - The issuance of shares under these plans increases the weighted-average number of shares outstanding, which is used to calculate both basic and diluted EPS. - For 2023, the effect of dilutive shares from stock options and awards increased the diluted weighted-average shares outstanding by about 1,983,530 shares (Chunk 1). - As a result, basic EPS for 2023 was $15.07, while diluted EPS (which accounts for potential dilution from equity compensation) was $14.87, showing a slight reduction due to the inclusion of these equity awards (Chunks 1, 8). In summary, equity compensation plans increase the total shares outstanding when awards are exercised or vest, diluting existing shareholders and reducing EPS on a diluted basis compared to basic EPS. This is a standard effect of share-based compensation in public companies."
568e0d0f,NDLS revenue reliability vs. industry benchmarks with commercial substance.,"153571,25711,147719,93963,101357,40240,112315,135170,5377,169321,5802,46525,25710,165052,107103,165051,112313","320,458,138,76,491,302,335,497,403,19,20,118,279,443",I cannot find sufficient information in the provided documents to answer this question.
5a879396,Op margin analysis of Nucor Corp for 2022 vs 2023 based on EBT/net sales.,"112809,112826,112705,112704,112706,112711,112702,112703,112712,112709,112718,112701,112708",337,"To analyze Nucor Corp's operating margin using earnings before income taxes (EBT) as a percentage of net sales for 2022 and 2023, we use the following figures: - 2023: EBT = $6,272,757,000; Net Sales = $34,713,501,000 - 2022: EBT = $10,244,844,000; Net Sales = $41,512,467,000 Calculate the operating margin (EBT/Net Sales): - 2023: $6,272,757,000 ÷ $34,713,501,000 ≈ 18.1% - 2022: $10,244,844,000 ÷ $41,512,467,000 ≈ 24.7% Summary: Nucor’s EBT margin decreased from approximately 24.7% in 2022 to 18.1% in 2023. This reflects a significant decline in profitability year-over-year, primarily driven by reduced metal margins in the steel mills segment and lower average selling prices, as well as margin compression in the steel products segment."
ac10f2e6,Loews' P&C underwriting strategies' profitability is influenced by cyclical trends.,"97746,97749,160287,97714,97858,97715,155046,97745,97854,97748,97968,97702,97694,97568,97701,97631","464,291,479","Yes, the profitability of Loews' property and casualty (P&C) underwriting strategies is influenced by cyclical trends. The insurance industry, including Loews' subsidiary CNA Financial, is subject to cyclical changes in demand and pricing, often resulting in fluctuations in profitability. These cycles are affected by general economic conditions, competition, the adequacy of premium rates, the severity and frequency of claims, and investment returns. As premiums are set before costs are fully known, these factors can significantly impact ultimate profitability (see Chunk 3 and Chunk 16). Additionally, the cyclical nature of the industry can lead to periods of improved or reduced underwriting income, as reflected in Loews' financial results over recent years (see Chunk 1, Chunk 2, and Chunk 8)."
542aeb79,Impact of debt leverage risk on FMC Corp 2022-23.,"63947,64092,64093,64005,63946,64000,64002,64118,64123,63948,64130,64121,64168,64171",186,"During 2022-2023, FMC Corporation’s debt leverage risk increased as the company’s total debt rose from $3,274.0 million at the end of 2022 to $3,957.6 million at the end of 2023. The company responded to challenging market conditions by amending its credit agreements in 2023 to provide additional financial flexibility. Specifically, the maximum leverage ratio covenant was temporarily raised to 6.50 through June 30, 2024, then scheduled to gradually decrease to 3.75 by the quarter ending September 30, 2025. At the end of 2023, FMC’s actual leverage ratio was 4.17, which was well below the revised covenant limit. Despite the increase in debt, FMC remained in compliance with all financial covenants, including interest coverage requirements, which were temporarily reduced to a minimum of 2.50 beginning with the quarter ended December 31, 2023 (FMC’s actual interest coverage was 4.13 for the four quarters ended December 31, 2023). The company's debt portfolio at the end of 2023 consisted of approximately 79% fixed-rate debt and 21% variable-rate debt, which helps manage exposure to interest rate fluctuations. A one percentage point increase in interest rates would have increased gross interest expense by $8.4 million for 2023. In summary, while FMC’s leverage risk increased due to higher debt levels, the company proactively managed this risk through covenant adjustments, maintaining compliance, and managing its debt structure to limit the impact of interest rate changes. The amended covenants and the company’s actual ratios indicate FMC was able to maintain financial flexibility and avoid breaching leverage limits during this period."
50d36179,Unresolved legal matters with BDX may have long-term financial implications on profitability & growth.,"15707,15858,15814,15748,15852,15733,15767,15760,15932,15734,15746,15800,15815,126511,15804,23125","49,377,70","Unresolved legal matters with BDX (Becton, Dickinson and Company) may indeed have long-term financial implications on profitability and growth. The company acknowledges that it is involved in various legal proceedings, including product liability and environmental matters, and establishes accruals for estimated losses when future losses are probable and reasonably estimable. However, due to the uncertain nature of litigation, BDX may incur charges that exceed these accruals and, to the extent available, its liability insurance. Such charges could have a material adverse effect on BDX’s consolidated results of operations, financial condition, and/or cash flows. Additionally, legal proceedings can distract management, may result in settlements or judgments that are significant, and can sometimes be confidential. Some settlements and judgments may be covered by insurance or indemnification, but the amounts recovered may not be adequate. The company also faces regulatory scrutiny and potential fines, as highlighted by recent SEC investigations and associated charges. Overall, ongoing and potential future legal matters introduce risks that could negatively impact BDX’s profitability, financial stability, and ability to achieve growth objectives."
ca6a0195,"Impact of UDR cybersecurity training on breach reduction & remediation costs, ticker at end.","151195,151192,151199,151193,151198,151272,151273,151205,151367,151196,151271,151194,151092,151094,151270,151204",452,"UDR provides mandatory cybersecurity training for associates upon employment and at least annually, reinforcing information security policies, standards, and practices. Training is tailored to associates' roles and access levels. The cybersecurity team also conducts regular phishing tests, with remedial training for those who fail, and receives specialized cybersecurity training themselves (Chunk 1). While the documents detail UDR’s comprehensive approach to cybersecurity awareness and preparedness, including ongoing training, phishing tests, and regular assessments, there is no specific quantitative data or explicit statement in the provided context directly linking the training program to reductions in breach incidents or remediation costs. However, the company does state that to date, it has not been materially affected by a cybersecurity incident or threat, and no incident has occurred that is reasonably likely to affect its business strategy, results of operations, or financial condition (Chunk 3). This suggests that their cybersecurity measures, including training, have so far been effective in preventing significant breaches and associated costs. Ticker: UDR"
8b8b5e8c,Impact on valuation & earnings outlook from Albemarle indemnification liabilities & legal reserves; ALB.,"7769,8176,8011,8007,8042,7989,8098,8056,158224,8229,8123,8233,7843,8230,7743","472,26","Albemarle’s indemnification liabilities and legal reserves are not expected to have a material impact on the company’s valuation or earnings outlook, based on the provided information. - The company states that it is indemnified by third parties in connection with certain matters related to acquired and divested businesses. Management believes the financial condition of these third parties is generally sound, though there is no absolute assurance of performance. Importantly, management’s opinion is that the ultimate resolution of any indemnification obligations owed to or by the company is not expected to have a material effect on the company’s financial condition, results of operations, or cash flows ([Chunk 2]). - Regarding environmental and legal reserves (such as liabilities as a potentially responsible party under CERCLA and similar statutes), Albemarle accrues for these costs and management is actively involved in evaluating such matters. The company concludes that outstanding environmental liabilities for unresolved waste sites should not have a material effect on operations ([Chunk 1], [Chunk 8]). - Environmental and safety operating costs were $73.0 million in 2023, and are expected to remain in that range in coming years. These costs have been accrued and are not anticipated to materially impact capital expenditures, earnings, or competitive position ([Chunk 8]). - Indemnity claims from divested properties or businesses are also not expected to have a material effect ([Chunk 2]). In summary, while Albemarle recognizes and accrues for potential indemnification and legal liabilities, management does not expect these obligations to materially impact the company’s financial condition, earnings outlook, or valuation based on currently available information."
621800ad,CRL 390M purchase obligations liquidity working capital impact 2024.,"34898,35008,34958,126435,92380,43372,34977,128344,34976,128343,34942,34855,63267,34978,104010,92304","128,104,274,310,184,377,383","Charles River Laboratories (CRL) had approximately $390 million of unconditional purchase obligations as of December 30, 2023, with the majority expected to be settled during 2024. These obligations represent legally binding agreements to purchase goods or services, and are not cancellable without penalty. The fulfillment of these purchase obligations in 2024 will require the use of operating cash flows, impacting CRL’s liquidity and working capital for that year. Since most of these obligations are expected to be settled within 2024, they represent a significant near-term use of cash, which could reduce available liquidity and working capital during the period as these payments are made. However, the documents do not indicate any concern about CRL’s ability to meet these obligations from its operating cash flows or other liquidity sources."
f8df21ed,Exec roles at CHRW drive op efficiency & enhance cash flow mgmt.,"26350,26351,26411,26339,26334,26342,26312,26323,26310,26314,26343,26315,26483,26484,26614","80,79","At C.H. Robinson (CHRW), executive roles are structured to drive operational efficiency and enhance cash flow management through a combination of leadership focus areas and organizational strategies: - The Chief Operating Officer (COO), currently Arun Rajan, leads Product, Technology, Data Science, Analytics, and Marketing. This role is directly responsible for improving operational processes and leveraging technology and analytics to increase efficiency across the organization. Such efforts are intended to transform processes, accelerate development, prioritize data integrity, and improve the customer and carrier experience, all of which support operating margin expansion and business growth. Investments in software and technology, overseen by the COO, are a key part of capital expenditures aimed at scalable solutions (Chunks 1, 2, and 3). - The Chief Financial Officer (CFO), Michael P. Zechmeister, manages the company’s financial activities, including working capital, debt, and cash flow. The company closely monitors credit and collections, manages accounts receivable, and repays or borrows debt as needed to optimize liquidity. The CFO’s strategies include minimizing risk and ensuring timely payments to support healthy cash flow. Cash flow from operations is also managed by reducing net operating working capital and monitoring market trends (Chunk 3). - The broader executive team, including roles such as the Chief Human Resources Officer and others, supports an engaged, high-performing workforce and incentivizes performance through compensation programs aligned with company goals and business transformation. This focus on talent and leadership development helps ensure the right capabilities are in place to drive business results and operational excellence (Chunks 4, 5, and 6). Overall, CHRW’s executive leadership aligns operational improvements, technology investments, and financial management to drive efficiency and enhance cash flow management."
1fb441a1,Monitoring deposit trends influenced by competitor interest rates for HBAN.,"77676,77787,77675,77613,77827,77751,77612,77802,77793,77811,77625,77979,77873,77663,77657",229,"Huntington Bancshares (HBAN) closely monitors deposit trends, recognizing that competitor interest rates can significantly influence customer behavior. If customers perceive better yields or greater financial stability elsewhere, they may move their deposits to competitors, leading to deposit outflows. This could force HBAN to rely more on borrowings and other funding sources, potentially reducing its net interest margin. The bank acknowledges that the continued availability of deposits is affected by customer willingness to maintain balances, which in turn can be influenced by changes in competitor interest rates, as well as broader industry and regulatory factors. HBAN makes significant efforts to anticipate and plan for potential disruptions in deposit funding, including those arising from market-related or competitive events (Chunks 1, 3)."
04c89485,Impact on comp growth due to diversity & board composition at Gen Digital Inc. (GEND).,"66807,24183,67051,66962,110446,48181,66953,73086,66833,119815,66965,21294,52887,139936,95940,159664","416,65,194,359,73,332,142,215,155,477,287",I cannot find sufficient information in the provided documents to answer this question. The retrieved documents for Gen Digital Inc. (GEND) do not discuss the impact of diversity or board composition on compensation growth.
931c9e69,Regional sum for IPG Intl employees.,"82067,82066,82313,82300,82169,82256,26336,82210,82287,82165,82059,82068,82136,82081,82080","243,79","As of December 31, 2023, IPG employed approximately 33,600 international employees. The regional breakdown is as follows: - United Kingdom: 5,200 - Continental Europe: 6,800 - Asia Pacific: 10,500 - Latin America: 7,000 - Other: 4,100 Adding these together: 5,200 (UK) + 6,800 (Continental Europe) + 10,500 (Asia Pacific) + 7,000 (Latin America) + 4,100 (Other) = 33,600 international employees."
e3104253,Direct op ex % rev trend for LYV 2021-2023 & its impact on margin stability.,"95350,95390,95359,95358,95419,95420,95351,95259,95345,95494,95391,95324,95256,95398",284,"From 2021 to 2023, Live Nation Entertainment's direct operating expenses as a percentage of revenue showed the following trend: - 2021: $4,355,989 / $6,268,447 ≈ 69.5% - 2022: $12,337,524 / $16,681,254 ≈ 74.0% - 2023: $17,292,016 / $22,749,073 ≈ 76.0% This data shows an upward trend in direct operating expenses as a percentage of revenue over the three-year period, increasing from about 69.5% in 2021 to 76.0% in 2023. Impact on margin stability: Despite the rising proportion of direct operating expenses, Live Nation maintained and slightly improved its operating margin: - Operating margin was 4.4% in 2021, 4.6% in 2022, and 4.7% in 2023. This indicates that while direct operating expenses have grown as a share of revenue, the company has managed to offset these increases—likely through strong revenue growth and operational efficiencies—resulting in stable or slightly improving operating margins. This demonstrates resilience in margin stability despite rising costs."
33b171b9,AXP lease exp. trends 2021-2023 & LT lease risk analysis.,"20292,20274,19964,19942,20092,20207,19996,20201,20133,20096,20022,20328,19929,19928,20200",62,"From 2021 to 2023, American Express (AXP) reported the following total lease expenses: - 2021: $161 million - 2022: $188 million - 2023: $164 million This indicates a rise in lease expenses from 2021 to 2022, followed by a decrease in 2023, though expenses in 2023 remained slightly above 2021 levels. For long-term lease risk analysis as of December 31, 2023: - The weighted average remaining lease term is 19 years. - The weighted average discount rate used for lease commitments is 3%. - Outstanding fixed lease payments total $1,462 million, with $841 million due after 2028. - After subtracting $536 million representing interest, reported lease liabilities stand at $926 million. AXP’s long remaining average lease term and significant lease commitments beyond 2028 reflect a substantial long-term liability. However, the discount rate is relatively low, and the company’s principal leases include high-profile properties, such as its Manhattan headquarters (with a lease expiring in 2069), suggesting stability but also ongoing long-term obligations."
a868f9cd,$MAS capex vs D&A trend analysis for 2024.,"95141,52033,95140,63033,2487,43670,142296,95193,5451,5832,43669,95129,95132,49385,5833","129,424,10,145,19,20,183,152,283","For Masco Corporation ($MAS), the trend for 2024 shows that capital expenditures (capex) are expected to decrease compared to 2023, while depreciation and amortization (D&A) expenses are projected to increase. - 2023 capex: $243 million - 2024 capex (expected): approximately $200 million This represents a planned reduction in capex of about $43 million. - 2023 depreciation and amortization: $149 million - 2024 depreciation and amortization (expected): approximately $160 million This indicates an expected increase in D&A expenses of about $11 million. In summary, for 2024, Masco anticipates lower capital expenditures and higher depreciation and amortization expenses compared to 2023. The reduction in capex is mainly due to the completion of capacity expansion initiatives, while the increase in D&A reflects the higher asset base from prior investments."
edfa81d5,Effect on pre-tax income & margin from non-op items for 2023 FSLR vs historical.,"64835,64837,64769,64927,64659,64672,64870,64926,127622,64787,64875,64643,64876,64782,64768","188,381","For First Solar (FSLR) in 2023, non-operating items had a positive effect on pre-tax income compared to 2022, but the impact was smaller than in 2021. Here’s a breakdown using the consolidated statements of operations and the percentage of net sales: **2023:** - Operating income: $857.3 million (25.8% margin) - Non-operating items: - Foreign currency loss: $(21.5) million - Interest income: $97.7 million - Interest expense: $(13.0) million - Other expense, net: $(29.1) million - Net effect of non-operating items: $34.1 million gain - Income before taxes: $891.3 million (26.8% margin) **2022:** - Operating loss: $(27.2) million (-1.0% margin) - Net effect of non-operating items: $35.8 million gain (mainly from $33.3 million interest income and $31.2 million other income, partly offset by $(16.4) million currency loss and $(12.2) million interest expense) - Income before taxes: $8.6 million (0.3% margin) **2021:** - Operating income: $586.8 million (20.1% margin) - Net effect of non-operating items: $-14.6 million loss (mainly due to $(8.0) million currency loss and $(13.1) million interest expense, slightly offset by $6.2 million interest income and $0.3 million other income) - Income before taxes: $572.2 million (19.6% margin) **Summary of effects:** - In 2023, non-operating items added approximately $34 million to pre-tax income, modestly increasing the margin (from 25.8% operating to 26.8% pre-tax). - In 2022, non-operating items made the difference between an operating loss and a small pre-tax profit, but the overall margin remained close to zero. - In 2021, non-operating items reduced pre-tax income and margin slightly. **Conclusion:** Non-operating items in 2023 had a positive but not transformative impact on pre-tax income and margin for FSLR, helping to boost pre-tax margin by about 1 percentage point compared to operating margin. This effect was more favorable than in 2021, when non-operating items reduced margin, but less critical than in 2022, when they were necessary to offset an operating loss."
206cf371,Aug26 appts for JKHY governance's strategic impact.,"84002,83898,83915,83923,83830,83834,83984,83919,83939,83967,83846,83930,83838,83868,83825,83936",249,"On August 26, 2024, Jack Henry & Associates, Inc. (JKHY) executed official appointments for several key governance roles. Gregory R. Adelson was confirmed as Chief Executive Officer and President, Mimi L. Carsley as Chief Financial Officer and Treasurer, and Renee A. Swearingen as Senior Vice President and Chief Accounting Officer. Additionally, board leadership and directorship roles were reaffirmed, including David B. Foss as Executive Board Chair and Matthew C. Flanigan as Vice Chair and Lead Director, along with several other directors. The strategic impact of these appointments lies in reinforcing strong executive and board oversight, which supports the company's governance structure. This leadership continuity is likely to enhance the company’s ability to oversee critical areas such as cybersecurity, risk management, and financial oversight, as described in the company’s governance and oversight framework. The presence of experienced executives and directors ensures that JKHY can maintain effective risk management practices and respond strategically to evolving operational and cybersecurity challenges."
0ae7ad85,FTE comp. % for AFL Japan.,"7453,7054,7055,7158,7188,7315,7457,7455,7245,7497,7052,7443,7395,85915,122534,7134","24,368,254","As of December 31, 2023, Aflac Japan had 6,859 full-time employees out of a total company workforce of 12,785. This means the full-time equivalent (FTE) composition percentage for AFL Japan is approximately 54%."
cbe5d68e,SAP ERP & Sovos tech investments by Campbell Soup are aimed at boosting efficiency by 2025.,"32190,32189,32333,32269,32268,32251,32332,32244,32245,32328,32204,32320,32386,32331,32193",99,"Campbell Soup is investing in technology to boost efficiency by 2025. Specifically, a major capital project for 2025 includes the implementation of an SAP enterprise-resource planning (ERP) system for Sovos Brands. This investment is part of broader capital expenditures aimed at optimizing their supply chain, manufacturing network, and IT infrastructure as they integrate Sovos Brands and pursue other efficiency initiatives. These efforts are expected to contribute to significant cost savings and operational improvements by the end of 2028."
ba7e2a27,Impacts on margin profitability from revenue recognition in KHC's (Kraft Heinz Co.) shipping & handling.,"90189,90021,90056,90085,90164,90360,90070,139778,90353,90356,90180,90244,54531,90357,93040,90122","160,267,276,415","Kraft Heinz recognizes revenues as performance obligations are fulfilled when control passes to customers, recording revenues net of variable consideration, including shipping and handling charges billed to customers. Shipping and handling costs that occur after the transfer of control are accounted for as fulfillment costs rather than as a separate revenue element (Chunk 1). This means that if Kraft Heinz incurs shipping and handling expenses after revenue is recognized, those costs are treated as part of their cost structure, not as an additional revenue stream. As a result, shipping and handling costs reduce gross profit and overall margins because they are recognized as expenses in the same period as the related revenue, but are not offset by additional revenue. Therefore, the company's approach to shipping and handling in revenue recognition can negatively impact margin profitability, as these costs are deducted from gross profit."
5ef0d742,"Details on share buyback volume and cost for American Airlines Group, ticker AAL.","12478,12565,12282,12681,12538,12651,12463,12279,12461,12464,12643,12477,12460,12333,12462",39,"Based on the provided information, American Airlines Group (AAL) did not repurchase any shares of its common stock in 2023 or 2022. The authority under its most recent $2.0 billion share repurchase program expired in December 2020, and following the expiration of restrictions related to financial assistance received under PSP1, PSP2, and PSP3 (which ended September 30, 2022), no new share repurchase program has been authorized by the Board of Directors as of December 31, 2023. Therefore, there was no share buyback volume or associated cost for AAL during 2023 or 2022. Any future share repurchases would be at the discretion of the Board and are not currently authorized."
2e65050c,QCOM YoY long-term debt change drivers.,"126868,126790,126791,126881,126753,126888,85759,65751,126768,126738,126851,126754,126807,126767,47633,126728","378,140,253,190","Qualcomm's (QCOM) long-term debt decreased year-over-year, primarily due to the repayment of $914 million in fixed-rate notes that matured in May 2024. As of September 29, 2024, the total principal of long-term debt was $14.97 billion, down from $15.89 billion at September 24, 2023. The decrease was mainly driven by this scheduled debt maturity and repayment. There were no commercial paper borrowings outstanding at the end of the period, and no amounts were outstanding under the newly established $4.0 billion Revolving Credit Facility. Other factors such as unamortized discounts, debt issuance costs, and hedge accounting adjustments also contributed to the reported carrying value, but the primary driver of the year-over-year change was the debt repayment in May 2024."
dc4dc72e,"Deferred rev trends at ENPH impact on rev visibility & contract struct for 2022-23, ENPH.","54032,54019,53962,54013,53976,53948,53964,53824,53989,54031,53955,54007,54116,54049",158,"Enphase Energy (ENPH) saw a notable increase in deferred revenues (contract liabilities) from 2022 to 2023. At December 31, 2023, short-term contract liabilities (deferred revenues, current) were $118.3 million and long-term contract liabilities (deferred revenues, non-current) were $369.2 million, up from $90.7 million and $281.6 million, respectively, at the end of 2022. The total contract liabilities rose from $372.4 million at the start of 2023 to $487.5 million at year-end, an increase driven by $224.8 million in new billings, offset by $109.7 million of revenue recognized during the year. This upward trend in deferred revenues enhances revenue visibility for ENPH, as these amounts represent payments received in advance for performance obligations that will be recognized as revenue over time. Much of this is related to multi-year service elements bundled with product sales (such as the Enlighten cloud-based monitoring service, recognized over a 7-year estimated service period, and other communication accessories/services recognized over typically 5 years). This structure means a portion of ENPH's revenue is predictable and recurring, improving the ability to forecast future revenue streams. The increase in deferred revenue also reflects contract structures where a significant component of value is delivered and recognized over time, rather than only at the point of product shipment. This results in a growing base of contracted, but not yet recognized, revenue, supporting long-term financial stability and visibility. In summary, ENPH's rising deferred revenue from 2022 to 2023 improves revenue visibility and demonstrates a shift towards more service-oriented, multi-period contract structures, with a significant portion of revenue recognized over future periods rather than upfront."
b990353a,$TYL capex seg shift 2022-2023 inv implications.,"146607,146608,146609,146654,146642,146606,146588,146580,146589,146546,146485,146611,146597,146596",439,"Between 2022 and 2023, Tyler Technologies (TYL) experienced a shift in the composition of its capital expenditures (capex) and software development investments, with several implications for its investment profile: **Capex and Software Development Shifts:** - Total capital expenditures decreased from $22.5 million in 2022 to $20.5 million in 2023. - Software development expenditures increased from $27.6 million in 2022 to $32.5 million in 2023. - Within segments, the ""Enterprise Software"" segment saw its capex rise from $9.0 million in 2022 to $16.8 million in 2023, while ""Platform Technologies"" and ""Corporate"" capex both decreased. - Software development spending rose across all segments, with the largest increase in ""Platform Technologies"" (from $14.6 million to $15.8 million), and ""Enterprise Software"" (from $3.8 million to $6.6 million), and ""Corporate"" (from $9.3 million to $10.0 million). (Chunk 5) **Investment Implications:** - The shift indicates a strategic prioritization of software development over traditional physical asset investment, reflecting Tyler's focus on expanding and enhancing its software offerings. - The increase in software development costs, particularly in ""Platform Technologies"" and ""Enterprise Software,"" suggests ongoing investment in innovation and scaling of cloud and SaaS solutions, aligning with the company's recurring revenue growth strategy. (Chunks 5, 11) - Lower capex and higher software development spending may improve Tyler’s scalability and operating leverage over time, as software investments typically have higher margins and recurring revenue potential compared to hardware or facilities. - The company anticipates continued elevated software development investment in 2024 (expected ~$27 million), reinforcing this trend. (Chunks 7, 9) **Summary:** TYL’s capex shift from traditional capital assets toward software development from 2022 to 2023 signals a deliberate move to accelerate cloud/SaaS innovation and recurring revenue growth, with positive implications for margins, scalability, and long-term value creation for investors."
318d7f99,"Engagement risk monitoring, vendor liabilities, sustainable growth, and valuation for AZO.","14010,13997,13976,13992,14109,13979,13991,14108,14041,14172,13993,14161,13982,14162,14142,14039",42,"Based on the provided context, here is information related to engagement risk monitoring, vendor liabilities, sustainable growth, and valuation for AutoZone (AZO): Engagement Risk Monitoring: AutoZone has integrated its cybersecurity risk management program into its broader enterprise risk management framework, overseen by senior management and the Board of Directors. The Chief Information Security Officer (CISO) and the Audit Committee regularly review cybersecurity risks and mitigation strategies. AutoZone utilizes industry standards such as NIST CSF, ANSI encryption standards, and PCI DSS. They also use independent assessments, vulnerability scanning, penetration testing, attack simulations, and have a structured incident response plan. Vendor risk is assessed during engagement and monitored by a third party, with requirements for adherence to security practices and applicable regulations (Chunks 9, 16). Vendor Liabilities: In fiscal 2024, one vendor accounted for 12% of AutoZone’s total purchases; no other vendor exceeded 10%. AutoZone believes alternative sources exist at similar costs for most product types, helping to mitigate supply chain risk. Vendor engagement includes assessment of security practices and ongoing monitoring. There is no indication of significant vendor concentration risk beyond the one mentioned (Chunk 7, 16). Sustainable Growth: AutoZone emphasizes a culture of customer service, diversity, equity, and inclusion, and competitive compensation to attract and retain talent. The company operates over 7,300 stores across the U.S., Mexico, and Brazil, with ongoing commercial sales programs and online platforms. They focus on prompt delivery, broad product selection, and strong brand recognition. Their diversity, equity, and inclusion efforts and commitment to safe work environments support their long-term growth strategy (Chunks 6, 13). Valuation: Specific valuation figures such as price-to-earnings ratios or market capitalization are not provided in the context. However, the company’s financial risk is closely managed through hedging activities, strong credit facilities, and regular impairment assessments. As of August 31, 2024, AutoZone had a consolidated interest coverage ratio of 5.4:1, indicating strong coverage of interest obligations and a solid financial position (Chunks 8, 15). If you need more detailed or specific valuation metrics, such as share price or financial multiples, that information is not present in the provided context."
b4d591d8,Risk-reward of ISRG's capex in light of macro trends.,"88888,88674,88669,88926,88886,88824,88913,88831,88890,88620,88979,88541,88542,88720,88786,88991",263,"ISRG's capital expenditures (capex) and their risk-reward profile are influenced by several macroeconomic and industry trends: Risks: - Macroeconomic pressures such as inflation, high interest rates, and supply chain disruptions have led to higher material and labor costs and made access to credit more difficult for both ISRG and its hospital customers. This could negatively impact the number of da Vinci procedures performed or systems placed, affecting return on capex investments (Chunk 15). - Hospital financial pressures and staffing shortages may limit their ability to make capital purchases or invest in new technologies, which can delay or reduce ISRG’s system placements and thus slow the payback on capex (Chunk 15). - Geopolitical factors, especially in key markets like China, introduce further uncertainty. Governance campaigns and increased competition have led to fewer than expected system placements, and future placements depend on factors such as regulatory clearance, government tenders, and ongoing competitive dynamics (Chunk 6). - Public health crises, like the COVID-19 pandemic, can divert resources away from elective procedures and capital purchases, impacting demand for ISRG’s products and potentially reducing the effectiveness of capex (Chunk 3, 15). - Increasing competition, both globally and within specific markets like China, could lead to pricing pressure and reduce revenue potential from new capital investments (Chunks 6, 10). Rewards: - ISRG’s strategy is to create value through innovation in robotic-assisted surgery, advanced imaging, and informatics, aiming to drive adoption by improving patient outcomes and lowering costs per episode of care (Chunks 12, 13). - The company has a strong installed base and recurring revenue from services and accessories, which can help balance capex risks by providing ongoing revenue streams (Chunk 5, 11). - Despite macroeconomic challenges, ISRG continues to grow revenue and net income, suggesting that demand for its advanced surgical systems remains resilient in many markets (Chunk 5). - In some global markets, additional reimbursement and regulatory clearances could unlock new opportunities for system placements, supporting future capex returns (Chunk 6). In summary, the reward for ISRG’s capex lies in continued innovation, market expansion, and recurring revenues, while the main risks are tied to macroeconomic headwinds, competitive pressures, and geopolitical uncertainties that can delay or reduce the return on those investments."
a9938d07,The impact of the AXP TRIS program on capital allocation and financial health is noteworthy.,"19955,20084,20032,20136,19968,20085,20160,20131,20026,19959,20086,20087,20091,20090,20093,19938",62,"The provided context does not directly discuss any specific impact of the American Express (AXP) Technology Risk and Information Security (TRIS) program on capital allocation or the company's overall financial health. The context describes the TRIS program as a comprehensive cybersecurity and information security initiative designed to protect information systems, manage operational risk, and align with regulatory requirements. It details governance, risk management, and incident response, as well as the importance of maintaining robust cybersecurity to avoid reputational and financial harm. However, there is no explicit information provided about how the TRIS program affects capital allocation decisions or the broader financial health of AXP. The financial sections discuss capital strategy, dividend policy, and regulatory capital requirements, but do not link these directly to the TRIS program or cybersecurity spending. Therefore, I cannot find sufficient information in the provided documents to answer this question."
342e0b7e,EPS trends ROST and share count dynamics show significant shifts.,"128775,128760,128821,153966,128872,128818,128819,128871,128822,128773,128896,128758,128770,128774,128769,128754","385,459","Based on the provided context, there is limited direct information on Ross Stores, Inc. (ROST) earnings per share (EPS) trends and detailed share count dynamics. The available data does not explicitly present annual EPS figures or a year-by-year weighted average share count. However, some relevant observations can be made: - ROST has been actively repurchasing shares: In fiscal 2023, the company repurchased 8.2 million shares at an average price of $115.24 per share (totaling $950 million). In 2022, 10.3 million shares were repurchased at $92.15 per share (also $950 million), and in 2021, 5.7 million shares at $114.29 per share ($650 million). These repurchases reduce the number of outstanding shares, which can positively impact EPS, all else being equal. (Chunks 5, 8) - ROST has also paid substantial dividends, with $454.8 million paid in 2023, $431.3 million in 2022, and $405.1 million in 2021. (Chunks 5, 8) - There is no explicit EPS figure provided for any year in the retrieved context, nor is there a clear statement of the weighted average shares outstanding for the calculation of EPS. In summary, while the context shows ROST's significant share repurchase activity (which likely contributed to EPS dynamics by reducing the share count), there is not enough specific data to directly analyze EPS trends or provide exact share count changes over time. If you need detailed EPS figures or weighted average shares outstanding for each year, that information is not present in the provided documents. Therefore: I cannot find sufficient information in the provided documents to answer this question fully."
a329042d,"DHR for capex, M&A, & restructuring is operating CF sustainability.","47660,47661,47693,48991,47667,44627,117731,47663,27705,47659,161885,91071,47461,47466,49221,47668","352,483,132,140,270,144,145,84","Based on the provided documents, here is a summary regarding DHR’s (Danaher Corporation’s) operating cash flow sustainability in relation to capital expenditures (capex), mergers and acquisitions (M&A), and restructuring: **Operating Cash Flow Sustainability:** - In 2023, Danaher generated $6.49 billion in operating cash flow from continuing operations ($7.16 billion including discontinued operations), compared to $7.61 billion in 2022 and $7.42 billion in 2021 (Chunk 3). - Management believes it has sufficient sources of liquidity to meet its cash requirements, including capex, acquisitions, debt service, dividends, and other business needs (Chunks 5, 16). **Capital Expenditures (Capex):** - Capital expenditures were $1.4 billion in 2023, $1.1 billion in 2022, and $1.2 billion in 2021. The increase in 2023 was mainly to boost manufacturing capacity. Danaher expects 2024 capex to be at similar levels as recent years (Chunk 2). - Capex is typically directed toward increasing manufacturing capacity, replacing equipment, supporting new product development, and improving IT systems. **Mergers & Acquisitions (M&A):** - Net cash used for acquisitions was $5.61 billion in 2023, $582 million in 2022, and $10.9 billion in 2021 (Chunk 3). - Additionally, investments in non-marketable equity securities and partnerships were $172 million in 2023, $523 million in 2022, and $925 million in 2021 (Chunks 1, 2, 3). **Restructuring:** - The context does not provide specific restructuring expenses for 2023, but mentions restructuring as a potential cash requirement for which the company maintains liquidity (Chunk 5). **Summary of Sustainability:** Danaher’s operating cash flow consistently exceeds its capital expenditure needs. While M&A activity can be significant and variable year-to-year, the company uses a combination of internally generated funds, available cash, and, if needed, external financing to support these investments. Management expresses confidence in the sufficiency of its liquidity to meet ongoing and anticipated cash requirements, indicating a sustainable position for funding capex, M&A, and restructuring from operating cash flows and available resources. **Conclusion:** Danaher’s operating cash flow is robust and, along with available liquidity, is sufficient to sustainably support its capex, M&A, and restructuring needs based on recent historical performance and management’s outlook."
31ce8a08,Customer retention & rev growth for ADBE cloud integrations.,"1316,1183,1315,1182,1314,1319,1227,1226,1191,1188,1192,1190,1216,1228",6,"Adobe drives customer retention and revenue growth in its cloud integrations—primarily Creative Cloud, Document Cloud, and Experience Cloud—through several strategies: 1. Product-Led Growth and Innovation: Adobe employs a product-led growth strategy to enhance product experiences, reduce friction, and drive adoption, usage, conversion, expansion, and loyalty. New features and technologies, such as generative AI (Adobe Firefly, Generative Credits), as well as frequent updates and enhancements, increase the value for existing customers and attract new users (Chunks 2, 3, 4, 5). 2. Flexible Offerings and Subscriptions: Customers can choose from a range of subscription options (individual, student, team, and enterprise plans), with the ability to subscribe to multiple products or targeted packages. Free and premium app levels, targeted promotions, and tailored bundles further support acquisition and retention (Chunks 2, 3, 4). 3. Enhanced Engagement and Collaboration: Collaboration features in products expand Adobe’s reach beyond creative professionals to other stakeholders, increasing overall engagement and retention. Integration with tools like Adobe Stock and Behance adds value and community engagement (Chunks 2, 4, 5). 4. AI and Integration Capabilities: Generative AI features (like Firefly) and AI-powered analytics (via Experience Cloud and Experience Platform) make products more useful, enhancing customer experience and stickiness. These capabilities help customers automate, personalize, and optimize their workflows and marketing efforts (Chunks 2, 3, 4, 6, 12, 13). 5. Data-Driven Operating Model: Adobe leverages data-driven models and its Experience Cloud solutions to drive awareness, engagement, and optimize the customer journey, supporting both retention and revenue growth (Chunks 1, 4). 6. Enterprise Focus and Partner Ecosystem: Adobe uses direct sales and a large partner network to support enterprise customers, driving adoption and expanding within existing accounts. Customer Success Managers and professional services help maximize customer value and encourage expansion (Chunks 2, 7, 8, 9, 11). 7. Recurring and Predictable Revenue: Adobe’s move to cloud-based subscription models (over perpetual licensing) generates recurring revenue streams, which are recognized ratably and provide financial predictability and growth (Chunks 2, 3, 5). In summary, Adobe’s approach to cloud integration emphasizes continuous product innovation, flexible and scalable subscription models, AI-driven value addition, data-driven customer engagement, and strong enterprise support, all of which combine to drive customer retention and sustained revenue growth."
2d3fa183,"Impact of LT debt maturity, liquidity, & refinancing risk for MetLife (MET)","124539,124115,124086,124116,124106,124447,124114,123927,124449,124085,124087,124107,110777,124099,123925","372,332","MetLife’s long-term debt (LT debt) maturity profile is well-staggered, which helps manage refinancing risk. As of December 31, 2023, aggregate maturities of long-term debt for the next five years and thereafter are as follows: $1.4–1.8 billion in 2024, $1.2–1.3 billion in 2025, $180–476 million in 2026, $0–52 million in 2027, $237–348 million in 2028, and $11.9–12.7 billion thereafter (Chunks 1, 6). This staggered schedule helps limit the company’s exposure to large refinancing needs in any single year. Liquidity remains robust. At December 31, 2023, MetLife’s short-term liquidity position was $19.2 billion and liquid assets were $182.6 billion. Liquid assets held by MetLife, Inc. specifically were $4.2 billion, with an additional $1.0 billion held by other MetLife holding companies (Chunks 3, 5, 11, 12). These resources are considered sufficient to cover business requirements, including debt service, under both current and stress scenarios. Refinancing risk is mitigated by MetLife’s access to a wide variety of global funding sources, including a $3.0 billion unsecured revolving credit facility (undrawn at year-end 2023), diverse debt instruments, and strong, stable access to capital markets (Chunks 5, 9, 14). The company’s liquidity and capital management practices, along with diversification of funding sources, help limit dependence on any single market or funding source and reduce overall refinancing risk. MetLife’s credit ratings, capital ratios, and liquidity monitoring procedures also support continued access to competitively priced wholesale funds, further mitigating refinancing risk (Chunk 5). In summary, the impact of long-term debt maturity on MetLife’s liquidity and refinancing risk is limited by its staggered debt maturities, substantial liquid asset base, diverse funding sources, and proactive liquidity and capital management practices."
a3f75c4c,"Share repurchase detail for Deckers in Feb, Mar, and May 9.","43343,38481,43420,27508,149397,116168,1308,28596,158145,149457,53338,50663,43475,82278,158186,101292","128,6,302,156,114,83,148,243,87,472,348,446","For Deckers (DECK), the share repurchase details are as follows: - February 2024: Repurchased 87,196 shares at a weighted average price of $859.94 per share, totaling $74,983,000. - March 2024: Repurchased 31,998 shares at a weighted average price of $916.10 per share, totaling $29,313,000. - Subsequent to March 31, 2024, through May 9, 2024: Repurchased 130,927 shares at a weighted average price of $836.20 per share, totaling $109,481,000. All repurchases were made in open-market transactions under Deckers’ stock repurchase program."
1ffceab8,Drivers of LT debt at Amgen and the impact on leverage.,"8705,8711,8704,8702,8662,8661,1684,8509,8619,85759,8508,111694,8676,65751,150864,78309","451,7,231,333,28,253,190","The primary drivers of long-term (LT) debt at Amgen in 2023 were financing activities related to acquisitions, particularly the acquisition of Horizon. In December 2022, Amgen entered into a bridge credit agreement and a term loan credit agreement totaling $28.5 billion to fund the Horizon acquisition. In March 2023, Amgen issued $24.0 billion of debt across eight series of notes and terminated the bridge credit agreement. In October 2023, upon completion of the Horizon acquisition, Amgen borrowed $4.0 billion under the term loan credit agreement. These actions significantly increased Amgen’s long-term borrowings from $37.4 billion at the end of 2022 to $63.2 billion at the end of 2023. Other debt-related activities included repurchasing portions of existing debt ($0.6 billion repurchased in 2023) and managing the mix of fixed and floating-rate debt via interest rate swaps. The impact on leverage was substantial: Amgen’s total assets grew from $65.1 billion in 2022 to $97.2 billion in 2023, while long-term debt increased as noted above. Despite the higher leverage, Amgen maintained investment grade credit ratings on its senior notes (BBB+ from S&P, Baa1 from Moody’s, BBB from Fitch). The company believes it retains a strong financial position and has adequate liquidity and access to capital to meet its needs, but acknowledges that unfavorable changes to credit ratings could adversely affect future financing options. In summary, the main drivers of Amgen’s long-term debt were large-scale acquisition financing and ongoing capital management activities. This significantly increased the company’s leverage, but management expresses confidence in its ability to manage debt obligations given expected continued profitability and strong access to capital."
a38864af,"AMETEK's financial health, risk mgmt, strategy, purchase obligations, lease commitments, and debt interest - AME.","4482,4297,4326,4311,4304,4307,4402,4325,4353,4300,4298,4318,4310,4322",16,"Here is a summary of AMETEK’s financial health, risk management, strategy, purchase obligations, lease commitments, and debt interest based on the provided context: Financial Health: - As of December 31, 2023, AMETEK had total assets of $15.0 billion and total liabilities of $6.3 billion. - Stockholders’ equity was $8.7 billion. - The company had cash and cash equivalents of $409.8 million and net receivables of $1.0 billion. - The company’s current liabilities totaled $2.9 billion, with short-term borrowings and the current portion of long-term debt at $1.4 billion, and long-term debt at $1.9 billion (total debt: $3.3 billion) ([Chunk 7]). Risk Management: - AMETEK identifies risks related to market cyclicality, particularly in aerospace, defense, oil and gas, and power markets, which could affect growth and financial results. - The company is subject to litigation and regulatory proceedings but does not expect these to have a material adverse effect on operations or finances. - Cybersecurity is actively managed, with mandatory training for employees and additional training for financial professionals ([Chunk 3], [Chunk 9]). - Environmental, health, and safety risks are managed through compliance programs and regular audits. The company acknowledges potential liabilities related to hazardous substances and environmental laws ([Chunk 12]). Strategy: - AMETEK’s strategy focuses on strategic, value-enhancing acquisitions and consistently increasing cash dividends. - The company emphasizes innovation, investment in R&D, and market leadership in niche segments through its Electronic Instruments Group (EIG) and Electromechanical Group (EMG) ([Chunk 5], [Chunk 11], [Chunk 13]). - The company is committed to sustainability, community engagement, and human capital development ([Chunk 14]). Purchase Obligations: - As of December 31, 2023, AMETEK had $790.0 million in purchase obligations outstanding, primarily related to contractual commitments to purchase inventories at fixed prices ([Chunk 1]). Lease Commitments: - Total lease liabilities as of December 31, 2023, were $243.5 million. - Right-of-use assets, net, were $229.7 million. - The weighted-average remaining lease term for operating leases was 6.66 years, with a weighted-average discount rate of 4.48%. - Future operating lease payments are scheduled as follows: 2024 - $59.5M, 2025 - $48.0M, 2026 - $38.4M, 2027 - $27.8M, 2028 - $20.3M, and thereafter - $71.9M ([Chunk 1]). Debt Interest: - The company’s lease liabilities use a weighted-average discount rate of 4.48% as of 2023. - Specific interest rates on debt are not provided in the context, but the lease discount rate may be indicative of the company’s borrowing environment ([Chunk 1]). In summary, AMETEK has a strong financial position, manages risk across multiple domains, focuses on growth through acquisitions and innovation, maintains substantial purchase and lease obligations, and operates with manageable debt and lease interest rates."
a6ac06ab,Env. compliance risk & op cash flows for KMB.,"86824,86788,86808,86810,86814,86898,86909,86950,86939,86836,86906,86882,86795,86827,86787",257,"Kimberly-Clark (KMB) is subject to a variety of environmental compliance risks, as it operates under numerous laws and regulations related to environmental protection, product safety, and sustainability across all its markets. Compliance with these regulations may result in increased costs, either directly for KMB or indirectly through higher prices from suppliers due to their own compliance costs or reduced availability of raw materials. For 2024 and 2025, KMB expects annual capital expenditures for environmental controls to average about $50 million, and operating expenses related to environmental compliance to be around $100 million in 2024 and $110 million in 2025. However, these environmental capital expenditures and operating expenses are not expected to have a material effect on KMB’s total capital and operating expenditures, consolidated earnings, or competitive position. Overall, while environmental compliance presents operational and cost risks for KMB, current spending levels are not expected to materially impact its operating cash flows. However, these estimates could change if there are significant changes in legal requirements or KMB’s compliance plans."
16848acc,"Cadence’s competitive positioning is influenced by its investments in talent, diversity, and engagement, CDNS.","26644,26647,26675,26674,26676,26677,26642,26665,26649,26645,26646,26672,26836,26641,26920,50036","81,147","Cadence’s competitive positioning is strongly influenced by its investments in talent, diversity, and engagement. The company recognizes that attracting, retaining, and developing exceptional talent globally is crucial to its success. To facilitate this, Cadence invests in initiatives focused on diversity, equity, and inclusion (DE&I), physical and mental health, and talent development. These initiatives include partnerships with organizations promoting diversity in technology, mentorship programs, inclusive leadership training, and employee inclusion groups for various underrepresented communities. Cadence also measures employee engagement through regular surveys and emphasizes a high-performing, inclusive culture as a key differentiator. Leaders are evaluated on their contributions to DE&I and talent development. Additionally, the company offers competitive compensation, comprehensive benefits, formal training programs, and recognition programs to inspire and reward employees. These efforts help create a collaborative culture where teamwork and innovation thrive, ultimately supporting Cadence’s ability to compete effectively in the market."
2bed47cb,Dec vs Nov '23 WAB repurchase price trend & market timing.,"156692,22068,159056,156607,31518,156626,156619,159766,161807,161604,158145,144796,117570,80019,156734,78408","96,352,482,67,483,231,236,433,468,472,475,477","For Wabtec (WAB), the average price paid per share for stock repurchases increased from November to December 2023. In November 2023, WAB repurchased shares at an average price of $111.55 per share, while in December 2023, the average price rose to $115.92 per share. This indicates a rising trend in repurchase prices from November to December 2023. Regarding market timing, the company’s repurchases are influenced by market conditions, capital needs, and other factors. WAB may execute repurchases via open market or privately negotiated transactions and can use Rule 10b5-1 plans, allowing flexibility to buy shares even during periods when it might otherwise be restricted from doing so. There is no set schedule for repurchases, and timing is determined by various financial and market considerations."
efe35661,Ecolab's N.A. workforce faces regional risks amid global growth.,"51591,51554,51555,51590,82399,51552,100181,51557,108934,60549,101264,51559,51576,51592,51556,101263","327,299,302,178,244,151","Ecolab’s North American (N.A.) workforce operates within a company that is significantly global, with approximately 42% of its 48,000 employees based in North America and the remainder spread across Europe, Asia Pacific, Latin America, India, the Middle East, Africa, and Greater China. As Ecolab continues to grow globally—now generating about 47% of its net sales outside the U.S.—its N.A. workforce is exposed to regional risks that are heightened by worldwide economic, political, and legal uncertainties. Risks include the impact of global economic downturns, geopolitical instability, inflation, currency fluctuations, and changes in local and international regulations. Economic challenges in other regions, such as Europe or emerging markets, can affect demand in Ecolab’s key end-markets, which include foodservice, hospitality, healthcare, and more, and may indirectly impact the company’s operations and workforce in North America. Additionally, supply chain disruptions, energy crises, and the aftermath of events like the COVID-19 pandemic have created more challenging macroeconomic environments, influencing costs, demand, and employment conditions in the region. Despite these risks, Ecolab emphasizes a culture of diversity, equity, and inclusion, robust employee safety and wellness programs, and competitive compensation, which help support its workforce amid these uncertainties. However, the interconnected nature of Ecolab’s global business means that regional risks in North America are closely tied to global developments as the company continues its international expansion."
1f8a677c,DFS's risk profile regarding credit card receivables margins faces significant competitive pressures.,"48251,48177,48269,48190,48268,48250,48267,48276,48163,48275,48282,48386,48298,48385,48284,47223","139,142","Yes, DFS’s risk profile regarding credit card receivables margins does face significant competitive pressures. The credit card business is highly competitive, with DFS competing against other major financial institutions and non-traditional providers on factors such as brand, reputation, customer service, product offerings, rewards programs, pricing, and digital payments. Many competitors offer rewards programs that may be more attractive to customers, and some have greater financial resources, allowing them to invest more in marketing, technology, and customer acquisition. This intense competition can result in slower loan growth, reduced revenue growth, and the need for DFS to incur considerable costs to attract and retain customers. If DFS cannot compete effectively, it could experience fewer customers, lower account balances, and adverse impacts on its financial condition, cash flows, and results of operations (Chunks 1, 2, 6)."
99c8224d,FX mgmt PM risk impacts global econ stability.,"152036,17852,122520,63999,122274,17851,152037,123922,26961,129711,10329,127391,114173,100297,30624,24463","32,388,455,73,299,368,82,372,341,55,186,380,93","Foreign exchange (FX) management and portfolio management (PM) risk can significantly impact global economic stability. Volatility and fluctuations in foreign currency exchange rates affect earnings, asset values, and the financial results of companies with global operations. For example: - Companies with significant revenues and expenses in currencies other than the U.S. dollar are exposed to currency volatility, which can affect consolidated revenue, expenses, and results of operations, as well as the value of investments in non-U.S. operations (see STT, NTRS, MET, CBRE, CBOE). - Market disruptions and FX volatility can lead to shifts in investor preferences toward perceived safer assets, impacting the profitability of asset-based fee revenue and transaction-based revenue, such as those from foreign exchange activities (STT). - Fluctuations in exchange rates can result in gains or losses on foreign currency positions, and failure to effectively manage or hedge these risks can negatively impact earnings and financial condition (NTRS, MET, BAC). - Companies often use risk management strategies, including hedging with derivatives like forwards, swaps, and options, to mitigate FX risk. However, these measures may not always fully offset the impact of currency movements (MET, BAC, APD, RL, PYPL). - Broader economic and geopolitical factors, such as political instability, regulatory changes, or global economic slowdowns, can exacerbate FX risk and contribute to instability in global markets (STT, BEN, CBRE, CBOE). In summary, effective FX management is essential for companies with global operations to maintain financial stability. Inadequate management of FX and PM risk can amplify the effects of global economic and market disruptions, potentially undermining economic stability on a broader scale."
c4d6b5aa,"EL, Estée Lauder's strategy focuses on premium products emphasizing innovation and sustainability, aiming to capture a broader market share in a competitive landscape with key rivals like L'Oréal and Coty.","54338,54328,54334,54330,54327,54402,54350,54512,54351,54529,54656,54403,54399,54671,54404,54341",160,"Yes, Estée Lauder's strategy centers on offering premium products with a strong emphasis on innovation and sustainability. The company leverages a well-diversified portfolio of luxury and prestige brands, focusing on product quality, high-touch consumer engagement, and personalized experiences both online and offline. Their approach integrates local relevance and inclusiveness across developed and emerging markets. Additionally, Estée Lauder invests in social impact and sustainability initiatives, targeting areas such as climate, packaging, sourcing, ingredient transparency, and diversity. This positions the company to capture a greater share of the beauty market in a highly competitive landscape, where key rivals include L'Oréal, Coty, and other major global and independent brands."
b03f109b,"Impact on profit vs. cybersecurity costs for CarMax, KMX.","88035,87954,87967,87972,88011,87984,87994,88020,87970,88021,88014,88022,87947,87993,88013,88032",261,"Based on the provided context, CarMax (KMX) has not reported any material expenses resulting from a cybersecurity breach, nor has it experienced any material cybersecurity incidents to date. The company has implemented a comprehensive cybersecurity program, including regular testing, third-party assessments, annual training for associates, and oversight by its Board’s Technology and Innovation Committee. While CarMax recognizes cybersecurity as a significant risk and invests in prevention and monitoring, there is no indication in the documents that cybersecurity costs have had a material adverse impact on its profitability. The most recent financial data shows a decrease in net earnings for fiscal year 2024 compared to 2023, but this is not attributed to cybersecurity costs. Instead, other factors such as lower net sales and operating revenues, and decreased unit sales, are cited. In summary, while CarMax invests in cybersecurity and acknowledges the associated risks, there is no evidence in the provided documents that cybersecurity costs have had a material impact on profit."
7b2afd29,Cigna's full-time US workforce impacts stability and growth.,"37254,37253,103922,37192,37222,37191,37258,37257,37256,37405,37401,37235,37252,103921,37223","310,111","Cigna's predominantly full-time U.S. workforce significantly contributes to the company's stability and growth. As of the end of 2023, approximately 93% of Cigna's 72,500 employees were based in the United States, and about 97% of all employees were full-time. This stable, full-time workforce supports productivity and engagement, which are seen as essential to advancing the company’s mission and driving business growth strategies. Cigna invests heavily in employee health, well-being, and benefits—about 18% of total payroll in 2023—which helps foster employee growth, retention, and consistent performance. The company's focus on fair, market-competitive pay, diversity, inclusion, and ongoing employee development also underpins its ability to attract and retain skilled talent, further supporting long-term stability and growth."
aa8844f2,"The impact of competitive pressure on News Corp's pricing strategy, ticker NWSA, and brand strength in consumer products.","118246,118170,118105,118233,118110,118117,118114,118239,118104,118241,118271,118451,118077,118096,118111",354,"Competitive pressure has had a significant impact on News Corp’s (NWSA) pricing strategy and brand strength in its consumer products segment. Pricing Strategy: - News Corp’s consumer products, including newspapers, magazines, and digital content, compete for subscriptions and circulation based on content quality, subscription pricing, cover price, and promotional activities (Chunks 1, 3, 9). - The shift from print to digital has increased competition due to more advertising choices and formats, leading to audience fragmentation. This has made it more difficult to target and measure the effectiveness of digital advertising, potentially impacting advertising rates and revenues (Chunks 1, 8). - In response to these pressures, News Corp has introduced new or different pricing schemes, especially on digital and mobile platforms, to attract new audiences and adapt to changing consumer behaviors (Chunk 1). - Circulation and subscription revenues are influenced by content quality, the pricing of both News Corp's and competitors’ products, and promotional activities (Chunk 8). Brand Strength: - News Corp distributes its products under globally recognized brands such as The Wall Street Journal, The Australian, The Sun, and others. The company believes that its ongoing success depends on its ability to maintain and enhance these brands (Chunk 2). - Brand credibility and reputation are seen as crucial; any incidents that erode consumer trust or create a perception of low quality or unreliability could damage brand strength (Chunk 2). - The company’s focus on quality journalism and product innovation supports its brand strength, helping it to remain a premier destination for news and information despite intense competition (Chunk 13). In summary, competitive pressure has driven News Corp to continually adapt its pricing strategies—particularly in digital offerings—and to emphasize brand quality and credibility to sustain its position and pricing power in the marketplace."
ce1bfffa,"Impact of Baxter's contractual obligations on supply chain risk & working cap, BAX.","20872,21216,21212,21214,20822,21208,21051,21218,20868,20869,20802,20803,20791,20867,21030,128834","64,385","Baxter’s contractual obligations have a significant impact on its supply chain risk and working capital management: 1. Supply Chain Risk: - Baxter sells products through contracts with customers, both within and outside the U.S., with some contracts extending over multiple years and often limiting the ability to increase prices (Chunk 11, Chunk 12). - Many customers, such as hospitals and government entities, purchase through group purchasing organizations (GPOs) and integrated delivery networks (IDNs), which negotiate pricing and consolidate purchasing power, constraining Baxter’s pricing flexibility (Chunk 11, Chunk 12). - These contractual price limitations make it challenging for Baxter to offset increased costs of raw materials or components, which is particularly risky given supply chain disruptions, sole-source suppliers, and the volatility of input costs (Chunk 9, Chunk 10, Chunk 14). - If Baxter cannot quickly secure alternative sources for key inputs, it risks supply interruptions, potential penalties for failure to supply, and an inability to meet contractual obligations, which could adversely affect its business and financial performance (Chunk 9, Chunk 10, Chunk 14). 2. Working Capital: - The inability to pass on increased input costs due to contractual price limits can compress margins and increase pressure on working capital, as Baxter may need to absorb higher inventory or material costs without commensurate increases in revenue (Chunk 10, Chunk 12). - The company often carries strategic inventory and maintains insurance to mitigate supply disruption risks, which can tie up working capital in higher inventory levels (Chunk 14). - Long payment terms with customers (typically 30-90 days) also influence working capital, as cash is tied up in receivables (Chunk 7). - Additionally, contractual commitments with suppliers and customers may require Baxter to make advance purchases or maintain certain stock levels, further impacting working capital needs. In summary, Baxter’s contractual obligations—especially those that limit pricing flexibility and require minimum purchase commitments—heighten supply chain risk and can increase working capital requirements, particularly in the face of supply disruptions or rising input costs."
2005db25,Predictability of Halliburton's (HAL) revenue from short-term contracts.,"69740,69638,69639,69644,69631,69628,66307,69691,69652,69641,69805,69630,66253,69625,18198,26417","192,56,204,79","The provided context does not specifically address the predictability of Halliburton's (HAL) revenue from short-term contracts. The available information focuses on the company's overall business, significant accounting policies, revenue trends, and workforce, but does not detail the nature or predictability of revenue derived specifically from short-term contracts. I cannot find sufficient information in the provided documents to answer this question."
bfd54af3,Scale and cash flow impact of Public Storage vs regional peers.,"124745,124599,56520,124598,124620,124596,124621,124662,124691,124663,124672,124681,124698,56521,124595","373,167","Public Storage (PSA) is the largest owner of self-storage facilities in the United States, with a physical presence in most major markets and 40 states. As of December 31, 2023, it owned and consolidated 3,044 self-storage facilities with an aggregate of 218 million net rentable square feet operating under the Public Storage® name. PSA holds approximately 9% of the self-storage square footage in the U.S., while the four largest owners collectively own about 20%, with the remaining 80% owned by regional and local operators ([Chunk 6], [Chunk 4]). The industry is highly fragmented, and many small-scale owners can operate at a basic level of profitability due to the relative simplicity of the business. However, PSA benefits from economies of scale, allowing it to operate self-storage facilities at a materially higher level of cash flow per square foot than smaller operators. Its large scale, brand awareness, and investment in technology contribute to these advantages, enabling better revenue optimization, cost efficiencies, and a stronger digital customer experience ([Chunk 2], [Chunk 4]). In summary, Public Storage’s scale gives it a significant cash flow advantage over regional peers, as it can leverage brand, technology, and operational efficiencies that smaller, fragmented operators cannot easily match."
341547a1,OTIS exec career progression may impact long-term profitability. OTIS.,"116032,115894,116040,115901,116041,115795,115796,115777,115794,115883,115997,115799,115804,115877,115936",347,"The provided context indicates that Otis Worldwide Corporation has a strong focus on leadership development and career progression for its executive officers and employees. The company offers an extensive range of training and development programs, including its flagship Employee Scholar Program, which supports colleagues in expanding their skills through degree or certification programs. Otis also emphasizes building leadership and functional capabilities to prepare leaders for current and future roles. Access to trained and capable leaders is crucial for Otis, given the technical nature of its business and the global scale of its operations. The company’s approach to executive development and talent management is likely to support long-term profitability by ensuring a pipeline of skilled leaders who can drive innovation, maintain operational excellence, and adapt to changing market conditions. Additionally, Otis monitors and reports on engagement and inclusion, and regularly surveys colleagues to address areas of concern—factors that can positively influence executive retention and effectiveness, further supporting long-term company performance. In summary, Otis’s investment in executive career progression and leadership development can have a positive impact on long-term profitability by fostering a capable, engaged, and innovative leadership team."
114821a1,Difference in comp-to-rev ratio for AJG: brokerage vs. risk mgmt.,"4817,5176,4941,4816,4801,4802,4934,5041,5053,5042,5175,4805,4938,5046",18,"For the fiscal year 2023, the compensation-to-revenue (comp-to-rev) ratio for Arthur J. Gallagher & Co. was: - Brokerage segment: 55% (total compensation expense was $4,769.1 million, representing 55% of brokerage segment revenues) - Risk management segment: 60% (total compensation expense was $776.8 million, representing 60% of risk management segment revenues) So, the compensation-to-revenue ratio is higher in the risk management segment (60%) compared to the brokerage segment (55%) by 5 percentage points."
53e8ba89,Impact on cost stability & operational risk from Hershey's intl labor negotiations; HSY.,"76995,76807,76817,76819,76897,76798,76833,76984,76786,76885,76832,76998,76803,76799,77009,76992",226,"Hershey has a significant portion of its workforce covered by collective bargaining agreements—about 31% of its employees worldwide, which totals approximately 6,295 employees as of December 31, 2023. In 2024, agreements are set to be negotiated for employees at five facilities, four of which are outside the United States, representing about 72% of all employees under collective bargaining agreements. The company expects to renegotiate these agreements on satisfactory terms when they expire and believes its workforce management has been effective, maintaining a good relationship with employees (Chunks 1, 6, 14). However, labor strikes or other labor activities are listed among the risks that could disrupt Hershey’s global manufacturing operations or supply chain, which would negatively impact operating results and cost stability. Disruptions due to labor negotiations, especially in international markets, could impair production or delivery of products, impacting operational risk and financial condition (Chunk 2). The company has strategies in place to manage such risks, including a principle-based global labor relations strategy, but acknowledges that inability to effectively manage these risks could have negative financial consequences. In summary, while Hershey manages labor negotiations proactively and has a generally strong relationship with its workforce, international labor negotiations present a potential risk to cost stability and operations, particularly if disruptions such as strikes occur or if agreements are not reached on favorable terms."
21029196,Cybersecurity impact on profitability & cash flow for ADSK.,"5217,5214,5281,5344,5273,5449,5507,5343,5338,5436,5506,5285,5505,5340,88310,75100","19,221,262","Cybersecurity incidents at Autodesk (ADSK) can negatively impact profitability and cash flow in several ways. The company acknowledges that cybersecurity incidents, especially those involving personal data or the use of AI applications, could harm its reputation and results of operations. Addressing cybersecurity risks requires significant investment in resources, including costs for risk assessments, penetration tests, employee training, and the involvement of outside consultants and advisors (Chunks 3, 9, 14). Despite these efforts, if a security breach or incident occurs, ADSK could face significant monetary damages, penalties, legal liabilities, and reputational harm, all of which would likely involve substantial defense and other costs. Such outcomes would adversely affect the company’s business, prospects, results of operations, and financial condition (Chunk 12). In summary, cybersecurity risks and incidents have the potential to increase operating expenses, cause revenue shortfalls, and result in additional costs for legal proceedings and remediation, all of which could negatively impact ADSK’s profitability and cash flow."
8800d19a,NCLH's receivables recognition impacts liquidity ratios & credit risk.,"109404,109400,109403,109335,109129,109125,109385,109387,109346,109413,109384,109128,109423,109425,109411",328,"NCLH recognizes receivables net of an allowance for credit losses ($13.2 million as of December 31, 2023). Accounts receivable, net, as of December 31, 2023, was $280.3 million, including amounts due from credit card processors and in-transit credit card receivables. Recognizing receivables net of expected credit losses provides a more conservative and accurate measure of current assets, directly impacting liquidity ratios like the current ratio by ensuring that only the amounts likely to be collected are reflected. By accounting for potential credit losses, NCLH reduces the risk of overstating its liquidity position, which in turn helps present a truer picture of the company’s ability to meet short-term obligations. This approach also mitigates credit risk by acknowledging that some receivables may not be collected, which is essential for both internal risk management and external stakeholders assessing the company's financial health."
5d8157b8,DOV 3yr EPS net earnings profitability trends.,"45773,45638,45774,45646,45879,45704,45634,45903,45710,45901,153966,45647,143693,45641,102934,45794","136,306,459,429","Over the past three years (2021–2023), Dover Corporation (DOV) has shown the following trends in net earnings and earnings per share (EPS): - Net earnings: - 2021: $1,123.8 million - 2022: $1,065.4 million - 2023: $1,056.8 million - Basic EPS: - 2021: $7.81 - 2022: $7.47 - 2023: $7.56 - Diluted EPS: - 2021: $7.74 - 2022: $7.42 - 2023: $7.52 Profitability has remained strong and relatively stable, with net earnings slightly declining each year, while both basic and diluted EPS dipped in 2022 but rebounded modestly in 2023. This reflects stable profitability with a minor downward trend in net earnings, but EPS metrics show resilience due to share count changes."
4950b3ca,"Impact of Alphabet's cybersecurity risk mgmt on investor sentiment, GOOGL.","68785,68872,68814,68838,69008,68920,68871,68869,68870,2470,77133,68789,68923,68873,2471,68822","200,10,227","Alphabet's cybersecurity risk management program includes oversight by the Audit and Compliance Committee, regular discussions of cyber risks and incidents with senior management, and a dedicated internal cybersecurity auditing team that tests controls independently. The company states that its business strategy, results of operations, and financial condition have not been materially affected by risks from cybersecurity threats, including past incidents. However, Alphabet acknowledges it cannot guarantee that future incidents will not have a material effect. For investors in GOOGL, this robust approach to cybersecurity risk management may be viewed positively, as it demonstrates proactive governance and transparency about potential risks. The absence of material impacts from cybersecurity threats to date may help support investor confidence, though the company does caution that risks remain and future incidents could have material consequences. In summary, Alphabet’s comprehensive cybersecurity risk management and its track record of no material impacts so far may contribute to positive investor sentiment toward GOOGL, but ongoing risks mean that some caution is still warranted."
4af2dd3d,"Impact on CAPEX, asset utilization, & financial perf. from changes in PCG provider of last resort.","43670,130811,130824,130825,130992,130998,43669,130970,130900,130949,130975,131387,94587,130808,130805,131379","392,129,281","Based on the provided context, the impact on PG&E Corporation's (PCG) capital expenditures (CAPEX), asset utilization, and financial performance from changes in its provider of last resort (POLR) obligations can be summarized as follows: **CAPEX:** - If more customers leave PG&E for other energy providers (such as Community Choice Aggregators or Direct Access providers), PG&E could experience reduced demand for its services (Chunk 11). This could lead to a lower need for capital investments in infrastructure, potentially reducing CAPEX over time (Chunk 11). - However, as the provider of last resort, PG&E remains responsible for supplying electricity to customers who return or are left without service from their chosen provider (Chunk 9). This ongoing obligation may require PG&E to maintain sufficient infrastructure capacity, which could sustain or even increase certain CAPEX needs despite declining customer numbers. **Asset Utilization:** - Reduced customer base or usage due to migration to other providers or distributed generation could lead to underutilization of PG&E’s existing assets (Chunk 11). If the assets are not used at full capacity, the cost per unit of energy delivered could rise, reducing overall asset efficiency. - However, the POLR role means PG&E must keep assets ready for potential returning customers, which could prevent asset retirements and maintain higher levels of unused capacity. **Financial Performance:** - Loss of customers or lower usage spreads fixed costs over fewer units, increasing rates for remaining customers, which in turn could drive more departures and further reduce revenue (Chunk 11). - The CPUC may respond to rising rates by limiting allowed revenues or spreading cost recovery over longer periods, impacting PG&E’s earnings, cash flow, and ability to recover investments (Chunk 11). - If regulatory recovery is insufficient or customer departures are not offset by regulatory cost allocations, PG&E’s revenue and net income could decline, negatively affecting financial performance (Chunks 10, 11). In summary, changes that reduce PG&E’s provider of last resort obligations could eventually lower CAPEX and asset utilization but would likely have negative impacts on financial performance due to reduced revenue and potential regulatory adjustments. If PG&E retains the POLR role, it may need to maintain higher CAPEX and asset bases, but with the risk of declining asset utilization and ongoing financial pressures from customer migration and regulatory constraints."
bd9a5806,$1B liquidity utilization at Cboe Global Markets.,"30707,30520,30757,30507,30754,30521,30784,30490,30500,30492,30839,30875,30783,30522,30491,30874",93,"Cboe Clear Europe, a subsidiary of Cboe Global Markets, has access to a €1.25 billion (approximately $1.36 billion) committed syndicated multicurrency revolving and swingline credit facility. This facility is available to be drawn by Cboe Clear Europe to finance unsettled amounts in connection with the settlement of securities transactions or to meet other liquidity needs in its clearing operations. The facility is secured by cash, eligible bonds, and eligible equity assets deposited by Cboe Clear Europe. While this provides significant liquidity resources (over $1 billion), there is no assurance that it will be sufficient to meet all obligations or entirely mitigate liquidity risk in every scenario. The facility is primarily used to ensure timely settlement and manage intraday and overnight liquidity requirements for clearing operations."
b3db370b,"The impact of exec diversity on profitability & cash flow is highlighted when analyzing the mosaic board, specifically for the ticker involved.","109742,109747,109763,75792,109865,109861,104980,109550,109862,49684,86791,117006,109552,109624,27666,88311,104665","257,351,262,329,146,84,312,313,223","I cannot find sufficient information in the provided documents to answer this question. The documents contain details about Mosaic’s (MOS) diversity and inclusion initiatives, board governance, financial performance, and cash flow, but do not specifically analyze or quantify the impact of executive diversity on profitability and cash flow for Mosaic."
b2c9909f,"KR 2023 operating CF adjustments driven by depn, impairments & non-cash items vs prior periods.","18509,87425,148714,36494,89855,148679,87426,89759,89895,89798,41295,47660,47659,89846,51909","121,259,266,108,140,152,57,444","In 2023, KR’s (Kroger) operating cash flow adjustments were primarily driven by net earnings including noncontrolling interests, adjusted for non-cash items such as depreciation and asset impairments. Depreciation is explicitly mentioned as a non-cash expense that decreases earnings without affecting operating cash flow. Asset impairments totaled $69 million in 2023, similar to $68 million in 2022, and are recorded as non-cash OG&A expenses. Compared to prior periods, the change in operating assets and liabilities (which includes working capital) was more favorable in 2023 ($808 million) versus a significant use of cash in 2022 ($(3.2) billion), largely due to improved inventory management and more favorable accounts payable timing. Overall, the combination of net earnings adjusted for non-cash items like depreciation and impairments, along with improved working capital management, resulted in higher operating cash flow in 2023 compared to 2022. References: - Depreciation and impairments are non-cash items adjusting net earnings for operating cash flow. - Asset impairments were similar in 2023 and 2022. - Working capital changes were significantly more favorable in 2023."
7978c6df,2023 rev comp reconciliation for NDAQ.,"112280,112204,112205,112188,112281,112203,112189,112331,112200,112279,112179,112009,112012,112199",335,"For Nasdaq, Inc. (NDAQ) in 2023, the reconciliation of revenues less transaction-based expenses (often referred to as ""rev comp"" or ""revenue composition"") is as follows: - Total revenues: $6,064 million - Less: Transaction-based expenses - Transaction rebates: $(1,838) million - Brokerage, clearance, and exchange fees: $(331) million This results in: - Revenues less transaction-based expenses: $3,895 million This figure represents Nasdaq's revenue after deducting direct transaction-related costs, providing a clearer view of the company's core revenue performance for 2023."
f6124aa3,3Y trend analysis of cash flow adjustments for Gartner (IT) shows significant fluctuations.,"82475,82521,19508,82418,78571,82419,82365,108305,82350,69310,79252,82352,82425,60268,82351,47957","324,232,202,234,141,177,244,60","A 3-year trend analysis of cash flow adjustments for Gartner (IT) reveals several significant fluctuations between 2021 and 2023: - **Depreciation and Amortization:** This expense decreased from $212.4 million in 2021 to $191.9 million in 2022 and remained stable at $191.1 million in 2023. - **Stock-based Compensation Expense:** Increased from $98.6 million in 2021 to $90.6 million in 2022, and further rose to $129.8 million in 2023. - **Deferred Taxes:** The adjustments were negative each year, but fluctuated: $(41.6) million in 2021, $(30.7) million in 2022, and a much higher $(64.2) million in 2023. - **Gain from Sale of Divested Operation:** There was no gain in 2021 and 2022, but in 2023, Gartner recorded a gain of $(135.4) million from the sale of a non-core business (TalentNeuron). - **Loss on Impairment of Lease Related Assets:** This was $49.5 million in 2021, increased to $54.0 million in 2022, then dropped to $20.4 million in 2023. - **Reduction in Carrying Amount of Operating Lease Right-of-Use Assets:** Remained relatively stable across the three years: $75.1 million (2021), $70.1 million (2022), and $70.2 million (2023). - **Gain on De-designated Swaps:** Fluctuated significantly: $(20.2) million in 2021, $(52.3) million in 2022, and $(3.9) million in 2023. - **Deferred Revenues:** The adjustment was $324.1 million in 2021, increased to $297.1 million in 2022, and then decreased to $169.9 million in 2023. - **Accounts Payable and Accrued Liabilities:** Showed high volatility: $121.2 million in 2021, $(101.9) million in 2022, and $(28.5) million in 2023. - **Fees Receivable, Net:** Also showed large swings: $(145.3) million in 2021, $(240.7) million in 2022, and $(24.7) million in 2023. Overall, these adjustments reflect significant year-to-year changes, particularly related to non-recurring items such as the gain from a divestiture in 2023 and variations in deferred taxes, impairments, and working capital accounts. These fluctuations impact the reconciliation from net income to net cash provided by operating activities, resulting in notable differences in cash flow from operations over the period."
3521fdb1,Flexibility in AMZN's repurchase program.,"37408,59703,86223,116169,15061,13291,27025,105574,53338,32371,86570,15060,149397,32275,105069,36900","256,99,40,109,175,47,111,82,156,313,315,348,446,255",I cannot find sufficient information in the provided documents to answer this question.
b5930e1d,GNRC Qtr repurchase breakdown: overall activity vs publicly announced for ticker.,"69929,69950,70049,70050,69993,70048,69861,128622,72816,68231,10857,10969,45058,73025,70273","384,34,133,198,205,206,214","For Generac Holdings Inc. (ticker: GNRC), the stock repurchase activity for the quarter ended December 31, 2023, is as follows: - October 1-31, 2023: 1,261 shares purchased at an average price of $101.89 per share. None of these were purchased as part of publicly announced plans or programs. - November 1-30, 2023: 780,232 shares purchased at an average price of $109.96 per share, of which 779,895 shares were purchased as part of publicly announced plans or programs. - December 1-31, 2023: 536,368 shares purchased at an average price of $123.31 per share, of which 533,000 shares were purchased as part of publicly announced plans or programs. Total for the quarter: 1,317,861 shares purchased at an average price of $115.39 per share, with 1,312,895 shares purchased as part of publicly announced repurchase programs. The small difference between the total shares purchased and those under publicly announced programs is mainly due to shares withheld upon the vesting of restricted stock awards to pay related withholding taxes on behalf of the recipients."
cabc684e,"For PEAK, the contingent rental rev rec process involves analyzing lease contracts to ensure compliance.","16630,49029,16640,28346,16639,151806,61060,49401,16634,61057,169109,162090,151809,151795,113380","484,454,144,145,497,179,51,339,86",I cannot find sufficient information in the provided documents to answer this question.
c88933f5,Impact of Honeywell's (HON) cybersecurity investments on ops disruptions & profit sustainability.,"73112,73117,73100,73110,73167,73211,73109,73169,73166,73316,73107,73073,73165,73168,73300",215,"Honeywell has implemented a comprehensive cybersecurity and information security risk management program designed to assess, identify, manage, and govern material risks from cybersecurity threats. This program leverages industry standards such as ISO 22301 and the NIST Cyber Security Framework (NIST 800-171) to ensure business continuity and readiness to respond to cyber threats. Honeywell's governance structure includes oversight by the Board and Audit Committee, with regular updates from senior security leadership and a dedicated information security team of over 300 members. The company also conducts mandatory cybersecurity training for employees, has business continuity and disaster recovery plans, and periodically engages third parties to assess its cybersecurity program. These measures are intended to mitigate the risk of operational disruptions due to cyber incidents. To date, Honeywell reports that no risks from cybersecurity threats, including previous incidents, have materially affected its business, strategy, operations, or financial condition. By proactively addressing cybersecurity risks, Honeywell aims to minimize operational disruptions and support the sustainability of its profitability. However, the company acknowledges that the evolving nature of cyber threats, especially with the advancement of artificial intelligence, continues to pose potential risks, and ongoing vigilance is required to maintain operational and financial stability."
fb22694a,Impact on profitability & valuation due to Ameren's contractual obligations risk.,"5868,5922,6120,5765,5680,6119,5754,5766,5790,5763,5916,5660,5769,5683,5727,5810",20,"Ameren faces risks related to its contractual obligations, particularly those that require posting collateral or other assurances. If Ameren, Ameren Missouri, or Ameren Illinois were to be downgraded to a sub-investment-grade credit rating (below “Baa3” from Moody’s or below “BBB-” from S&P), they could be required to post significant additional collateral for certain trade and contractual obligations—amounting to $685 million, $604 million, and $81 million, respectively, as of December 31, 2023. Such requirements could increase the cost of borrowing and have an adverse effect on earnings. Changes in commodity prices can also trigger additional collateral postings and prepayments, although current risk management strategies and cost recovery mechanisms largely mitigate this exposure. If market prices were to fluctuate by 15%-20%, Ameren and its subsidiaries could be required to post only an immaterial amount of collateral relative to their liquidity. Overall, these risks can adversely affect Ameren’s profitability by increasing costs and potentially impacting earnings if significant collateral or assurances are required. Additionally, increased collateral requirements or credit downgrades could affect Ameren’s valuation by raising concerns about liquidity, access to capital, and financial flexibility. These issues, combined with broader market and regulatory risks, could negatively influence investor perception and valuation of the company."
f71beea9,Capital allocation & financial health: rising retained earnings vs MCK stockholders' deficit.,"99919,99918,99950,99993,99855,99917,99898,99846,99992,99833,126143,100100,100041,99834,99900","376,298","McKesson’s financial statements show that its retained earnings have been rising, increasing from $12,295 million at March 31, 2023, to $14,978 million at March 31, 2024. This growth reflects consistent profitability, as net income attributable to McKesson Corporation was $3.0 billion in fiscal 2024 and $3.6 billion in fiscal 2023. However, despite this increase in retained earnings, McKesson reports a stockholders' deficit. As of March 31, 2024, the total McKesson Corporation stockholders’ deficit was $(1,971) million (compared to $(1,857) million in 2023). This deficit is primarily driven by the large negative balance in treasury stock (the cost of repurchased shares), which was $(24,119) million at the end of fiscal 2024, up from $(20,997) million the previous year. The company’s substantial share repurchase activity, which reduces equity through treasury stock accounting, outweighs the positive impact of rising retained earnings. In summary: McKesson’s rising retained earnings indicate strong and improving profitability, but aggressive share repurchases have resulted in a stockholders’ deficit. This reflects a capital allocation strategy focused on returning value to shareholders through buybacks, even as earnings grow. The deficit is not necessarily a sign of poor financial health, as the company remains profitable and generates strong cash flows, but it is an accounting result of the chosen capital allocation approach."
70d73918,"Trends in net earnings for Lennar from 2021 to 2023 & margin outlook, LEN.","90482,90483,90557,90634,90502,90369,90476,90612,90678,90365,90563,90407,90375,90518",268,"From 2021 to 2023, Lennar's net earnings have shown the following trend: - In 2022, net earnings attributable to Lennar were $4.6 billion. - In 2023, net earnings attributable to Lennar were $3.9 billion. This indicates a decrease in net earnings from 2022 to 2023. Regarding margins, gross margins on home sales were: - 23.3% in the year ended November 30, 2023. - 22.3% in the year ended November 30, 2024 (for outlook/comparison). Looking ahead, Lennar anticipates gross margins of 19% to 19.25% in the first quarter of fiscal 2025, reflecting a continued downward trend in margins. In summary: Net earnings decreased from 2022 to 2023, and gross margins are expected to continue to decline into 2025."
137d7560,AMP: potential financial risk from stricter enviro regs.,"15019,15020,15148,14999,14963,15035,15016,15029,129164,15040,4111,15042,15028,15041,129165","387,15,47","AMP faces potential financial risks from stricter environmental regulations in several ways. Increased or changing environmental regulations could lead to higher compliance costs, operational restrictions, and increased complexity in managing their business across various jurisdictions. This includes potential costs associated with adhering to new or evolving climate change regulations, ESG (Environmental, Social, and Governance) requirements, and responsible investing initiatives. Stricter regulations may also result in increased expenses for insurance companies (such as costs related to consumer-focused regulatory changes), additional reporting and compliance obligations, and possible restrictions on business operations or products. These regulatory changes could reduce revenues and/or earnings, increase the cost of doing business, and affect the company's ability to offer cost-effective and innovative products. Furthermore, inconsistent or conflicting regulations across regions may further increase complexity and operational risk for AMP. The company notes that the long-term financial impacts of climate change regulation are difficult to predict, but they could be material (Chunks 1, 5, 10, 12, 14)."
6a870590,"Rev drivers for GE HealthCare include Imaging & US pricing, new products, supply chain, and FX.","71035,71015,71022,71034,71014,70834,70840,70835,70846,71029,71126,70836,45726,71125,70839,70841","208,136","The revenue drivers for GE HealthCare include pricing in both the Imaging and Ultrasound segments, the launch of new products, supply chain factors, and foreign exchange (FX) impacts. Specifically: - Pricing: Increases in pricing contributed positively to revenue growth, particularly in the Imaging and Ultrasound segments. For example, Imaging Segment EBIT increased partly due to higher prices, and in Ultrasound, price increases helped offset cost inflation. - New Products: The company’s ongoing innovation and introduction of new products across Imaging and Ultrasound support revenue growth by meeting evolving customer needs and expanding the addressable market. - Supply Chain: Trends in the supply chain, such as easing of inflationary pressures and improved availability of materials and labor, have influenced performance. However, ongoing or renewed challenges in supply chain costs or material scarcity could impact future results. - Foreign Exchange (FX): Foreign currency exchange rates affected reported revenues. For example, organic revenue growth is calculated by adjusting for FX impacts, and the company provides both reported and organic (FX-adjusted) revenue figures. Overall, these factors collectively drive the company’s revenue performance."
08d4d817,Uncertain liability impact on risk profile and cash flow for Cisco Systems (CSCO).,"39642,39599,39570,39509,39730,39554,39510,39487,39625,39469,39643,39677,39678,39775,39690",117,"Cisco Systems faces uncertain liability impacts that can affect both its risk profile and cash flow. The company is subject to various potential losses arising in the ordinary course of business, including loss contingencies such as litigation, claims by third parties, and other obligations. An estimated loss contingency is accrued when it is probable that a liability has been incurred and the amount of loss can be reasonably estimated. Cisco regularly evaluates whether such accruals should be made or adjusted, which helps manage its risk profile (Chunk 2). Uncertain liabilities also include noncurrent income taxes payable (including uncertain tax positions) and deferred tax liabilities, which together totaled approximately $1.7 billion and $76 million, respectively, as of July 27, 2024. Due to uncertainty in the timing of future payments, these amounts are presented as aggregated liabilities (Chunk 1, Chunk 11). Regarding cash flow, Cisco believes that its cash and cash equivalents, investments, cash generated from operations, and access to capital markets will be sufficient to satisfy its liquidity requirements—including liabilities and commitments—through at least the next 12 months (Chunk 11). In summary, while uncertain liabilities can potentially impact Cisco’s risk profile and cash flows, the company actively monitors and manages these exposures, and currently expects to meet its liquidity needs despite these uncertainties."
e5bd2fe1,Trends in goodwill & intangibles for General Mills reflect an acquisition strategy; GIS.,"71864,121185,25754,66012,65976,66114,165845,66016,66018,66080,6766,65942,72798,66017,20740","364,493,76,210,22,214,63,191","General Mills (GIS) shows significant levels of goodwill and intangible assets, with $14,750.7 million in goodwill and $6,979.9 million in other intangible assets as of May 26, 2024 (compared to $14,511.2 million and $6,967.6 million, respectively, in 2023). The consistently high values and modest annual increases suggest that GIS has maintained an active acquisition strategy over time, accumulating goodwill and intangible assets from acquired businesses. The company’s financial statements and notes also emphasize the importance of impairment testing and valuation assumptions for goodwill and intangibles, which is typical for companies that have grown through acquisitions. There is no evidence of major impairment charges or reductions, indicating that General Mills continues to retain and value these acquired assets as part of its ongoing business strategy. In summary, the trends in General Mills’ financials—sustained high balances and periodic increases in goodwill and intangible assets—reflect an acquisition-driven growth strategy."
35c95b84,"FedEx's board balances risk mgmt & growth, FDX.","65091,65140,65095,65057,65026,65058,65059,65092,65098,65006,64944,64971,65197,65114,65174",189,"FedEx’s Board of Directors balances risk management and growth through several key mechanisms: 1. **Risk Oversight Committees:** The Board has established specialized committees such as the Cyber and Technology Oversight Committee (CyTOC), which oversees cyber and technology-related risks, including network security, information security, and emerging technologies. The Board also has a Governance, Safety, and Public Policy Committee that oversees safety strategies and related policies (Chunks 3, 10). 2. **Enterprise Risk Management:** FedEx maintains an information technology (IT) risk management process and an Enterprise Risk Management (ERM) framework to identify, measure, and monitor various risks, including cybersecurity, operational, and compliance risks. These processes are regularly evaluated and supplemented with internal audits and collaboration among IT, ERM, and compliance teams (Chunks 1, 8). 3. **Strategic Investments and Transformation:** The Board periodically reviews business strategies and oversees major initiatives such as the DRIVE transformation and business optimization plans, which are aimed at growth and operational efficiency. These include investments in technology, workforce optimization, and ongoing assessments of business segments like FedEx Freight to ensure alignment with long-term growth objectives (Chunks 2, 4, 6). 4. **Brand and Reputation Management:** The Board recognizes the importance of maintaining FedEx’s strong brand and reputation, which are viewed as critical assets for growth. Adverse events or uncertainties are managed proactively to protect the company’s image and long-term value (Chunk 7, 12). 5. **Corporate Governance:** The Board is comprised mostly of independent directors, regularly reviews governance policies, and ensures accountability to shareholders. They oversee key areas like corporate culture, diversity, equity, inclusion, and executive compensation—all contributing to a balanced approach to risk and growth (Chunks 5, 10). 6. **Regular Reporting and Review:** The Board and its committees receive regular updates from management and key officers (e.g., CISO, Chief Digital and Information Officer) on risk management, technology, and business strategy progress, allowing them to make informed decisions that balance risk with opportunities for growth (Chunks 3, 9). Overall, FedEx’s Board integrates structured risk management with strategic planning and investment, ensuring that risks are mitigated while pursuing sustainable growth and innovation."
2dbc58c1,FAS's inventory tech impact on cust retention & recurring rev.,"41276,58210,71782,58212,19492,58209,58208,60249,58213,19502,5247,58214,58211,147646,71535,41274","171,177,210,19,121,443,60","Fastenal’s (FAST) inventory technology, including programs like FASTVend, FASTStock, and FASTBin, is designed to move product closer to the point of use at customer facilities and provide automated, real-time inventory monitoring and replenishment. These technologies—utilizing scales, infrared sensors, and RFID—allow for continuous inventory visibility, immediate response to consumption changes, and more efficient supply chain management. This reduces the risk of stock-outs and improves labor efficiency for both Fastenal and its customers (Chunks 2, 6, 7). The impact of these technologies on customer retention and recurring revenue is significant. By strengthening customer relationships through superior service, reducing product outages, and streamlining restock processes, Fastenal’s inventory technology fosters long-term, high-frequency business transactions (Chunks 6, 7). The effectiveness of industrial vending and managed inventory solutions has helped Fastenal deepen its relationship with customers and supports recurring revenue streams, as evidenced by the continued growth in installed devices and rising sales attributed to these programs (Chunk 2). In summary, Fastenal’s inventory technology enhances customer retention by providing operational efficiencies, reducing stock-outs, and adding strategic value, which in turn drives growth in recurring revenue through stronger, ongoing customer relationships and increased usage of Fastenal’s supply solutions."
19a1d7bc,Competitive dynamics of Broadridge impact on cap allocation & valuation.,"19531,19397,19534,19467,19535,19385,19620,19619,19396,19536,19621,19532,19533,19390,19395",60,"Broadridge operates in a highly competitive industry, facing competition in both its Investor Communication Solutions (ICS) and Global Technology and Operations (GTO) segments. Its ICS business competes with independent proxy distribution service providers, transfer agents, proxy advisory and solicitation firms, financial printers, and clients’ own in-house operations. In the GTO business, Broadridge competes with other vendors and in-house systems in trade processing, record keeping, order and execution management, wealth management technology, and investment management support solutions (Chunks 2, 9). Despite this competition, Broadridge maintains strong positions due to its scale, deep domain expertise, and comprehensive, integrated solutions that power critical financial infrastructure for a large and diverse client base—including most major U.S. wealth providers and primary dealers (Chunks 2, 9, 14). Trends in the financial services industry show increasing technology budgets, with a growing share allocated to third-party providers like Broadridge, which benefits from clients' focus on efficiency and cost mutualization (Chunk 14). The competitive dynamics push Broadridge to continually invest in technology, innovation, and talent to maintain its advantages. The company’s strategy centers on core pillars such as architecture, data, cyber and data security, and AI (Chunk 2). This ongoing investment is essential for meeting evolving client needs and regulatory requirements, and for fending off both traditional and emerging competitors. As a result, the competitive environment influences Broadridge’s capital allocation by compelling the company to prioritize investments in technology, innovation, and client solutions to maintain and grow its market position (Chunks 2, 15). The need to stay ahead of competitors and to support client digital transformation justifies significant ongoing capital expenditures. From a valuation perspective, Broadridge’s strong competitive position, high client retention, and the industry trend towards outsourcing core technology functions to trusted providers support its valuation. The company’s ability to mutualize costs and deliver operational efficiencies for clients is a key differentiator, enhancing its perceived value and stability in the eyes of investors (Chunk 14). However, the highly competitive landscape also means Broadridge must demonstrate continued innovation and client satisfaction to sustain this value over time."
25854989,"Chipotle's plans for capex increase, $CMG, provide insights into its growth strategy and tech innovation.","27973,27887,27974,27822,27832,27868,27820,27885,27826,27833,43670,27884,27834,27976,27954,27821","129,85","Chipotle is planning to significantly increase its capital expenditures (capex) as part of its ongoing growth strategy and focus on technological innovation. In 2023, Chipotle opened 271 new restaurants, including 238 with a Chipotlane (drive-thru for digital orders), and expects to open approximately 285-315 new restaurants in 2024, with at least 80% including a Chipotlane. This expansion assumes no major delays in development, permitting, inspection, or utilities. A key driver of Chipotle's growth strategy is the expansion of its digital business. Digital sales accounted for 37.4% of total food and beverage revenue in 2023. The company has invested in upgrading digital capabilities by digitizing restaurant kitchens, enhancing the Chipotle app and website (adding features like order readiness messaging, group ordering, and reminders to scan for rewards points), and increasing partnerships with third-party delivery services. Chipotle is also amplifying technology and innovation not only in its restaurants but across support centers and the supply chain to drive productivity and growth. The company’s five key strategic pillars include expanding access and convenience (accelerating new restaurant openings, especially with Chipotlanes), amplifying technology, and sustaining people leadership. Additionally, Chipotle has created the Cultivate Next Fund, a $50 million venture (with an additional $50 million commitment approved in late 2023) to invest in early-stage companies aligned with its mission and to support innovation. Overall, the planned capex increase supports rapid restaurant expansion (including international growth), the roll-out of more Chipotlanes, further digitalization, and investments in technology and innovation to maintain competitive advantage and drive long-term growth."
346bc05b,Capital allocation for ITW share repurchase is crucial.,"82636,82692,82776,82615,82614,82775,82719,82637,82799,82643,82590,82780,82797,82639,82591",245,"Share repurchases are a significant component of ITW's capital allocation strategy. The company has historically funded its share repurchases with free cash flow and short-term borrowings. The timing and amount of share repurchases depend on various factors, including market conditions, the price of ITW's common stock, other investment opportunities, regulatory developments, the ability to obtain financing at attractive rates, and the availability of U.S. cash. This approach reflects ITW's commitment to returning value to shareholders while maintaining flexibility to adjust repurchase activity based on prevailing business and financial conditions."
aea9d9e5,"Marriott's sustainability & emissions targets, with the ticker in the mix, could significantly impact growth.","95715,95893,95892,95716,95810,95891,95894,95694,95850,95741,95690,95710,95705,95709,95740,98112","292,286","Marriott International (ticker: MAR) has set ambitious sustainability and emissions targets that could significantly impact its growth. The company’s sustainability strategy includes designing resource-efficient hotels, reducing energy and water consumption, minimizing waste (including food waste), increasing the use of renewable energy, managing water risks, and supporting ecosystem restoration. Marriott is also focused on responsible sourcing and driving climate action. Specifically, Marriott has committed to setting a near-term science-based emissions reduction target and a long-term goal to achieve net-zero value chain greenhouse gas emissions by no later than 2050. In September 2023, Marriott submitted its emissions reduction targets to the Science Based Targets initiative and is awaiting validation, which is expected later in 2024. These efforts are part of Marriott’s broader goals to support the resiliency and sustainable development of the communities and environments where it operates, reduce its environmental impacts, and mitigate climate-related risks. Meeting these targets may require significant investment and innovation but could also enhance Marriott’s reputation, attract environmentally conscious customers and investors, and support long-term growth. Conversely, failure to achieve these targets could pose risks to Marriott’s competitiveness and growth prospects."
ea098924,Humana; analyze premium rev. rec. contract types & their impact on stability.,"81883,81890,81887,81688,81977,81849,81976,81979,53475,81884,81850,91427,81875,102516,82001","305,242,156,271","Humana’s premium revenue recognition and contract types are structured to provide a significant degree of revenue stability, primarily due to the nature and renewal cycles of its contracts, as well as regulatory requirements and risk adjustment mechanisms. Contract Types: - Government Contracts: Approximately 83-84% of Humana’s total premiums and services revenue comes from contracts with the federal government, primarily through Medicare Advantage and Medicare Part D Prescription Drug Plan contracts with the Centers for Medicare & Medicaid Services (CMS). These contracts are generally renewed annually unless explicitly terminated by either party within specified notification periods. Military services contracts and some Medicaid contracts are typically multi-year but also have annual renewal provisions. - Commercial Contracts: These are generally one-year contracts with employer groups, subject to cancellation by the employer on 30 days’ written notice. - Value-Based Arrangements: For primary care and certain other health services, Humana enters into value-based contracts where payment is typically on a per-member per-month basis, and revenue is recognized as services are provided. - Administrative Services Only (ASO): Humana also provides administrative services for self-funded employer groups, recognizing revenues as services are performed, based on contractual rates and covered membership. Many ASO customers purchase stop-loss insurance, generating additional premiums revenue for Humana. Premium Revenue Recognition: - Premium revenue is recognized as income in the period members are entitled to receive services. It is estimated by multiplying the membership under each contract by the contractual rate. - For Medicare and other individual products, premiums are billed and collected monthly. Revenue is recognized net of estimated uncollectible amounts, retroactive membership adjustments, and rebates required by minimum benefit ratio regulations. - Changes in premium revenue due to risk adjustment (e.g., members’ health status) are estimated and recognized ratably during the year, with periodic adjustments to reflect current estimates. - Premiums received before the service period are recorded as unearned revenue. Stability Impact: - High Proportion of Government Revenue: The dominance of government contracts (Medicare Advantage and Part D) provides a predictable and stable revenue base due to their size, regulatory oversight, and annual renewal structures. - Risk Adjustment and Rebates: The use of CMS’s risk-adjustment models means that premiums are aligned with the expected healthcare costs of enrolled members, reducing exposure to adverse selection and providing a more stable revenue stream. - Minimum Benefit Ratio Requirements: These regulations require a certain percentage of premiums to be spent on medical care, which can result in rebates but also ensures that premium revenue is closely tied to actual healthcare costs, helping to manage profitability and reduce volatility. - Contract Renewal Provisions: The annual (or longer-term with annual renewal) structure for both government and commercial contracts allows for regular reassessment of rates and terms, enabling Humana to adjust to changes in costs or market conditions relatively quickly. In summary, Humana’s premium revenue recognition policies, combined with its contract structures—especially the high proportion of annually renewable government contracts and the use of risk-adjusted payment models—contribute to stable and predictable revenue streams, mitigating risks from enrollment fluctuations, adverse selection, and regulatory changes."
83ab8f2b,2023 NP margin vs 2022/21 for ticker.,"28617,90768,146996,105112,27666,65995,30722,68658,41555,3017,169168,40870,48390,112702,30727","313,199,12,269,142,497,337,84,87,120,441,122,93,191","Based on the provided context, here are the net profit (NP) margins for 2023, 2022, and 2021 for the available tickers: - FTNT (Fortinet, Inc.): - 2023: 22% - 2022: 19% - 2021: 18% - LOW (Lowe's Companies, Inc.): - 2023: 8.95% - 2022: 6.63% - 2021: 8.77% - DAY (ticker not specified in the chunk, but likely Alteryx, Inc.): - 2023: 3.6% (as reported net profit margin) - Prior years not specified in the provided context. - CBOE (Cboe Global Markets, Inc.): - 2023: Net income margin can be calculated as $761.4M net income / $3,773.5M total revenues ≈ 20.2% - 2022: $235.0M net income / $3,958.5M total revenues ≈ 5.9% - 2021: Not provided in the context. For other tickers mentioned, such as CL, TT, MSCI, CHD, GIS, SO, CTLT, DFS, and NUE, the net profit margin for 2023 versus 2022/2021 is not directly provided in the context above. If you need data for a specific ticker not listed here, please specify, and I will check the context again."
08d88344,"Historically, inputs for variable consideration in EW rev rec include data relevant to ticker performance.","56372,56255,56260,158492,83942,74520,56374,30912,162434,165904,80357,28168,30911,64039,164307,25946","484,249,166,489,493,237,77,86,473,186,219,93",I cannot find sufficient information in the provided documents to answer this question.
1b3bafbd,PSEG's cybersecurity capex impacts long-term growth & investor sentiment.,"123449,123513,123598,123584,123514,123585,114801,123569,123555,123517,114800,95369,123535,32504,123797,91070","100,270,371,343,284","Based on the provided context, PSEG (Public Service Enterprise Group) recognizes the increasing sophistication, frequency, and magnitude of cybersecurity threats, which require ongoing investments in cybersecurity measures. While the documents do not specify a separate line item for ""cybersecurity capex,"" it is clear that PSEG invests in cybersecurity as part of its broader capital and operational expenditures to protect its infrastructure, data, and business operations (Chunks 1, 2, 5, 9). These investments in cybersecurity are integral to risk management and operational reliability. They help prevent disruptions, theft of sensitive data, and potential financial losses due to cyberattacks, all of which could negatively impact long-term growth if not properly managed. Effective cybersecurity measures also support investor confidence by reducing the risk of material adverse events that could affect financial results or reputation (Chunks 2, 4, 5, 9, 10). In summary, while the specific impact of cybersecurity capex on long-term growth and investor sentiment is not quantified, it is clear that ongoing investment in cybersecurity is seen as essential for protecting PSEG’s operational integrity and supporting sustained growth, which in turn positively influences investor sentiment by demonstrating proactive risk management."
959808fd,"AMGN, PCSK9 litigation's impact on finls.","8870,8871,8875,130260,8872,8874,130257,8617,8879,8884,130258,130259,8618,8878,8883","28,389","Amgen’s PCSK9 litigation, particularly related to its product Repatha, involves complex and ongoing legal proceedings in multiple jurisdictions, including the United States, Germany, and Japan. These legal matters are still in early stages or ongoing, with outcomes that are difficult to predict. Amgen states that none of the pending matters have progressed sufficiently to allow for an estimate of possible losses, or that any such amounts are not currently material. However, Amgen acknowledges that an adverse determination in one or more of these cases could have a material adverse effect on its consolidated results of operations, financial position, or cash flows. Specifically, in Germany and Japan, Amgen is both defending and asserting patents related to PCSK9, with recent court decisions both upholding and invalidating certain patent claims. There are also ongoing damages proceedings and appeals. In the United States, litigation has resulted in some of Amgen’s asserted patent claims being found invalid, which could affect its competitive position. In summary, while the litigation could potentially have a significant negative financial impact if outcomes are unfavorable, as of the latest filings, Amgen has not recorded any material accruals related to these cases, and the ultimate impact on financials remains uncertain."
f8a1916a,"Broadcom Inc., effective int. rate comp. on senior notes vs. term loans, period cost of debt analysis.","11910,71871,57265,53197,3060,133780,54596,147797,44694,27084,50799,106153,74222,133799,74220","160,132,37,168,12,398,210,82,148,443,218,155,317","For Broadcom Inc. (AVGO) in fiscal year 2023: - **Senior Notes**: The company has outstanding fixed-rate senior notes with principal amounts of $56.3 billion (as of Nov 3, 2024) and $40.8 billion (as of Oct 29, 2023). The interest expense on these fixed-rate notes is unaffected by changes in market interest rates. The specific effective interest rate on these notes is not disclosed in the provided context, only that they are fixed-rate instruments. - **Term Loans**: As of November 3, 2024, Broadcom had $13.6 billion in 2023 Term Loans, which bear floating interest rates tied to the Secured Overnight Financing Rate (SOFR). A hypothetical 100 basis point change in the interest rate would increase or decrease annual interest expense on the term loans by approximately $137 million. The carrying value approximates fair value due to the floating nature of the rates. - **Period Cost of Debt**: The cost of debt for the fixed-rate senior notes is stable and does not vary with market rates, while the cost for the term loans is variable and sensitive to SOFR movements. No explicit effective interest rates or total interest expense amounts for senior notes or term loans are provided in the retrieved context. **Summary**: - The effective interest rate on Broadcom's senior notes is fixed (rate not specified), resulting in stable interest expense. - The term loans are floating rate (SOFR-based), with interest expense sensitive to rate changes (e.g., a 100 bps change = $137 million annual change). - The cost of debt for fixed-rate notes is predictable; for term loans, it is variable and market-dependent. There is insufficient data in the provided context for a detailed numerical comparison of effective interest rates or a complete period cost of debt analysis."
27c8f9ef,"Competitiveness, rev, & profitability analysis for Cardinal Health.","23872,23988,23976,24026,23894,24043,24065,23857,24018,23926,23875,23873,24006,24154,23887",72,"Cardinal Health is a global healthcare services and products company with a focus on providing pharmaceuticals and medical products, as well as supply chain solutions for a broad range of healthcare providers. Competitiveness: Cardinal Health maintains its competitiveness through a large-scale distribution network, customized solutions, and strong relationships with hospitals, pharmacies, and other healthcare providers. The company’s Pharmaceutical and Specialty Solutions segment distributes branded, generic, and specialty pharmaceuticals, while also offering value-added services such as inventory management, data reporting, and pharmacy management. The Global Medical Products and Distribution (GMPD) segment manufactures and distributes Cardinal Health brand and national brand products across several regions. Cardinal Health's ability to connect various stakeholders in the healthcare supply chain and adapt its organizational structure (recently realigned in 2024) helps it stay competitive. Revenue: Cardinal Health reported strong revenue growth over the past three fiscal years: - Fiscal 2024: $226.8 billion (up 11% from 2023) - Fiscal 2023: $205.0 billion (up 13% from 2022) - Fiscal 2022: $181.3 billion The majority of revenue comes from the Pharmaceutical and Specialty Solutions segment, which has seen double-digit growth due to increases in branded and specialty pharmaceutical sales from both existing and new customers. The GMPD segment also grew in 2024 due to higher volumes, though it was partially offset by adverse PPE pricing. Profitability: Cardinal Health’s profitability has improved significantly: - Net earnings attributable to Cardinal Health, Inc. for fiscal 2024 were $852 million, up from $330 million in 2023 and a net loss of $938 million in 2022. - Segment profit for 2024 reached $2.53 billion (up 19% from 2023), mainly driven by strong performance in generics within the Pharmaceutical and Specialty Solutions segment and recovery from prior-year inflationary impacts in the GMPD segment. - Gross margin increased to $7.41 billion in 2024 (up 8% from 2023). However, the gross margin rate declined slightly due to a shift in product mix toward lower-margin branded pharmaceutical sales. In summary, Cardinal Health demonstrates strong competitiveness through scale, service offerings, and supply chain integration. The company’s revenue and profitability have shown robust recovery and growth, driven primarily by its pharmaceutical distribution operations, effective cost management, and strategic adaptation to market conditions."
d5a95dc3,Exec tenure stability at ADSK is crucial for competitive positioning & sustainable growth.,"5217,5214,5586,5592,5564,5254,5357,5563,5596,5233,5239,5343,5255,5449,116090,116089","19,348","Executive tenure stability at Autodesk (ADSK) is indeed important for the company’s competitive positioning and sustainable growth. The provided context highlights that Autodesk’s executive management team must act quickly and with vision, given the rapidly changing customer expectations and technology advancements in the software industry. The complexity of creating widely accepted products and adapting to new technologies means that effective, stable leadership is essential for executing strategy, meeting customer expectations, and maintaining employee and channel partner confidence. If the executive team fails to execute or adapt as needed, Autodesk could lose its competitive edge and see adverse impacts on its business and financial performance. Therefore, retaining talented executives and ensuring leadership continuity are critical factors supporting Autodesk’s long-term strategy and growth."
e8161744,"Competitive edge of Sysco in multi-regional market share vs local distros, ticker positioned last.","142842,142844,142843,142866,142939,142938,142935,142833,142926,142826,142830,142836,142841,142832,142947",427,"Sysco (SYY) holds a significant competitive edge over local distributors in the multi-regional foodservice market due to several key factors: - Scale and Market Share: Sysco serves about 17% of the approximately $360 billion annual U.S. foodservice market, the highest sales to the U.S. and Canada food-away-from-home industry among distributors, and is considered a market leader (Chunks 1, 3, 9, 10). - Geographic Reach: Sysco’s broad multi-regional presence in North America and Europe, supported by a large network of multi-temperature warehouses, allows it to mitigate regional economic declines and serve a wide range of customers efficiently (Chunks 2, 3, 9). - Diversified Product Base: Sysco offers a wide range of quality-assured Sysco brand products and non-food items, providing customers with a broad selection and value (Chunks 2, 7, 11). - Service Reliability and Ancillary Services: The company provides not only distribution but also value-added services such as business reviews, menu analysis, food safety training, and inventory control, helping customers optimize their operations (Chunks 2, 8). - Strong Sales Force: Sysco’s extensive sales consultant team and support staff maintain strong customer relationships and introduce new products and services (Chunks 2, 8). - Purchasing Power: Its size enables Sysco to secure favorable purchasing terms, supporting competitive pricing and cost efficiencies (Chunks 2, 4, 15). - Brand Penetration: Sysco’s own branded products generate higher gross margins and are supported by robust quality assurance programs (Chunk 7). In contrast, local and regional distributors may leverage proximity and local relationships, but Sysco’s scale, product diversity, national reach, and value-added services provide substantial advantages in maintaining and growing multi-regional market share, especially as barriers to entry are low and switching costs for customers are minimal. Ticker: SYY is thus strongly positioned as the last word in multi-regional foodservice distribution, outpacing local distributors through breadth, resources, and comprehensive service offerings."
6bafaeb5,Risk mgmt for incremental share repurchase SYF.,"144119,144364,144365,144382,144228,144230,144272,144381,144271,144269,144063,86570,144233,144268,144131","256,431","Synchrony's incremental share repurchase program is subject to a number of risk management considerations and regulatory constraints: - Regulatory Oversight: Synchrony is regulated by the Federal Reserve Board, which has broad authority to review and object to any capital actions—including share repurchases—if they are deemed unsafe or unsound. Synchrony must consult with the Federal Reserve Board in advance of declaring dividends or repurchasing stock to ensure there are no supervisory concerns. (Chunks 5, 6, 7, 9) - Capital and Liquidity Requirements: The ability to repurchase shares is contingent on Synchrony meeting applicable Basel III capital ratio requirements. If Synchrony fails to maintain required capital levels, it may be restricted from repurchasing shares. (Chunks 1, 6, 10, 14, 15) - Program Flexibility: Share repurchase programs are subject to market conditions and other factors, including legal and regulatory restrictions, required approvals, and Synchrony’s financial condition, earnings, capital, and liquidity position. The Board of Directors retains discretion to determine the timing and amount of repurchases. (Chunks 1, 2, 3, 4, 8) - New Regulatory Requirements: Because Synchrony exceeded $100 billion in average total consolidated assets as of March 31, 2023, it is now subject to more stringent regulatory requirements, including formal capital plan submission and stress tests. These may further restrict its ability to return capital to shareholders, including through share repurchases. (Chunks 5, 6, 10, 14) - Impact of Proposed Rules: New rules proposed in July 2023 could increase Synchrony’s regulatory capital requirements, potentially decreasing its return on equity and imposing further limitations on dividends and share repurchases. (Chunks 5, 10, 14) - Board Discretion and Risk Assessment: The Board will consider multiple factors—such as the company’s financial condition, prospective earnings, capital adequacy, and potential impacts on capital structure—when evaluating repurchase actions. (Chunks 6, 7, 8) In summary, Synchrony’s incremental share repurchase program is managed within a framework of regulatory compliance, capital adequacy, ongoing consultation with regulators, and prudent assessment by the Board of Directors, with flexibility to adjust or suspend repurchases as circumstances change."
67b1a319,"Insights on operational focus for MPC exec titles, ticker at the end.","107855,107856,108087,108164,107799,107788,108161,107790,107791,107800,108134,107801,108042,108160,108040,108041",323,"Marathon Petroleum Corporation (MPC) organizes its operations into two main reportable segments, each with clear executive focus areas: - Refining & Marketing: This segment is responsible for refining crude oil and other feedstocks (including renewable feedstocks) at refineries in the Gulf Coast, Mid-Continent, and West Coast regions of the U.S. It also manages the purchase and resale of refined products and ethanol, and oversees the distribution and marketing of refined products through extensive terminal operations and transportation assets. Executives with titles such as Executive Vice President, Refining & Marketing, or similar, would typically focus on optimizing refinery operations, supply chain management, and product marketing. - Midstream: This segment, primarily reflecting the results of MPLX (a master limited partnership majority owned by MPC), is focused on gathering, transporting, storing, and distributing crude oil, refined products (including renewable diesel), and other hydrocarbon-based products. It also gathers, processes, and transports natural gas, and handles the transportation, fractionation, storage, and marketing of natural gas liquids (NGLs). Executives with Midstream responsibilities (e.g., Executive Vice President, Midstream; Senior Vice President Logistics and Storage) concentrate on infrastructure management, logistics optimization, and supporting the Refining & Marketing segment. MPC’s chief executive officer is identified as the chief operating decision maker, evaluating segment performance using adjusted EBITDA and focusing on operational efficiency and strategic asset utilization. Ticker: MPC"
dd721b43,Uber's (UBER) near-term debt maturity poses refinancing risks.,"152949,152951,152950,152854,152855,152725,152726,152837,152856,152624,152668,152857,152663,152876",456,"Based on the provided context, Uber (UBER) has managed its near-term debt maturities by refinancing its previous term loans. In March 2023, Uber refinanced and paid off its 2025 and 2027 Refinanced Term Loans by issuing new 2030 Refinanced Term Loans, which now have a maturity date of March 3, 2030. As of December 31, 2023, there is no significant near-term debt maturity that poses an immediate refinancing risk, as the next major term loan maturity is in 2030. However, Uber does have other outstanding notes, such as the 2025 Convertible Notes ($1.15 billion due December 2025) and a 2026 Senior Note ($1.5 billion due November 2026). While these maturities are within the next few years, Uber has demonstrated an ability to refinance debt and manage maturities, as evidenced by its recent refinancing activities. There is no specific mention in the provided context of immediate refinancing risk, and the company states it was in compliance with all debt covenants as of December 31, 2023. In summary, Uber has addressed its near-term term loan maturities, reducing immediate refinancing risk, but it does have some other notes maturing within the next two to three years that will require attention."
5cc3c115,ACGL's strategic partnerships and niche init's influence on LT growth and valuation.,"13350,13888,13564,13898,13909,13904,13836,13961,13963,13962,13863,13862,13622,13778,13719",41,"ACGL’s strategy emphasizes building strategic partnerships and targeting niche opportunities, as well as acquiring quality, scalable businesses or lines with reliable defensive qualities. This approach enables ACGL to access specialized markets and opportunities that may not be available to broader competitors, supporting long-term growth. The company’s underwriting philosophy is centered on generating sustainable underwriting profits through prudent risk selection, proper pricing, and uniform underwriting standards. This disciplined approach not only helps maintain profitability but also supports consistent value creation over time. ACGL’s insurance products are distributed primarily through a broad network of licensed independent retail and wholesale brokers, allowing access to a diverse client base and niche market segments. The company also forms partnerships with select brokers, including service agreements that provide access to proprietary industry analytics, further supporting informed decision-making and competitive positioning. By investing in limited partnerships and operating affiliates, ACGL diversifies its investment portfolio and leverages significant influence over these entities, which can enhance long-term value. The maximum exposure to loss in these partnerships is limited to the carrying amounts reported and any unfunded commitments, reflecting a prudent risk management stance. Overall, ACGL’s focus on strategic partnerships, niche market access, and disciplined underwriting is designed to drive sustainable long-term growth and enhance its valuation through both operational excellence and selective investment strategies."
5c692b3c,Board oversight on cybersecurity's impact on PNC's valuation & growth.,"131544,131543,131545,131546,115622,60824,131504,121277,121276,92913,121545,92912,131542,131412,131606","393,365,366,178,276,346","PNC’s Board of Directors oversees cybersecurity risk through its Technology Committee and Risk Committee. The Technology Committee assists the Board in overseeing technology strategy and significant technology initiatives, including information security and cybersecurity risk. It receives quarterly updates from the Chief Information Security Officer (CISO) on threat intelligence, incident reporting, regulatory exam statuses, and key program deliverables. The Risk Committee oversees PNC’s enterprise risk management (ERM) framework, where cybersecurity risk is a key component within the Information Security domain and is monitored alongside other operational risk domains. Both committees meet at least quarterly, and communication to the Board occurs more frequently if necessary, depending on the criticality and urgency of cybersecurity incidents. The Board is regularly informed about inherent information security risks, the maturity of the control environment, and alignment with risk appetite, all of which are relevant to PNC’s valuation and growth. To date, PNC has not experienced any material cybersecurity threats that have impacted its business strategy, results of operations, or financial condition. However, the company acknowledges that it may not be able to prevent or mitigate all potential cybersecurity incidents in the future, which could have a material impact on its business, results of operations, or financial condition—factors that would ultimately affect PNC’s valuation and growth. The Board’s oversight is designed to ensure resilience and preparedness, which are integral to maintaining the company’s value and supporting long-term growth."
a20165f5,Jacobs Solutions Inc. is adjusting for errors in contract cost estimation in their risk mgmt.,"86657,86755,86681,86584,86643,86665,86463,86669,86717,86721,86650,86739,86762,86430,86653,86628",256,"Jacobs Solutions Inc. addresses errors in contract cost estimation through various risk management and accounting practices. When back charges to suppliers or subcontractors arise (such as when costs need to be recovered due to errors or disputes), these are recognized as a reduction of cost only when recovery is probable and the amounts can be reliably estimated. Disputed back charges are recognized under the same criteria. Additionally, Jacobs adjusts revenues based on amounts expected to be realized, considering the effects of any client audits or governmental investigations—these could include situations where contract cost estimates prove inaccurate. The company also notes that the level of direct contract costs may fluctuate due to various factors, including errors or changes in estimation, and that the preparation of financial statements requires the use of estimates and assumptions that are periodically evaluated and adjusted as needed. Actual results may differ from these estimates, and adjustments are made accordingly. Overall, Jacobs employs a combination of recognition criteria, ongoing assessment, and periodic adjustments as part of its risk management related to contract cost estimation errors."
d1a75cc3,Distribution of Broadridge Financial Solutions' non-US workforce presented with tickers in the final column.,"19535,19370,19534,19415,19536,19396,19421,19531,19385,19619,19533,19620,19621,19532,19378,19381",60,I cannot find sufficient information in the provided documents to answer this question. The context does not include a detailed distribution of Broadridge Financial Solutions' non-US workforce or any table with tickers in the final column.
b56880c7,"Control transfer timing, shipping terms, and carrier, global.","64037,47707,152901,1020,54531,15568,15571,65213,153022,15572,152900,54752,152902,51352,78360,1075","160,161,5,231,456,140,48,150,186,189","The timing of control transfer, the impact of shipping terms, and the role of the carrier in global transactions can be summarized as follows: - Control Transfer Timing: Control of goods or services is typically transferred to the customer either at the point of shipment or upon delivery, depending on the terms of the contract and shipping arrangements. Indicators of control transfer include the present right to payment, transfer of legal title, physical possession, significant risks and rewards of ownership, and customer acceptance (Ball, DHR, ADI). - Shipping Terms: Shipping terms such as Free On Board (FOB) Shipping Point or destination determine when control passes. Under FOB Shipping Point, control (and thus revenue recognition) occurs at shipment because the customer assumes risks and rewards at that point. If the terms require delivery to a specified destination or customer receipt, control transfers and revenue is recognized upon delivery (DHR, ADI, Ball, FMC, HWM). - Carrier (Global): In global logistics and transportation services, revenue is generally recognized over the transit period, which is the time from origin to destination. The company may act as a principal (recognizing revenue on a gross basis) if it controls the service and is primarily responsible for the carrier selection and pricing. If the company does not control the carrier or service, it acts as an agent and recognizes revenue on a net basis (Uber, EXPD, FDX). Shipping and handling activities performed after control has transferred are typically treated as fulfillment costs, not as separate performance obligations. Payment terms in global contracts usually range from 30 to 90 days, but can be longer in some regions (FMC, UBER, BALL). In summary, the timing of control transfer depends on the contract and shipping terms, with shipping terms like FOB Shipping Point or destination determining whether control passes at shipment or delivery. The company’s role as principal or agent in carrier arrangements affects revenue recognition, with principal arrangements recognizing revenue on a gross basis and agent arrangements on a net basis."
3ccec8d7,"Impact of BorgWarner's cybersecurity measures on its financials, BWA.","21980,22034,22063,22014,22061,21977,22016,22066,21998,22064,22062,14798,9063,22013,14797,91715","272,67,29,46","Based on the provided information, BorgWarner has implemented a comprehensive cybersecurity program that includes technical safeguards, incident response and recovery plans, third-party risk management, and ongoing employee education. The program is managed by the Chief Information Officer and overseen by the Board of Directors and the Audit Committee, with regular assessments, audits, and testing to improve effectiveness. As of the date of the report, BorgWarner is not aware of any material risks from cybersecurity threats that have materially affected or are reasonably likely to materially affect the company, including its business strategy, results of operations, or financial condition. However, the company acknowledges that despite its extensive efforts, it may not be successful in preventing or mitigating a cybersecurity incident that could have a material adverse effect in the future. In summary, there has been no material impact on BorgWarner’s financials from cybersecurity threats or incidents to date."
9aaf2bc7,"Risk mgmt, board composition, & governance at Masco are key factors to consider for investors, symbol: MAS.","95085,95163,95129,110807,95211,95235,95237,95082,95127,95164,95157,95234,95099,15405,159664,95238","283,332,477,47","For investors considering Masco Corporation (symbol: MAS), risk management, board composition, and governance are important factors: Risk Management: Masco acknowledges the importance of managing risks, including cybersecurity threats, which could adversely impact its results of operations and financial position. The company cannot eliminate all cybersecurity risks and refers investors to its annual report for further details on these risks (Chunk 9). Board Composition: While the specific breakdown of the board’s composition is not detailed in the provided context, Masco’s 10-K includes a section on Directors, Executive Officers, and Corporate Governance (Chunk 1), indicating transparency regarding leadership. The company also files required certifications by its Chief Executive Officer and Chief Financial Officer, reflecting compliance with governance standards (Chunk 16). Governance: Masco is a well-known seasoned issuer, compliant with SEC reporting requirements, and files its reports timely (Chunk 8). The company’s governance framework includes regular reviews of its facilities and operational needs (Chunk 9). Its governance documents, such as the Restated Certificate of Incorporation and Bylaws, are accessible as exhibits in its filings (Chunk 12, Chunk 16). In summary, Masco demonstrates attention to risk management (notably cybersecurity), regulatory compliance, and transparency in governance, all of which are important considerations for investors."
2a97bee5,Impact of LULU's cybersecurity risk mgt. liability.,"93626,93661,93662,93663,93659,93625,93599,93604,93592,93658,101673,93628,101707,2470,101705","10,278,303","LULU's cybersecurity risk management program is designed to protect its technology systems, data, and business operations from cyber threats, but the company acknowledges that it still faces liability risks. Despite implementing safeguards, security processes, and regular risk assessments, LULU recognizes that security breaches could expose the company to theft or misuse of confidential or personal information, potentially resulting in litigation, regulatory enforcement, financial losses, and damage to brand reputation. The company has not been materially affected by any cybersecurity incidents to date. However, it continues to experience cyber-attacks and recognizes that future incidents could have a material impact on its operations and financial results. LULU also faces increasing compliance obligations and costs due to varying privacy and data protection laws across jurisdictions. A significant privacy breach or failure to comply with these laws could result in regulatory fines, legal action, and adverse impacts on its reputation and business operations. Overall, while LULU has established robust cybersecurity governance, risk assessment, training, and incident response processes, the potential liability from cybersecurity risks remains a significant concern that could have material financial and operational consequences if a major breach were to occur."
d53eb0d3,HPE's cash flow & WC impact from $1.3B purchase obligations.,"79676,79671,79669,79711,79712,79798,74590,45742,79876,79668,79667,79842,79756,74505,101892,74589","136,235,219,303","As of October 31, 2024, HPE had unconditional purchase obligations totaling $1.3 billion, with $556 million due within one year. These obligations are primarily related to inventory purchases, software maintenance, support services, and other items, and exclude agreements that are cancellable without penalty [Chunk 1]. The impact on working capital (WC) comes mainly from inventory purchases, as these commitments can increase inventory levels, affecting metrics such as days of supply in inventory (DOS) and accounts payable balances. In fiscal 2024, HPE's DOS increased by 33 days compared to the prior year, mainly due to higher inventory levels from strategic purchases, including those likely related to such purchase obligations. Accounts payable (DPO) also increased by 36 days, reflecting higher inventory purchases [Chunk 3]. Regarding cash flow, the purchase obligations represent future cash outflows as HPE fulfills these commitments. The amounts due within one year ($556 million) will impact near-term cash flows as payments are made. However, the actual impact on operating cash flow is reflected as inventory is received and paid for, which can be seen in the changes in inventory and accounts payable in the cash flow statement. For example, in fiscal 2024, HPE saw a significant increase in inventory ($3,358 million use of cash) and a large increase in accounts payable ($3,927 million source of cash) [Chunk 4], indicating that while inventory purchases (including those from purchase obligations) use cash, extended payment terms or increased payables can offset the immediate cash outflow. In summary: - The $1.3 billion in purchase obligations will result in future cash outflows, with $556 million impacting cash flow within one year. - These obligations increase inventory and accounts payable, influencing working capital metrics (higher DOS and DPO). - The net effect on operating cash flow depends on the timing of inventory receipts and payments to suppliers, as seen in the cash flow statement."
562bd7c8,10-yr retirement % of mgmt & impact on succession planning at Constellation Energy Corp (CEG),"38395,38396,38840,38364,38841,50134,38349,38343,38348,157328,139938,38842,38362,38363,38381","416,114,147,470","At Constellation Energy Corporation (CEG), as of December 31, 2023, 1,298 management employees are within 10 years of retirement. Given the management population of 2,711, this represents approximately 48% of management being within 10 years of retirement. This significant proportion highlights the importance of succession planning at CEG. The company notes that as turnover is inherent, management succession planning is performed and tracked for executives enterprise-wide. Management frequently reviews succession planning to ensure readiness when positions become available, indicating that the high percentage of management nearing retirement is a key factor driving their proactive approach to succession planning."
b3e59d78,WTW's One WTW strategy gives a competitive edge in both mature and growth mkts.,"165506,165505,165527,165521,165526,165528,165772,165879,165520,165509,165512,165878,165525,165504,165923",493,"Yes, WTW’s “One WTW” strategy is designed to provide a competitive edge in both mature and growth markets. This unified and integrated approach to advisory, broking, and solutions enables WTW to harness its collective capabilities, make smart connections, and deliver more connected and targeted solutions to clients across various industries and geographies. By focusing on its three strategic priorities—grow, simplify, and transform—WTW aims to innovate, increase scale, and streamline operations, which helps the company compete effectively in diverse market conditions and deliver sustainable, profitable growth."
cf081f0e,Impact of compensation data (ETR) on cost mgmt & profitability vs Philly utility peers.,"167610,167609,167606,167632,167633,167568,167615,5789,166350,108572,85570,209,85828,5566,21751,85834","2,66,325,495,19,20,253","Entergy Corporation (ETR) uses compensation survey data and information from the Philadelphia Utility Index peer group to benchmark and design its executive compensation programs. The Talent and Compensation Committee targets total direct compensation for executives at about the 50th percentile of surveyed companies in aggregate, with new executives closer to the 25th percentile and seasoned, critical executives at or above the median. This approach is intended to ensure compensation remains competitive and aligned with industry standards. By benchmarking compensation against comparable companies in the Philadelphia Utility Index, ETR aims to attract and retain talent critical to its operations, which is an important component of effective cost management. Appropriate compensation helps reduce turnover and ensure management continuity, thereby supporting operational efficiency and long-term profitability. However, there is no explicit discussion in the provided context about the direct financial impact of these compensation practices on ETR’s overall cost structure or profitability compared to its Philadelphia utility peers. The focus is on ensuring compensation is market-competitive to support talent retention and align management incentives with shareholder value, rather than on specific cost savings or profit improvements relative to peers. In summary, ETR’s compensation benchmarking against Philadelphia Utility Index peers is designed to support talent retention and align incentives, which indirectly supports cost management and profitability, but the documents do not provide quantitative analysis or direct comparisons of cost impacts versus those peers. If you need specific figures or a direct profitability comparison to Philadelphia utility peers, I cannot find sufficient information in the provided documents to answer this question."
6846a3d1,Impact on margins and risk from transport cost volatility in freight/delivery cost treatment for Vulcan Materials: VMC.,"154410,154397,154392,154399,154357,154400,154387,154389,154358,154393,154318,154569,149522,154319,15506,154458","48,461,447","Vulcan Materials (VMC) incorporates freight and delivery costs into its product sales revenues, often passing these costs along to customers (see Chunk 2). However, the company also reports a ""freight-adjusted"" sales price for its aggregates segment, which removes these pass-through freight and delivery revenues to better reflect the underlying product price (Chunk 4). The impact of transport cost volatility on VMC’s margins is significant because construction aggregates have a high weight-to-price ratio, making transportation costs a substantial component of total cost. In many cases, transportation costs can exceed the cost of the aggregates themselves (Chunk 5). Thus, increases in freight costs—such as from fuel price volatility—can erode margins if the company cannot pass those costs on to customers. In 2023, VMC saw its freight-adjusted unit cash cost of sales increase by 11% ($0.97 per ton), but this was partially offset by lower diesel prices and moderating inflationary pressures (Chunk 6). The company’s ability to maintain and expand margins amid these fluctuations reflects its pricing power and operational execution. For example, in 2023, VMC increased its aggregates segment gross profit per ton by 24% and its cash gross profit per ton by 21%, driven by continued pricing momentum and efficiency improvements, despite some volatility in freight costs (Chunks 6 and 8). However, the company acknowledges that its earnings are highly sensitive to changes in product shipments and, implicitly, to changes in transportation costs due to the capital-intensive nature of its business (Chunk 5). If VMC is unable to pass increased freight costs to customers, it could negatively impact margins. In summary, while VMC manages freight cost volatility by passing costs to customers and adjusting its pricing, the high weight-to-price ratio of aggregates makes transport costs a persistent margin risk. Effective pricing strategies and operational efficiencies have helped mitigate these risks and support margin growth in recent years."
03d190de,Devon Energy: 2023 net earnings reconciliation - co vs NCI components.,"46500,46512,46570,46555,46517,46478,46516,46557,46519,20595,46585,46579,46553,46521,46583","138,63","For the year ended December 31, 2023, Devon Energy reported the following with respect to net earnings and the allocation between the company (Devon) and noncontrolling interests (NCI): - Net earnings: $3,782 million - Net earnings attributable to noncontrolling interests: $35 million - Net earnings attributable to Devon (the company): $3,747 million This means that out of the total net earnings of $3,782 million in 2023, $3,747 million was attributable to Devon shareholders, and $35 million was attributable to noncontrolling interests (primarily related to the CDM joint venture). (See Chunk 2)"
fdaed5b1,"Impact on growth and global risk of financial segmentation, with NTRS US vs non-US as the key player.","122441,122198,122380,122203,122440,122201,122365,122223,122381,122344,122372,122211,122439,122352,122551,122384",368,"Northern Trust (NTRS) operates globally, with both U.S. and non-U.S. activities playing significant roles in its business model. The company manages its operations by reporting segments, primarily Asset Servicing and Wealth Management, which serve clients worldwide, including institutional investors and high-net-worth individuals. **Impact on Growth:** - The segmentation between U.S. and non-U.S. operations allows Northern Trust to tap into diverse markets, supporting its global growth strategy. Asset Servicing is described as a ""leading global provider,"" and Wealth Management serves clients both domestically and internationally. - As of December 31, 2023, about 17% of total assets and 52% of total liabilities were attributable to foreign (non-U.S.) activities, indicating a substantial international presence that contributes to overall growth. - The company's global reach, with offices in 24 U.S. states and 22 locations internationally, enables it to access recurring and scalable sources of fee-based income from multiple regions, providing a buffer against localized economic slowdowns. **Impact on Global Risk:** - Financial segmentation between U.S. and non-U.S. activities introduces additional complexities and risks. Northern Trust actively manages these risks through internal controls, such as credit committees that review and approve exposures to non-U.S. banks and conduct regular risk analyses. - The company maintains short-term maturities for deposits with non-U.S. banks to respond quickly to changing credit conditions, and uses risk mitigation tools like collateral and netting agreements. - Country and counterparty risk are closely monitored, and limits are imposed to manage exposures. - The integration of global operations makes it challenging to segregate revenues, expenses, and assets precisely, which can complicate risk assessment and management. - External factors such as international economic conditions and government policies, including actions by central banks, can significantly impact earnings, asset quality, and profitability across both U.S. and non-U.S. segments. In summary, the financial segmentation between U.S. and non-U.S. operations supports Northern Trust's growth by broadening its client base and revenue sources. However, it also heightens global risk, requiring robust risk management practices to handle credit, country, and market exposures across diverse jurisdictions."
5db190aa,"HR initiatives at Molina Healthcare, impacting retention & competitiveness, are key to enhancing overall performance.","141965,102378,76311,102584,102380,76194,102329,102457,102327,102456,102370,102585,102377,102365,102364,115264","424,305,224,345","Molina Healthcare has implemented several HR initiatives aimed at enhancing retention and competitiveness, which in turn contribute to the company's overall performance. Key initiatives include: - Flexible work schedules and paid parental leave for eligible employees, introduced to improve work-life balance and employee satisfaction. - Regular employee engagement surveys to gather comprehensive feedback and address strategic, operational, or cultural concerns, with results showing year-over-year improvement and exceeding industry benchmarks. - Ongoing improvements in employee development, hiring strategies, diversity, equity and inclusion, and human capital policies, all designed to make Molina Healthcare a destination employer in the government-sponsored healthcare industry. - Formal leadership development programs (such as new leader orientation, executive onboarding, frontline leadership essentials, and experienced leader training) and targeted development plans for critical roles, focusing on leadership and business acumen. - The launch of a new learning management system to empower employees to develop skills and explore career opportunities within the organization. - Market-competitive total rewards, including pay, benefits, and time off, as well as pay and recognition programs to engage, motivate, and reward top performers and attract new talent. - An Employee Stock Purchase Plan and equity-based compensation under a long-term incentive plan for eligible employees, designed to foster ownership and align employee interests with shareholders. These initiatives are closely monitored through high performer retention and development, succession planning, and oversight by the board of directors, all of which support Molina Healthcare’s goals of attracting and retaining top talent in a competitive market and enhancing overall organizational performance."
962b0b55,Delta in tax expense for HES: 2022 vs 2023 income tax provisions.,"73450,73464,73463,73514,73601,73515,73449,73452,73451,73600,73588,73513,73350",216,"The provision for income taxes for Hess Corporation was $1,099 million in 2022 and $733 million in 2023. The delta (change) in tax expense from 2022 to 2023 is a decrease of $366 million."
77270f50,HC investment and workforce allocation impact on growth for Public Storage.,"124607,124602,124608,124620,124621,124611,124603,124606,124604,124610,124595,124601,124609,124599,124596,42313","125,373","Public Storage's investment in human capital and workforce allocation has a direct and significant impact on its growth strategies and operational effectiveness. The company employs approximately 6,200 people, with the majority (5,380) in customer-facing roles such as property-level and customer care center personnel, supported by field management and corporate operations staff (Chunks 1, 3, 8). Key elements of Public Storage’s human capital investment include: - Attracting, developing, and retaining high-quality talent through a focus on diversity, inclusion, competitive compensation, comprehensive benefits, and opportunities for career growth and development (Chunks 1, 3, 6, 8, 13). - Comprehensive training and development programs at all levels, including hands-on training for new property managers, leadership training, and programs for high-potential women and diverse employees. These efforts foster individual growth, strong employee engagement, and build a robust management pipeline to support expansion and succession planning (Chunks 6, 10). - Regular employee engagement and feedback, which are used to refine policies and programs, supporting both retention and performance (Chunk 13). - Centralization of functions such as employee compensation, benefits, and standardized operating procedures, which enables high operating margins and low administrative costs relative to revenues, further enhancing the company’s ability to scale and grow (Chunk 2, 7). This strategic workforce allocation supports Public Storage’s core growth strategies: improving operating performance at existing facilities, acquiring and developing new properties, and expanding ancillary businesses such as tenant insurance and third-party management. The large, well-trained workforce allows the company to efficiently manage a vast portfolio, maintain high customer service standards, and quickly adapt to market opportunities, all of which are crucial for ongoing growth and maintaining competitive advantages (Chunks 2, 7, 9, 15). In summary, Public Storage’s investment in human capital and effective workforce allocation underpin its operational excellence, support its growth initiatives, and help sustain its leadership position in the self-storage industry."
49415fbf,"PACCAR, ticker PCAR, showcases robust cyber governance vs. peers, enhancing competitive positioning.","116486,116495,116404,116374,116353,116396,116375,116387,116373,116397,116371,116350,116543,116372,116529",349,"Based on the provided information, PACCAR (ticker PCAR) maintains strong cyber governance practices. The company invests in cybersecurity protections, maintains a cybersecurity insurance policy, and implements telematics and advanced fleet management tools that include over-the-air software updates and real-time data analytics. These efforts help safeguard against system disruptions, unauthorized access, and data loss, which could otherwise negatively impact operations and competitiveness. While there is no direct comparison to peers in the provided context, PACCAR’s proactive approach to cybersecurity and data protection contributes positively to its competitive positioning."
07cc004d,How do cybersecurity & digital investments by IPG impact growth strategy & comp. positioning?,"82061,82060,82056,82112,82072,82065,82073,82058,82080,82120,82346,82057,82074,82111,82121,82215",243,"Cybersecurity and digital investments are integral to IPG’s growth strategy and competitive positioning. IPG invests in areas such as digital commerce, retail media, artificial intelligence, audience resolution, and platform capabilities to drive growth and adapt to the rapidly evolving media, consumer, and technology ecosystem. These investments enable IPG to offer advanced data, identity resolution, and platform services that meet clients' needs in a digital-first world, helping solve complex business problems and seize new opportunities. Additionally, IPG’s focus on cybersecurity is part of its enterprise risk management, ensuring the protection of client and company data, maintaining operational integrity, and sustaining client trust—factors that are critical for long-term growth and reputation. The company’s Board and Audit Committee actively oversee cybersecurity strategy and risk mitigation, reflecting its importance within IPG's overall business operations. By combining investments in digital capabilities and robust cybersecurity, IPG differentiates itself as a leader in providing innovative, secure, and effective marketing solutions, enhancing its competitiveness and supporting sustainable, long-term growth."
f4a7a397,Diff in employee count by geography for SNOW US vs intl.,"77174,58204,58199,26336,50845,51117,30071,51118,129112,50951,94847,125863,127641,59868,6252,54754","161,227,387,171,79,175,149,21,375,282,91,381",I cannot find sufficient information in the provided documents to answer this question.
d747f567,"Impact of PPG exec backgrounds on cap allocation & financial health across industrial, automotive, coatings sectors, ticker at the end.","121240,121363,121286,121438,121239,121456,121453,121247,121293,121439,121237,121251,121298,121452,121252,121250",365,I cannot find sufficient information in the provided documents to answer this question.
514ec2c8,SW Airlines' contingent liabilities litigation may impact BS & valuation.,"101646,101731,101607,101608,101885,101522,101973,96651,101697,101964,99200,101799,101615,101830,153982,96969","288,289,295,459,303","Southwest Airlines (LUV) is subject to various legal proceedings and claims, including litigation arising from operational disruptions, customer and shareholder lawsuits, regulatory inquiries, and tax examinations. While management does not expect that the outcomes of currently ongoing legal proceedings or proposed tax adjustments will have a material adverse effect on the company's financial condition, results of operations, or cash flow, it is noted that an adverse outcome in any of these matters could be material (Chunk 2). Additionally, litigation matters, regardless of merit, can be time-consuming, disruptive, and result in significant expenses, monetary damages, or injunctive relief, which could materially affect the company's business, financial condition, operating results, and reputation (Chunk 9). Therefore, while current management assessment is that contingent liabilities from litigation are not expected to materially impact the balance sheet or valuation, there is the risk that adverse legal outcomes could have a significant negative effect on Southwest Airlines' financial position and valuation if they occur."
7abe4278,AKAM's legal proceedings may affect profitability and capital allocation.,"1823,2051,1875,2052,1794,1791,1825,1790,2022,1771,1789,48946,1978,1772,1866","8,144",I cannot find sufficient information in the provided documents to answer this question.
71e89cfe,Impact on liquidity and cash flows from capex at Camden Property Trust (CPT)?,"31754,31753,31752,31750,31811,31715,31749,31714,43670,31684,31744,43669,31736,31755,91071,31740","97,129,270","At Camden Property Trust (CPT), capital expenditures (capex) primarily consist of spending on property development and capital improvements. In 2023, capex totaled approximately $410.9 million, which was the main cash outflow in investing activities. This significant spending was partially offset by net proceeds from the sale of two operating properties, totaling about $290.7 million. As a result, net cash used in investing activities for 2023 was approximately $127.1 million, a substantial decrease from $1.5 billion in 2022, when capex included major property acquisitions. Despite these outflows, CPT maintained strong liquidity. Net cash from operating activities was about $795.0 million in 2023, up from $744.7 million in 2022, driven by increased cash flows from property operations and growth in the portfolio. The company ended 2023 with $268.0 million in cash, cash equivalents, and restricted cash, compared to $17.4 million at the end of 2022. Overall, while capex creates a significant cash outflow, CPT’s robust operating cash flow and proceeds from property sales have supported liquidity. The company believes its liquidity and financial condition are sufficient to meet anticipated cash needs, including recurring operating expenses, debt service, capital expenditures, and dividend payments over the next 12 months."
b7268d1d,Liquidity and long-term profitability may be affected by CRWD's legal proceedings.,"41320,41315,41061,41065,41076,41316,41399,41398,41353,41397,41329,41400,41269,41214,41416",121,"CrowdStrike (CRWD) is regularly involved in various legal proceedings, including claims, suits, and government investigations related to areas such as patents, product liability, class actions, commercial disputes, and regulatory compliance. The outcomes of such proceedings are inherently uncertain and unpredictable. Regardless of the outcome, these legal matters can have adverse impacts due to legal costs, diversion of management attention and resources, and could result in significant expenses or liabilities. They may also adversely affect brand recognition and require changes to business practices. There is a possibility that resolving one or more of these proceedings could result in substantial damages, settlement costs, fines, or penalties, which could negatively impact CrowdStrike's business, financial position, results of operations, or cash flows in a particular period. While the company currently believes there is no pending or threatened legal proceeding likely to have a material effect on its consolidated financial statements, the risk remains that future litigation could affect liquidity and long-term profitability."
f6d6e3cf,Impact of MPC non-FM construction milestone fee risk.,"107820,107887,107859,108081,107883,108049,108061,107991,108110,108111,108006,108009,108109,23267,108007,84314","250,323,70",I cannot find sufficient information in the provided documents to answer this question.
c24316b7,"Impact of T. Rowe Price repurchases on liquidity, FCF, and share reduction, TROW.","145625,145634,145633,145632,145573,145574,145590,145623,145582,145622,145624,145630,145631,145587,144534","432,436","T. Rowe Price’s repurchases in 2023 had the following impacts on liquidity, free cash flow (FCF), and share reduction: 1. Liquidity: - In 2023, T. Rowe Price spent approximately $254 million to repurchase 2.4 million shares, or 1.1% of its outstanding common stock, at an average price of $104.63 per share. These repurchases, along with dividends, were funded using existing cash balances and cash generated from operations, indicating a use of liquidity (Chunks 1, 8, 10). - Net cash used in financing activities attributable to T. Rowe Price Group in 2023 was $1,437.4 million, a decrease from $2,028.5 million in 2022, with repurchases being a significant component of this outflow (Chunks 1, 3, 4). 2. Free Cash Flow (FCF): - Repurchases reduce the company’s cash balance and are a use of free cash flow. T. Rowe Price’s free cash flow—operating cash flow minus capital expenditures—was partly allocated to these share buybacks. In 2023, cash flows from operating activities attributable to T. Rowe Price Group were $2,058.6 million, and property and equipment expenditures were increased by $70.3 million over the prior year (Chunks 1, 4, 12, 13). - The company anticipates continuing to fund capital expenditures and shareholder returns (including repurchases) from operating cash flows and available resources (Chunk 1). 3. Share Reduction: - The repurchases in 2023 reduced the number of outstanding shares by 2.4 million, representing about 1.1% of total shares outstanding (Chunks 8, 10). - The company’s stated strategy is to repurchase shares over time to offset dilution from equity-based compensation plans (Chunk 8). In summary, T. Rowe Price’s 2023 share repurchases used a portion of its liquidity and free cash flow and resulted in a modest reduction (1.1%) in shares outstanding. The company funds these repurchases from its operating cash flows, and the activity supports its goal of offsetting dilution from equity compensation."
384ffb65,74K associates @ 1:1K ratio for BD exec sponsor headcount.,"14722,110448,19413,15700,15701,15696,47487,15697,128566,42314,71961,149301,54706,130371,81716,79021,15698","384,161,390,233,332,140,46,49,242,211,60,125,446","BD (Becton, Dickinson and Company) has approximately 74,000 associates as of September 30, 2024. If you apply a 1:1,000 (one executive sponsor per 1,000 associates) ratio, this would mean BD would have 74 executive sponsors for its associate population."
07a24577,Trend in accrued CapEx for investment pace at LULU.,"93707,93705,93709,93708,93693,93665,93735,93594,93593,93674,93736,93592,93599,93673,93806",278,"Based on the provided context, Lululemon's capital expenditures (CapEx) have shown an increasing trend in recent years, reflecting a continued investment pace. In 2023, capital expenditures increased, primarily due to investments in distribution centers and technology infrastructure, though there was a partial offset from decreased spending on company-operated stores and corporate facilities (Chunk 1). Looking ahead, Lululemon expects capital expenditures to range between $690 million and $710 million in 2024 (Chunk 3 and 4). This projected range indicates a commitment to maintaining a high level of investment, especially in areas like distribution, technology, and system enhancements. In summary, the accrued CapEx at Lululemon reflects a sustained and possibly increasing investment pace, focused on infrastructure and technology to support growth and operational efficiency."
17530670,First Solar's tech refinements are impacting $FSLR pricing wars & supply-demand dynamics.,"64702,64655,64776,64773,64686,64772,64771,64774,64785,64839,64643,64679,64659,64672,64677",188,"First Solar’s technology refinements, including advancements in thin film semiconductor technology, the introduction of larger module formats (such as the Series 7), and the development of bifacial modules, are important factors in its competitive positioning in ongoing pricing wars and supply-demand dynamics within the solar industry. Key impacts include: - Cost Competitiveness: First Solar is among the lowest cost module manufacturers on a cost per watt basis, due in large part to its advanced thin film technology, high module wattage, and highly automated manufacturing process. This helps the company compete favorably in markets with intense pricing competition (Chunk 3). - Product Differentiation: Technological advancements, such as the bifacial Series 6 Plus module and the Series 7 module with higher wattage and innovative features (like the transparent back contact for better energy yield), provide differentiation over conventional crystalline silicon modules. These enhancements can improve energy yield, lower operational temperatures, and potentially lower the levelized cost of energy (LCOE) (Chunks 2, 7, 8). - Supply-Demand Balance: The global solar market is experiencing structural imbalances due to rapid capacity expansions, especially by manufacturers in China and Southeast Asia, leading to periods of oversupply and pricing volatility. First Solar’s technology and manufacturing expansions (with new facilities in the U.S. and India) are designed to address rising demand for domestically produced modules, particularly in the U.S. where policy incentives like the IRA support strong pricing (Chunks 4, 5, 6, 7). - Pricing Pressure: While module prices have generally declined globally due to overcapacity and aggressive pricing by competitors, near-term pricing in the U.S. remains strong for First Solar due to demand for domestic products. However, significant reductions in the cost of silicon feedstock could intensify pricing pressure from crystalline silicon module manufacturers (Chunks 1, 5, 4). In summary, First Solar’s ongoing technology improvements help it maintain cost and performance advantages that are critical in navigating pricing wars and managing the effects of global supply-demand imbalances in the solar industry."
69113c9d,Diff % in frontline vs mgr turnover improvement for Assurant.,"6417,6416,81362,6421,6422,134437,134438,6424,168854,6419,81361,22008,6429,6427,6391,6430","67,241,401,497,22","For full-year 2023, Assurant's turnover rate for managerial and salaried roles improved by 3 percentage points year-over-year, while turnover for frontline employees improved by 8 percentage points year-over-year. The difference in improvement between frontline and managerial turnover rates is 5 percentage points (8% - 3% = 5%)."
0ac99337,"Insider trading in MGM shows correlation with profitability, cash flow, & market valuation.","100603,100605,100532,100700,100561,100562,100534,100581,100551,100406,100600,100402,100396,100610,100632,88310","300,262",I cannot find sufficient information in the provided documents to answer this question.
3214f263,"Match Group's competitive positioning for brand portfolio strategy focuses on customer acquisition, reflecting ticker MG.","105547,105599,105458,105679,105541,105680,95102,105543,105459,1316,105552,105678,105553,75355,105633,105546","283,315,222,6","Match Group's competitive positioning for its brand portfolio strategy focuses on empowering individual brand leaders to grow their respective brands while leveraging centralized operational strengths. Each brand targets specific user demographics and preferences, allowing for tailored services and marketing approaches. The brands compete with each other and with third parties on features, business models, and brand characteristics, but also share best practices and centralized operational functions (such as ad sales, marketing, and technology) to introduce new services, optimize marketing, and improve user safety and profitability. Customer acquisition is a key focus, with strategies that include product innovation, targeted marketing (both online and offline), and expanding into new geographic markets. For example, Tinder supplements its viral growth with brand marketing to expand its user base, Hinge continues to grow in English-speaking and European markets with new features and marketing, and MG Asia brands like Pairs and Azar are expanding into additional regions. Match Group's approach is designed to quickly adapt to changing trends, optimize growth, and maximize competitive advantage across its diverse brand portfolio."
a3403e5b,Impact of Hilton's net cash financing on liquidity & capital structure: effects of divs & repurchases on fin. position. HLT,"74876,74878,74845,74875,74874,74662,74844,74841,74801,74784,74881,74971,74785,74964,74976",220,"Hilton’s net cash used in financing activities in 2023 was significant, totaling $2,040 million, which was an increase from $1,765 million in 2022. This cash outflow was primarily driven by returning capital to stockholders through dividends and share repurchases, both of which resumed in 2022 after being suspended in 2020. In 2023, Hilton paid $158 million in dividends and repurchased approximately 15.6 million shares of common stock for $2.3 billion. As of December 31, 2023, $3.8 billion remained available under Hilton’s stock repurchase program ([Chunk 8], [Chunk 1]). The impact on liquidity is evident in the reduction of cash and cash equivalents, which decreased from $1,209 million at the end of 2022 to $800 million at the end of 2023 ([Chunk 5]). The substantial outflows for dividends and share repurchases contributed to this decline, alongside other financing activities. These actions, while returning value to shareholders, reduce the company’s cash reserves and overall liquidity position. Regarding capital structure, the repurchases of stock led to a decrease in equity. Hilton’s total stockholders’ deficit widened from $(1,102) million at the end of 2022 to $(2,360) million at the end of 2023, reflecting the significant reduction in treasury stock and accumulated deficit as a result of these shareholder returns ([Chunk 2], [Chunk 5]). Despite these outflows, Hilton continues to have access to cash generated from operations and available borrowing capacity, and maintains a long-term policy focused on returning capital to shareholders while preserving capital ([Chunk 8]). In summary, Hilton’s sizable dividends and share repurchases in 2023 reduced its liquidity (lower cash balances) and increased its stockholders’ deficit, impacting its capital structure by decreasing equity. However, the company appears committed to balancing these returns with ongoing cash generation and borrowing capacity to support its financial position."
20761c72,"Geo comp dynamics affect strategy, risk, & valuation for Westinghouse Air Brake Tech Corp (WAB).","156620,156663,156662,156607,156619,156621,156828,156595,67209,156826,156644,156746,156643,156693,156591,88824","195,468,263","Geopolitical dynamics significantly influence the strategy, risk profile, and valuation of Westinghouse Air Brake Technologies Corporation (Wabtec). 1. Strategic Impact: - Wabtec’s global strategy includes expanding in international markets, as about 55% of its 2023 net sales came from customers outside the U.S. The company leverages its broad footprint (operations in over 50 countries, products in more than 100 countries) to access growth opportunities and diversify revenue streams (Chunk 14). - Strategic acquisitions (such as Faiveley Transport and GE Transportation) have positioned Wabtec as a global technology leader in locomotives and rail systems (Chunk 8). 2. Risk Considerations: - Geopolitical conflicts, such as the Russia-Ukraine war and instability in the Middle East, can disrupt international commerce, transportation routes, supply chains, and cause broader regional instability. These risks can lead to adverse effects on macroeconomic conditions, foreign currency fluctuations, and the recoverability of assets in affected regions (Chunks 2 and 3). - Wabtec has operations in Kazakhstan that have faced supply, distribution, and currency impacts due to the Russian invasion of Ukraine, and the company warns that future impacts cannot be predicted (Chunks 2 and 3). - Geopolitical tensions may also heighten other risks, such as cyberattacks, changes in trade policy, capital market volatility, and operational challenges in affected regions (Chunks 2 and 3). 3. Valuation Implications: - The uncertainties and disruptions caused by geopolitical conflicts can affect Wabtec’s financial condition, cash flows, and future performance, all of which are important factors in valuation. - Exposure to volatile international markets and the potential for adverse macroeconomic effects increases the company’s risk profile, which may be reflected in its valuation through higher risk premiums or more conservative investor assumptions. In summary, geopolitical dynamics directly affect Wabtec’s strategic decisions on market expansion and supply chain management, increase operational and financial risks, and consequently influence its valuation by impacting expected future performance and risk assessments."
717e45c3,Evaluation of risk-reward for unfunded commitments in TRV.,"155033,155032,125825,155230,108595,155237,108594,155256,155036,155238,155037,155157,155052,155149,155423,154980","464,325,375",I cannot find sufficient information in the provided documents to answer this question.
7f17dcac,"Pricing timing mkt conditions for Adobe structured vs accelerated repurchase, ticker at end.","1308,1420,1421,149659,36815,48636,82117,37408,135482,36900,44154,27025,149781,38481,27667","448,130,6,109,143,111,82,243,404,114,84,447","Adobe’s stock repurchase program allows the company to buy back shares either in the open market or through structured repurchase agreements, including accelerated share repurchase agreements (ASRs) with financial institutions. The timing, manner, and volume of repurchases are determined by market conditions and other relevant factors. With ASRs, Adobe provides a prepayment to a financial institution and receives an initial delivery of shares at the start of the contract, with the final number of shares and the average purchase price determined at settlement based on the volume weighted average price (VWAP) over the term of the ASR, minus an agreed-upon discount. For example: - In June 2024, Adobe entered an ASR with a $2.5 billion prepayment, initially receiving shares and then receiving an incremental delivery upon final settlement in September 2024. The total repurchased was 4.6 million shares at an average price of $546.30. - In September 2024, another ASR was initiated with a $2.5 billion prepayment and an initial delivery of 3.6 million shares. Upon settlement after November 29, 2024, the total repurchased was 5.0 million shares at an average price of $501.37. The use of ASRs enables Adobe to return value to shareholders and minimize dilution from stock issuances, with pricing and the number of shares ultimately based on market conditions during the ASR period. Open market repurchases, in contrast, are generally executed at prevailing market prices as determined by management’s assessment of market conditions. Ticker: ADBE"
edfb9a1c,"Link btwn cost savings/infra complexity & op efficiency, AKAM, & valuation multiples.","1789,1892,1823,1875,1788,1874,1872,1804,1795,1834,1966,1978,1965,1960,1973",8,"Akamai (AKAM) emphasizes cost savings and reduced infrastructure complexity as key competitive advantages. These factors contribute to operational efficiency, which is central to its business strategy. - Cost savings and reduced infrastructure complexity are important selling points for Akamai’s solutions, helping attract and retain customers by delivering return on investment (see Chunk 1, 5). - The company manages costs by migrating services to its own cloud (Akamai Connected Cloud), optimizing third-party cloud spend, and extending server useful lives (from five to six years), which directly reduces depreciation expense and increases net income (Chunks 4, 6, 11, 13). - Operational efficiency is maintained through disciplined resource allocation, competitive compensation for employees, and ongoing improvements in network and software efficiency (Chunks 4, 6). - These efforts to improve profitability and efficiency can positively affect valuation multiples, as higher margins and better earnings growth are typically rewarded by investors through higher valuation metrics. In summary, Akamai’s focus on cost savings and infrastructure simplification leads to greater operational efficiency, which in turn can enhance profitability and support higher valuation multiples in the market."
f7b112b0,BAC's cyber sec. capex impacts growth & comp. positioning.,"24253,42367,42366,95369,77685,24250,117065,95102,77684,91070,113987,91071,24488,73852,96805,24802","289,229,73,270,341,218,283,284,125,351","Bank of America (BAC) invests significant resources in modifying and enhancing its cybersecurity capabilities, which is essential due to the increasing complexity, interdependence, and digitalization within the financial sector. These ongoing cybersecurity-related capital expenditures are necessary for protecting the company’s information systems, supporting digital banking growth, and maintaining business continuity in the face of evolving threats. Strong cybersecurity investments help BAC mitigate operational, legal, financial, reputational, and regulatory risks. This commitment not only preserves customer trust and business integrity but also supports BAC’s ability to safely expand its digital product and service offerings—key drivers of growth in the modern banking environment. Furthermore, effective cybersecurity risk management and strategic investments in this area can enhance BAC’s competitive positioning by demonstrating reliability and security to customers and partners in a market where high-profile incidents can quickly undermine confidence in financial institutions. Conversely, failure to adequately invest in cybersecurity could hinder BAC’s growth and competitiveness due to potential operational disruptions, loss of customer confidence, or regulatory consequences. In summary, BAC’s capital expenditures in cybersecurity directly support its growth initiatives and help maintain or improve its competitive position in the financial industry."
7cc80f55,Cost mgmt. strategy for Oracle: TCO vs. comps for ORCL.,"117520,117471,117486,117458,117487,117767,117519,117515,117457,117472,117752,117465,117460,117462,117466,117456",352,"Oracle’s cost management strategy emphasizes providing customers with lower total cost of ownership (TCO) compared to competitors, through several key approaches: - Flexibility and Choice: Oracle offers a wide range of deployment models—cloud-based, on-premise, hybrid, and multicloud—allowing customers to choose the most cost-effective and functional option for their needs (Chunks 4, 14, 16). - Usage-Based Pricing: Oracle Cloud Services are designed to lower upfront customer investments by implementing usage-based resource consumption costs, making costs more predictable and manageable (Chunks 4, 9). - Integration and Efficiency: Oracle’s offerings are engineered for interoperability, allowing workloads to move easily between Oracle Cloud and other IT or cloud environments. This reduces integration and migration costs (Chunks 4, 9, 12). - Unique Hardware and Software Integration: Oracle’s storage and hardware products are tightly integrated with its software (e.g., Oracle Database), providing greater performance and efficiency and lowering the total cost relative to competitors’ storage products (Chunk 5). - Cost-Effectiveness: Oracle claims its storage products offer greater performance and efficiency and lower total cost relative to competitors (Chunk 5). The company highlights that its comprehensive, flexible, and interoperable deployment models better address customer needs compared to competitors who provide fewer offerings and more restrictive models (Chunk 4). - Multicloud Strategy: Oracle’s multicloud services enable customers to optimize cost, functionality, and performance by leveraging multiple cloud platforms, which can lead to cost savings and better TCO (Chunk 1). Overall, Oracle’s strategy is to differentiate itself from competitors by focusing on flexible deployment, integrated solutions, and pricing models that aim to lower customers’ total cost of ownership while providing enterprise-grade performance, security, and scalability."
211a073f,DIS seasonal ad rev & linear sports impact on profit risk mitigation.,"45335,45440,29180,29181,45328,61848,28822,45324,29212,45391,45392,61860,29179,45405,118093,61904","354,135,181,88,89","Disney’s (DIS) advertising revenues, particularly for its Linear Networks and sports programming, are subject to seasonal fluctuations and the timing of major sports events. Domestic advertising revenues are typically somewhat higher during the fall and somewhat lower during the summer months, and sports advertising revenues are impacted by the timing of sports seasons and events, which can vary throughout the year or take place periodically. This seasonality can cause variability in profits, especially if negative impacts occur during periods of traditionally high demand (such as park closures during summer travel season) [Chunk 1, Chunk 14]. To mitigate the risks associated with these seasonal fluctuations and the impact of sports programming on profits, Disney employs several strategies: 1. Diversification of Revenue Streams: Disney’s overall revenue is not solely dependent on advertising; it includes affiliate fees, subscriptions (DTC), content sales/licensing, and other business segments like Experiences (theme parks, resorts, etc.), which helps offset the volatility in advertising revenues [Chunk 2, Chunk 14]. 2. Contractual Agreements: Disney enters into long-term contracts for both the acquisition and distribution of programming, including sports rights. While these contracts may increase in cost over time, they provide some revenue stability through multi-year licensing agreements with MVPDs and other distributors. The terms of these agreements, including bundling and the inclusion of DTC offerings, can help manage revenue risk [Chunk 10, Chunk 11]. 3. Content Scheduling and Release Management: The timing of content releases, especially around vacation and holiday periods, is strategically managed to maximize viewership and advertising potential, helping to smooth out some of the seasonal fluctuations [Chunk 14]. 4. Flexibility in Offerings: Disney continues to adapt its distribution models, such as merging streaming services or launching new branded tiles (e.g., ESPN on Disney+), to capture audiences across platforms and reduce reliance on linear ad revenues [Chunk 5]. 5. Proactive Labor and Cost Management: The company actively manages operating expenses, including labor and production costs, to align with anticipated demand and profit impacts [Chunk 14]. 6. Risk Awareness and Planning: Disney acknowledges that negative impacts during high-demand periods can have an outsized effect on annual results and incorporates this understanding into its planning and risk management practices [Chunk 14]. In summary, while Disney’s linear and sports advertising revenues are indeed seasonal and can impact profits, the company uses diversification, long-term contracts, strategic scheduling, flexible offerings, and cost management as key risk mitigation approaches."
8b15da91,"The impact of MA's real-time account-based payments fintech trends on competitive positioning, both cross-border and domestic, is significant.","95947,95985,95918,95945,95926,95925,95949,96085,95952,95924,96086,95946,95919,96033,95927,153770","459,287","Mastercard's development and expansion of real-time account-based payments capabilities are having a significant impact on its competitive positioning, both cross-border and domestically. Domestically, Mastercard competes with local debit brands and real-time account-based payment systems (like PIX in Brazil, FedNow in the U.S., and UPI in India), which are gaining traction as alternatives to traditional card-based networks. These local networks often focus on domestic transactions and can offer lower or subsidized pricing, increasing competitive pressure on Mastercard’s traditional business and leading to downward pressure on fees (Chunks 1, 2, 7). Cross-border, Mastercard leverages its real-time account-based payments capabilities to enable instant payments between bank accounts, reaching approximately 10 billion endpoints globally in over 180 markets and 150 currencies. This strengthens its value proposition by facilitating rapid, flexible, and data-rich cross-border transactions, expanding its addressable market beyond cards to include ACH and account-to-account flows (Chunks 3, 5, 6, 10). As infrastructures in different countries are increasingly interlinked, Mastercard faces competition from both domestic real-time systems expanding internationally and from new players, but its broad payout reach and integration across channels enhance its position (Chunks 3, 5, 7). In summary, while real-time account-based payments fintech trends intensify competition—especially from domestic schemes and new digital players—they also provide Mastercard with opportunities to diversify revenue streams, extend its global reach, and offer differentiated value-added services. This dual effect reinforces Mastercard’s need to innovate and invest in real-time payments to maintain and strengthen its competitive positioning in both domestic and cross-border markets."
2f2830f7,Risk-return strat for AMP AFS outflows.,"15028,15029,15027,114265,15191,15188,15189,15155,15154,15004,15006,15009,15150,145584,15425,20373","63,436,341,47","Based on the provided context, there is no explicit discussion of a risk-return strategy specifically for AMP's Available-for-Sale (AFS) securities outflows. However, several relevant points regarding AFS risk management and related outflows can be synthesized: - AMP carries AFS securities at fair value, with unrealized gains and losses recorded in accumulated other comprehensive income (AOCI). Gains and losses are recognized in earnings upon sale (Chunks 6, 7). - If the fair value of an AFS security falls below its amortized cost, AMP assesses whether it intends or is likely to be required to sell the security before anticipated recovery. If so, the full impairment is recognized as a charge to earnings (Chunks 6, 7). - If a security’s value decline is not related to intent or requirement to sell, AMP distinguishes between credit-related and other impairments. Credit-related impairments are recognized as an allowance with a charge to net investment income, while impairments due to other factors are recognized in OCI (Chunks 5, 7). - Management evaluates risk and potential outflows using historical models, market data, and a variety of assumptions, but acknowledges that these models and assumptions may not always predict future exposures, especially in volatile or unforeseen market conditions (Chunks 1, 3). - Some controls for managing AFS risks are manual and subject to limitations, and valuation of securities may involve significant estimation and management judgment, which could result in outflows if securities are sold at a loss or if impairments are recognized (Chunks 1, 12). - Rapid market changes, credit events, or liquidity needs may force AMP to sell AFS securities for less than their carrying value, potentially causing outflows and impacting results (Chunk 12). In summary, AMP manages the risk-return profile of its AFS securities through ongoing monitoring, impairment recognition, and periodic evaluation of credit and market factors. Outflows can occur if securities are sold due to credit events, market volatility, or liquidity needs, and the company’s strategy involves balancing these risks with the aim of preserving value and minimizing losses. However, the specific strategy for managing outflows from AFS securities is not detailed in the provided context. If you need detailed quantitative metrics or a step-by-step risk-return strategy specifically for AFS outflows, I cannot find sufficient information in the provided documents to answer this question."
401535e1,ADP US vs non-US rev 2024.,"857,848,102932,856,1006,1103,1102,1327,5386,33695,745,850,5379,739,663","4,5,6,102,306,19","For the fiscal year ended June 30, 2024, ADP's revenues were as follows: - United States: $16,934.2 million - Non-US (sum of Europe, Canada, and Other): $1,451.4 million (Europe) + $473.7 million (Canada) + $343.3 million (Other) = $2,268.4 million So, for 2024: - US revenue: $16,934.2 million - Non-US revenue: $2,268.4 million"
c3b2a8a5,YUM! cash incentives cap. amort. rev. impact on cash flow proj.,"163547,163559,163630,163513,163583,163524,163665,163612,163664,163523,163595,163666,163671,163514,163483",487,"YUM! Brands sometimes provides cash incentives (such as contributions to build costs or free/subsidized equipment) to franchisees to drive new unit development or same-store sales growth, with the expectation of higher future revenues. These payments are capitalized as assets (within Prepaid expense and other current assets or Other assets) and are amortized as a reduction in franchise and property revenues over the expected period of cash flows from the related franchise agreements (see Chunk 2). The amortization of these capitalized incentives reduces reported franchise and property revenues, but this is a non-cash expense. As a result, while the initial cash incentive payment is an outflow in investing activities (when paid), the subsequent amortization does not impact operating cash flows directly—since amortization is added back to net income in the reconciliation to net cash provided by operating activities. Therefore, the impact of cash incentive amortization on cash flow projections is that it reduces reported revenues, but it does not reduce operating cash flows after the initial cash outlay, as amortization is a non-cash adjustment in the cash flow statement."
8cd7147a,FSLR rev rec contract terms net sales comparability.,"64903,64785,146371,146372,105941,64902,89624,115673,10259,64927,64853,142492,64901,116260,64679,38650","32,265,425,114,348,438,316,346,188","First Solar (FSLR) recognizes revenue for module sales at a point in time, typically upon shipment or delivery to the customer, depending on contract terms. Some contracts include provisions for liquidated damages if modules are not shipped/delivered on schedule or do not meet certain U.S. domestic content requirements. These liquidated damages are recorded as reductions in revenue when control of the modules is transferred to the customer. For sales of development projects or completed systems, revenue is recognized when the sales contract is executed, and may include variable consideration estimates that require significant judgment. Adjustments to these estimates are made when new information becomes available, impacting revenue in the period the revision is identified. FSLR’s net sales also include revenue from solar power systems, O&M services, energy generation, and EPC services, though the majority is from module sales. For example, in 2023, net sales were $3,318.6 million, with $3,296.8 million from solar modules. The company discloses that for certain EPC agreements, liquidated damages for underperformance are also recognized as revenue reductions. Contract liabilities (deferred revenue) arise from advance payments for future module sales and are recognized as revenue when modules are delivered. Deferred revenue increased significantly in 2023 due to more advance payments. FSLR does not adjust for a significant financing component if the period between advance payment and delivery is one year or less. Comparability of net sales across periods may be affected by: - Timing of module deliveries and recognition of advance payments as revenue, - Adjustments to variable consideration estimates from prior project sales, - Impact of liquidated damages, - Mix of module, system, and service sales, which can vary year-to-year. In summary, FSLR’s revenue recognition is closely tied to the transfer of control under contract terms, with net sales comparability influenced by contract structure, timing of deliveries, and adjustments for variable consideration or liquidated damages."
acd6a14c,"CME Group's valuation drivers—innovation, integration, and the impact of distribution—hinge on its operational strategies.","29430,29513,29545,29429,29431,29512,29441,29702,29701,29551,29570,29617,29700,123849,29544,29514","90,372","CME Group’s valuation drivers—innovation, integration, and the impact of distribution—are closely tied to its operational strategies in several ways: - **Innovation:** CME Group emphasizes expanding and innovating its core offerings, including the launch of new products and services, such as CBL Core Global Emissions Offset (C-GEO) Futures, 20-year U.S. Treasury Bond Futures, and Micro Bitcoin and Ether Options. The company also invests in technology, being the first derivatives marketplace to provide live market data natively in the cloud through Google Cloud, and continuously develops advanced analytic tools and market data services to meet evolving client needs (Chunks 7, 5). - **Integration:** The company’s holding structure and history of acquisitions (such as CBOT, NYMEX, COMEX, NEX) enable strategic and operational flexibility. Integration of these entities allows CME Group to offer a broad, complementary suite of exchange-traded, cash, and OTC products, providing capital efficiencies and a seamless experience for global market participants (Chunks 3, 5). - **Distribution:** CME Group’s global reach and customer base are central to its strategy. The company focuses on maximizing global growth by optimizing its sales teams, cross-selling products, expanding distribution partnerships, and using cloud-based data distribution for flexibility and cost-effectiveness. Distribution channels, including electronic trading platforms and partnerships, support worldwide customer access and drive trading volume, which directly impacts revenue and profitability (Chunks 7, 5, 3). Overall, CME Group’s operational strategies—launching innovative products, integrating acquisitions to broaden its product suite, and expanding and optimizing global distribution—are key drivers of its valuation by supporting growth, market relevance, and customer engagement."
30019807,"Revenue recognition for WEC Energy Group is based on fixed vs variable charges, ticker WEC.","164285,164284,164290,164291,164288,164287,164294,164293,164286,164292,164034,164306,164466,164458,164368",489,"WEC Energy Group recognizes revenue for its electric and natural gas utilities using both fixed and variable charges: - The fixed component is typically a customer charge that is recognized monthly using a time-based output method. - The variable component is usage-based and is recognized based on the quantity of electricity or natural gas delivered each month, using an output method. For both electric and natural gas services, these charges are included in the rates, terms, and conditions approved by state regulators and set out in customer tariffs. The fixed charge is recognized over time each month, while the variable charge is recognized as the commodity is delivered and consumed by customers during the month. This approach applies to both residential and commercial/industrial customers (see Chunks 1, 2, 3, 5)."
1d13611f,Impact of Amgen (AMGN) patent expirations vs. biosimilar revenue on growth & market share.,"8497,8610,8613,8616,8498,8609,8611,8667,8617,8612,8615,8875,8888,85894,8614","28,254","Amgen's (AMGN) patent expirations have had, and are expected to continue having, a significant adverse impact on the company's revenue growth and market share. As patents on key products expire, competitors can legally produce and market similar products, including biosimilars and generics. This has led to increased competition, resulting in rapid and substantial declines in net prices and product sales for both Amgen's reference products and the biosimilars themselves. Amgen has experienced intensified competition and greater net price declines after the launch of multiple biosimilar versions of its products, such as Neulasta, EPOGEN, NEUPOGEN, and ENBREL (in Canada). The entry of biosimilars often accelerates loss of market share and revenue, sometimes resulting in the loss of the majority of revenues for a product in a very short period. To offset these losses, Amgen has developed and launched its own biosimilar products, including MVASI (biosimilar to Avastin), KANJINTI (Herceptin), AMGEVITA and AMJEVITA (HUMIRA), AVSOLA (Remicade), RIABNI (Rituxan), BEKEMV (SOLIRIS), and has received approval for Wezlana (STELARA). While these biosimilar revenues provide new growth opportunities and help Amgen compete against other branded and biosimilar products, competition remains intense and price-focused, putting ongoing downward pressure on prices and margins. Overall, the negative impact from patent expirations and biosimilar competition on Amgen's originator products has been greater than the positive impact from biosimilar revenues, contributing to a challenging environment for revenue growth and market share retention. Amgen expects these pressures to continue and even intensify as more biosimilars and generics enter the market in the U.S., Europe, and other territories."
1621e500,"Trends in Fleetcor's 3-yr basic/diluted EPS reflect impacts on op. efficiency & SH value, FLT.","36846,36771,36833,70648,102935,79250,36847,51929,47129,54835,70649,165382,4261,44114,152539,136853","161,130,455,234,139,492,109,207,15,306,407,152","Over the three-year period from 2021 to 2023, FLEETCOR (FLT) demonstrated consistent growth in both basic and diluted earnings per share (EPS), reflecting improvements in operational efficiency and shareholder value: - Basic EPS increased from $10.23 in 2021, to $12.62 in 2022, and to $13.42 in 2023. - Diluted EPS similarly rose from $9.99 in 2021, to $12.42 in 2022, and to $13.20 in 2023. This positive trend indicates that FLEETCOR has been able to generate higher net income relative to its share count, a sign of operational efficiency. The steady increase in EPS also suggests enhanced value for shareholders, as each share represents a growing portion of the company’s profitability. The company’s growing revenues and net income during this period support these EPS gains, further underscoring FLEETCOR’s ability to effectively manage costs and drive earnings growth."
991e4798,Noncash investing & financing impacts on CFs & future invest flex. BLK.,"20608,20610,20674,20609,155393,20450,20605,61459,20458,20477,20741,47758,104127,30808,20460","140,464,180,310,93,63","For BlackRock (BLK), noncash investing and financing activities have several impacts on its cash flows and future investment flexibility: 1. Noncash Investing & Financing Activities: - BlackRock’s consolidated cash flow statements include both GAAP and non-GAAP presentations that reconcile the impact of consolidated investment products (CIPs), which can obscure the underlying cash flows available for corporate use (Chunks 1, 2, 4). - Noncash activities include things like the exchange of right-of-use (ROU) assets for operating lease liabilities. For example, in 2023, $32 million in ROU assets were recognized in exchange for lease liabilities, which did not involve an immediate cash outflow but increased future obligations (Chunk 11). - Carried interest capital allocations, changes in deferred compensation investments, and the impact of foreign exchange movements are also recognized as noncash items affecting investment balances but not immediately impacting cash flow (Chunk 1, 7). 2. Impact on Cash Flows: - Noncash activities do not immediately affect operating, investing, or financing cash flows, but they increase future obligations (such as lease payments) or potential income (such as carried interest) (Chunk 1, 11). - BlackRock presents its investments and net economic investment exposure after adjusting for noncash items, which helps provide a clearer picture of cash flows available for investment and operations (Chunk 7, 9). - Lease liabilities recognized as noncash items will lead to future cash outflows as lease payments come due (Chunk 11). 3. Impact on Future Investment Flexibility: - Noncash activities like new leases or deferred compensation plans increase future cash commitments, potentially reducing flexibility for new investments or other uses of cash. - However, BlackRock’s strong operating cash flows and management of noncash items (such as hedging seed investments and offsetting deferred compensation) are designed to maintain liquidity and investment capacity (Chunks 2, 7, 9, 11). - The company monitors its liquidity closely and adjusts for noncash obligations to ensure it can fund additional operating, investing, and financing activities (Chunks 1, 2, 4, 10). In summary, noncash investing and financing activities increase future obligations and must be managed to maintain investment flexibility. BlackRock’s disclosures and adjustments for these noncash impacts help clarify true liquidity and support ongoing investment capacity."
fe09543a,Impact of incentive programs and workforce on Steel Dynamics' competitive positioning and growth.,"75020,135336,135168,135331,135149,135148,135330,53416,135280,135169,135241,135150,135158,51193,135240,41433","403,150,122,156,221","Steel Dynamics’ (STLD) competitive positioning and growth are strongly influenced by its incentive programs and workforce strategies. The company emphasizes a performance-based incentive compensation philosophy that permeates all levels—from production team members to senior leadership. Over 60% of a production team member’s total potential compensation is “at risk,” tied to quality production and cost-effectiveness metrics, while over 85% of senior leadership’s compensation is linked to companywide financial performance metrics, such as return on equity, growth, cash generation, and return on invested capital (Chunk 12, Chunk 3). This alignment motivates employees to focus on quality, efficiency, and long-term value creation, directly supporting the company’s strategic objectives. The workforce is described as dedicated, innovative, and empowered, contributing to a culture of transparency, trust, and accountability. Steel Dynamics values diversity within its teams, believing it enhances innovation and broad-based thinking, which further drives value creation and supports the company’s entrepreneurial culture (Chunk 12). Health and safety are core values and foundational to the company’s strategy, ensuring a safe and engaged workforce that can focus on excellence and productivity (Chunks 3, 10, 5, 6). This commitment to safety and well-being contributes to employee retention and operational stability. The effectiveness of these workforce and incentive strategies is reflected in Steel Dynamics’ track record of profitable growth, its ability to attract and retain talent, and its strong financial performance—even in challenging market environments. The company’s unique entrepreneurial culture, supported by its incentive programs, has driven innovation, high utilization rates, product diversification, and customer-focused solutions, all of which are key to its competitive differentiation and sustained growth (Chunks 5, 6, 12). In summary, Steel Dynamics’ incentive programs and workforce strategies foster a high-performance, innovative culture that aligns employee interests with long-term company goals, directly strengthening its competitive positioning and enabling ongoing growth."
b1790bf5,Timing predictability for revenue recognition of EQT variable consideration vs fixed pricing.,"56135,55805,110160,165371,135633,29354,51730,115673,68446,34871,40933,83942,51026,141137,83941,62257","164,165,249,199,104,420,330,492,404,149,182,151,120,89,346","For EQT, revenue recognition timing is more predictable under fixed pricing contracts than under contracts with variable consideration: - Fixed pricing contracts (including fixed price or fixed differentials to NYMEX or index prices) provide fixed consideration, which is allocated to each performance obligation on a relative standalone selling price basis. Management generally concludes the fixed price or differential reflects the standalone selling price, and revenue is recognized at a point in time when control and legal title transfer to the customer at the designated sales point. This results in predictable timing for revenue recognition. - Variable consideration contracts, on the other hand, base payment terms on market prices at future delivery dates. Because these amounts depend on future market prices, there is less predictability in the timing and amount of revenue recognized. The company recognizes revenue at the time of delivery, but the actual transaction price is not known until the market price is determined, adding variability and reducing predictability in revenue recognition timing compared to fixed pricing contracts. In summary, fixed pricing contracts provide more predictable revenue recognition timing for EQT than contracts with variable consideration, which are subject to market-driven fluctuations."
31fa0eac,"EQT's EBITDA margins, free cash flow, competitive pressures, services, labor, and equipment.","55992,56130,56060,56197,55901,56081,56079,56078,55907,55908,56229,55896,55982,55956,56230,55955",165,"Based on the provided context, here is the information available regarding EQT's EBITDA margins, free cash flow, competitive pressures, services, labor, and equipment: EBITDA Margins & Free Cash Flow: - The specific EBITDA margin for EQT is not directly stated in the provided context. However, the documents discuss net income, operating cash flow, and capital expenditures, which are relevant to EBITDA and free cash flow calculations. - Net cash provided by operating activities was $3,179 million in 2023 and $3,466 million in 2022. - Total cash capital expenditures were $2,019 million in 2023 and $1,400 million in 2022. Free cash flow can be estimated as net cash provided by operating activities minus capital expenditures. - EQT’s revenues, earnings, and liquidity are substantially dependent on the prices received for natural gas, NGLs, and oil, and their ability to develop reserves. Prolonged low prices can adversely affect revenues, cash flows, and growth (Chunks 7, 9, 10, 13). Competitive Pressures: - EQT notes operational and capital efficiencies as a strategic focus, leveraging their scale and digitally-enabled business to differentiate from peers in the Appalachian Basin (Chunk 5). - The company’s operations are subject to regulatory, environmental, political, and legal uncertainties, and they cite the need to obtain land rights and permits as potential risks (Chunk 1). - There are risks related to relying heavily on one midstream provider (Equitrans Midstream Corporation) for midstream and water services, which could present vulnerabilities (Chunk 12). - Commodity price volatility is highlighted as a major risk affecting revenue, profitability, and growth. Lower prices could force EQT to reduce capital spending, which would impact production and reserves (Chunks 10, 13). Services, Labor, and Equipment: - EQT’s operational strategy emphasizes combo-development, which involves developing several multi-well pads in tandem to maximize operational and capital efficiencies. This approach allows more efficient use of rigs and reduces contract rates with service providers (Chunk 5). - The company experienced supply chain constraints in 2022, which affected the development schedule and negatively impacted sales volume and operating expenses in the first half of 2023 (Chunk 3). - EQT's workforce as of December 31, 2023, consisted of 881 employees, with a modern, digitally-enabled work environment and various employee benefits, including health insurance, 401(k) match, equity awards, and flexible work arrangements (Chunks 14, 16). - The company notes the importance of attracting and retaining employees with technical and digital skills and highlights the challenge of doing so (Chunk 12). In summary, while explicit EBITDA margins are not provided, EQT's free cash flow can be approximated from available cash flow and capital expenditure data. The company faces competitive pressures from commodity price volatility, regulatory requirements, and supply chain constraints, but leverages operational efficiencies and digital strategies. Labor and equipment availability, as well as reliance on a single midstream provider, are also important considerations for EQT’s operations."
295e8403,OXY air quality settlement 2016-2019 compliance risk mgmt.,"120122,120058,120063,120089,120067,120340,120339,120049,120052,120331,120333,120321,120391,120077,120378",360,"A subsidiary of Occidental (OXY) settled a previously disclosed matter involving alleged violations of federal and state air quality regulations that occurred between 2016 and 2019 at a facility in Eddy County, New Mexico. These violations were voluntarily disclosed by the subsidiary. To resolve the matter, the subsidiary paid an administrative penalty of $1.2 million to the State of New Mexico in January 2024. In terms of compliance risk management, Occidental has a centrally coordinated team led by its Chief Information Officer (CIO), which is responsible for implementing and maintaining cybersecurity and data protection practices, and the CIO regularly reviews risk management measures and overall strategies. In addition, Occidental engages third parties such as assessors, consultants, and auditors as needed to assist with assessing, identifying, and managing risks, including those related to compliance with environmental regulations. The company’s approach indicates an emphasis on both internal oversight and external expertise to manage and mitigate compliance risks, including those associated with air quality regulations."
c130faea,"Impact of diversity in GEHC exec structure on cap allocation & profitability, GEHC.","70870,70850,71211,70997,71076,70854,67189,70834,71142,70880,71014,24183,71011,70853,70835,70855","208,73,195",I cannot find sufficient information in the provided documents to answer this question.
627c4741,GPN operating income margin: 2022 vs. 2023.,"72901,72840,72815,72846,72833,72902,72965,72908,72832,51663,101330,72706,72711,72714","302,214,151","For Global Payments Inc. (GPN), the operating income margin for 2022 was approximately 7.1% ($640,151 thousand operating income divided by $8,975,515 thousand in revenues), and for 2023 it was approximately 17.8% ($1,716,386 thousand operating income divided by $9,654,419 thousand in revenues). This reflects a significant improvement in operating income margin from 2022 to 2023."
003a51f0,Crown Castle's decision on share repurchases via its ATM CP credit facility will depend on market conditions.,"31687,31685,151222,24881,31686,31776,24928,31777,31718,98586,112486,83266,24929,37095,31720,25078","97,452,293,74,110,336,247","Yes, Crown Castle's decision to repurchase shares or issue shares through its at-the-market (ATM) program, commercial paper (CP) program, and credit facility will depend on market conditions. The company notes that future sales or issuances of common stock or other equity-related securities, which could include share repurchases or issuances under its ATM program, may be influenced by market price, prevailing market conditions, and management’s assessment of appropriate funding sources. The proceeds from the ATM program, CP program, and credit facility may be used for general corporate purposes, which can include the repurchase of outstanding indebtedness and purchases of common stock, subject to market conditions at the time (see Chunks 4, 7, and 13)."
3e7695d3,"Impact of metal pricing mechanisms on growth and valuation for FM, Freeport-McMoRan.","66655,66543,66670,102468,66549,66587,66333,66770,66444,66679,66550,109661,108710,135216,66339,66338","193,326,329,305,403","Freeport-McMoRan's (FCX) growth and valuation are closely tied to the pricing mechanisms of its primary metals: copper, gold, and molybdenum. These metals are sold under globally recognized benchmarks—copper prices are typically set by the London Metal Exchange (LME), gold by the London Bullion Market Association, and molybdenum by Platts Metals Daily. The company’s revenues are thus highly sensitive to fluctuations in these market prices. Key impacts include: 1. Revenue and Cash Flow Volatility: FCX's revenues for 2023 were primarily from copper (75%), gold (15%), and molybdenum (8%). World prices for these commodities can fluctuate significantly, affecting the company's operating cash flows, profitability, and ultimately its valuation. For example, for every $0.10 per pound change in copper price, operating cash flows would change by approximately $400 million; a $100 per ounce change in gold price would impact cash flows by $180 million; and a $2 per pound change in molybdenum price would change cash flows by $120 million (Chunk 5). 2. Growth Planning and Capital Expenditures: Market prices directly influence FCX’s ability to fund capital expenditures and growth projects. Sustained low prices may force the company to revise operating plans, curtail expansion, or delay capital investments, which could limit future growth (Chunks 5, 9, 11). 3. Cost Structures and Profitability: The company’s unit net cash costs are partially offset by by-product credits, especially from molybdenum. Changes in metal prices can thus alter cost competitiveness and margins. Additionally, price adjustments on provisionally priced sales can affect reported revenues and profits (Chunk 6). 4. Market Demand and Strategic Positioning: Demand for copper, gold, and molybdenum is influenced by macroeconomic factors and technological trends (e.g., electric vehicles and renewable energy), which impact long-term growth prospects and valuation. For copper, demand from China and sectors like construction, clean energy, and electronics play a significant role (Chunks 9, 16). In summary, FCX’s growth opportunities and valuation are significantly influenced by global metal price mechanisms, with higher prices enhancing cash flow and enabling investment in growth, while lower prices can constrain operations and strategic initiatives. The company’s exposure to global benchmarks means it is subject to both the risks and opportunities presented by commodity price volatility."
93b3dd0a,2023-2021 KIM op. inc. gap & impact on op. efficiency.,"89188,89198,89199,89189,89118,89158,89157,86856,86847,99594,89126,89262,89185,89105","264,257,297","For Kimco Realty (KIM), operating income (op. inc.) for the years 2023 to 2021 was as follows (in thousands): - 2023: $638,777 - 2022: $565,464 - 2021: $424,286 The gap (increase) in operating income between each year: - 2023 vs. 2022: $638,777 - $565,464 = $73,313 increase - 2022 vs. 2021: $565,464 - $424,286 = $141,178 increase Impact on operating efficiency: - The consistent growth in operating income over these years indicates improved operating efficiency. This improvement is supported by increased revenues from rental properties and management fees, as well as gains on property sales and special dividend income in 2023. - Operating expenses also increased, but the rise in operating income outpaced these costs, reflecting effective cost management and higher profitability. - The company notes that the increase in same property net operating income (NOI) was primarily driven by strong leasing activity, leading to higher rental revenues. In summary, the gap in operating income from 2021 to 2023 shows significant growth, which reflects positively on Kimco Realty's operating efficiency and ability to generate higher profits from its core operations."
8454865b,Cash flow & liquidity impact due to FMC contract timing.,"64008,64010,64006,63959,64046,64062,64045,64043,64041,64061,63962,64113,64176,88343,91427","186,262,271","FMC’s cash flow and liquidity are significantly affected by the timing of customer contracts, particularly regarding advance payments, fulfillment of performance obligations, and trade receivable management: - Advance Payments and Contract Liabilities: FMC often receives advance payments from customers for products to be delivered within the next year. These prepayments are recognized as contract liabilities on the balance sheet and revenue is recognized as shipments are made and control of goods transfers to the customer. The advance payments from customers decreased from $680.5 million at December 31, 2022, to $482.1 million at December 31, 2023, indicating a reduction in upfront cash received (Chunks 8, 9). - Revenue Recognition and Contract Timing: FMC recognizes revenue when performance obligations are satisfied—usually when control of goods is transferred. Most contracts are short-term (one year or less), so the timing of order fulfillment directly impacts when revenue and corresponding cash inflows are recognized (Chunk 8). - Working Capital Fluctuations: Contract timing, especially advance payments and fulfillment schedules, cause fluctuations in working capital. For example, changes in advance payments from customers and accounts receivable directly impact cash provided or required by operating activities. In 2023, FMC experienced a significant outflow from operating activities of continuing operations ($300.3 million required), partly due to changes in working capital such as a $199.1 million decrease in advance payments from customers and a $192.4 million inflow from trade receivables (Chunk 3). - Receivables Securitization: FMC uses a trade receivables securitization program to manage liquidity. Receivables are sold (primarily in Brazil), providing immediate cash and reducing the receivables on the balance sheet. In 2023, $148.3 million in receivables were sold, providing liquidity despite the timing gaps between sales and customer payments (Chunk 6, 10). In summary, FMC’s cash flow and liquidity are sensitive to the timing of contract-related cash flows—advance payments, revenue recognition upon delivery, and receivable management. Delays or changes in contract timing can lead to substantial swings in operating cash flow and available liquidity."
1e3277b9,"CTAS acquisition trends for 2023-2024, with implications for growth strategies, highlight the ticker performance in the middle of the analysis.","36286,36184,36198,36182,36183,36302,36122,36124,36133,36128,36301,36191,36147,36185",107,"For fiscal years 2023 and 2024, Cintas (CTAS) continued its strategy of supplementing internal growth with acquisitions. In both years, the company acquired businesses across its Uniform Rental and Facility Services, First Aid and Safety Services, and Fire Protection operating segments. Cash paid for acquisitions of businesses, net of cash acquired, increased significantly from $46.4 million in fiscal 2023 to $186.8 million in fiscal 2024. This rise indicates a more aggressive acquisition approach in 2024, supporting Cintas’ strategy to expand its service offerings and geographic reach. These acquisitions are aligned with Cintas’ broader growth strategy, which focuses on increasing penetration with existing customers, broadening the customer base, and expanding into new markets. The company’s frequent customer contact and national sales organization help identify opportunities for cross-selling and market expansion, while strategic acquisitions add new capabilities and customer segments. In the middle of this period, the CTAS ticker performed strongly. The aggregate market value of Cintas’ common stock held by non-affiliates as of November 30, 2023, was approximately $56.1 billion, based on a closing price of $553.25 per share. Cintas’ stock is traded on the NASDAQ under the symbol ""CTAS,"" and the company announced a 4-for-1 stock split in May 2024, reflecting ongoing confidence in its performance and future prospects. In summary, Cintas’ increased acquisition activity in 2024 underpins its growth strategy, and the strong performance of the CTAS ticker during this period highlights positive investor sentiment and market confidence in the company’s direction."
76ae4baa,Impact of PANW board security oversight on growth & valuation?,"115623,115622,115630,115637,115492,115501,115527,115635,115523,115485,115624,115628,115508,115621,115524",346,"The board security oversight at Palo Alto Networks (PANW) is managed through a dedicated Security Committee composed of all independent directors. This committee facilitates the board’s responsibility for oversight of security matters, including cybersecurity risk management, risk exposure, and related controls. The Security Committee meets quarterly with senior management, including the Chief Information Security Officer, to review cybersecurity programs, risks, and mitigation strategies (Chunks 1, 2, 11). This strong governance structure ensures continuous monitoring and effective response to cybersecurity risks, which is especially important for a company operating in the cybersecurity sector. The company has not identified any cybersecurity risks that have materially impacted its business strategy, results of operations, or financial condition to date, but acknowledges ongoing and increasing risks (Chunk 2). The effectiveness of board oversight contributes to PANW’s reputation for robust risk management, which can foster customer trust and confidence. This, in turn, supports the company's growth—evidenced by increasing revenue and expansion of its customer base across over 180 countries, including most of the Fortune 100 and a majority of the Global 2000 (Chunk 8). In terms of valuation, the company’s strong governance and security oversight likely enhance investor confidence. This is reflected in PANW’s stock performance, which has significantly outperformed major indices over the past five years (Chunk 3). The company’s ongoing innovation, broadening portfolio, and emphasis on security governance collectively support both growth and valuation. In summary, robust board-level security oversight at PANW helps mitigate risks, reinforces its market reputation, supports customer and investor confidence, and contributes positively to both growth and company valuation."
a7c3c150,"Trends in PNC's investment strategy reveal variance between securities available for sale and loans, ticker at end.","131556,131880,131707,131555,131896,131650,131649,131558,131407,131552,131554,131562,42632,131703,131406,42727","393,125","PNC's investment strategy shows distinct approaches for securities available for sale and loans: - Securities Available for Sale: PNC classifies debt securities as trading, held to maturity, or available for sale. Securities available for sale are carried at fair value, with unrealized gains and losses included in Accumulated Other Comprehensive Income (AOCI) net of taxes. These securities are managed with considerations for risk management, liquidity, and regulatory capital requirements. PNC recognizes that the CECL (Current Expected Credit Loss) standard requires expected credit losses on both held to maturity and available for sale securities to be recognized through the allowance for credit losses (Chunk 3). - Loans: The loan portfolio is primarily managed to meet customer demand and support business growth. PNC’s capital and liquidity priorities are to support customers, fund business investments, and return excess capital to shareholders, while maintaining appropriate capital and liquidity in light of economic conditions and regulatory expectations (Chunk 8). Loans are subject to the CECL standard for credit loss recognition, and their management is closely tied to PNC’s broader strategy of expanding customer relationships and supporting its core business operations. Overall, PNC’s investment strategy for securities available for sale is focused on liquidity, risk management, and regulatory compliance, while its approach to loans emphasizes supporting business growth and customer needs, with both portfolios managed under the CECL credit loss framework. Ticker: PNC"
c555ca68,"At IFF, board age & innovation risk are critical factors.","78838,78812,79140,136340,78925,78833,78811,79139,78825,78924,79141,78837,78830,78820,78928,78920","233,406","At IFF, the Board of Directors includes members with significant experience, with ages ranging from 43 to 64 among executive officers (for example, J. Erik Fyrwald, CEO, is 64). The company places strong emphasis on innovation as a key competency, investing substantial resources in research and development of new molecules, compounds, formulations, and technologies. Risk management, including innovation risk, is integrated into their enterprise risk management (ERM) processes, with oversight from the Board and senior leadership. The Board and its committees regularly review risks, including those related to information security and innovation, ensuring alignment of resources and strategy to support ongoing innovation and address emerging risks."
744f9512,SLB board exp. & risk mgmt. strategy alignment.,"130683,130684,130712,130681,130682,110816,130730,130729,114035,130652,130744,130655,130653,130728,130776","332,341,391","SLB’s Board of Directors oversees the company’s risk management strategy, including cybersecurity and other operational risks. The Board is composed of individuals with significant executive experience in the energy and related industries, such as former CEOs, CFOs, and leaders from major companies like Woodside Petroleum, TotalEnergies, Vista, Ørsted Wind Power, and Wintershall Dea. This collective experience provides the Board with expertise in managing complex, global operations and understanding sector-specific risks. In terms of risk management strategy, SLB integrates its cyber risk management program into the broader enterprise risk management system. The program is based on recognized best practices and standards, such as the NIST Cybersecurity Framework and ISO 27001. The Board reviews cybersecurity risks at least annually as part of the enterprise risk process, while the Audit Committee receives quarterly briefings on the effectiveness of the cyber risk management program. This structure ensures that the Board’s oversight is informed and aligned with industry standards and the company’s operational realities, leveraging the directors’ extensive backgrounds in risk oversight and strategic leadership (Chunks 1, 4, 5, 15)."
31ae18c8,RTX's pricing strategy impacts margins in aerospace & defense.,"135344,135527,135632,135381,135357,135525,135526,135358,135401,135402,135773,143188,135749,143187,135400,135396","428,404","RTX’s pricing strategy significantly impacts its margins in both the aerospace and defense sectors due to several factors: - In the aerospace segment, RTX often operates under fixed-price contracts, especially for government and commercial customers. These contracts can limit RTX's ability to increase contract values or pricing to offset rising costs, particularly on long-term or fixed-price agreements. As a result, if production costs increase (for example, due to inflation, supply chain issues, or higher employee-related costs), RTX's operating profits and margins can be adversely affected because the company may not be able to pass these increased costs on to customers (Chunk 4). - In commercial aerospace, margins are influenced by the mix of aftermarket versus original equipment manufacturer (OEM) sales. Higher volumes and favorable mix in commercial aftermarket sales have contributed positively to operating profit, as seen in 2023, but these gains can be partially offset by higher production costs on the OEM side, which are not always recoverable through pricing (Chunks 2, 7). - In defense, margins are also affected by pricing strategies. If cost increases occur during the execution of fixed-price contracts (common in government defense work), RTX may not be able to recover those costs, which can negatively impact margins (Chunk 4). Additionally, competition often leads to price pressure, requiring RTX to offer competitive pricing, discounts, or other incentives, which can further impact profit margins (Chunk 5). In summary, RTX’s ability to manage margins is closely linked to its pricing strategy, with fixed-price contracts and competitive pressures posing risks to profitability when costs rise or when aggressive pricing is required to win business."
1445a963,VTRS 2021-2023 net sales decline & gross profit growth % indicate operational efficiency.,"160934,160751,160728,160622,160514,160511,160653,160707,160708,58258,160932,160843,160979,160543,160988","480,171","From 2021 to 2023, Viatris (VTRS) experienced a decline in net sales and a slight growth in gross profit, which may indicate some improvement in operational efficiency. Net Sales: - 2021: $17,813.6 million - 2022: $16,218.1 million - 2023: $15,388.4 million This reflects a net sales decline of approximately 13.6% over the period (from 2021 to 2023). Gross Profit: - 2022: $6.50 billion (gross margin: 40%) - 2023: $6.44 billion (gross margin: 42%) Gross profit in dollar terms decreased slightly from $6.50 billion in 2022 to $6.44 billion in 2023 (a decline of about 0.9%), but gross margin improved from 40% to 42%. Adjusted gross margin remained essentially flat at around 59%. The increase in gross margin despite lower sales and gross profit suggests improved operational efficiency, likely due to lower cost of sales and cost management, even as overall revenue declined. In summary: Although Viatris’ net sales declined from 2021 to 2023, the company improved its gross margin, indicating enhanced operational efficiency during this period."
864fd74a,Impact on NVDA share repurchases from the excise tax in IRA.,"111991,111990,99895,22467,2979,30913,2560,2559,78409,139991,23224,73025,51774,111888,111916,88955","416,68,70,231,263,298,10,12,334,214,151,93","Based on the provided context, there is no specific mention of the impact of the 1% excise tax from the Inflation Reduction Act (IRA) on NVIDIA's (NVDA) share repurchase program. The documents detail the amounts and authorization for share repurchases, but do not state whether or how the excise tax has affected NVDA's repurchase activity, financial statements, or policies. I cannot find sufficient information in the provided documents to answer this question."
9c496b06,Financial impact of UBER's lease obligations at Mission Bay.,"152946,152945,152885,152914,152811,169470,152883,152913,152796,152869,152814,16377,152795,169469,153371","456,497,51,457","Uber's lease obligations at Mission Bay primarily arise from two 75-year land lease agreements executed as part of the development of its new headquarters. As of December 31, 2023, the commitments under these land leases total $116 million until February 2032. After 2032, the annual rent amount will adjust annually based on the prevailing consumer price index. The real estate transaction related to Mission Bay is accounted for as a financing transaction of Uber's 49% indirect interest in the land, due to continuing involvement through a purchase option. Uber retains 100% ownership in the constructed office buildings (approximately 423,000 rentable square feet). Overall, the direct financial impact includes the $116 million in lease commitments through February 2032, with future rent adjustments tied to inflation thereafter. These obligations are part of Uber's broader lease liabilities, but the Mission Bay-specific commitment is clearly quantified through 2032."
b63774a6,"Impact of Newmont's labor structure on cost risks & operational flex, ticker at end.","118943,118679,119136,118942,119089,118654,118832,101643,119102,118718,118690,119123,118834,72149,118678,118673","212,356,303","Newmont’s labor structure has a significant impact on both cost risks and operational flexibility. As of December 31, 2023, about 21,700 people were employed by Newmont and its subsidiaries, with an additional 18,500 contractors supporting operations. Approximately 31% of the workforce are union members or participate in collective bargaining (Chunk 16). This unionized portion of the workforce can affect cost risks because collective bargaining agreements may set wage levels, benefits, and other employment conditions, potentially leading to increased operating and capital costs. Increased labor costs can impact profitability, especially if negotiations lead to higher wages or enhanced benefits (Chunk 2, Chunk 16). Operational flexibility may also be constrained by the labor structure. Union contracts can limit the company's ability to rapidly adjust workforce levels or reassign employees in response to changing operational needs. Additionally, labor disputes or work stoppages could further impact operational efficiency and increase costs (Chunk 2). In summary, Newmont’s significant unionized workforce introduces both cost risks—through potential increases in labor expenses—and may reduce operational flexibility due to collective bargaining constraints. Ticker: NEM"
ade230dd,"Risk quantification for The Hartford cybersecurity breach, along with contingency planning and cap allocation, THG.","84507,43057,84465,152355,77685,112924,84531,84681,77715,165772,85007,77714,84657,72418,85006,84659,84418","229,455,493,338,213,251,127","Based on the provided context, The Hartford (THG) addresses cybersecurity breach risk through several approaches, but specific quantitative metrics for risk quantification are not detailed in the context. **Cybersecurity Risk Quantification:** - The Hartford acknowledges that its systems are subject to cyber-attacks, including ransomware, denial of service, business email compromises, and other security breaches. The frequency and sophistication of such threats are increasing. - Although The Hartford is not aware of having experienced a material breach to date, it recognizes that administrative, technical, and internal accounting controls may be insufficient to prevent all security incidents. - The risks associated with a breach include compromised confidential information, business interruption, remediation costs, loss of revenue, regulatory scrutiny, litigation, and reputational damage (Chunk 1). **Contingency Planning:** - The Hartford has in place preventive actions and controls, but also recognizes the necessity of contingency planning for scenarios where these may be insufficient. - The company’s policies and procedures for managing risk include incident response planning and disaster recovery as part of the responsibilities of its Chief Information Security Officer (CISO) and Chief Information Officer (CIO), both of whom have significant experience in technology and information security leadership (Chunk 7). - The Hartford's risk management also involves identifying material risk changes and emerging risks that may impact operating cash flows or liquid assets. It maintains multiple sources of contingent liquidity, such as revolving credit facilities and intercompany liquidity agreements, to ensure financial flexibility in case of significant events, which would include a major cyber incident (Chunk 8). **Capital Allocation (CAP):** - While the context does not provide a detailed capital allocation plan specifically for cybersecurity, it does mention that The Hartford’s CFO has primary responsibility for liquidity risk and that the company maintains capital management strategies to address various risks, including those emerging from cyber threats (Chunk 8). - The company applies disciplined underwriting protocols, exposure controls, risk modeling, and risk transfer strategies to manage risk broadly. This includes maintaining adequate capital to respond to unpredictable events, which would encompass significant cybersecurity incidents (Chunk 16). **Summary:** - The Hartford recognizes cyber risk as a significant threat and manages it through a combination of technical controls, experienced leadership, incident response planning, and capital/liquidity contingency measures. - Specific quantitative measures or methods for cyber risk quantification are not provided in the available context. - Contingency planning and capital allocation are integrated into the company's broader risk management and capital management strategies. If you need more specific quantitative information or detailed capital allocation metrics for cybersecurity risk at The Hartford, I cannot find sufficient information in the provided documents to answer this question."
80d7a7c9,Analyzing the financials and growth of Fertilizantes Brazil post-integration: The Mosaic Co. impact on performance.,"109777,109776,109543,109779,109765,109500,109525,109524,109532,109757,109498,109866,109769,109721",329,"Following the integration of Vale Fertilizantes into The Mosaic Company, the Mosaic Fertilizantes segment has established itself as the leading fertilizer production and distribution company in Brazil, significantly impacting Mosaic's overall performance. Key impacts and financial highlights post-integration include: - Scale and Market Position: Mosaic Fertilizantes now accounts for approximately 20% of fertilizer shipments in Brazil and has the capacity to produce about 4.5 million tonnes of phosphate- and potash-based crop nutrients and animal feed ingredients annually. Mosaic controls around 72% of Brazil's annual production of concentrated phosphate crop nutrients and 100% of the country's potash production (Chunks 6, 7, 11). - Financial Performance: For the year ended December 31, 2023, Mosaic Fertilizantes reported net sales of $5.7 billion, a decrease from $8.3 billion in 2022, mainly due to lower finished product selling prices, although partially offset by higher sales volumes. Gross margin for 2023 was $211.6 million, down from $1.0 billion in 2022, primarily due to lower average selling prices. However, lower raw material costs (notably sulfur and ammonia) and lower product costs provided some offset to the price declines (Chunks 1, 2, 5). - Sales Volumes and Production: Sales volumes increased to 9.7 million tonnes in 2023 from 9.4 million tonnes in 2022, reflecting growth in customer base and effective distribution strategies (Chunks 1, 2, 5, 7). The segment continues to operate five phosphate rock mines, four chemical plants, and a potash mine in Brazil, along with extensive blending, distribution, and port facilities (Chunks 6, 7, 8, 10). - Strategic Advantages: The integration has enabled Mosaic to leverage vertical integration, economies of scale, and a strong distribution network, providing competitive advantages in Brazil's highly competitive fertilizer market. The proximity of operations to major agricultural regions and the ability to supply a wide variety of crop nutrients through both production and distribution activities have strengthened Mosaic’s market position (Chunks 3, 7, 8). - Growth and Expansion: Mosaic Fertilizantes is pursuing growth through increased distribution capacity, such as the construction of a new one-million-tonne distribution facility in northern Brazil, and continued innovation in product offerings (Chunk 8). In summary, the integration of Fertilizantes Brazil into Mosaic has bolstered Mosaic's presence and performance in the Brazilian market, making it a dominant player with significant production, distribution, and market share. The segment's financial results are highly influenced by global commodity prices, but its scale, integration, and distribution reach position it for continued growth and resilience despite market volatility."
20d38be5,CTAS faces competitive pressures in its cost structure margins while implementing risk mitigation strategies.,"36147,36146,36137,36133,36128,36127,36129,36143,36301,36144,36302,36130,131531,36303,36187,36191","393,107","CTAS operates in highly competitive industries and faces significant competitive pressures that can impact its cost structure and margins. Key competitive elements include product, design, price, quality, service, and customer convenience. If competitors lower prices to gain or retain market share, CTAS may be required to reduce its own prices, potentially adversely affecting its consolidated results of operations and margins. Additionally, competition for acquisition candidates can increase acquisition costs and reduce available opportunities. Customers may also choose to perform services in-house, further intensifying competitive pressures on margins. To address these risks, CTAS implements various risk mitigation strategies, such as expanding into new markets by opening new, cost-effective operating facilities, investing in sourcing and productivity initiatives, and leveraging fixed costs to improve gross margins. The company also focuses on responsible sourcing, compliance with regulations, and ongoing review and adaptation of its business strategy to manage market risks and maintain operational efficiency. Despite these efforts, CTAS's cost structure and margins remain susceptible to macroeconomic factors, such as inflation, labor costs, and supply chain constraints, which the company actively manages as part of its risk mitigation strategies."
a37777e5,Impact of non-recurring legal charge pre-tax & after-tax for PCAR Q1 2023.,"116486,116404,116508,141370,40542,72229,168133,151723,46062,137055,130931,101536,124872,24627,52319,24626","421,454,392,137,73,303,496,212,374,119,408,153,349",I cannot find sufficient information in the provided documents to answer this question.
75c810e8,Impact of lease charges on profitability for Dayforce Inc. (DFC),"41609,41554,49870,45052,41527,41528,41536,41526,59800,143481,41522,41523,88310,41521,58221,43136","133,262,171,428,175,146,122,127","Lease charges for Dayforce Inc. (Dayforce, formerly Ceridian HCM Holding Inc.) are a part of the company's operating and financing expenses. For the year ended December 31, 2023, Dayforce reported a total lease cost, net of sublease income, of $10.4 million, down slightly from $10.9 million in 2022. The lease costs are broken down into operating lease costs ($8.8 million), financing lease costs for depreciation ($1.7 million), and interest ($0.3 million), offset by sublease income ($0.4 million). While these lease expenses are not the largest cost item for Dayforce, they do impact overall profitability by contributing to operating expenses. However, the effect of lease charges appears to be relatively modest compared to the company’s total revenue and gross profit. In 2023, Dayforce achieved a total gross margin of 42.7%, up from 38.0% in 2022, and gross profit increased by $173.3 million, or 36.6%. This indicates that the increase in revenue and gross profit outpaced any impact from lease charges. In summary, lease charges are a recurring expense that reduce profitability, but for Dayforce, their overall impact is limited in the context of strong revenue growth and improving gross margins."
588bf70b,Litigation liabilities vs. earnings cash reserves for TSLA.,"146352,146431,146433,146222,146200,146215,146434,146432,146436,146382,146442,146438,146440,146437,146441,146435",438,"Based on the provided context, Tesla (TSLA) is involved in several significant litigation matters, some of which have resulted in large fee awards and potential liabilities. Notable recent outcomes include: - A $345 million fee award related to the 2018 CEO Performance Award litigation, which Tesla and its director defendants have appealed. - A $176 million fee award in a directors’ compensation case, which Tesla also intends to appeal. - Other ongoing lawsuits and investigations, but many are either stayed, dismissed, under appeal, or not expected to have an adverse impact on Tesla’s financial position. In terms of financial reserves, as of December 31, 2024, Tesla reported: - Cash and cash equivalents: $16,139 million - Short-term investments: $20,424 million - Total current assets: $58,360 million Comparing the largest litigation liabilities (hundreds of millions of dollars) to Tesla’s cash and short-term investments (over $36 billion combined), Tesla’s cash reserves and liquidity are substantially larger than its current litigation-related liabilities. Therefore, while the litigation liabilities are significant, they do not threaten Tesla’s overall financial stability given its large cash reserves and current assets."
251b390e,"KMI's labor strategy, incorporating risk mitigation, emphasizes long-term performance.","90944,90945,91019,91012,91020,20819,91015,91141,91142,90904,91182,141960,91251,91248,86790,91179","64,257,270,424","KMI's labor strategy incorporates several elements that emphasize long-term performance and risk mitigation: - The company employs a strategic approach to building a diverse, inclusive, and respectful workplace, with human resources supporting the attraction, development, and retention of diverse talent and supporting employees’ career and development goals. - KMI values safety and integrates a culture of safety, emergency preparedness, and environmental responsibility through its Operations Management System (OMS), which aligns with industry standards and aims for continual improvement and compliance with laws, rules, and regulations. - The company sets specific, measurable safety performance targets, such as outperforming industry averages for total recordable incident rate (TRIR) and improving its own TRIR over time, demonstrating a focus on long-term safety outcomes. - Succession planning is overseen by the Board’s Nominating and Governance Committee, with annual reviews and identification of minority and female candidates for senior positions, supporting leadership continuity and diversity. - KMI considers employee diversity an asset and is committed to equal opportunity employment, taking affirmative steps to ensure all employment decisions are based on valid job requirements. - Risk mitigation is further addressed through ongoing workforce training, tuition reimbursement, and regular training and policy reviews to prevent harassment and discrimination. - The company maintains good employee relations, with a portion of its workforce covered by collective bargaining agreements set to expire between 2024 and 2028. - Pension and OPEB (Other Post-Employment Benefits) plans are managed to balance long-term obligations and prudent investment risk, with defined benefit plans for U.S. employees and strategies to maintain plan solvency and meet future obligations. Overall, KMI’s labor strategy aims to foster a safe, inclusive, and high-performing workforce, manage operational risks, and ensure long-term organizational resilience and performance."
151efd09,"Cybersecurity risk integration for growth & competitive positioning, ticker at the end.","31467,21794,149224,70171,18471,146300,36451,145395,110807,151639,36445,119848,147609,90468,19492,61291","96,66,454,359,108,332,206,268,435,180,438,57,443,60,445","Many companies integrate cybersecurity risk management into their overall enterprise risk management (ERM) frameworks to support business growth and maintain competitive positioning. This integration includes regular risk assessments, alignment with industry best practices and frameworks (such as NIST and ISO 27001), and the use of both internal and external experts for ongoing evaluation and improvement. Key strategies include: - Embedding cybersecurity into business continuity and crisis management planning (CAG, TXN, BKR). - Utilizing a multi-layered governance structure with board and executive oversight (GS, TXN, PG, USB). - Implementing technical safeguards, regular testing (including penetration testing, red teaming, and tabletop exercises), and continuous monitoring to adapt to emerging threats (CRM, LEN, TSLA, CAG). - Maintaining robust incident response plans and leveraging threat intelligence to anticipate and respond to cybersecurity risks quickly (CRM, TSLA, BKR, COR). - Integrating third-party and supply chain risk management to address vulnerabilities that could impact operations or reputation (PG, TMUS, CRM). - Obtaining and maintaining industry certifications to demonstrate commitment to best practices and instill trust with customers (COR, CRM). These efforts are designed not only to protect assets and ensure regulatory compliance but also to enhance customer trust, minimize business disruption, and support sustainable growth—thereby strengthening competitive positioning. Tickers referenced: COR, CAG, USB, GRMN, BKR, TSLA, CRM, TXN, GS, PG, TMUS, LEN, D"
cb04502d,"Capex breakdown for LO 2023: contribution from Hotels & ticker, as well as Corp to overall spend.","97607,97999,98001,97778,43669,74841,149618,43670,97905,97777,97740,97996,97708,83626,97701,122875","129,291,369,248,220,447","I cannot find sufficient information in the provided documents to answer this question. The retrieved context does not include a specific capital expenditures (capex) breakdown for Loews Corporation (ticker: L) for 2023, nor does it detail the individual contributions from Loews Hotels & Co and the Corporate segment to the overall capex spend."
e325dfe4,GPM for TSN FY24 compared to historical margins.,"147279,147286,147332,147318,147306,147327,147357,147346,147189,147202,147215,147410,147295,23214,147285","442,70","For TSN (Tyson Foods), the gross profit margin (GPM) for fiscal year 2024 was 6.8%, calculated from gross profit of $3,627 million on sales of $53,309 million. This represents an improvement over fiscal year 2023, when the gross profit margin was 5.0% ($2,631 million gross profit on $52,881 million in sales). Thus, the GPM increased by 1.8 percentage points from FY23 to FY24, showing improved profitability relative to historical margins provided."
8e508779,"Insider trading arrangements, mgmt confidence, Constellation Brands.","140154,49181,140054,105670,140155,139896,140156,139948,165918,139944,140173,153689,139947,140170,51494,140053","416,458,493,144,150,315","For the quarter ended February 29, 2024, none of Constellation Brands’ directors or officers adopted or terminated a Rule 10b5-1 trading arrangement or a non-Rule 10b5-1 trading arrangement. Regarding management confidence, the Chief Executive Officer and Chief Financial Officer concluded that the company's disclosure controls and procedures were effective as of the end of the reporting period. Additionally, management evaluated the effectiveness of internal control over financial reporting and concluded that it was effective as of February 29, 2024. The effectiveness of these controls was also audited by KPMG LLP, the company’s independent registered public accounting firm. No changes were identified in internal control over financial reporting during the fiscal quarter that have materially affected, or are reasonably likely to materially affect, the company's internal control over financial reporting."
f62b9607,Parker-Hannifin's exec team emphasizes age diversity for improved risk mgmt & mkt adaptability; PH.,"119614,119628,119670,119797,119792,34665,34664,119791,119617,119663,119612,119624,119633,119661,107400,110807","322,332,358,103",I cannot find sufficient information in the provided documents to answer this question.
7c496ab8,CIG's CISO & cyber def reporting bolster cybersecurity risk mgmt and enhance investor confidence at Philip Morris International.,"46917,131545,90105,86565,35139,24896,83089,96845,125995,68227,125996,123561,100527,120454,27881","256,289,198,393,105,267,139,74,300,361,371,85,247,376","At Philip Morris International (PMI), the Chief Information Security Officer (CISO) plays a central role in bolstering cybersecurity risk management and enhancing investor confidence. The CISO, who has over 25 years of experience in information technology and security—including roles as CISO at two large public companies—oversees PMI’s cybersecurity risk status, key performance indicators, and response strategies. The CISO reports at least quarterly to the Audit and Risk Committee or the full Board, ensuring that top-level oversight is maintained. Additionally, the CISO serves as an advisor to the Disclosure Committee, which is responsible for evaluating the materiality of cybersecurity incidents and ensuring the accuracy and timeliness of related disclosures. This involvement ensures that investors receive transparent and reliable information about PMI’s cybersecurity posture. Furthermore, PMI’s Corporate Risk Governance Committee, which includes senior executives such as the CEO, CFO, General Counsel, and Chief Digital & Information Officer, receives quarterly updates on overall cybersecurity risk exposure. This committee structure facilitates coordination across enterprise risk domains and validation of risk response plans. These robust reporting and governance mechanisms demonstrate PMI’s strong commitment to cybersecurity risk management, which supports investor confidence by promoting transparency, accountability, and proactive risk mitigation."
d613c99c,FSLR's share buyback impacts EPS valuation.,"64911,64659,64836,64672,64835,64834,64862,64907,64927,64906,64679,64905,64767,64655,64870",188,I cannot find sufficient information in the provided documents to answer this question.
c8d964e4,"Mitigating financial risk w/ the EXC cybersecurity framework, EXC.","85360,85356,78056,85359,85357,82412,56561,78072,58520,133063,125993,50934,56562,63200,50935,56563","230,167,172,397,244,149,376,253,184","Exelon (EXC) mitigates financial risk through a comprehensive, centralized cybersecurity framework designed to prevent, detect, respond to, and recover from cyber threats that could impact its business, operations, or financial condition. Key elements of EXC’s approach include: - Alignment with the NIST Cybersecurity Framework (NIST CSF) to guide its risk management, including identification, assessment, and monitoring of cyber risks. - A centralized cybersecurity incident response program led by the Chief Information Security Officer (CISO) and supported by cross-functional teams, including legal and compliance, to evaluate and respond to incidents, including third-party events. - Use of specialized external incident response vendors to ensure timely and expert support during significant events, which helps reduce potential financial losses. - Continuous monitoring of threats and vulnerabilities, and regular exercises (such as tabletop drills and bi-annual Grid Security Exercises) to improve readiness and resilience. - Annual mandatory cybersecurity and phishing awareness training for employees, reducing the risk of breaches due to human error. - Cyber insurance coverage at industry-consistent limits, reviewed annually, to help offset costs in the event of a significant incident. - Third-party risk management through security risk assessments, contractual obligations, and incident reporting requirements for vendors, mitigating risks from the supply chain. - Ongoing oversight by the Board of Directors, including regular briefings and reviews of the cybersecurity program and its effectiveness. These practices are designed to minimize the likelihood and impact of cyber incidents that could result in material financial harm, ensuring financial risk from cybersecurity threats is actively managed and mitigated."
1bacc152,Cintas (CTAS) 2024 capex total & segment breakdown.,"36293,36198,36258,36125,36236,36131,36182,36286,36191,36235,43670,36230,36127,36133","129,107","For fiscal year 2024, Cintas (CTAS) reported total capital expenditures (capex) of $409.5 million. The segment breakdown is as follows: - Uniform Rental and Facility Services: $261.2 million - First Aid and Safety Services: $100.0 million - All Other (which includes Fire Protection Services and Uniform Direct Sale): $48.2 million (Source: Chunks 1 and 2)"
75daf2a1,"Impact on cash flow due to Textron's competitive bidding & gov delays, TXT.","146724,146798,146698,146712,146707,146723,146796,146697,146757,146770,146774,146767,146775,146696,135386","440,404","Textron’s participation in highly competitive bidding processes for U.S. Government defense contracts can negatively impact its cash flow in several ways. The competitive environment increases pricing pressure and requires Textron to incur significant costs to prepare multiple bids, including substantial research, development, and engineering efforts. These activities demand considerable employee and managerial time, which may not result in contract awards or could result in the splitting of awards among competitors. Additionally, unsuccessful bids or bid protests from competitors can lead to further expenses, program delays, and postponement in the recognition of revenue and profit, all of which can adversely affect cash flows. Government contract delays—stemming from bid protests, funding delays, or contract modifications—can also postpone the commencement of contract activities. This not only leads to additional costs but also delays the recognition of revenue and profit, impacting Textron's operating cash flow. Furthermore, under certain contract types, if costs overrun initial estimates or if unforeseen technological or schedule difficulties arise (due to inflation, labor shortages, or supply chain challenges), Textron may be unable to recover all costs, further straining cash flows, results of operations, and financial condition. In summary, the competitive bidding process and government-related delays introduce uncertainty, increase costs, and can result in deferred or reduced cash inflows for Textron."
e010795d,Impact of litigation uncertainty risk on CBRE.,"26953,27023,27002,26952,27003,27027,26987,27004,26976,26959,26967,26951,26972,26977,26963",82,"Litigation uncertainty poses significant risks to CBRE, both financially and reputationally. The company is involved in various lawsuits as part of its normal business operations. While CBRE believes that losses exceeding amounts already accrued are unlikely to be significant, litigation is inherently unpredictable and could have a material adverse effect on its consolidated financial statements if one or more cases are resolved for much more than anticipated. Adverse outcomes in litigation or regulatory proceedings could result in substantial legal liabilities, fines, or other costs, especially if insurance coverage is unavailable, insufficient, or does not apply (such as in cases of gross negligence or intentional misconduct). Even investigations that do not lead to proceedings can incur significant costs and divert employee resources. Moreover, allegations or announcements of regulatory investigations—regardless of their eventual outcomes—could damage CBRE’s professional reputation, harm client relationships, and materially impact its business prospects. As CBRE relies heavily on its reputation and business relationships to attract and retain clients, litigation uncertainty could materially damage its business and future prospects if not managed effectively."
d7bbfb01,Cash flow valuation impact from WAT litigation resolution.,"156483,156433,156481,156429,156488,156480,156511,156487,156586,156584,156346,156585,156430,156588,156587,156482",467,"Based on the provided context, there is no specific mention of a litigation resolution that had a direct cash flow valuation impact for Waters Corporation (WAT) in the fiscal year 2023. The company states that it is involved in various lawsuits and claims as part of its ordinary business, but believes that any outcome, individually or in aggregate, will not be material to its financial position or results of operations. There is no indication in the financial statements or notes of any significant cash outflows or changes in cash flow valuation resulting from litigation resolutions during the reported period. Therefore, there is no material impact from litigation resolution on WAT's cash flows reported in the 2023 financial statements. If you need details about a specific litigation or its financial effects, please provide more information. References: - Chunk 4: Legal proceedings are not expected to be material to financial position or results of operations. - Chunks 1, 3, and 16: No significant litigation-related cash outflows or adjustments in the cash flow or comprehensive income statements."
01364ca9,"Analyzing the impact of disruptive tech by Meta on rev & mkt share, focusing on ticker.","102897,102692,102677,102778,102665,102681,102607,102673,102675,102590,102600,102592,102902,102827,102631",306,"Meta Platforms, Inc. (ticker: META) is heavily invested in disruptive technologies such as artificial intelligence (AI), augmented reality (AR), virtual reality (VR), and the broader concept of the metaverse. The company’s strategy centers on continuous innovation and the development of new platforms and technologies, including Reality Labs, which focuses on VR and AR. Revenue Impact: Meta’s consolidated financials show strong revenue growth, with annual revenues rising from $116.6 billion in 2022 to $134.9 billion in 2023, and reaching $164.5 billion in 2024. This suggests that, despite the significant investments in disruptive technologies, Meta continues to increase its overall revenue ([Chunk 1]). However, investments in disruptive areas like Reality Labs have negatively impacted operating profit; for example, Reality Labs reduced overall operating profit by approximately $17.73 billion in 2024, and these losses are expected to grow in 2025 ([Chunk 2]). While these investments currently reduce profitability, the company’s long-term strategy is to capture future growth opportunities from these innovations. Market Share Impact: Meta faces intense competition from companies offering similar connection, sharing, and advertising products, including those innovating in AI and immersive technologies ([Chunks 3, 7, 9]). The company competes to attract and retain users, businesses, and developers. There is evidence that some users, especially younger ones, are engaging with alternative platforms, which could affect Meta’s market share if the trend continues ([Chunk 3]). Meta’s disruptive tech initiatives are designed to maintain and expand its ecosystem, support user engagement, and provide differentiated ad products for marketers. The company’s focus on AI powers content ranking, recommendations, generative experiences, and advertising tools ([Chunk 11]), aiming to enhance both user experience and advertiser value. Summary: - Meta’s disruptive tech investments are driving strong revenue growth, but currently reduce operating margin due to heavy spending, particularly in Reality Labs. - While these investments may pressure short-term profits, they are intended to secure future market share and maintain Meta’s leading position amid rapid technological change and evolving user preferences. - The success of these disruptive technologies will be critical for Meta to retain and grow its user base and advertising business in an increasingly competitive landscape. Ticker: META"
a633fa61,Impact on capital allocation of ETR's $500M repurchase program vs. funding for stock comp?,"167581,167580,166702,166310,166701,166309,166798,166391,166802,166803,166804,166704,166314,149397,166711","446,495","Entergy’s Board has authorized two distinct types of share repurchases: (1) a $500 million share repurchase program initiated in October 2010, and (2) repurchases specifically to fund the exercise of grants under Entergy’s stock-based compensation plans. - The $500 million share repurchase program is designed for opportunistic purchases in response to market conditions, allowing Entergy to allocate capital to buy back shares when it believes it is advantageous, subject to business results, capital spending, and new investment opportunities. As of December 31, 2023, $350 million of authority remains under this program. The level of repurchases under this program may fluctuate depending on material changes in business results, capital needs, or investment opportunities (Chunks 1, 3, 4, 5). - Separately, the Board authorizes management to repurchase shares on the open market specifically to fund the exercise of stock-based compensation grants (such as stock options, restricted stock, and performance units) given to employees. These shares can be newly issued, treasury stock, or shares purchased on the open market, and the repurchases to fund compensation are not limited by the $500 million cap—they are in addition to it and are based on the number of shares needed for compensation plan settlements (Chunks 1, 2, 4). In summary, the $500 million repurchase program is a discretionary capital allocation tool aimed at optimizing shareholder value through share buybacks as market conditions permit. In contrast, repurchases to fund stock-based compensation are a structural allocation, ensuring the company meets its obligations to employees as their awards vest. Both impact capital allocation, but the former is opportunistic and subject to available authorization, while the latter is ongoing and tied to compensation commitments."
de8f9da7,"Impact of EAC cost comp. & rev. timing on perf. obligations at Leidos Holdings, Inc. (LDOS).","91474,91451,91436,91438,91477,91952,91475,91473,93438,91471,91470,91356,91500,91299,91358","273,277,271","At Leidos Holdings, Inc. (LDOS), the Estimate at Completion (EAC) cost and the timing of revenue recognition have a significant impact on performance obligations, particularly for contracts where revenue is recognized over time using the cost-to-cost method. Under this method, revenue is recognized based on the proportion of total costs incurred to the estimated total costs at completion (EAC) of a performance obligation. The EAC includes all direct costs such as materials, labor, subcontract costs, overhead, and a portion of general and administrative costs, as well as any estimated future losses on onerous contracts. The process of estimating total costs for performance obligations involves significant judgment, and adjustments to estimates are often required as work progresses and more information becomes available. When changes in estimates occur, the impact is recognized in the period when the change becomes known, which can affect both the amount and timing of revenue and profit recognized (Chunks 1, 2, 3, 4, 5, 7, 15). If the estimated cost of a performance obligation exceeds the estimated transaction price, the entire amount of the loss is recognized immediately in operations. Variable amounts, such as award and incentive fees, are estimated at the most probable amount expected to be earned and can also influence revenue timing when estimates are updated. Overall, the timing and amount of revenue recognized for performance obligations at LDOS depend heavily on EAC estimates, and revisions to these estimates as projects progress can result in both favorable and unfavorable impacts on income and earnings per share (Chunk 5). Changes in EAC and revenue recognition timing may affect profitability, especially on long-term and complex contracts."
9ef51383,Kell @ 23k emp @ $50k ea; 3% grwth; calc wage exp incr.,"162483,162484,104642,41282,41281,42785,88206,114801,88433,42784,89418,88422,141960,149059,88354,88429,160883","480,484,262,424,265,343,312,121,444,126","Given: - Kell (Kellanova) has approximately 23,000 employees (as of December 30, 2023). - Average wage per employee is $50,000. - Expected wage expense growth rate is 3%. First, calculate the current total wage expense: 23,000 employees × $50,000/employee = $1,150,000,000 (or $1.15 billion) Next, calculate the wage expense increase for one year at 3% growth: Increase = $1,150,000,000 × 0.03 = $34,500,000 **Answer:** The wage expense increase for Kellanova with 23,000 employees at $50,000 each, growing at 3%, is $34.5 million."
7d5871d3,MTD env regs risk & financial health vs peers w/ ticker in the middle.,"132314,116130,67468,154704,128350,101614,27666,61228,104598,116396,38929,19709,16305,128281,101249,149543,24839","196,447,74,395,462,303,302,115,84,180,61,51,312,348,349,383",I cannot find sufficient information in the provided documents to answer this question.
7e38d34a,Impact of XOM leadership tenure on long-term strategy & risk mgmt.,"163162,163161,163117,163245,163120,163121,163127,163187,163124,163102,163118,163103,163211,163109,163099,163119",486,"ExxonMobil’s leadership team is composed of several senior executives with long tenures at the company, including Darren W. Woods (Chairman and CEO since 2017, with senior roles since at least 2016), and other key leaders with many years in various positions within ExxonMobil and related industries (Chunks 1 and 2). This continuity in leadership provides stability and a deep understanding of the company’s complex, long-term, capital-intensive projects and business environment. The long-term orientation of ExxonMobil’s leadership supports a consistent approach to strategy and risk management, as decisions and risks in the energy sector often play out over decades (Chunk 15). Leadership’s experience facilitates disciplined investment, careful portfolio management, and integration of new acquisitions, such as the recent Pioneer Natural Resources deal, ensuring alignment with the company’s strategic objectives (Chunks 3, 11, and 16). Furthermore, the company’s leadership emphasizes robust risk management practices, including enterprise risk management systems, rigorous internal controls, and continuous improvement in operational efficiency, technology, and safety (Chunks 5 and 16). The stability and experience of the executive team underpin ExxonMobil’s ability to manage risks across diverse geographies, adapt to regulatory changes, and respond to industry challenges over the long term. In summary, the tenure and experience of ExxonMobil’s leadership directly contribute to its ability to pursue long-term strategic objectives and maintain effective risk management practices."
37b02e19,GPC's enhancements in cybersecurity for incident response may impact profitability.,"69053,69052,69031,69021,69026,72811,69077,37796,101288,69054,121275,69078,88311,17635,114604,72748","262,201,365,302,112,214,54,342","GPC has made and will continue to make continuous investments in physical and technological security measures, employee training, and third-party services to maintain, operate, and protect its information systems and sensitive data (Chunks 1, 2, 10). These enhancements, including regular evaluation of their cybersecurity program, ongoing risk assessment activities, deployment of new systems and procedures, and employee awareness training, are designed to strengthen incident response and minimize the impact of cyber-attacks (Chunks 7, 12). While these measures aim to reduce risks and potential losses from cybersecurity incidents, they also result in increased expenses. The company notes that a serious disruption could materially impair business processes, increase expenses, decrease sales, or otherwise impact earnings and cash flows (Chunks 1, 2, 10). Therefore, while cybersecurity enhancements may help prevent or mitigate the effects of incidents, the associated costs could impact profitability."
97a49f41,absence of updated Rule 10b5-1 plans at GPN impacts financial health & long-term value commmt.,"132229,119263,119262,72711,72706,72714,72902,72908,72846,73052,72815,73057,72759,73048,72695,72814","394,356,214",I cannot find sufficient information in the provided documents to answer this question.
9b67532e,"GILD's share repurchase program vs. total repurchases, including RSA withholding for employees.","68231,68272,30060,68230,68391,68390,68120,134568,68127,68283,140420,117926,68270,88955,73025","353,418,198,263,401,214,91","For the three months ended December 31, 2023, Gilead Sciences (GILD) repurchased a total of 2,371,000 shares. Of these, 1,937,000 shares were repurchased as part of publicly announced share repurchase programs. The difference between the total number of shares repurchased and the number repurchased under the announced programs (434,000 shares) is due to shares withheld by Gilead from employee restricted stock awards to satisfy tax withholding obligations. In summary: - Shares repurchased under publicly announced programs: 1,937,000 - Shares repurchased for employee tax withholding (RSA withholding): 434,000 - Total shares repurchased: 2,371,000 This means Gilead’s total repurchases include both shares bought under its formal share repurchase program and additional shares withheld for employee tax purposes."
5d58daa3,"Through LEN, diversification can mitigate risk and stabilize cash flow during downturns.","90502,90387,90561,90369,90382,90377,90525,75440,90526,25764,54939,775,35617,87872,134152,2135","162,4,260,9,106,268,76,400,222","Yes, through LEN, diversification can help mitigate risk and stabilize cash flow during downturns. The company employs a strategy of investing in a diversified blend of assets, including strategic technology investments and partnerships with unconsolidated entities. Additionally, LEN uses option contracts and strategic relationships with land bank investor groups to control more homesites without owning the land outright, which supports a ""land lighter"" strategy. These approaches help reduce exposure to market volatility and provide flexibility in land acquisition, which can contribute to more stable cash flows and lower risk during economic downturns."
779617bb,NI (NI+NCI) comparison for Omnicom from 2021-2023.,"114844,114845,114887,114814,114815,114842,114923,112981,114843,114794,114957,113035,10525","33,338,343","For Omnicom Group Inc., the Net Income including Noncontrolling Interests (NI + NCI) for the years 2021 to 2023 is as follows: - 2021: $1,507.6 million - 2022: $1,403.8 million - 2023: $1,473.2 million This value is the sum of net income attributable to Omnicom Group Inc. and net income attributed to noncontrolling interests, as reported in the consolidated statements of income."
9458528f,"LHX txn limit diffs, role, conf, insight, ticker.","91911,91910,91908,91840,92126,91943,91920,92011,92102,92149,92101,91933,91934,92156,91919,40056,88536","273,274,118,263","Here is a summary addressing your queries based on the provided context: **Transaction Limits Differences (txn limit diffs):** - L3Harris (ticker: LHX) repurchases shares under a Board-authorized repurchase program with no stated expiration date. As of December 29, 2023, the remaining unused authorization was $3.9 billion. The program allows for repurchases through open market purchases, private transactions, and other methods, at the company’s discretion. The level and timing of repurchases depend on factors like financial condition, capital requirements, market conditions, and are subject to suspension or discontinuation at any time (Chunks 1, 2, 6). - Employee share transactions are separate from the main repurchase program and primarily involve shares delivered to cover tax withholding obligations or returned upon employee retirement/termination (Chunks 1, 2, 6). **Role and Configuration (role, conf):** - The repurchase program is managed by the Board and executive management, with flexibility in execution method and timing. The company’s equity incentive plans govern employee share transactions, using the closing price of the stock on the transaction date for valuation (Chunks 1, 2). - Share-based compensation awards (such as performance and restricted stock units) are granted to employees at no cost, and the number of outstanding awards and options is detailed in the filings (Chunk 5). **Insight:** - L3Harris uses a combination of GAAP and non-GAAP financial measures (e.g., operating income, free cash flow, return on invested capital) to assess business performance and guide shareholder returns, including dividends and share repurchases (Chunks 7, 15). - The company emphasizes adaptability in capital deployment, prioritizing funding operations, debt repayment, and returning cash to shareholders. Share repurchases are considered an important part of the overall capital allocation strategy, but are moderated based on strategic needs and market conditions (Chunks 12, 13). **Ticker:** - L3Harris Technologies’ ticker symbol is LHX, and its common stock is listed on the New York Stock Exchange (NYSE) (Chunk 3). If you need more specific details on any of these points, please clarify your focus area."
9c885cb5,"HCA's (HCA) 2024 capex & construction projects may impact liquidity, increase debt, and elevate risk.","76344,76346,76351,76342,76343,76301,76212,76088,76461,76085,76462,156962,91071,91070,76353","224,469,270","HCA expects its planned capital expenditures (capex) for 2024 to be between $5.1 billion and $5.3 billion. As of December 31, 2023, the company also had projects under construction with an estimated additional cost to complete and equip over the next five years of approximately $4.1 billion. HCA anticipates funding these capital expenditures with both internally generated funds and borrowed funds. These substantial capex and construction commitments can impact HCA’s liquidity and may require the company to increase its debt. As of December 31, 2023, HCA’s total indebtedness stood at $39.593 billion, with significant debt maturities scheduled for the coming years. The company acknowledges several risks associated with this, including: - Increased vulnerability to economic downturns or adverse market conditions. - The need to dedicate a portion of operating cash flows to debt service, which may reduce funds available for operations, future opportunities, or additional investments. - Exposure to interest rate risk, especially for variable-rate debt, which could increase borrowing costs. - Potential limitations on obtaining additional financing, making strategic acquisitions, or adjusting to market changes. In summary, HCA’s 2024 capital expenditure and ongoing construction projects are significant and are expected to be funded through a mix of internal and borrowed funds. This approach may impact liquidity, increase the company’s debt, and elevate its financial and operational risks."
7bc5a9bc,"Agilent governance, insider trading setups, & ownership trends impact cap allocation.","3217,3216,3227,3219,2914,49181,87585,3123,24146,105670,3124,3226,3222,89731,3113,87579","259,72,265,12,144,315","Agilent Technologies has established a comprehensive framework for governance, insider trading policies, and ownership reporting, which together influence its capital allocation strategies. **Governance:** Agilent maintains robust corporate governance standards, including an active Board of Directors and committees such as the Audit and Finance Committee, Compensation Committee, Executive Committee, and Nominating/Corporate Governance Committee. These are guided by the company’s Standards of Business Conduct, which serve as its code of ethics and are available on its investor relations website. The company provides transparency by posting amendments or waivers to its code for senior financial officers online (Chunks 2, 5). **Insider Trading Setups:** Agilent has adopted a strict Insider Trading Policy governing the purchase, sale, or disposition of its securities by directors, officers, employees, and the company itself. The policy aims to ensure compliance with insider trading laws, regulations, and NYSE listing standards. A copy of this policy is filed as an exhibit to the annual report (Chunks 1, 2). This structured approach reduces the risk of improper trading and promotes market confidence. **Ownership Trends:** Information about the security ownership of certain beneficial owners, management, and related stockholder matters is included in the company’s Proxy Statement, which is incorporated by reference into the annual report (Chunks 1, 2). The company also reports on compliance with Section 16(a) of the Exchange Act, ensuring timely and accurate disclosure of insider holdings and trades. **Impact on Capital Allocation:** These governance and disclosure practices support prudent capital allocation by: - Ensuring that decisions are made with oversight from independent directors and committees. - Promoting transparency and compliance, which fosters investor trust and potentially lowers the cost of capital. - Aligning executive and employee incentives through equity-based compensation plans (such as stock options, restricted stock units, and performance shares), tying capital allocation outcomes to long-term company performance (Chunks 4, 8, 11). - Reducing risks associated with insider trading and regulatory non-compliance, which could otherwise lead to financial penalties or reputational damage. In summary, Agilent’s governance structures, insider trading policies, and transparent ownership reporting collectively contribute to sound capital allocation by ensuring oversight, aligning interests, and maintaining investor confidence."
