"original_row","query_id","query","tickers","routed_documents","routing_status","chunk_ids","document_ids","final_answer","error"
"2","d013f300","Impact of NSC exec career prog on IR & fin expertise, ticker in last pos.","NSC","data\10k\converted\NSC.pdf","filename_fallback","108698,108697,108695,108647,108645,108663,108847,108699,108644,108687,108646,108673,108846,108694,108655,108656,108672","326","Norfolk Southern Corporation (ticker: NSC) has executive officers with diverse and progressive career backgrounds that have contributed to the company's investor relations (IR) and financial expertise:\n\n- Mark R. George, the Executive Vice President and Chief Financial Officer since November 1, 2019, previously served in senior finance roles at United Technologies Corporation, including as Vice President Finance, Strategy, IT and CFO at Otis Elevator Company and CFO at Carrier Corporation. His extensive experience in finance and strategy has strengthened NSC's financial leadership and expertise.\n\n- Claiborne L. Moore, Vice President and Controller since March 1, 2022, previously served as Assistant Vice President Corporate Accounting and as Director of Investor Relations from July 1, 2017 to March 15, 2019. His time in investor relations has provided valuable insight into shareholder communications and market expectations, supporting both IR and financial operations.\n\nThe progressive career development of these executives--moving from roles in investor relations, corporate accounting, and external finance leadership--has enhanced NSC's capabilities in financial management and investor relations.\n\nThe ticker symbol for Norfolk Southern Corporation is NSC.",""
"7","1463dac0","Exec trading of BBWI vs trends in insider ownership.","BBWI","data\10k\converted\BBWI.pdf","filename_fallback","14911,14702,14705,14910,14904,14929,14870,14859,14862,14857,14805,14706,14909,14720,14721,14751","46","The provided documents do not contain specific details or data regarding executive trading activity (such as purchases or sales of BBWI stock by executives) or trends in insider ownership. There is a statement that none of the directors or executive officers adopted or terminated a ""Rule 10b5-1 trading arrangement"" or a ""non-Rule 10b5-1 trading arrangement"" during the fourth quarter of 2023 (Chunk 13), but there is no further information on overall insider transactions or the trends in insider ownership.\n\nTherefore, I cannot find sufficient information in the provided documents to answer this question.",""
"3","ff498046","MetLife's cybersecurity controls mitigate operational risk and financial impact MFC.","MET,MFC","data\10k\converted\MET.pdf","filename_fallback","123966,123968,123967,123953,123969,123960,124129,124127,123860,124126,124130,123880,123912,124530,123840","372","MetLife's cybersecurity controls are a key part of its strategy to mitigate operational risk and potential financial impact. The company operates an extensive Information Security Program managed by the Chief Information Security Officer (CISO), which aims to protect the confidentiality, integrity, and availability of data and technology assets. Key controls include:\n\n- Physical, technical, and administrative safeguards for systems and data.\n- A dedicated cybersecurity incident response team responsible for monitoring and responding to threats, vulnerabilities, and incidents.\n- An incident response plan tested through annual cross-functional exercises, often involving senior executives and the Board of Directors.\n- Regular network and application testing, surveillance, and periodic reviews of threats and vulnerabilities.\n- Risk mitigation strategies such as annual internal and third-party risk assessments, cybersecurity and privacy liability insurance, and vendor management procedures.\n- Employee training programs on information and cybersecurity, conducted at least annually.\n- Continuous monitoring of critical and high-risk third-party service providers.\n\nMetLife's approach includes a cross-functional and risk-based due diligence process for third-party providers, and the company works with external experts for independent assessments and audits. The company's Board of Directors oversees the cybersecurity program, and the CISO regularly updates management and the Board on cybersecurity risks and incidents.\n\nThese controls help to prevent data breaches, system disruptions, and other cyber threats, thereby reducing the likelihood of operational failures and minimizing potential financial impacts associated with cybersecurity incidents. MetLife states that, during the reporting period, it has not identified risks from cybersecurity threats that have materially affected or are reasonably likely to materially affect its business strategy, operations, or financial condition.",""
"1","a4de4db1","10b5-1 trading plan sentiment & long-term strategy for Airbnb CTO.","ABNB","data\10k\converted\ABNB.pdf","filename_fallback","3561,3560,3808,3562,3566,3911,3750,4022,4025,3545,3751,3854,4017,3548,4023,3915","14","Based on the provided context, Airbnb's Chief Technology Officer, Ari Balogh, adopted a 10b5-1 trading plan on November 29, 2023, set to expire on October 31, 2024, with a maximum of 525,688 shares to be sold under the plan (Chunk 8). The sentiment around the disclosure is neutral; it is presented as a routine, compliant action, with no indication of unusual or negative sentiment.\n\nRegarding long-term strategy, Airbnb emphasizes a focus on long-term value creation over short- or medium-term financial performance. The company's strategy includes investing in its key strengths: making hosting mainstream, growing and engaging the guest community, perfecting its core service through innovation and feedback-driven product development, and expanding its global network. Airbnb is committed to making decisions that benefit all stakeholders--including Hosts, guests, employees, shareholders, and communities--even if these decisions may not immediately maximize short-term financial results (Chunks 1, 2, 3, 4).\n\nIn summary:\n\n- The CTO's 10b5-1 plan appears routine and is reported without notable positive or negative sentiment.\n- Airbnb's long-term strategy is focused on sustainable growth, stakeholder value, global expansion, and continuous product improvement, prioritizing long-term success over short-term gains.",""
"10","9d84b5f8","Liquidity impact from Salesforce (CRM) on WC, capex, and debt maintenance.","CRM","data\10k\converted\CRM.pdf","filename_fallback","36492,36311,36522,36493,36310,36523,36519,36426,36504,36427,36462,36320,36350,36520,36463,36329","108","Salesforce's liquidity position as of January 31, 2024, is strong, with principal sources including $14.2 billion in cash, cash equivalents, and marketable securities, and $11.4 billion in accounts receivable. Additionally, Salesforce has access to a $3.0 billion unsecured revolving credit facility, with no outstanding borrowings as of that date.\n\nThe company believes that its existing cash, marketable securities, cash provided by operating activities, unbilled amounts from contracted non-cancelable subscription agreements, and, if necessary, borrowing capacity under its credit facility will be sufficient to meet working capital, capital expenditure (capex), and debt maintenance needs over the next 12 months.\n\nFor fiscal 2024, cash flows from operating activities were $10.2 billion, which were primarily driven by net income adjusted for non-cash expenses (such as depreciation, amortization, and stock-based compensation). Cash provided by operations is expected to continue growing as long as expenses remain in line with or below revenue growth.\n\nSalesforce's capital expenditures for fiscal 2024 were $736 million, and the company has indicated that its current liquidity is sufficient to cover these and other capital requirements.\n\nWith respect to debt maintenance, Salesforce had $9.4 billion in total debt as of January 31, 2024 ($999 million current and $8.4 billion noncurrent). The company recognizes that debt service obligations, lease commitments, and other contractual obligations may impact its financial condition, but current operations and liquidity sources are considered adequate for debt maintenance over the next year.\n\nIn summary, Salesforce's liquidity is expected to adequately support working capital, capital expenditures, and debt maintenance needs for at least the next 12 months.",""
"8","6f5b5ef5","Terrence Duffy's impact on strategy, capital allocation, and risk mgmt at CME Group is noteworthy. CME.","CME","data\10k\converted\CME.pdf","filename_fallback","29475,29709,29474,29545,29431,29708,29480,29535,29433,29479,29446,29544,29456,29451,29663,29447","90","Terrence A. Duffy, as Chairman and Chief Executive Officer of CME Group since 2016, has played a significant role in shaping the company's strategy, capital allocation, and risk management.\n\nUnder his leadership, CME Group has focused on expanding its global reach and product offerings, as reflected in major acquisitions such as NEX Group, which broadened CME's presence in cash and OTC markets and strengthened its global financial markets infrastructure. This acquisition allowed CME to generate capital efficiencies across futures, cash, and OTC products, benefiting market participants seeking to lower trading costs and better manage risk (Chunk 5, Chunk 11, Chunk 16).\n\nDuffy has also overseen strategic partnerships, such as the 10-year partnership with Google Cloud, aimed at enhancing CME's technology infrastructure, expanding access, and driving efficiencies and resiliency in the financial markets ecosystem. This move aligns with the company's strategy to innovate and commercialize new clearing and data products (Chunk 14).\n\nIn terms of risk management, CME Group, under Duffy's tenure, has prioritized strong risk practices, including offering portfolio margining and cross-margining to enhance capital efficiencies for its clients. The company operates one of the world's leading central counterparty clearing providers and has made improvements such as enhanced capital efficiencies for clearing members trading U.S. Treasury securities and CME interest rate futures (Chunk 14).\n\nOverall, Duffy's impact is seen in CME Group's continued global expansion, technological innovation, focus on capital efficiency, and robust risk management framework.",""
"9","11359ac7","CS impact, usability, and brand rep on loyalty & earnings for CoStar Group.","CSGP","data\10k\converted\CSGP.pdf","filename_fallback","37845,37732,37725,37963,37869,37979,37716,37914,37730,37745,37724,37954,37844,37750,37723,37733","112","Based on the provided context, here's a synthesis addressing the impact of customer service (CS), usability, and brand reputation on loyalty and earnings for CoStar Group:\n\n1. Customer Service (CS) Impact:\nCoStar Group emphasizes high-quality customer service as a core part of its operations. The research department not only maintains the accuracy and reliability of its database but also trains clients to use CoStar products and handles customer service questions, creating a ""one touch"" approach to customer care. Feedback from commercial real estate professionals is considered a crucial quality control measure, helping ensure data quality and client satisfaction (Chunk 3, Chunk 9). This focus on customer service likely contributes to customer loyalty and retention.\n\n2. Usability:\nCoStar's platforms are designed to be highly usable for commercial real estate professionals. The integrated platform offers comprehensive data, powerful map-based search, reporting tools, analytics, and the ability to incorporate user-entered data for customized analysis (Chunks 2, 16). The services are accessible via the internet and mobile apps and are delivered primarily through subscription-based models that encourage regular usage by charging a fixed monthly fee (Chunks 9, 10, 14). This user-friendly approach supports customer retention and recurring revenue.\n\n3. Brand Reputation:\nCoStar Group positions itself as a leading provider in its industry, highlighting its comprehensive and standardized database, the largest research department, and ownership of major online real estate marketplaces (Chunk 7). Brand reputation is further strengthened by investments in product quality, data accuracy, and continuous expansion through acquisitions (Chunk 14). These factors enhance trust and brand loyalty among clients.\n\n4. Loyalty & Earnings:\nHigh customer satisfaction, usability, and strong brand reputation drive client retention and recurring revenues. Most services are delivered via subscription-based contracts, often auto-renewed and set for at least one year (Chunk 10), which stabilizes and grows earnings. The company's recurring revenue model, cross-selling strategy, and emphasis on service quality directly support consistent revenue growth and strong financial performance (Chunks 5, 15).\n\nIn summary, CoStar Group's focus on customer service, platform usability, and brand reputation significantly contributes to customer loyalty and stable, recurring earnings. These elements underpin its leadership in the market and financial success.",""
"6","96cc0422","Dec 2023 RSG LT debt breakdown & YOY comp, ticker at the end.","RSG","data\10k\converted\RSG.pdf","filename_fallback","134629,134741,134620,134747,134748,134611,134619,134671,134799,134800,134742,134758,134674,134658,134618","401","As of December 31, 2023, Republic Services, Inc. (RSG) reported long-term debt (net of current maturities) of $11,887.1 million, compared to $11,329.5 million at December 31, 2022.\n\nThe breakdown of total debt as of December 31, 2023, including the principal amounts and carrying values for major debt components, is as follows (in millions):\n\n- Credit Facilities:\n  - $3.5 billion Credit Facility (matures August 2026, variable rate): $297.1\n  - Term Loan (variable rate): $500.0\n  - Commercial Paper: $496.0\n\n- Senior Notes (maturity/interest rate/principal):\n  - August 2024 / 2.500%: $900.0\n  - March 2025 / 3.200%: $500.0\n  - November 2025 / 0.875%: $350.0\n  - July 2026 / 2.900%: $500.0\n  - November 2027 / 3.375%: $650.0\n  - May 2028 / 3.950%: $800.0\n  - April 2029 / 4.875%: $750.0\n  - March 2030 / 2.300%: $600.0\n  - February 2031 / 1.450%: $650.0\n  - February 2032 / 1.750%: $750.0\n  - March 2033 / 2.375%: $700.0\n  - December 2033 / 5.000%: $650.0\n  - April 2034 / 5.000%: $800.0\n  - March 2035 / 6.086%: $181.9\n  - March 2040 / 6.200%: $399.9\n  - May 2041 / 5.700%: $385.7\n  - March 2050 / 3.050%: $400.0\n\n- Debentures:\n  - September 2035 / 7.400%: $148.1\n\n- Tax-exempt (2024-2053, 3.750%-4.900%): $1,289.1\n\n- Finance leases (2024-2063, 0.806%-9.750%): $251.3\n\nTotal principal value of debt as of December 31, 2023: $12,949.1 million  \nCarrying value after adjustments: $12,819.4 million  \nCurrent portion due within 12 months: $932.3 million  \nLong-term portion (net of current): $11,887.1 million\n\nYear-over-year, long-term debt (net of current portion) increased from $11,329.5 million at December 31, 2022, to $11,887.1 million at December 31, 2023, an increase of $557.6 million.\n\nTicker: RSG",""
"5","1bc4aa38","Implications of labor structure w/ LYV employee ratio.","LYV","data\10k\converted\LYV.pdf","filename_fallback","95279,95332,95276,95278,95398,95249,95496,95282,95420,95247,95502,95503,95273,95391,95246,95390","284","Live Nation Entertainment (LYV) employs a mix of full-time, seasonal, and part-time employees, with significant fluctuations in workforce size throughout the year. As of December 31, 2023, LYV had about 14,700 full-time employees. In addition, at the end of 2023, there were approximately 17,000 seasonal and part-time employees, and during peak seasonal periods--especially in the summer--this number can rise to as many as 31,500 seasonal and part-time workers (Chunk 4).\n\nImplications of this labor structure and employee ratio include:\n\n1. Flexibility and Scalability: The heavy reliance on seasonal and part-time employees allows LYV to scale its workforce in response to the seasonality of live events and festivals, most of which occur from May through October. This flexibility is crucial for adapting to fluctuating demand (Chunks 4 and 5).\n\n2. Labor Relations and Risks: Some employees, such as stagehands, are covered by collective bargaining agreements, typically lasting three years. These agreements regularly expire and require negotiation. There is a risk that upon expiration, new agreements may not be reached on favorable terms, potentially leading to labor disputes or work stoppages, which could disrupt business operations and have a material adverse effect on LYV's results (Chunks 1 and 2).\n\n3. Pension Liabilities: LYV participates in multiemployer pension plans for many union employees. Unexpected increases in required contributions or withdrawal liabilities could create unplanned financial obligations and negatively impact financial results (Chunk 2).\n\n4. Employee Engagement and Retention: The company's recognition as a top employer and its focus on diversity, equity, and inclusion, as well as its commitment to competitive compensation and benefits, are likely aimed at attracting and retaining top talent among both full-time and seasonal staff (Chunks 3 and 4).\n\nIn summary, LYV's labor structure--with a relatively small core of full-time employees and a large, flexible seasonal workforce--enables operational scalability but introduces risks related to labor relations, union negotiations, and potential pension liabilities.",""
"4","e9e6207f","Debt terms, interest exp., & proj. for Molson Coors.","TAP","data\10k\converted\TAP.pdf","filename_fallback","145167,145165,145349,145238,145346,145340,145343,145172,144949,145348,145342,145339,145351,145345,145338,145152","434","Based on the provided context, here is a summary of the key debt terms, interest expense, and related projections for Molson Coors:\n\nDebt Terms (as of December 31, 2023):\n\n- Major Long-term Debt Instruments:\n  - EUR 800 million 1.25% notes due July 2024: $883.1 million\n  - CAD 500 million 3.44% notes due July 2026: $377.6 million\n  - $2.0 billion 3.0% notes due July 2026\n  - $1.1 billion 5.0% notes due May 2042\n  - $1.8 billion 4.2% notes due July 2046\n  - Finance leases and other minor debt: $77.2 million (total)\n  - Less: Unamortized discounts/issuance costs: $(35.5) million\n\n- Total long-term debt (including current portion): $6,202.4 million\n- Current portion of long-term debt: $890.3 million\n- Short-term borrowings: $21.5 million\n- Total current portion of long-term debt and short-term borrowings: $911.8 million\n- Long-term debt (net of current portion): $5,312.1 million\n\n- Notable recent activity:\n  - The CAD 500 million 2.84% notes were repaid at maturity in July 2023 using cash on hand.\n\nInterest Expense:\n\n- For the year ended December 31, 2023:\n  - Interest expense: $234.0 million\n  - Interest income: $25.4 million\n\n- The company has entered into interest rate swap agreements affecting the effective cost of some borrowings (e.g., increasing the effective rate of the 2026 CAD notes by 0.4%).\n\nProjections:\n\n- The context does not provide explicit future projections for debt or interest expense. However, it notes that the company continues to amortize debt issuance costs and hedge interest rate volatility, which may impact future interest expense.\n\nIf you need more specific projections or forward-looking statements, please clarify, as the current context focuses on 2023 and historical terms.",""
"11","f6f28978","BDX plans FY24 ASR for share repurchases & expenditures.","BDX","data\10k\converted\BDX.pdf","filename_fallback","15845,15873,15872,15780,15760,15908,15902,15904,15909,15790,15917,15877,15776,15668,15915","49","In fiscal year 2024, Becton, Dickinson and Company (BDX) executed and settled accelerated share repurchase (ASR) agreements for the repurchase of 2.118 million shares of its common stock for a total consideration of $500 million, excluding a 1% excise tax on share repurchases of $3 million. This repurchase was made under the company's ongoing share repurchase program authorized by the Board of Directors on November 3, 2021, which allows for up to 10 million shares with no expiration date. The total expenditure for share repurchases in FY24 was $500 million, as reflected in the company's cash flows from financing activities.",""
"14","55f7b727","EPS evolution of GWW from 2021-2023 highlights shareholder value & profitability.","GWW","data\10k\converted\GWW.pdf","filename_fallback","69320,69300,69304,69299,69354,69305,69294,69301,69308,69307,69295,69370,69293,69377,69321","202","From 2021 to 2023, W.W. Grainger, Inc.'s diluted earnings per share (EPS) showed significant growth, reflecting strong increases in shareholder value and profitability:\n\n- 2021: Diluted EPS was $19.84\n- 2022: Diluted EPS rose to $30.06\n- 2023: Diluted EPS further increased to $36.23\n\nThis represents a compound annual growth and a substantial year-over-year increase: EPS grew by 51% from 2021 to 2022, and by another 21% from 2022 to 2023. These consistent gains indicate that Grainger has been able to drive profitability and deliver increasing value to its shareholders over this period.",""
"16","aa94d53c","HD's legal proceedings impact on financials mgmt. justification.","HD","data\10k\converted\HD.pdf","filename_fallback","72035,72025,72116,72135,71926,72039,72042,71973,72137,71997,72038,71996,72009,71982,72060,71975","211","Home Depot is involved in various legal proceedings arising in the ordinary course of its business, as well as regulatory matters and government inquiries. Management does not believe that any current legal proceeding will have a material adverse effect on the company's consolidated financial position, results of operations, or cash flows. For example, while there are discussions with the EPA regarding possible penalties related to a consent decree, management expects to recoup any amounts ultimately owed from fines levied against third-party installers and does not expect these to materially impact financials. Overall, while litigation and regulatory matters can involve significant expenses and may divert management's attention, the company's management believes that existing litigation is not expected to have a material adverse effect on its consolidated financial condition, results of operations, or cash flows.",""
"13","dd760470","Union contract expiry risks at NWSA; mgt focusing on talent retention during digital pivot.","NWSA","data\10k\converted\NWSA.pdf","filename_fallback","118136,118163,118178,118181,118177,118148,118173,118215,118219,118217,118172,118166,118139,118140,118246,118235","354","News Corp (NWSA) faces risks related to union contract expirations, as approximately 3,600 of its 23,900 employees are represented by various employee unions, with contracts expiring at various times over the next several years. The company acknowledges that it has experienced, and may in the future experience, labor unrest such as strikes or work slowdowns during negotiations. Significant labor disputes could cause business interruptions, production delays, and higher costs in new agreements, which may reduce profit margins and harm the company's business and reputation. These risks may be heightened by labor constraints and inflationary pressures on wages and benefits (Chunks 1, 4).\n\nIn parallel, as News Corp accelerates its digital transformation, the company is highly focused on talent retention and development. Management recognizes that attracting, developing, and retaining skilled employees, especially in technology-related, product development, data science, marketing, and sales roles, is essential for its long-term digital strategy. The company notes the competitive market for such talent and the challenges posed by evolving workplace dynamics, such as increased demand for flexible and remote work arrangements. Reductions in workforce to optimize costs may also impact its ability to retain and motivate top talent, which could affect the execution of its business strategy and operational results (Chunks 1, 3, 5).\n\nOverall, union contract expirations and talent retention amid the company's digital pivot are both significant areas of management focus and risk.",""
"15","72b70e59","Sentiment on PG insider trading & governance risk is critical for investors.","PG","data\10k\converted\PG.pdf","filename_fallback","119842,120002,119832,119813,120013,119869,119858,119809,119859,119851,119847,119852,119924,120003,119833,119834","359","Procter & Gamble (P&G) maintains insider trading policies and procedures that govern the purchase, sale, and other dispositions of its securities by directors, officers, employees, and the Company itself. These policies are designed to promote compliance with insider trading laws, regulations, and applicable listing standards. During the fiscal year ended June 30, 2024, none of P&G's directors or officers adopted or terminated a ""Rule 10b5-1 trading arrangement"" or ""non-Rule 10b5-1 trading arrangement.""\n\nOn governance, P&G emphasizes strong internal controls and corporate governance, reinforced through its Worldwide Business Conduct Manual and a robust internal control system. The Board of Directors includes independent Audit Committee members who are also recognized as financial experts under SEC rules. The Company believes its internal controls, policies, and governance structures are effective in promoting ethical conduct and compliance, which are critical for investor confidence.\n\nOverall, the available information suggests that P&G takes insider trading compliance and governance risk seriously, with established policies, oversight, and procedures to mitigate related risks. This approach is intended to protect shareholders and maintain trust in the Company's management and operations, which is indeed critical for investors.",""
"17","13ec0e25","Impact of FE exec roles on profitability & cash flow, ticker in last position.","FE","data\10k\converted\FE.pdf","filename_fallback","70335,70436,70826,70824,70609,70435,70825,70608,70493,70422,70408,70798,70495,70364,70630,70304,70610","207","FirstEnergy Corp. (ticker: FE) has recently restructured its executive leadership and organizational structure, which is expected to have an impact on profitability and cash flow.\n\nKey executive changes include:\n- Brian X. Tierney became President and CEO in 2023, bringing experience from Blackstone Infrastructure Partners and AEP.\n- Toby L. Thomas joined as Chief Operating Officer in November 2023, with a background in transmission and distribution efficiency from AEP.\n- A. Wade Smith became President of FirstEnergy Utilities in December 2023, bringing over 30 years of industry experience and a focus on operational performance.\n\nThese leadership changes are part of a strategy to shift decision-making and accountability closer to operational levels, aiming for greater execution at the business unit level. The new structure assigns financial responsibility and accountability for regulatory and operational outcomes to business unit executives, which is intended to enhance operational efficiency and decision-making speed.\n\nAdditionally, FirstEnergy has reorganized its reportable segments to align with this new structure, potentially improving transparency and focus on profitability by segment.\n\nWhile the documents emphasize the goal of enhancing customer experience, efficiency, and execution, they also note that the company is focused on making necessary investments in its core regulated businesses and systems, which may support long-term profitability and cash flow stability. However, there is no explicit quantitative analysis or direct link provided between the executive changes and immediate profitability or cash flow outcomes.\n\nIn summary, FirstEnergy (FE) expects its recent executive appointments and organizational restructuring to improve execution, accountability, and efficiency, which should support profitability and cash flow over time. The ticker for FirstEnergy is FE.",""
"12","e96f2b64","Timing of contract obligations vs growth for Etsy.","ETSY","data\10k\converted\ETSY.pdf","filename_fallback","59028,59056,59027,59106,59057,59103,59014,59015,59066,59017,59054,59055,59036,59006,58757,58763","173","Etsy recognizes contract obligations primarily through deferred revenue, which occurs when cash payments are received or due in advance of the completion of the service period. For example, when a seller pays the listing fee on Etsy.com, the fee is recognized ratably over the four-month listing period unless the item is sold or re-listed, at which point any remaining listing fee is recognized. Deferred revenue thus represents the value of Etsy's unsatisfied performance obligations at a given time.\n\nIn 2023, Etsy recognized $14.0 million in revenue that was included in the deferred revenue balance at the start of the year, demonstrating how contract obligations are fulfilled and recognized as revenue over time as services are rendered or listings are completed (Chunks 2, 5, 11).\n\nRegarding growth, Etsy's revenue increased by 7.1% in 2023 to $2.75 billion, with growth driven mainly by a transaction fee increase and higher on-site advertising revenue, even as gross merchandise sales (GMS) declined nearly 2% on the core marketplace. The company's ability to grow revenue despite flat or declining GMS is closely tied to changes in fee structures and expanded services, which affect the timing and realization of contract obligations (Chunks 7, 8, 16).\n\nIn summary, the timing of contract obligations (deferred revenue) is closely linked to the period over which services are provided, while Etsy's growth has recently been driven more by changes in fee structures and services than by increases in underlying marketplace activity.",""
"18","12c4696d","Schein (HSIC) focuses on ESG, enhancing employee engagement, strengthening competitive positioning, and improving long-term outcomes.","HSIC","data\10k\converted\HSIC.pdf","filename_fallback","76534,76613,76479,76533,76535,76538,76481,76488,76615,76734,76532,76480,76537,76611,76492","225","Henry Schein (HSIC) places significant emphasis on ESG (Environmental, Social, and Governance), employee engagement, competitive positioning, and long-term success. The company integrates sustainability and ESG efforts into its operations, aiming to ""do well by doing good"" for a healthier planet and people. Oversight by the Board's Nominating and Governance Committee and the Compensation Committee ensures attention to ESG matters, including human capital engagement and executive compensation.\n\nEmployee engagement is a core focus, with over 25,000 employees worldwide referred to as Team Schein Members (TSMs). Initiatives include ongoing pay equity analyses, expanding Diversity & Inclusion (D&I) education, fostering a culture of wellness and psychological safety, and providing various programs such as Employee Resource Groups, onboarding mentorship, and community volunteering opportunities. Diversity and inclusion are considered top strengths, and the company continually works to ensure its workforce reflects the diversity of its customer base and society.\n\nTo strengthen its competitive position, Henry Schein leverages a broad global footprint, a comprehensive product portfolio, and strategically located distribution centers. The company's BOLD+1 Strategic Plan focuses on building high-growth software and specialty businesses, operationalizing distribution for efficiency, deepening customer relationships, driving digital transformation, and creating stakeholder value.\n\nThese combined efforts are designed to drive sustained, long-term economic success while also creating shared value for society and positioning the company strongly within its industry.",""
"19","5d774c3a","Wynn's SSR allocation influences revenue rec. & profit metrics, WYN.","WYNN","data\10k\converted\WYNN.pdf","filename_fallback","163807,163808,163876,163682,163966,163804,163809,163972,163897,163805,163980,163801,163896,164019,163974,164022","488","Based on the provided context, Wynn Resorts allocates the standalone selling price (SSR) of each good or service--such as rooms, food and beverage, entertainment, retail, and other goods or services--when these are provided as complimentary items to incentivize casino gaming or as part of loyalty programs. This allocation directly influences revenue recognition and profit metrics.\n\nFor casino transactions that include complimentary goods or services, Wynn allocates a portion of the casino revenue to the appropriate revenue type based on the standalone selling price of the good or service provided. Complimentary goods or services supplied by third parties are recorded as an operating expense, not revenue.\n\nAdditionally, loyalty program points earned by customers are deferred as a liability until redemption and then recognized as revenue in the appropriate category when redeemed. This deferral affects the timing of revenue recognition and, consequently, reported profits.\n\nTherefore, the allocation of SSR affects how and when revenue is recognized across different segments (casino, rooms, food and beverage, etc.), impacting overall profit metrics for Wynn Resorts. (See Chunk 9, Chunk 13)",""
"21","1d3a4ef3","Capex segmentation insights on strategy & future growth for CHD.","CHD","data\10k\converted\CHD.pdf","filename_fallback","27793,27693,27748,27721,27719,27694,27668,27704,27672,27730,27720,27757,27698,27645,27646","84","Church & Dwight's capital expenditures (capex) are closely aligned with its strategic focus on supporting future sales growth, particularly in manufacturing capacity for key product categories. For 2023, total capex was $223.5 million, with the breakdown as follows: Consumer Domestic ($190.0 million), Consumer International ($20.4 million), and Specialty Products Division (SPD) ($13.1 million) [Chunk 1]. The company expects capital expenditures to be approximately $180 million in 2024, primarily aimed at investments in laundry, litter, and vitamins manufacturing capacity to support anticipated sales growth [Chunk 8].\n\nThese investments reflect CHD's strategy to strengthen production capabilities in its core and expanding product lines, particularly those considered ""power brands"" that drive about 70% of net sales and profits [Chunk 7]. The focus on laundry, litter, and vitamins aligns with this power brand strategy, ensuring the company can meet expected increases in consumer demand and continue its growth trajectory.",""
"20","6ac131a1","Accrued unbilled rev. impacts rev. recog. & op. perf.","","","fallback_no_tickers","98536,81229,61445,50355,61444,81228,146622,60579,129025,32621,161168,129024,141126,59591,32620","481,386,100,293,420,174,240,178,147,180,439","Accrued unbilled revenue impacts revenue recognition and operating performance by allowing companies to recognize revenue for goods or services delivered or performed before the customer is billed. This is common in industries where services are rendered or products are delivered over time, and invoicing occurs after performance milestones or at the end of a billing cycle.\n\nRevenue Recognition:\n- Accrued unbilled revenue arises when revenue is earned based on the delivery of goods or services, but billing has not yet occurred (Chunks 1, 3, 7, 10, 13).\n- Companies recognize this revenue in accordance with relevant accounting standards (such as ASC 606), matching revenues to the periods when performance obligations are satisfied, not necessarily when cash is received or billed (Chunks 2, 6, 10, 15).\n\nOperating Performance:\n- Recognizing accrued unbilled revenue ensures that financial statements reflect the actual economic activity of the company within the period, providing a more accurate view of operating performance (Chunks 3, 5, 8).\n- It helps match revenues with related expenses, supporting better analysis of profitability, margins, and overall business performance for the period (Chunks 1, 3, 10).\n- Accrued unbilled revenue appears as an asset on the balance sheet until the customer is billed and payment is received (Chunks 3, 8, 10).\n\nIn summary, accrued unbilled revenue allows companies to recognize revenue as they perform, improving the accuracy of reported revenues and operating results, even if billing and cash collection occur later.",""
"23","c49b410a","For Essex Property Trust (ESS), confidence in share repurchase valuation remains strong, coupled with a positive growth perspective ahead.","ESS","data\10k\converted\ESS.pdf","filename_fallback","55351,55499,55350,55354,55268,55349,55389,55531,55240,55243,55435,55242,55241,55269,55539,55355","163","Based on the provided information, Essex Property Trust (ESS) demonstrates confidence in its share repurchase valuation. In September 2022, the Board of Directors approved a new stock repurchase plan authorizing the acquisition of up to $500 million in common stock, superseding the previous plan. During the year ended December 31, 2023, ESS repurchased and retired 437,026 shares totaling $95.7 million at an average price of $218.88 per share. As of December 31, 2023, $302.7 million of repurchase authority remained under the plan, indicating continued confidence in the valuation of its shares.\n\nAdditionally, the company maintains a positive growth perspective. Essex's investment strategy involves constant market monitoring and evaluation to identify areas for rental growth, and its strong financial condition supports the ability to optimize its portfolio. The company owns interests in 252 apartment communities and has an active development pipeline, reflecting ongoing growth initiatives.\n\nIn summary, ESS maintains strong confidence in its share repurchase valuation and holds a positive outlook for future growth.",""
"22","72d93b44","Impact of % change in UNH interest exp on pre-tax earnings.","UNH","data\10k\converted\UNH.pdf","filename_fallback","149791,149825,149790,149888,149818,149918,149826,149817,149846,149917,149827,149828,149824,149829,149795","448","In 2023, UnitedHealth Group's interest expense increased by 55% compared to 2022, rising from $2,092 million in 2022 to $3,246 million in 2023. This increase in interest expense directly reduced the company's earnings before income taxes (pre-tax earnings). Specifically, the higher interest expense lowered pre-tax earnings by $1,154 million compared to the previous year.\n\nTo summarize, the percentage increase in interest expense resulted in a direct and equivalent reduction in pre-tax earnings, since interest expense is deducted from earnings from operations to calculate pre-tax earnings.",""
"26","9de93d4e","Impact on revenue timing predictability of unredeemed gift cards w/ WMT.","WMT","data\10k\converted\WMT.pdf","filename_fallback","158234,158235,158059,158283,158065,158023,158249,158054,158147,158132,158212,158030,158019,158155,158178,158170","472","Unredeemed gift cards impact the timing and predictability of revenue for Walmart. Revenue from gift card sales is not recognized until the card is redeemed and the customer purchases merchandise or services. Since some gift cards, especially in the U.S. and certain other countries, do not have expiration dates, they can be redeemed indefinitely, making it challenging to predict exactly when the associated revenue will be recognized. While most gift cards are redeemed within 12 months, a portion will remain unredeemed for longer periods or may never be fully used. Walmart estimates the value of unredeemed gift cards and recognizes revenue for these amounts over the expected redemption period, but the indefinite nature of some gift cards introduces variability and reduces the predictability of revenue timing.",""
"25","793dc0e4","HWM's impact on cash flow & investment is influenced by leadership in cost control, supply chain, and cap allocation.","HWM","data\10k\converted\HWM.pdf","filename_fallback","78308,78337,78378,78232,78302,78231,78344,78229,78250,78241,78309,78367,78434,78243,78348,78352","231","Howmet Aerospace's impact on cash flow and investment is significantly influenced by its leadership's focus on cost control, supply chain management, and disciplined capital allocation:\n\n- Cost Control: Management has prioritized improving the company's cost structure and liquidity. Actions include procurement efficiencies, overhead rationalization, and working capital initiatives, all aimed at reducing costs and maintaining a sustainable level of capital expenditures. This disciplined approach helps ensure that cash provided from operations and financing activities is adequate to cover operational and business needs (Chunk 5).\n\n- Supply Chain Management: Howmet maintains annual or long-term contracts for most of its supply requirements, but also faces challenges from limited source suppliers and potential disruptions. Leadership's supply chain strategies aim to mitigate these risks, although ongoing constraints could impact production and financial performance (Chunk 10).\n\n- Capital Allocation: The company uses cash flow for operational needs, debt repayments, capital expenditures (such as automation and IT upgrades), and shareholder returns (e.g., share repurchases and dividends). Leadership's approach has allowed Howmet to fund its activities while strengthening its balance sheet (Chunks 1, 5, 11, 15).\n\nOverall, leadership's disciplined management in these areas supports Howmet's ability to generate cash flow and make strategic investments to support growth and operational stability.",""
"29","ba476a19","MA ruling risk mitigation legal proceedings for Pentair.","PNR","data\10k\converted\PNR.pdf","filename_fallback","121650,121465,121555,121547,121694,121466,121467,121482,121709,121556,121708,121581,121710,121575,121707,121705","366","Pentair addresses risks related to legal proceedings, including those that could arise from mergers and acquisitions (M&A), by regularly assessing and updating its estimates of probable liabilities and associated expenses. The company is involved in various legal matters, such as commercial, regulatory, or contractual disputes (which can include those related to acquisitions and divestitures), intellectual property, environmental, product liability, and employment issues.\n\nWhile Pentair believes that a material impact from such proceedings on its consolidated financial position, results of operations, or cash flows is unlikely, it acknowledges the inherent uncertainty in litigation. There is a remote possibility that an adverse ruling or unfavorable development could result in future charges that might materially affect the company. Pentair continues to periodically reexamine its estimates and make adjustments as necessary based on experience and developments in litigation, as well as applicable accounting rules.\n\nAdditionally, many product liability and personal injury claims are insured and accrued for by Pentair's captive insurance subsidiary, Penwald Insurance Company, which bases reserves on actuarial projections of ultimate losses. For other claims, accruals are made when it is probable that a liability has been incurred and can be reasonably estimated, and these are updated as more information becomes available.\n\nIn summary, Pentair mitigates risks from legal proceedings (including those related to M&A) through continuous monitoring, regular updating of liability estimates, insurance arrangements, and appropriate accruals, but recognizes that some risk of significant future impact remains due to the unpredictable nature of litigation outcomes (Chunks 5, 12).",""
"24","3e4450ee","Consumer trends in product reformulations & innovation for PEP.","PEP","data\10k\converted\PEP.pdf","filename_fallback","123138,123227,123154,123139,123153,123191,123224,123157,123226,123241,123223,123183,123134,123293,123201,123130","370","Consumer trends driving product reformulation and innovation at PepsiCo (PEP) focus on health and wellness, sustainability, and evolving preferences for ingredients and packaging. Key trends and responses include:\n\n- Health & Wellness: There is an increased consumer focus on healthier products, prompting PepsiCo to reformulate products to reduce added sugars, sodium, and saturated fat. They are also offering more products with functional ingredients and positive nutrition, such as legumes, whole grains, fruits and vegetables, nuts and seeds, plant-based proteins, fiber, micronutrients, and hydration options. PepsiCo has announced ambitious nutrition goals to further reduce sodium and deliver more diverse ingredients annually by 2030 ([Chunks 1, 2, 4]).\n\n- Sustainability: Growing concerns about environmental impacts, particularly regarding packaging, have led to innovations such as bottles made with recycled plastic, expanded paper packaging options, and scaling business models that require little or no single-use packaging (e.g., SodaStream, returnable bottles, reusable cup pilots). Packaging technology is being developed to reduce the use of plastic and to create recyclable, compostable, biodegradable, and reusable options ([Chunks 2, 4, 9]).\n\n- Ingredient Diversity: Consumers are seeking more diverse and plant-based ingredient options. PepsiCo is prioritizing these in both new and existing products and expanding its position in the nuts and seeds category ([Chunk 2]).\n\n- Technology & E-commerce: The continued acceleration of e-commerce and digital purchase methods is influencing innovation in distribution, marketing, and consumer engagement, including investments in digital tools, artificial intelligence, and data analytics to better understand and respond to consumer preferences ([Chunks 1, 4]).\n\n- Responsiveness to Trends: PepsiCo emphasizes the importance of anticipating and effectively responding to shifts in consumer trends, such as changing demographics, consumption patterns, diet preferences, and environmental concerns. Failure to adapt to these trends can reduce demand for their products ([Chunk 3]).\n\nOverall, PepsiCo's product reformulations and innovations are closely aligned with consumer demands for healthier, more sustainable, and diverse food and beverage options, as well as improved convenience and digital experiences.",""
"30","1377d233","Cost structure for cybersecurity at Mohawk Industries, along with its op. profitability and projected long-term impact, focusing on ticker MHK.","MHK","data\10k\converted\MHK.pdf","filename_fallback","99406,99370,99426,99324,99371,99335,99372,99272,99408,99427,99381,99316,99396,99457,99320,99299","296","I cannot find sufficient information in the provided documents to answer this question. \n\nWhile the context discusses Mohawk Industries' overall cost structure, operating profitability, and references a cybersecurity program led by a Senior Director of Cybersecurity, there are no specific details on the costs associated with cybersecurity, its direct impact on operating profitability, or a projected long-term financial impact related to cybersecurity for ticker MHK.",""
"27","1575095d","Cap allocation risk mgmt for FedEx's aircraft purchase agreement.","FDX","data\10k\converted\FDX.pdf","filename_fallback","65091,65326,65330,65216,65175,65164,65256,65158,65255,65115,65325,65296,65295,65251,65100,65159","189","FedEx manages capital allocation risk related to its aircraft purchase agreements through several strategies and risk mitigation measures:\n\n1. Long-Term Planning and Commitments: FedEx must anticipate volume levels and plan fleet requirements years in advance, making commitments for aircraft based on these projections. The company recognizes that lengthy lead times for aircraft manufacture and modifications create risks that asset capacity may exceed demand, potentially leading to overcapacity (Chunk 5).\n\n2. Purchase Commitments and Flexibility: As of May 31, 2024, FedEx had noncancelable purchase commitments for aircraft and related equipment totaling $4.3 billion, with annual commitments scheduled through at least 2029. However, their ability to delay the timing of these expenditures is limited without incurring significant costs to modify existing agreements (Chunks 12, 13, 15).\n\n3. Fleet Modernization: FedEx is engaged in aircraft modernization programs, notably with the purchase of Boeing 777 Freighter and Boeing 767-300 Freighter aircraft, which are more fuel-efficient and necessary for achieving long-term operating savings and replacing older planes (Chunks 6, 12, 13).\n\n4. Flexibility and Utilization: FedEx operates an integrated global network with interchangeable aircraft across routes and geographies, providing flexibility in fleet planning to adapt to changing economic conditions and shipment volumes (Chunk 5).\n\n5. Financial Controls and Evaluation: FedEx's capital allocation for aircraft is influenced by contractual commitments, anticipated volume growth, economic conditions, and regulatory factors. The company evaluates the useful lives and residual values of aircraft based on experience and future projections, impacting depreciation and asset disposal outcomes (Chunks 5, 8).\n\n6. Risk of Overcommitment: The documents highlight that while gains/losses on equipment disposals have not historically been material, future outcomes could change due to business levels, obsolescence, regulation, or accidents--highlighting ongoing monitoring of asset utilization risks (Chunk 5).\n\nIn summary, FedEx's capital allocation risk management for aircraft purchase agreements relies on long-term fleet planning, limited flexibility to adjust commitments, ongoing modernization for efficiency, operational flexibility, and rigorous financial controls to balance investment with anticipated demand and economic uncertainty.",""
"28","07851579","Impact on cash flows due to Netflix's tech & content innovation.","NFLX","data\10k\converted\NFLX.pdf","filename_fallback","107291,107260,107290,107259,107298,107263,107200,107293,107181,107287,107292,107295,107266,107262,107302,107182","321","Netflix's investments in technology and, in particular, content innovation have a significant impact on its cash flows, especially in operating activities. The primary use of cash is the acquisition, licensing, and production of content, which requires substantial upfront payments, especially for original content that Netflix produces and owns. These payments are often made well in advance of when the content becomes available for streaming, resulting in large outflows under operating cash flows (Chunks 2, 4, 5).\n\nIn 2024, payments for content assets increased by $3,862 million (29%) compared to 2023, rising from $13,140 million to $17,003 million. This reflects the company's continued emphasis on investing in original and global content, which directly impacts its liquidity and operating cash flows. However, these outflows are partially offset over time as the content assets are amortized and recognized as cost of revenues (Chunks 1, 6, 14).\n\nDespite the large cash outlays for content and technology investments, Netflix's net cash provided by operating activities remained strong in 2024 at $7.36 billion, a slight increase from 2023, due to higher net income and favorable changes in working capital (Chunks 1, 6, 14).\n\nIn summary, Netflix's focus on tech and content innovation leads to significant upfront cash outflows, particularly in operating cash flows, but is fundamental to driving long-term growth and maintaining competitive advantage.",""
"32","02632d80","ROE rate approvals from Ameren Corp reflect profitability resilience.","AEE","data\10k\converted\AEE.pdf","filename_fallback","5794,5812,5732,5795,5989,5689,6011,5920,5731,5879,5730,5988,5686,5909,5810,5921","20","Ameren Corp's regulatory frameworks and ROE (Return on Equity) rate approvals contribute to its profitability resilience by ensuring opportunities to recover costs and earn competitive returns across its business segments.\n\n- Ameren Transmission has an allowed ROE of 10.52% under formula ratemaking.\n- Ameren Illinois Electric Distribution operates under a Multi-Year Rate Plan (MYRP) with an allowed ROE of 8.72%.\n- Ameren Illinois Natural Gas has an allowed ROE of 9.44%.\n- For Ameren Missouri, the allowed ROE is not explicitly specified in recent orders.\n\nThese ROE approvals and regulatory mechanisms, such as decoupling revenues from sales volumes and using formula ratemaking tied to long-term Treasury yields (for energy-efficiency investments), help Ameren optimize its operating performance, align capital allocation with economic and regulatory conditions, and minimize the gap between allowed and earned ROEs. The presence of performance incentives and reconciliation caps in rate frameworks further stabilize Ameren's earnings, even in the face of economic or operational variability.\n\nCollectively, these regulatory approaches and approved ROEs support Ameren's ability to generate steady returns and recover investments, underscoring its resilience in profitability.",""
"31","dda6eba3","2023 inv. turnover for Phillips 66 using crude/product cost & avg. inv. from 2022-23, PSX.","PSX","data\10k\converted\PSX.pdf","filename_fallback","128413,128446,128415,128421,128416,128301,128503,128311,128465,128519,128391,128518,128466,128330,128516,128417","383","To calculate the 2023 inventory turnover for Phillips 66 using the cost of crude oil and petroleum products purchased and the average inventory of crude oil and petroleum products from 2022 and 2023:\n\n**Step 1: Find the required data**\n\n- Cost of crude oil and petroleum products purchased in 2023:  \n  $128,086 million (Chunk 1)\n\n- Crude oil and petroleum products inventory at December 31:  \n  2022: $2,914 million  \n  2023: $3,330 million  \n  (Chunk 2)\n\n- Average inventory for 2022-2023:  \n  = (2022 + 2023) / 2  \n  = ($2,914 million + $3,330 million) / 2  \n  = $6,244 million / 2  \n  = $3,122 million\n\n**Step 2: Calculate inventory turnover**\n\nInventory turnover = Cost of Goods Sold (or crude oil & petroleum products purchased) / Average Inventory\n\n= $128,086 million / $3,122 million  \n≈ 41.04\n\n**Answer:**  \nThe 2023 inventory turnover for Phillips 66, using the cost of crude oil and petroleum products purchased and the average crude oil and petroleum products inventory from 2022-2023, is approximately **41.0**.",""
"33","86580c44","Payment timing for NWS sports programming rights vs. programming costs & purchase obligations.","NWS","","fallback_no_files_on_disk","118299,119428,118300,61861,61965,157738,45392,157879,157878,29298,118334,61860,61931,45549,61858,29362","354,357,135,181,471,89","For NWS (News Corporation), the payment timing and accounting for sports programming rights is as follows:\n\n- Programming rights and related liabilities are recorded at the gross amount when the license period has begun, the cost is determinable, and the program is accepted and available for airing (Chunks 1, 11).\n- The costs of sports contracts are primarily charged to expense over the respective season as events are aired. For sports contracts with dedicated channels, the sports programming rights costs are amortized over 12 months (Chunks 1, 3).\n- The company regularly reviews its programming assets for impairment, and any write-downs are made if fair value is less than unamortized cost (Chunks 1, 3, 11).\n\nRegarding purchase obligations:\n- Inventory, which includes programming rights, is recorded as an obligation when the license period has begun and the cost is determinable (Chunk 11).\n- The amortization expense for programming costs is recognized over the expected pattern of consumption, based primarily on consumer viewership and other factors. Unamortized programming costs are scheduled to be amortized in future fiscal years (Chunk 11).\n\nIn summary, NWS recognizes payment obligations for sports programming rights when the license period starts and amortizes these costs as the sports events are aired, generally over the season or a 12-month period for dedicated channels. Purchase obligations are reflected as liabilities once the rights are available for airing, with expense recognition aligned to actual content consumption.",""
"35","495f038d","RJF's share repurchase prog. offsets dilution in capital alloc.","RJF","data\10k\converted\RJF.pdf","filename_fallback","137369,137368,137050,137042,137043,137384,136932,137027,137198,137319,137415,136907,137407,137026,137406","408","Raymond James Financial (RJF) repurchases shares of its common stock in part to offset dilution that may arise from share issuances related to share-based compensation programs or acquisitions. The company's capital allocation strategy includes regular open-market share repurchases, typically under an SEC Rule 10b-18 plan, to manage its capital position and maintain shareholder value. During the year ended September 30, 2024, RJF repurchased 7.7 million shares for $900 million, with the repurchases helping to offset dilution from share-based awards and other issuances. The company expects to continue using share repurchases as a tool to offset such dilution as part of its overall capital management strategy.",""
"36","ffab8ec1","% change in NFLX net income 2022 vs 2023.","NFLX","data\10k\converted\NFLX.pdf","filename_fallback","107290,107291,107247,107294,107251,107250,107252,107310,107248,107263,107262,107256,107253,107254","321","Netflix's net income increased from $4,491,924,000 in 2022 to $5,407,990,000 in 2023. \n\nTo calculate the percentage change:\n% change = [(5,407,990 - 4,491,924) / 4,491,924] x 100% ≈ 20.4%\n\nTherefore, Netflix's net income increased by approximately 20.4% from 2022 to 2023.",""
"34","3f0b0818","HII's experienced workforce has a significant impact on its operational and financial performance.","HII","data\10k\converted\HII.pdf","filename_fallback","75051,75182,74990,75052,75064,75024,75187,75050,75023,75018,75321,75307,75322,75235,75025,75106","221","Yes, HII's experienced workforce has a significant impact on its operational and financial performance. The company relies heavily on employees with specialized skills in engineering, nuclear, trades and crafts, manufacturing, information technology, and cybersecurity. Many positions also require personnel to hold security clearances and undergo substantial training, making these employees difficult to replace quickly in the event of unplanned attrition.\n\nA growing portion of HII's workforce is nearing or eligible for retirement, making it critical for the company to hire and train new qualified personnel and effectively transfer critical knowledge and skills. HII faces intense competition for talent, particularly for technical positions, from commercial technology companies that may offer more attractive compensation and benefits.\n\nDifficulties in hiring and retaining qualified personnel have negatively impacted HII's results of operations, financial condition, and cash flow, and may continue to do so. The company has also experienced higher labor, recruiting, and training costs, and a shortage of skilled employees can affect HII's ability to perform existing contracts and compete for new ones. Thus, the experience and retention of its workforce are directly linked to HII's operational execution, ability to meet customer expectations, and overall financial performance (see Chunks 1, 4, 8, and 10).",""
"39","5ccc9ee6","2023 REG redevel. costs impact: timing, proj. scale, NOI volatility.","REG","data\10k\converted\REG.pdf","filename_fallback","132446,132445,132448,132415,132534,132305,132535,132435,132414,132433,132304,132533,132432,132636,132443","395","In 2023, Regency Centers' redevelopment costs increased by $19.7 million compared to the prior year, primarily due to the timing and magnitude of projects currently in process. The company continuously improves its portfolio of shopping centers through various redevelopment activities, such as adjacent land acquisition, building expansions, facade renovations, new out-parcel construction, and tenant improvement costs. The size and scope of each redevelopment project can vary, and the timing and duration of these projects can result in volatility in Net Operating Income (NOI), as the impact of redevelopment on property revenue and expenses does not occur evenly over time. Therefore, fluctuations in project timing and scale directly contribute to NOI volatility during periods of active redevelopment.",""
"38","e95ef96c","Cash flow rev stability over the long term from PPAs for CMS Energy.","CMS","data\10k\converted\CMS.pdf","filename_fallback","38026,38255,38025,38123,38216,38247,38217,38128,38024,38121,38279,38120,38186,38169,38097,38244","113","CMS Energy and its subsidiary Consumers Energy derive significant long-term cash flow and revenue stability from their portfolio of long-term power purchase agreements (PPAs). As of December 31, 2023, Consumers had future commitments under PPAs totaling $7.2 billion for the period 2024 through 2048, with annual payments ranging from $0.7 billion to $0.8 billion for each of the next five years. These obligations are primarily for capacity and energy purchases, and the payments are structured based on plant availability or deliverability, which supports predictable cash outflows and, correspondingly, revenue inflows for counterparties (Chunk 1, Chunk 3, Chunk 7).\n\nConsumers acquires a substantial portion of its electricity--43% in 2023--through these long-term PPAs and market purchases, indicating a stable and recurring revenue stream for CMS Energy's PPA counterparties (Chunk 3). Additionally, several of these PPAs are accounted for as leases, and lease revenue from power sales agreements was $116 million in 2023, including $74 million in variable lease payments (Chunk 6).\n\nOverall, the long-term nature, fixed and variable payment structures, and regulatory approval of many of these agreements contribute to a stable, predictable cash flow and revenue base from PPAs for CMS Energy over an extended period.",""
"41","1dcdba9e","Trends in capex for Micron from 2022 through 2024.","MU","data\10k\converted\MU.pdf","filename_fallback","106170,105970,106132,106131,105978,106130,106099,105969,106036,106117,106134,106101,106147,105995,105965","317","From 2022 through 2024, Micron's capital expenditures (capex) showed the following trend:\n\n- In 2022, although the exact capex amount is not specified in the provided context, there is reference to significant capital expenditures as part of their ongoing investment activities.\n- In 2023, Micron reduced capital expenditures in response to challenging market conditions and increased inventory levels, as well as to improve capital efficiency (Chunk 12).\n- In 2024, capex increased again. The company spent $8.39 billion on property, plant, and equipment, up from $7.68 billion in 2023 (Chunk 10). This increase is associated with improving market conditions and Micron's expansion of production capacity, particularly in the United States and other regions (Chunk 14).\n\nIn summary, Micron's capex decreased in 2023 due to market challenges, then increased in 2024 as market conditions improved and the company ramped up investments in production capacity.",""
"42","9f66f4c8","MRO $2.01B US CAPEX vs intl growth op performance.","MRO","data\10k\converted\MRO.pdf","filename_fallback","104078,104077,104008,103894,104075,104005,104006,104059,103991,103990,104088,103890,103932,104114,104161,104072","310","Marathon Oil's U.S. capital expenditures (CAPEX) for 2023 were $2.01 billion, significantly higher than its international CAPEX of $7 million for the same period. This increase in U.S. CAPEX was largely driven by investment and drilling related to the Eagle Ford acreage acquired from Ensign in December 2022, as well as inflationary pressures in oil field services, labor, materials, and equipment (Chunk 3).\n\nIn terms of operating performance, U.S. segment income in 2023 was $1.763 billion, while international segment income was $232 million. Both segments saw a decrease in income compared to 2022, primarily due to lower realized prices, though the U.S. segment benefited from higher net sales volumes and the impact of recent acquisitions (Chunk 6).\n\nIn summary, Marathon Oil's growth opportunities and capital allocation are heavily weighted toward the U.S., where CAPEX and operating performance are substantially higher than in its international segment. The company's international operations, primarily in Equatorial Guinea (E.G.), contribute a smaller portion to both CAPEX and income.",""
"37","13ce82c5","NEM's liquidity vs capex strat amid dev spending.","NEM","data\10k\converted\NEM.pdf","filename_fallback","119018,119008,119009,119015,119005,119002,118652,119017,119062,119030,118761,119208,119016,118651,118762","356","Newmont (NEM) maintains a disciplined capital allocation strategy focused on financial flexibility to self-fund development projects, support profitable growth, reduce debt, and return cash to shareholders through dividends and share repurchases. The company's liquidity position is strong: as of December 31, 2023, Newmont held $3.0 billion in cash and cash equivalents and had approximately $6.1 billion in total liquidity.\n\nNear-term development capital projects, such as Tanami Expansion 2, Ahafo North, and Cadia Block Caves, are funded from existing liquidity and future operating cash flows. For example, Tanami Expansion 2 is estimated to require $1,700-$1,800 million in capital costs, and Ahafo North $950-$1,050 million, both being financed without a reliance on external funding. \n\nNewmont carefully manages its project pipeline, continuously evaluating strategic priorities and capital deployment to ensure value creation and risk mitigation, especially in response to market volatility and inflationary pressures. Sustaining capital expenditures are prioritized to maintain current production, while development (non-sustaining) capital is directed at projects that will enhance production or reserves.\n\nThis approach allows Newmont to manage both short- and potentially long-term adverse impacts from macroeconomic or geopolitical events, ensuring that development spending does not compromise liquidity or overall financial stability.\n\nIn summary, Newmont's liquidity and capex strategy is to self-fund major development projects from operational cash flows and existing cash reserves, maintaining financial flexibility and resilience amid significant development spending.",""
"45","fc41702c","CapEx allocation for Cardinal (CAH) focuses on mfg/tech to enhance comp. positioning.","CAH","data\10k\converted\CAH.pdf","filename_fallback","23887,23886,23977,23857,24156,23867,23860,23904,23929,23988,23976,23894,24026,24075,23937,24124","72","Cardinal Health's capital expenditures (CapEx) are primarily allocated to manufacturing and distribution infrastructure projects and technology investments. These investments are aimed at enhancing the company's competitive positioning by improving operational efficiency and supporting growth initiatives. For fiscal 2025, Cardinal Health expects CapEx to be approximately $500 million to $550 million, continuing its focus on manufacturing and technology enhancements (Chunks 1 and 2).",""
"40","7b17a9b2","Impact of CarMax's mkt share on rev & profitability as used vehicle values weaken, KMX.","KMX","data\10k\converted\KMX.pdf","filename_fallback","87959,88044,88054,88056,88055,88043,88035,88057,88119,87963,88037,88031,87952,87950,88036","261","CarMax's revenue and profitability have been negatively impacted by a decline in its market share, which has coincided with weakening used vehicle values. In calendar 2023, CarMax's estimated market share of age 0- to 10-year-old used vehicles sold nationwide decreased to approximately 3.7% from 4.0% in calendar 2022. This decline was attributed to sharp vehicle depreciation in the used car industry and CarMax's strategic focus on maintaining profitable market share rather than maximizing unit sales at any cost.\n\nAs used vehicle values weakened, CarMax experienced a drop in average selling prices and unit sales. For fiscal 2024, net sales and operating revenues decreased by 10.6% compared to the prior year, and used unit sales fell by 5.2%. Used vehicle gross profit also declined by 5.2%, although gross profit per used vehicle unit remained consistent with the previous year ($2,288 per unit), indicating that CarMax prioritized margin maintenance despite lower volumes.\n\nWholesale vehicle revenues and gross profit were similarly affected, with revenues down 16.9% and gross profit down 5.6%, mainly due to lower average selling prices and unit sales resulting from steep market depreciation.\n\nIn summary, as CarMax's market share decreased in a weakening used car value environment, both its revenue and total gross profit declined. However, CarMax managed to keep gross profit per unit stable by focusing on profitability and adjusting its operations to market conditions, rather than aggressively pursuing volume at the expense of margins.\n\nKey points:\n- Market share fell from 4.0% to 3.7% amid sharp vehicle depreciation.\n- Net sales and operating revenues declined 10.6% in fiscal 2024.\n- Used and wholesale unit sales, as well as gross profit, declined, but per-unit gross profit was maintained.\n- The company focused on profitable market share, supporting unit margins while accepting lower overall revenue due to industry headwinds.\n\n(CarMax context from Chunks 1, 2, 3, 4, 5, 6, 7, 8)",""
"44","65456492","Revenue recognition: principal vs. agent criteria?","","","fallback_no_tickers","55788,25945,41343,78121,48534,143280,150653,48533,141821,160784,141868,151804,19543,25944,81532,115673","480,450,164,230,423,454,428,77,142,241,121,346,60","The determination of whether a company acts as a principal or an agent in a transaction is based on whether the company controls the specified good or service before it is transferred to the customer.\n\nKey criteria for principal vs. agent determination include:\n\n- Principal: The company is primarily responsible for fulfilling the promise to provide the specified goods or services, has inventory risk before the goods or services are transferred to the customer, and has discretion in establishing the price for the goods or services. When these indicators are present, the company recognizes revenue on a gross basis.\n- Agent: If the company does not control the specified good or service before transfer to the customer, it acts as an agent and recognizes revenue on a net basis (i.e., only the amount of any fee or commission to which it expects to be entitled).\n\nThis evaluation involves judgment and consideration of the facts and circumstances of each transaction, including the terms and conditions of contracts, who is responsible for fulfillment, inventory risk, and pricing discretion (see Chunks 2, 7, and 14).",""
"43","9a41a152","Impact of Zebra Tech's Matrox acquisition on investing cash flow & future invs. Ticker to consider: ZBRA.","ZBRA","data\10k\converted\ZBRA.pdf","filename_fallback","161121,161146,161003,161171,161170,161144,161106,161223,161143,161050,161227,161105,161139,161147,161149","481","The acquisition of Matrox Electronic Systems Ltd. by Zebra Technologies (ZBRA) had a significant impact on the company's investing cash flow. In 2022, Zebra paid $881 million in cash for the acquisition of Matrox (net of Matrox's cash on hand), which is reflected in the substantial outflow under investing activities for that year. Specifically, net cash used in investing activities was $968 million in 2022, primarily due to the Matrox acquisition. In comparison, there was no similar acquisition outflow in 2023, resulting in net cash used in investing activities dropping to $92 million--a decrease of $876 million compared to 2022, mainly because the Matrox acquisition did not recur.\n\nFor future investments, the context notes that macroeconomic factors like rising inflation and interest rates, as well as capital market volatility, could negatively influence Zebra's future acquisition opportunities. Additionally, the company recognizes that acquisitions can present integration challenges and risks that may affect operating results and cash flows. Therefore, while the Matrox acquisition significantly reduced investing cash outflows in 2023 versus 2022, future investment activity may be more cautious or impacted by external economic conditions and internal risk assessments.",""
"49","921af442","CAMP's inventory turnover trends for 2023-2024 reflect operational efficiency.","CAMP","","fallback_no_files_on_disk","143263,43081,88071,58320,85182,88043,98770,140273,92392,72054,39632,158064,149401,138575,8266,88042","417,261,294,171,428,274,211,117,472,412,27,252,446,127","I cannot find sufficient information in the provided documents to answer this question.",""
"48","2076b8c2","DexCom's board composition, including its signature page, and role diversity's impact on governance are critical considerations.","DXCM","data\10k\converted\DXCM.pdf","filename_fallback","52794,53128,53132,52848,52882,53080,52849,52847,52803,52884,52887,53129,52798,52881,52810,53136","155","I cannot find sufficient information in the provided documents to answer this question.\n\nThe context does not include a detailed list of DexCom's board members, their backgrounds, or a copy of the signature page. While the documents mention that information about directors and executive officers is incorporated by reference to the Proxy Statement (see Chunk 2), the actual details about board composition and specific impacts of role diversity on governance are not present in the excerpts provided. There is also a mention of diversity initiatives and the importance of DEI within the company (Chunks 5, 10, 11, and 14), but no explicit connection is made to board-level diversity or its direct impact on governance.",""
"47","ce086bd1","Third-party delivery revenue recognition & cash flow impacts for CMG.","CMG","data\10k\converted\CMG.pdf","filename_fallback","27927,27839,27926,27840,27838,27888,27929,27821,27930,27820,27928,27935,27916,27899","85","Chipotle recognizes revenue from third-party delivery sales differently depending on the sales channel:\n\n- For delivery orders placed through Chipotle's own website or app (""White Label Sales""), Chipotle controls the delivery service and generally recognizes revenue, including delivery fees, when the delivery partner transfers the food to the customer. Payment is received directly from the customer at the time of sale.\n- For delivery orders placed through a third-party delivery platform (""Marketplace Sales""), Chipotle generally recognizes revenue, excluding delivery fees collected by the delivery partner, when control of the food is transferred to the delivery partner. In these cases, Chipotle receives payment from the delivery partner after the transfer of food, and the payment terms are short-term in nature.\n\nCash flow impacts arise from these differences:\n\n- In White Label Sales, cash is received immediately from the customer, positively impacting cash flow at the point of sale.\n- In Marketplace Sales, there is a timing difference, as Chipotle receives payment from the third-party delivery partner after the food is handed over, resulting in a short-term receivable and a slight delay in cash inflow.\n\nThese practices are in line with Chipotle's revenue recognition policy and affect both the timing and classification of cash flows related to delivery sales (Chunks 1, 3, 13).",""
"51","aa0999c9","QCOM Dec 2024 div per share & cap return policy alignment.","QCOM","data\10k\converted\QCOM.pdf","filename_fallback","126771,126770,126866,126865,126625,126751,126618,126806,126752,126877,126807,126878,126617,126851,126842,126841","378","For December 2024, Qualcomm (QCOM) announced a cash dividend of $0.85 per share on its common stock, payable on December 19, 2024, to stockholders of record as of the close of business on December 5, 2024.\n\nQualcomm's capital return policy is to return capital to stockholders primarily through both cash dividends and stock repurchases. The company intends to continue paying quarterly cash dividends, subject to capital availability and other factors that are in the best interests of stockholders. Additionally, Qualcomm announced a new $15.0 billion stock repurchase authorization in November 2024, which supplements its prior $10.0 billion repurchase program. The timing and amount of repurchases and dividends are periodically evaluated based on market conditions, capital needs, and other relevant considerations (Chunks 1, 2, 4, 6, 8).\n\nIn summary:\n- December 2024 dividend per share: $0.85\n- Capital return policy: Ongoing commitment to both cash dividends and stock repurchases, with periodic evaluation to ensure alignment with stockholder interests and capital availability.",""
"46","da973d53","Indemnification & guarantee terms of PRU vs impact on risk mgmt.","PRU","data\10k\converted\PRU.pdf","filename_fallback","168702,168700,168749,167876,168750,168699,168562,168230,167897,168554,168380,168168,168705,168384,168052,168321","496","Prudential Financial (PRU) provides a wide range of indemnifications and guarantees as part of its normal business operations, acquisitions, investments, debt issuances, and ongoing activities. The terms and scope of these indemnifications and guarantees vary, but several key types and their impact on risk management are highlighted below:\n\nTypes and Terms of Indemnifications & Guarantees\n\n- Securities Lending & Repurchase Transactions: PRU indemnifies certain clients against losses from counterparty defaults in securities lending transactions. Collateral is provided by the counterparty at a minimum of 102% of the fair value of the loaned securities, maintained daily. As of December 31, 2023, the indemnification provided was $5.4 billion, with collateral of $5.5 billion, and no accrued liability, indicating low expected losses (Chunks 2, 6).\n- Guarantees of Asset Values: PRU guarantees asset values for third parties, with a guaranteed value of $78 billion as of year-end 2023, supported by $73 billion in collateral. These contracts are accounted for as derivatives and carried at fair value (Chunk 1).\n- Indemnification of Serviced Mortgage Loans: PRU indemnifies government-sponsored entities (GSEs) like Fannie Mae and Freddie Mac for a share of credit risk on mortgages it services. As of December 31, 2023, the maximum exposure was $3.1 billion, with a first-loss exposure of $898 million and an allowance for credit losses of $14 million (Chunks 1, 16).\n- Intercompany and Third-party Guarantees: PRU has issued guarantees covering intercompany loans ($4.9 billion), commercial paper ($514 million), and letters of credit supporting statutory reserve credit related to reinsurance agreements (e.g., $2.3 billion for PICA and Pruco Life), with the likelihood of these being drawn considered remote and the guarantees' current value estimated as immaterial (Chunks 3, 5, 13).\n- General Indemnity Arrangements: PRU provides indemnities related to acquisitions, dispositions, and other transactions, triggered by breaches of representations or warranties. These may have time or contractual limitations but, in some cases, lack specified limits (Chunks 3, 5, 13).\n\nImpact on Risk Management\n\n- Risk Assessment & Allowances: PRU manages risk from indemnifications and guarantees by establishing allowances for credit losses (such as CECL allowances for mortgage indemnities), assessing collateral sufficiency, and regularly reviewing the likelihood and magnitude of potential claims (Chunks 1, 6, 16).\n- Collateralization: Many guarantees are collateralized, reducing the likelihood of loss and limiting risk exposure (Chunks 1, 2, 6).\n- Probability of Loss: PRU considers the likelihood of indemnity payments to be remote in many cases, reflecting strong risk controls, collateral management, and prudent underwriting (Chunks 1, 3, 5, 13).\n- Risk Governance: PRU's risk management framework includes identifying, monitoring, and managing all material risks, including those arising from guarantees. Senior management and risk committees oversee exposures and ensure that businesses are accountable for top risks, using both top-down and bottom-up approaches (Chunk 8).\n- Financial Reporting: Accrued liabilities are recognized for expected losses where appropriate, and the value of guarantees is monitored and reported, with immaterial exposure where risk is judged to be low (Chunks 1, 13).\n\nIn summary, PRU's indemnification and guarantee obligations are significant in absolute terms but are generally well-collateralized, tightly managed, and considered low risk due to prudent risk management practices, regular monitoring, and robust governance structures. This comprehensive approach helps mitigate the financial impact of these obligations on PRU's overall risk profile.",""
"50","33536a32","Price variability of repurchases for F5 in FY24 Q4 during Aug-Sept & timing strategy, F5.","FFIV","data\10k\converted\FFIV.pdf","filename_fallback","60002,60045,60001,60046,60097,59926,59923,60094,59925,60093,59915,60044,59924,59919,60005,59917","176","In the fourth quarter of fiscal year 2024, F5 repurchased shares at varying prices:\n\n- In August 2024, 7,705 shares were purchased at an average price of $195.48 per share.\n- In September 2024, 485,893 shares were purchased at an average price of $205.81 per share.\n\nThis shows a price variability of about $10.33 per share between August and September, with the repurchase price increasing from August to September.\n\nRegarding timing strategy, F5's share repurchase program allows for acquisitions ""from time to time in private transactions, accelerated share repurchase programs, or open market purchases as permitted by securities laws and other legal requirements."" The program can also be terminated at any time, indicating flexibility in timing and method, likely to optimize repurchase prices and market conditions rather than following a fixed schedule.",""
"53","45a2da1c","Operational risk from labor disputes in OTIS union agreements.","OTIS","data\10k\converted\OTIS.pdf","filename_fallback","115794,115805,115804,115789,115859,116040,115841,115849,115788,115908,115842,115918,115940,115862,116049,115795","347","Otis faces operational risks from labor disputes related to its union agreements. Approximately 63% of its U.S. workforce is covered by collective bargaining agreements, and outside the U.S., many employees are represented by workers' councils or statutory labor unions as required by local jurisdictions. While Otis strives to maintain good relationships with employee representative bodies, its business could be adversely affected by work stoppages, union negotiations, labor disputes, and other labor-related matters. The collective bargaining agreement for most U.S. bargaining unit colleagues was renewed without disruption in July 2022 and is set to expire in July 2027. However, risks remain that labor disputes or negotiations could lead to disruptions in operations (Chunk 1). Additionally, the negotiation of collective bargaining agreements and labor inflation are highlighted as factors that could impact Otis's operations globally (Chunk 2, Chunk 3).",""
"54","c5e73433","Litigation outcomes for Cisco and their impact on strategic capital allocation, particularly for innovation/market expansion, will be closely monitored by investors.","CSCO","data\10k\converted\CSCO.pdf","filename_fallback","39625,39746,39747,39540,39586,39626,39589,39542,39555,39469,39587,39503,39504,39593,39511,39490,39468","117","Based on the provided context, Cisco is currently involved in several litigation matters, primarily related to patent infringement claims. Examples include ongoing cases with Centripetal, Ramot, and Egenera. In these cases, Cisco believes it has strong defenses and, even if it does not prevail, expects that any resulting damages would not have a material effect on its Consolidated Financial Statements.\n\nAs for strategic capital allocation, there is no indication in the documents that litigation outcomes have significantly impacted Cisco's ability to allocate capital toward innovation or market expansion. Cisco continues to maintain a strong cash and investments position, which it uses for strategic investments, acquisitions, customer financing, working capital needs, and the repurchase of shares and payment of dividends.\n\nFurthermore, Cisco targets returning a minimum of 50% of its free cash flow annually to shareholders through dividends and share repurchases, and continues to invest heavily in research and development to drive innovation and expand in key markets such as networking, security, collaboration, and observability.\n\nIn summary, while Cisco faces ongoing litigation, the company does not believe potential outcomes will materially affect its financial condition or strategic capital allocation for innovation and market expansion.",""
"55","226abecd","Succession planning & governance factors for PNC exec age/longevity.","PNC","data\10k\converted\PNC.pdf","filename_fallback","131549,131551,131550,131548,131552,131603,131458,131964,131459,131963,131464,131974,131547,131599,131600,131463","393","The provided documents indicate that PNC has a roster of executive officers with varying ages and years of service, suggesting a mix of tenured leaders and relatively newer executives. As of February 20, 2024, key executives such as the Chairman and CEO, William S. Demchak (age 61, with PNC since 2002), and the Chief Financial Officer, Robert Q. Reilly (age 59, with PNC since 1987), reflect both experience and longevity in leadership roles. Other executives, such as Carole L. Brown (age 59, joined in 2019), and Alexander E. C. Overstrom (age 40, joined in 2014), illustrate generational diversity and potential future leadership.\n\nWhile the documents do not provide a detailed succession plan, they do highlight several governance and human capital strategies relevant to succession and leadership continuity:\n\n- PNC's human capital strategy emphasizes developing strong leaders, internal talent development, and promoting from within. Approximately 60% of open requisitions at first-level and above career bands are filled with internal candidates, which supports leadership continuity.\n- The company maintains a focus on diversity and inclusion in managerial and executive roles, as well as ongoing professional development through early career development programs.\n- Leadership is held accountable to PNC's Leadership Standards, which include enabling change and developing talent.\n- Information on governance, including succession planning, is referenced as being available in the company's proxy statement and on its corporate governance website.\n\nIn summary, PNC's governance approach to executive succession includes a strong emphasis on internal talent development, leadership accountability, and diversity, but specific succession planning procedures or timelines based on executive age or tenure are not detailed in the provided context.",""
"52","e35b0baf","Liabilities & equity capital structure analysis for JNPR in 2022-23, ticker at the end.","JNPR","data\10k\converted\JNPR.pdf","filename_fallback","87198,87243,87260,87238,87287,87249,87196,87268,87289,87156,87203,87252,87290,87160,86980","258","For Juniper Networks, Inc. (JNPR), the liabilities and equity capital structure for the years ending December 31, 2022 and 2023 are as follows (all figures in millions):\n\n2023\n\n- Total Liabilities: $5,025.8\n  - Current Liabilities: $2,104.0\n    - Accounts payable: $295.1\n    - Accrued compensation: $292.2\n    - Deferred revenue: $1,130.0\n    - Other accrued liabilities: $386.7\n  - Long-Term Debt: $1,616.8\n  - Long-term deferred revenue: $894.9\n  - Long-term income taxes payable: $204.5\n  - Long-term operating lease liabilities: $82.9\n  - Other long-term liabilities: $122.7\n\n- Total Stockholders' Equity: $4,492.7\n  - Additional paid-in capital: $6,740.0\n  - Accumulated other comprehensive income: $49.1\n  - Accumulated deficit: $(2,296.4)\n\n- Total Liabilities and Stockholders' Equity: $9,518.5\n\n2022\n\n- Total Liabilities: $4,851.6\n  - Current Liabilities: $2,078.9\n    - Accounts payable: $347.4\n    - Accrued compensation: $306.1\n    - Deferred revenue: $1,020.5\n    - Other accrued liabilities: $404.9\n  - Long-Term Debt: $1,601.3\n  - Long-term deferred revenue: $642.6\n  - Long-term income taxes payable: $279.4\n  - Long-term operating lease liabilities: $117.7\n  - Other long-term liabilities: $131.7\n\n- Total Stockholders' Equity: $4,475.1\n  - Additional paid-in capital: $6,846.4\n  - Accumulated other comprehensive income: $4.2\n  - Accumulated deficit: $(2,375.5)\n\n- Total Liabilities and Stockholders' Equity: $9,326.7\n\nAnalysis:\n\n- The company maintains a balanced capital structure, with total liabilities slightly exceeding equity.\n- Long-term debt remained relatively stable ($1,601.3M in 2022 to $1,616.8M in 2023).\n- Deferred revenue increased both in current and long-term portions, indicating growth in advance payments for products and services.\n- Equity increased marginally, mainly due to reduced accumulated deficit and an increase in accumulated other comprehensive income.\n- There was a decrease in additional paid-in capital in 2023, likely due to share repurchases and related activities.\n- The overall total capital (liabilities plus equity) increased from $9,326.7M in 2022 to $9,518.5M in 2023, reflecting business growth and retained earnings.\n\nTicker: JNPR",""
"58","7301f1a8","NTAP's growth strategy focuses on delta performance and market expansion.","NTAP","data\10k\converted\NTAP.pdf","filename_fallback","109978,109982,109983,109979,109981,110157,109980,109988,109971,109984,109987,109986,110043,110089,110129,110014","330","I cannot find sufficient information in the provided documents to answer this question.",""
"57","8dcba71a","Net interest exp. vs income before taxes ratio for CDW 2023.","CDW","data\10k\converted\CDW.pdf","filename_fallback","25957,25928,25927,25934,26015,25958,26013,26014,25929,25991,26028,26016,25956,26032","77","For CDW in 2023:\n\n- Net interest expense (interest expense, net) was $226.6 million (see Chunk 1).\n- Income before income taxes was $1,450.2 million (see Chunk 1).\n\nThe ratio of net interest expense to income before income taxes is calculated as:\n\nRatio = Net interest expense / Income before income taxes  \n= $226.6 million / $1,450.2 million  \n≈ 0.1563, or 15.6%\n\nSo, the net interest expense was approximately 15.6% of income before income taxes for CDW in 2023.",""
"59","3f1c27fe","Dividend growth vs buyback strategy for MAS.","MAS","data\10k\converted\MAS.pdf","filename_fallback","95129,95144,95102,95216,95143,95166,95128,95203,95227,95139,95204,95101,95226,95165,95131,95100","283","Masco Corporation (MAS) employs both dividend growth and share buyback strategies as part of its capital allocation approach, but with a stronger emphasis on share repurchases in recent years.\n\nDividend Growth:\n- Masco has consistently paid quarterly dividends and has a practice of gradually increasing them. For example, the annual dividend per common share increased from $1.12 in 2022 to $1.14 in 2023 and is intended to rise to $1.16 per share in 2024--a 2% increase.\n- The company's Board of Directors regularly reviews and declares dividends, reflecting a commitment to return cash to shareholders via dividends, though the increases are relatively modest (Chunks 2, 4, 7).\n\nBuyback Strategy:\n- Share repurchases have been a significant component of Masco's capital allocation. The Board authorized a $2.0 billion share repurchase program in October 2022.\n- In 2023, Masco repurchased and retired 6.2 million shares for approximately $356 million, and in 2022, it repurchased 16.6 million shares for about $914 million. There was $1.6 billion remaining under the current authorization at the end of 2023.\n- The company anticipates allocating about $600 million for share repurchases in 2024, continuing its focus on buybacks as a way to return value to shareholders (Chunks 2, 4, 5, 7).\n\nSummary:\nWhile Masco demonstrates steady, incremental dividend growth, its capital allocation strategy is more heavily weighted toward share repurchases, with substantial amounts allocated to buybacks each year. This approach is consistent with their long-term strategy to create shareholder value, balancing both dividends and buybacks, but with a stronger emphasis on the latter.",""
"56","d414f672","AIZ runoff exposure cash flow risk from reinsurer default & client non-payment.","AIZ","data\10k\converted\AIZ.pdf","filename_fallback","6777,6589,6771,6596,6720,6525,6795,6684,6685,6528,6792,6412,6411,6466,6524,6617","22","Assurant, Inc. (AIZ) faces runoff exposure cash flow risk from both reinsurer default and client non-payment in several ways:\n\n1. Reinsurer Default Risk:\n- Assurant is exposed to the risk that reinsurers may default on their obligations, especially for runoff business and reinsurance recoverables. If a reinsurer defaults, the company remains liable for all insurance claims as the direct insurer, meaning cash flow could be negatively impacted if expected recoveries are not received (Chunks 6, 7, 15).\n- To mitigate this risk, Assurant generally holds collateral (such as funds withheld, trusts, and letters of credit) as security under reinsurance agreements, particularly with unrated or client-affiliated captive reinsurers. The company also monitors the financial strength ratings of reinsurers and adjusts its credit loss allowance based on reinsurer credit standing and collateral held (Chunks 9, 11).\n- In runoff portfolios, such as those related to asbestos or discontinued contracts, Assurant relies on pool managers' reserve recommendations and does not expect changes in reserve estimates to be material, but any shortfall due to reinsurer insolvency could require additional cash outflows (Chunk 3).\n\n2. Client Non-Payment Risk:\n- Assurant has exposure to reserves below deductibles if clients default on their contractual obligation to pay the deductible. As of December 31, 2023, this exposure was $369.5 million. If clients do not pay their share, Assurant is responsible for covering these amounts, which could affect cash flows (Chunk 1).\n- For premiums and accounts receivable, the company is exposed to the risk that clients, agents, or third-party administrators may not remit premiums or reimburse claims paid on their behalf in a timely manner. Failure to collect these amounts could adversely affect cash flows (Chunk 10).\n\nIn summary, Assurant actively manages runoff exposure cash flow risk from reinsurer default by holding collateral, monitoring credit ratings, and maintaining allowances for expected credit losses. However, the company remains ultimately liable for claims and could face material cash flow impacts if either reinsurers default or clients fail to pay their obligations.",""
"60","3ee32bb9","Comparison of Brown & Brown litigation risk mgmt vs operational risks, BRO.","BRO","data\10k\converted\BRO.pdf","filename_fallback","19631,19889,19645,19634,19632,19809,19646,19637,19671,19810,19917,19727,19731,19679,19814,19641","61","Based on the provided context, Brown & Brown faces both litigation risk management and operational risks, but the primary focus in the retrieved documents is on operational risks rather than litigation-specific risks.\n\nOperational Risks:\nBrown & Brown identifies several key operational risks, including:\n- Inability to hire, retain, and develop qualified employees, including the loss of executive officers or key employees.\n- Cybersecurity attacks or interruptions in IT/data security that could impact operations or those of third-party providers.\n- Acquisition-related risks, such as identifying, completing, and integrating acquisitions.\n- Risks from international operations, which may require more management time and expense than domestic operations.\n- Effects of technological changes, loss or change in insurance company relationships, natural disasters, adverse economic/political conditions, inflation, and regulatory changes.\n- Risks associated with their F&I (automobile and recreational vehicle dealer services) businesses.\n- Fluctuations in commission revenue and claims expense from limited underwriting risk in capitalized captive insurance facilities.\n- Changes or termination of U.S. federal government programs from which they derive revenue.\n(See Chunks 1, 5, and 8)\n\nLitigation Risk Management:\nThe context does not provide a detailed discussion of litigation risk management or specific legal proceedings. While there are references to broader risks such as regulatory actions, liability for failure to safeguard information, and potential litigation stemming from cybersecurity breaches (Chunk 14), there is no detailed comparison or outline of specific litigation risk management practices.\n\nComparison:\n- Operational risks are comprehensively identified, with specific strategies mentioned for risk mitigation (e.g., cybersecurity training, incident response, insurance coverage for cyber liability - see Chunk 12).\n- Litigation risk is referenced mostly as a potential consequence of operational failures (such as cybersecurity incidents or regulatory breaches) but is not described in terms of active risk management practices or structures.\n\nIn summary, Brown & Brown provides a thorough discussion of operational risks and some information on how they manage certain risks (especially cybersecurity), but there is limited information about litigation risk management specifically or in comparison to operational risks.\n\nIf you need a detailed, side-by-side comparison, I cannot find sufficient information in the provided documents to answer this question fully.",""
"62","f7208e9f","Breakdown of Assurant board & exec roles, ticker in the mid-sentence.","AIZ","data\10k\converted\AIZ.pdf","filename_fallback","6653,6422,6650,6646,6457,6645,6647,6651,6392,6669,6462,6810,6381,6419,6809,6665","22","Assurant, Inc. (ticker: AIZ) has a Board of Directors and executive leadership roles with specific responsibilities and a focus on diversity and governance:\n\n- The Board of Directors oversees risk management, sustainability, and key enterprise risks, with committees focusing on areas such as audit, finance and risk, compensation and talent, nominating and corporate governance, and information technology.\n- The Nominating and Corporate Governance Committee is responsible for director succession and ensures diverse candidates are considered for Board positions.\n- The Compensation and Talent Committee oversees management succession, talent management, compensation plans, and significant human capital management programs.\n- As of January 1, 2024, the Assurant Management Committee (executive leadership team) was expanded. Women comprise 17% and 25% identify as racially or ethnically diverse.\n- The Chief Operating Officer has direct oversight of the company's diversity, equity, and inclusion (DE&I) strategy, supported by the SVP of Sustainability and Communications.\n- Other executive roles include the Chief Executive Officer (CEO), Chief Financial Officer (CFO), and Chief People Officer.\n- In November 2023, Keith Meier was appointed CFO and Francesca Luthi as COO.\n- The company emphasizes ongoing board and committee oversight, with regular updates and risk management reviews.\n\nThe ticker symbol for Assurant, Inc. is AIZ.",""
"61","fed4ba99","CME's credit facility increase conditions & approval reqs.","CME","data\10k\converted\CME.pdf","filename_fallback","29650,29649,29589,29588,29600,29592,29590,29594,29593,29530,29642,29529,29598,29705,29672","90","CME has the option to request an increase in its 364-day multi-currency line of credit from $7.0 billion to $10.0 billion. This increase is subject to the approval of the participating banks in the credit facility. For the $2.3 billion multi-currency revolving senior credit facility, CME also has the option to increase the facility up to $3.3 billion, but this requires the consent of the agent and the lenders providing the additional funds.",""
"64","fe0a5314","BIIB vendor risk, cybersecurity, liability, investor sentiment, supply chain.","BIIB","data\10k\converted\BIIB.pdf","filename_fallback","22425,22451,22396,22395,22293,22564,22422,22622,22735,22544,22550,22732,22417,22399,22548,22454","68","Biogen (BIIB) maintains a comprehensive technology and cybersecurity program that includes a vendor and third-party risk management component. Security assessments are conducted before engaging with high-risk vendors and third-party providers, and ongoing compliance with Biogen's cybersecurity standards is monitored (Chunk 2). The company's program follows industry frameworks such as the U.S. NIST Cybersecurity Framework and incorporates both internal and external expertise.\n\nCybersecurity threats faced by Biogen and its vendors include malware, ransomware, denial-of-service attacks, supply chain attacks, and risks associated with the use of cloud technologies. These threats can potentially delay manufacturing, cause data breaches, or disrupt operations, which could result in financial, legal, operational, or reputational harm, as well as loss of consumer confidence and competitive advantage (Chunk 1).\n\nBiogen's liability insurance may not be sufficient to cover all claims related to security breaches and cyber-attacks (Chunk 1). A major cybersecurity breach or supply chain incident could therefore expose the company to significant liabilities.\n\nThe company also recognizes that investor sentiment can be adversely affected by security breaches, operational disruptions, or any loss of reputation, which may result from such incidents (Chunk 3, Chunk 7). Biogen's Board of Directors and Audit Committee are actively involved in overseeing cybersecurity risk governance, reviewing the effectiveness of programs, and receiving regular updates on cybersecurity matters (Chunk 16).\n\nOverall, Biogen takes vendor risk and supply chain cybersecurity seriously, but acknowledges that despite its efforts, risks remain that could impact operations, liability exposure, and investor sentiment.",""
"67","bc46e855","BRWN: Trends in advtg & SG&A exp impact on margins 22-24.","","","fallback_no_tickers","28618,23874,119941,280,146579,3049,88106,1647,3879,14821,88059,32260,129830,95553","2,99,388,261,359,72,7,12,14,46,87,439,285","I cannot find sufficient information in the provided documents to answer this question.",""
"63","3f9a8da4","KKR's insurance liabilities & claims impact long-term stability implications.","KKR","data\10k\converted\KKR.pdf","filename_fallback","148710,148987,148296,148709,148198,148186,148989,148197,148793,148839,148791,148687,148304,148185,148202","444","KKR's insurance liabilities and claims have significant implications for its long-term stability, particularly through its subsidiary Global Atlantic. The stability is influenced by several key factors:\n\n1. **Estimation Uncertainty and Assumptions**: The calculation of insurance liabilities and reserves relies on complex models and assumptions regarding mortality, lapse (surrender) rates, expenses, interest rates, and policyholder behavior. These assumptions are inherently uncertain and subject to change due to advances in technology, changes in customer behavior, or unexpected events, leading to potential deviations from expected results (Chunks 1, 4, 13).\n\n2. **Interest Rate and Market Risks**: Both rising and falling interest rates can negatively affect the insurance business. For example, higher interest rates may increase policy surrenders, leading to liquidity pressures and potentially requiring asset sales at a loss to meet policyholder obligations. This can create cash flow mismatches and realized losses, impacting financial stability (Chunk 3).\n\n3. **Hedging and Risk Management Limitations**: While KKR and Global Atlantic employ various risk management strategies, including hedging and reinsurance, these measures may not always be effective. Failures in these strategies or unexpected changes in policyholder behavior or market conditions could lead to insufficient reserves and the need to raise additional capital, adversely impacting liquidity and long-term stability (Chunks 5, 10, 15).\n\n4. **Claims Liabilities and Reserve Adequacy**: Outstanding claims and policy liabilities are estimated based on past experience and actuarial assumptions, but actual claims may differ significantly from estimates. If reserves prove inadequate, KKR would need to increase them, resulting in charges to income and potential negative effects on liquidity and capitalization (Chunks 9, 13).\n\n5. **Exposure to Litigation and Regulatory Risk**: KKR and its insurance businesses face risks from litigation, regulatory scrutiny, and potential legal liabilities, which could result in financial losses and reputational harm, further affecting long-term stability (Chunks 6, 7, 14).\n\nIn summary, KKR's insurance liabilities and claims introduce ongoing risks to long-term stability due to reliance on uncertain assumptions, sensitivity to market and interest rate changes, potential ineffectiveness of risk management strategies, and exposure to litigation and regulatory actions. Any material deviation from expectations in these areas could require KKR to strengthen reserves, raise additional capital, or face financial and reputational impacts.",""
"66","cd61ae31","Impact of input volatility on incentive returns & revenue predictability: Prologis.","PLD","data\10k\converted\PLD.pdf","filename_fallback","122984,122784,122785,122792,122983,122878,123102,123060,123098,123061,122794,122922,122912,122986,123077,122793","369","The incentive returns (also referred to as ""promotes"" or ""promote revenues"") that Prologis earns from its co-investment ventures are significantly impacted by highly volatile inputs. These key inputs include capitalization rates, market rents, interest rates, and foreign currency exchange rates. Since these factors are highly variable and outside of Prologis' control, their volatility can materially affect the amount of promote revenues recognized in any given period.\n\nDue to this volatility, Prologis recognizes promote revenues only at the end of the performance period, when the cumulative returns of the venture or the stabilization of development projects can be determined with greater certainty. This approach means that incentive returns are inherently unpredictable and can fluctuate substantially from period to period, making revenue predictability from these sources lower (see Chunks 1, 5, and 6).",""
"68","2d816a1c","FRT trends in rental inc. collectibility adj. 2021-2023.","FRT","data\10k\converted\FRT.pdf","filename_fallback","60979,61059,61060,61041,60961,60960,61031,60980,61038,60982,60953,61108,60981,61019,61030","179","From 2021 to 2023, Federal Realty Investment Trust (FRT) experienced notable changes in rental income collectibility adjustments:\n\n- In 2021, collectibility related adjustments resulted in a significant decrease to rental income of $24.0 million.\n- In 2022, there was an improvement, with collectibility adjustments leading to an increase in rental income of $4.1 million.\n- In 2023, collectibility adjustments again resulted in a small decrease to rental income of $0.4 million.\n\nThis trend shows a substantial negative impact in 2021 due to collectibility concerns, a positive adjustment in 2022, and a minor negative adjustment in 2023, indicating that rental income collectibility issues were most acute in 2021 and have since moderated considerably (see Chunks 2, 3, 5, and 6).",""
"70","094d5944","Impact on cost mgmt of adjusted EBITDA for WBD corporate ops perf.","WBD","data\10k\converted\WBD.pdf","filename_fallback","157983,157815,157980,157814,157808,157982,157807,157861,157981,157866,157700,157797,157794,158001,158000","471","The impact on cost management of adjusted EBITDA for Warner Bros. Discovery's (WBD) corporate operations performance in 2023 was notably positive. Adjusted EBITDA for corporate operations improved by 20% in 2023 compared to the prior year. This improvement was primarily attributable to reductions in personnel costs, lower technology-related operating expenses, and lower securitization expense.\n\nCorporate operations at WBD mainly include executive management and administrative support services, along with most share-based compensation and third-party transaction and integration costs. These cost management efforts contributed significantly to the improved adjusted EBITDA performance for the corporate segment, despite the segment still reporting a negative adjusted EBITDA of $(1,242) million in 2023 compared to $(1,200) million in 2022 (Chunk 2).\n\nIn summary, the corporate segment's cost management--especially reductions in personnel and technology-related expenses--was a key driver of the improved adjusted EBITDA performance in 2023.",""
"69","9852f9f6","Impact of DPZ on capex eff. & segment perf. via transfer pricing.","DPZ","data\10k\converted\DPZ.pdf","filename_fallback","48103,47995,47866,48105,47968,47879,47857,48076,47990,47858,48097,48005,48039,48098,47867,48050","141","Based on the provided context, here's how Domino's Pizza, Inc. (DPZ) impacts capital expenditure efficiency and segment performance via transfer pricing:\n\n1. **Transfer Pricing and Segment Performance:**\n   - Domino's operates through three main segments: U.S. stores, supply chain, and international franchise.\n   - The supply chain segment distributes food, equipment, and supplies to stores, and intersegment revenues arise from sales to Company-owned U.S. stores. These intersegment sales are priced at market rates.\n   - Segment performance is measured by ""Segment Income,"" which is earnings before interest, taxes, depreciation, amortization, and other items.\n   - The allocation of resources and evaluation of performance is influenced by the prices set for intersegment transactions (transfer pricing). Market-based transfer pricing helps ensure that each segment's profitability reflects actual economic contributions, supporting objective performance assessment and resource allocation ([Chunk 1]).\n\n2. **Capital Expenditure (Capex) Efficiency:**\n   - Capital expenditures are tracked by segment, with supply chain typically incurring the largest capex due to investments in distribution centers and related infrastructure.\n   - For example, in 2023, capital expenditures were: U.S. stores $11.9 million, supply chain $34.0 million, international franchise $0.1 million, and other $59.2 million, totaling $105.3 million ([Chunk 1]).\n   - The allocation of costs and capex across segments can be affected by internal transfer pricing and cost allocation methodologies. For instance, in 2023, a change in the allocation methodology for internally developed software costs led to significant increases in segment income for U.S. stores and international franchise, with a corresponding decrease in the ""Other"" segment, though supply chain segment income was not impacted ([Chunk 2], [Chunk 4]).\n   - This type of internal cost allocation change can improve capex efficiency by aligning costs more closely with the segments benefiting from those investments, making performance evaluation more accurate and potentially guiding more effective investment decisions.\n\n**Summary:**  \nDPZ's use of market-based transfer pricing for intersegment transactions ensures accurate measurement of segment performance, while changes in internal cost allocation (such as for software development) can improve capital expenditure efficiency and the fairness of performance assessment. This allows for better resource allocation and investment decisions across the company's business segments.",""
"65","7a46ac1e","Impact of Church & Dwight coupon reserve mthd on P&L & cash flow w/ redemp variances: CHD","CHD","data\10k\converted\CHD.pdf","filename_fallback","27721,27778,27718,27720,27679,27726,27719,27672,27666,27727,27788,27681,27682,27680,27729,27802","84","Church & Dwight establishes reserves for consumer coupons based on historical redemption rates and forecasted data. These coupon costs are netted against sales and recorded when the related sale occurs. If the actual coupon redemption rate differs from the rate used to establish reserves (for example, by 0.1%), the reserve required would change by about $0.7 million. Similarly, a 10% change in estimates for promotional activities and sales return reserves would impact promotional spending and sales return accruals by approximately $16 million.\n\nImpact on P&L (Profit & Loss):\n- The coupon reserve method directly affects net sales and promotional expenses on the P&L. If actual redemptions are higher than estimated, additional expenses are recognized, reducing net income. If actual redemptions are lower, previously recognized expenses may be reversed, increasing net income.\n- All coupon and promotional costs are recognized in the period when the sale occurs, based on estimates. Adjustments for differences between estimated and actual redemptions are reflected in future periods' P&L as changes in reserve estimates.\n\nImpact on Cash Flow:\n- Coupon reserves are non-cash accruals at the time of sale; actual cash outflow occurs when coupons are redeemed.\n- Variances between estimated and actual redemptions do not affect cash flow immediately but are reflected over time as coupon redemptions are processed.\n- Changes in reserves due to differences in actual redemptions impact working capital and, therefore, operating cash flow, as adjustments are made to accruals.\n\nIn summary, the coupon reserve method impacts Church & Dwight's P&L by determining the timing and amount of promotional expense recognition, and affects cash flow by influencing the timing of actual cash outflows versus accruals for coupon redemptions. Significant variances between estimated and actual redemptions can materially affect both reported earnings and operating cash flow.",""
"73","72be57ff","Capital allocation for TMUS includes network investment, operational efficiencies, and cash flow valuation.","TMUS","data\10k\converted\TMUS.pdf","filename_fallback","147659,147658,147532,147528,147522,147672,147866,147674,147902,147723,147701,147619,147525,147620,147901,147527","443","T-Mobile US (TMUS) allocates capital with a focus on network investment, operational efficiencies, and cash flow generation and valuation:\n\n- Network Investment: TMUS has prioritized capital expenditures for the construction, expansion, and upgrading of its network infrastructure, particularly investments in its nationwide 5G network. Past accelerated investments have led to increased capital efficiencies, allowing for lower current cash purchases of property and equipment (Chunks 1, 6, 8).\n\n- Operational Efficiencies: The company has achieved improved capital efficiencies, especially as a result of previous accelerated investments in its 5G network. These efficiencies have contributed to lower capital expenditures and stronger cash flow margins (Chunks 1, 2).\n\n- Cash Flow Valuation: TMUS uses Adjusted Free Cash Flow as a key non-GAAP financial measure to evaluate cash available for debt repayment, share repurchases, dividends, and further investment in the business. Adjusted Free Cash Flow is calculated as net cash provided by operating activities minus capital expenditures plus certain proceeds. In 2024, TMUS reported significant growth in both net cash from operations and Adjusted Free Cash Flow, reflecting improved conversion of service revenues into cash (Chunks 1, 2).\n\nThe company's capital allocation framework includes substantial returns to shareholders (share repurchases and dividends) and ongoing investments to support business growth, with a plan to allocate up to $80 billion for investments and capital returns between September 2024 and the end of 2027 (Chunk 8).",""
"72","3df3a46a","Sales team struct. at JKHY impacts client acq., retention, cash flows & capex.","JKHY","data\10k\converted\JKHY.pdf","filename_fallback","83853,83948,83888,83836,83904,83854,83845,83831,83905,83827,83903,83852,83835,83844,83949,83840","249","Jack Henry & Associates' (JKHY) sales team structure is designed to support both client acquisition and retention, which in turn affects cash flows and capital expenditures (capex).\n\nSales Team Structure and Impact:\n- The company employs sales executives focused on acquiring new clients within assigned territories, while regional account executives nurture existing client relationships and drive cross-selling of additional products and services (Chunks 1, 12).\n- Sales professionals are compensated through a mix of base salary and performance-based commissions, incentivizing both new client acquisition and expansion within the client base (Chunks 1, 12).\n- Sales support staff handle demonstrations, RFP responses, and proposal/contract generation, streamlining the sales process and supporting efficiency in acquiring and retaining clients (Chunk 1).\n- The marketing department aids with lead generation, brand-building, and client engagement activities, such as trade shows, advertising, and educational conferences (Chunks 1, 12).\n\nClient Acquisition and Retention:\n- This structure is intended to ensure high levels of client satisfaction, which is measured through regular surveys and feedback mechanisms. High service standards and dedicated support staff help maintain strong client relationships and retention rates (Chunks 5, 9).\n- Cross-selling complementary and non-core products to existing clients is a core strategy, increasing the lifetime value of each client and contributing to recurring revenue (Chunks 13, 12).\n- The company's ability to retain clients and expand relationships contributes to stable and growing cash flows due to recurring revenues from services and support contracts, many of which are multi-year (Chunks 5, 9, 15).\n\nCash Flows and Capital Expenditures:\n- Robust client acquisition and retention support strong operating cash flows, as evidenced by significant net cash provided by operating activities (e.g., $568 million in fiscal 2024) (Chunk 2).\n- A portion of cash flows is reinvested into capital expenditures (capex), particularly for software development and enhancements, which is essential for maintaining competitive offerings and meeting client needs (Chunks 2, 12).\n- Capex also includes investments in infrastructure to support both on-premise and cloud-based solutions, ensuring the company can deliver high-quality service and support future growth (Chunks 2, 5, 12).\n\nIn summary, JKHY's sales team structure is closely tied to its strategies for client acquisition and retention, which drive recurring revenue and healthy cash flows. These cash flows enable ongoing investments in capex, especially in product development and delivery infrastructure, supporting sustained business growth.",""
"75","6aef0faa","Impact of Keurig Dr Pepper customer incentives on SG&A and ops classification; ticker at end.","KDP","data\10k\converted\KDP.pdf","filename_fallback","86389,86305,86289,86338,86263,86387,86327,86358,86307,86337,86175,86308,86176,86173,86336","255","Customer incentives offered by Keurig Dr Pepper (KDP) include cash discounts, price allowances, volume-based rebates, product placement fees, and other financial support for trade promotions, displays, new products, consumer incentives, and advertising assistance. These incentives and discounts are recorded as a reduction of revenue, not as Selling, General, and Administrative (SG&A) expenses. Accruals for these incentives are established based on contractual terms, volume-based metrics, and/or historical trends, and require management judgment (Chunks 3, 10, 15).\n\nJudgment is required to ensure that the classification of these expenditures is correctly recorded as either a reduction from gross sales (i.e., revenue reduction) or as advertising and marketing expense, which would be part of SG&A. However, by default, customer incentives are generally recorded as a reduction of revenue unless they are specifically identified as advertising and marketing activities, which are then classified under SG&A (Chunk 3).\n\nA 10% change in the accrual for customer incentives, sales returns, and marketing programs would have affected income from operations by $53 million for the year ended December 31, 2023 (Chunk 3). This highlights their material impact on operational results through revenue rather than SG&A.\n\nTicker: KDP",""
"71","8040a89d","Revenue & profitability trends for Baker Hughes (BKR) vs SLB (SLB), Halliburton (HAL), & Siemens Energy (ENR).","BKR,SLB,HAL,ENR","data\10k\converted\BKR.pdf,data\10k\converted\HAL.pdf,data\10k\converted\SLB.pdf","filename_fallback","18482,18608,18522,130691,18497,18488,130694,18485,18369,18373,18377,18381,18611,69694,18486,18366","57,204,391","Based on the provided context, here is a summary of revenue and profitability trends for Baker Hughes (BKR), SLB (Schlumberger), and Halliburton (HAL). There is no information on Siemens Energy (ENR) in the provided documents.\n\nBaker Hughes (BKR):\n\n- Revenue for 2023 was $25.5 billion, up from $21.2 billion in 2022, representing a 21% increase. This growth was primarily driven by higher volume in Industrial & Energy Technology (IET) and stronger activity in Oilfield Services & Equipment (OFSE).\n- Income before tax in 2023 was $2,655 million, compared to $22 million in 2022, a significant increase attributed to higher volume and price, cost-out initiatives, positive changes in equity security values, and lower restructuring and impairment charges.\n- BKR returned $1.3 billion to shareholders in 2023 via dividends and share repurchases and continues to invest in strategic acquisitions.\n\nSLB (Schlumberger):\n\n- Full-year 2024 revenue was $36.3 billion, a 10% year-on-year increase. International revenue grew 12% (7% excluding the Aker Solutions subsea business acquisition), mainly due to increased activity in the Middle East & Asia. North America revenue declined 1% due to lower drilling in US land.\n- Digital & Integration revenue increased 10% to $4.2 billion, with a pretax operating margin of 33%, up 67 basis points.\n- Reservoir Performance revenue rose 9% to $7.2 billion, with a pretax operating margin of 20%, up 99 basis points.\n- Well Construction revenue declined 1% to $13.4 billion, with a 13% drop in North America offset by a 2% increase internationally.\n\nHalliburton (HAL):\n\n- 2023 revenue was $23.0 billion, a 13% increase from $20.3 billion in 2022.\n- Operating income was about $4.1 billion in 2023, up from $2.7 billion in 2022.\n- North America revenue rose 9% despite a 4% drop in rig count, driven by increased activity in pressure pumping, artificial lift, and completions.\n- International revenue improved 17%, primarily due to higher drilling and completions services in Latin America, Africa, and the Middle East/Asia.\n\nSummary of Trends:\n\n- All three companies experienced strong revenue growth in 2023, with BKR (21%), SLB (~10%), and HAL (13%).\n- Profitability improved for all, with BKR and HAL showing substantial increases in income/operating income, and SLB reporting expanding margins in its key divisions.\n- International markets, especially the Middle East & Asia, were significant drivers of growth for both SLB and HAL, while BKR also saw strong activity in these regions.\n- North America was weaker for both SLB and BKR, with HAL managing modest growth despite lower rig counts.\n\nNo information is available for Siemens Energy (ENR) in the provided context.",""
"76","9294f77b","Constellation Energy (CE) focuses on clean energy market policy positioning.","CEG","data\10k\converted\CEG.pdf","filename_fallback","38381,38341,38382,38348,38349,38386,38420,38832,38347,38841,38350,38827,38577,38599,38421,38479","114","Constellation Energy positions itself as a leader and advocate in the clean energy market. The company is committed to a carbon-free energy future, aiming for a generation portfolio that is 100% carbon-free by 2040 (with an interim goal of 95% by 2030), subject to policy support and technological advancements. Constellation works as a partner to businesses and federal, state, and local governments that are setting ambitious carbon-reduction goals and seeking long-term climate solutions.\n\nThe company plans to operate and grow the nation's largest fleet of clean, zero-emissions generation facilities and actively supports policies that reduce greenhouse gas (GHG) emissions and preserve and expand clean energy. Constellation's strategy includes advocating for federal and state policies to accelerate decarbonization, supporting nuclear energy for energy security and reliability, and enabling customers to meet clean energy and sustainability goals. The company also provides customers with information on their greenhouse gas impact and offers innovative clean energy solutions across the sustainability continuum.\n\nOverall, Constellation's policy positioning is focused on supporting and advancing the transition to a carbon-free energy economy through advocacy, operational excellence, and direct engagement with policy-makers and customers seeking sustainable solutions.",""
"77","559d7a1e","Keysight's (KEYS) extended warranty rev rec impacts on profitability & cash flow.","KEYS","data\10k\converted\KEYS.pdf","filename_fallback","87508,87484,87479,87473,87585,87444,87413,87586,87485,87510,87587,87298,87442,87584,87405,87401","259","Keysight's extended warranty revenue is deferred and recognized over the extended coverage period, rather than being recognized immediately at the time of sale. This accounting treatment impacts both profitability and cash flow in the following ways:\n\nProfitability Impact:\n- Revenue from extended warranties is spread out over the duration of the coverage period, resulting in a smoother recognition of revenue and associated profit over time rather than a one-time boost at the time of sale.\n- The deferred revenue associated with extended warranties appears as a contract liability on the balance sheet until the revenue is recognized as the warranty services are provided.\n- This method aligns revenue recognition with the delivery of services, resulting in more accurate matching of costs and revenues related to the warranty period, which can temper short-term profitability but provides more consistent profit margins over time.\n\nCash Flow Impact:\n- Cash is typically collected up front when the extended warranty is sold, increasing operating cash flow at the time of sale.\n- However, since revenue is recognized over time, there is a temporary timing difference between when cash is received and when revenue is recognized.\n- The deferred revenue (contract liability) from extended warranties increases cash flow from operations upon receipt, but does not immediately affect reported revenue or profit until recognized over the service period.\n\nIn summary, extended warranty sales boost operating cash flow up front but defer the recognition of revenue and profit, supporting more consistent earnings over the period the warranty services are provided. (See Chunks 2, 3, 6, 9, and 10.)",""
"78","22bb7b97","Akamai's EPS impact from share count dilution in 2023.","AKAM","data\10k\converted\AKAM.pdf","filename_fallback","2037,1910,1951,2016,1984,2024,1955,1884,1875,1956,1886,1877,2007,1885,2029","8","In 2023, Akamai's basic net income per share was $3.59, while its diluted net income per share was $3.52. This reflects a reduction of $0.07 per share due to share count dilution from potential common stock, such as stock awards and convertible senior notes. \n\nThe weighted average shares used for basic EPS were 152,510,000, and for diluted EPS were 155,397,000, indicating dilution from an additional 2,887,000 shares (rounded). Thus, the impact of share count dilution on Akamai's EPS in 2023 was a decrease of $0.07 per share.",""
"80","381f67d3","Class action false advertising for J.M. Smucker (SJM) impact on financials & market.","SJM","data\10k\converted\SJM.pdf","filename_fallback","132922,132791,132790,132720,132671,132672,132721,132878,132925,132935,132936,132830,132820,132877,132809,132793","396","J.M. Smucker (SJM) is currently a defendant in a series of putative class action lawsuits alleging false advertising and related claims. The lawsuits claim that Smucker misrepresented the number of servings that can be made from various canisters of Folgers coffee on product packaging. These cases are being coordinated in the United States District Court for the Western District of Missouri.\n\nAs of April 30, 2024, no loss contingency has been recorded for these lawsuits because the outcome and financial impact cannot be predicted, and the likelihood of loss is not considered probable or reasonably estimable at this time. Management does not currently believe the final outcome will have a material adverse effect on the company's financial position, results of operations, or cash flows. However, if Smucker is required to pay significant damages, its business and financial results could be adversely impacted, and sales of the affected products could suffer not only in the locations involved in the lawsuits but elsewhere as well.\n\nIn summary, while there is currently no material recorded impact on SJM's financials or market position from these class action lawsuits, there is a risk that significant adverse outcomes could negatively affect the company's financial results and product sales in the future if damages are awarded.",""
"79","490aa0ad","LMT's litigation risk assumptions and their fin. impact on the co. are under scrutiny, LMT.","LMT","data\10k\converted\LMT.pdf","filename_fallback","93535,93566,93565,93536,93342,93443,93442,93446,93567,93320,93271,93562,93344,93341,93273,93348","277","Lockheed Martin (LMT) is involved in litigation and other proceedings that arise in the ordinary course of its business, including those related to environmental protection and contingencies from previously owned businesses. These matters could result in financial consequences such as fines, penalties, cost reimbursements, compensatory or treble damages, or non-monetary sanctions.\n\nLMT assesses the potential impact of legal proceedings by considering factors like the nature of the claims, possible damages, case progress, relevant law and precedent, legal counsel opinions, available facts, and intended responses. This assessment is updated as proceedings develop. The company states that, although individual unfavorable outcomes could materially affect net earnings and cash flows for the period they are recognized, it believes the probability is remote that the outcome of these matters will have a material adverse effect on the company as a whole.\n\nWhere there is at least a reasonable possibility that a loss may have been incurred, generally accepted accounting principles (GAAP) require an estimate of the possible loss or a statement that an estimate cannot be made. LMT follows a thorough process to estimate such losses, and if an estimate cannot be made, it discloses this fact.\n\nIn summary, while litigation could impact LMT's periodic earnings and cash flows, the company does not believe current litigation risks pose a material adverse effect on its overall financial condition, based on the information and assessments available at this time (see Chunks 1, 4, and 13).",""
"74","80820f77","Passenger revenue mix for UAL 2021-2023 & growth strategy impact.","UAL","data\10k\converted\UAL.pdf","filename_fallback","150899,150900,150743,150964,150963,150764,150765,151076,151064,151071,150891,150744,151075,151070,151078","451","Between 2021 and 2023, United Airlines (UAL) experienced significant changes in its passenger revenue mix and growth trajectory:\n\nPassenger Revenue Mix (2021-2023):\n\n- Total passenger revenue grew from $24,634 million in 2021 to $44,955 million in 2022, and then to $53,717 million in 2023 (Chunks 4, 5).\n- By geographic region in 2023 (in millions):\n  - Domestic (U.S. and Canada): $32,400\n  - Atlantic: $10,982\n  - Pacific: $5,267\n  - Latin America: $5,068\n\n- In terms of growth from 2022 to 2023 (Chunk 2):\n  - Domestic passenger revenue increased by $3,641 million (14.0%)\n  - Atlantic grew by $2,225 million (28.0%)\n  - Pacific saw the largest jump, up $2,525 million (118.8%)\n  - Latin America increased by $623 million (15.4%)\n\n- Ancillary fees (included in passenger revenue) also grew substantially:\n  - $2.2 billion in 2021\n  - $3.4 billion in 2022\n  - $4.1 billion in 2023 (Chunks 4, 5)\n\nGrowth Strategy Impact:\n\n- The strong increase in passenger revenue (up $9.0 billion, or 22.5% from 2022 to 2023) was primarily driven by a 17.5% increase in capacity (Available Seat Miles), a 3.7% rise in average yield, and a 0.5 percentage point increase in passenger load factor (Chunks 1, 2).\n- Notably, the Pacific region rebounded sharply, reflecting UAL's strategic emphasis on reopening and expanding international routes as travel restrictions eased (Chunk 2).\n- Domestic revenue remains the largest portion of the mix, but international regions--especially the Pacific and Atlantic--demonstrated the fastest growth, showing the impact of UAL's focus on global network expansion.\n- Growth in ancillary revenue (baggage, seat fees, etc.) highlights the company's strategy to enhance per-passenger revenue beyond base fares (Chunks 4, 5).\n\nIn summary, United's passenger revenue mix from 2021 to 2023 shifted towards higher international contributions, especially from the Pacific and Atlantic regions, with strong overall revenue growth driven by increased capacity, improved yields, and expanding ancillary fees. These changes reflect the company's growth strategy focused on network expansion, international market recovery, and maximizing revenue per passenger.",""
"81","2e45201d","Impact on productivity & margins from EA employee dev & workforce changes.","EA","data\10k\converted\EA.pdf","filename_fallback","48614,48595,48667,48668,48666,48587,48726,48638,48594,48684,48776,48687,48588,48643,48589,48639","143","Electronic Arts (EA) has implemented several workforce changes, including restructuring plans in fiscal years 2023 and 2024. These plans aimed to align the company's portfolio and resources with strategic priorities, involving headcount reductions, office space reductions, and portfolio rationalization. The 2024 restructuring, for example, is expected to incur $40 million to $55 million in employee severance and related costs, and is planned to be substantially completed by December 31, 2024 (Chunk 7).\n\nDespite these workforce changes, EA continues to emphasize the importance of attracting and retaining qualified employees for successful product development. As of March 31, 2024, EA employed approximately 13,700 people globally, with programs in place to support engagement, professional development, and pay equity (Chunk 6, Chunk 13). EA conducts regular engagement surveys, with a 78% participation rate in the most recent one, and invests in training and benefits to maintain a supportive work environment.\n\nRegarding productivity, EA's investments in employee development and engagement are designed to foster a culture that helps deliver business goals and maintain high performance. However, the restructuring activities, which include workforce reductions, could cause some short-term disruptions but are intended to optimize operations for long-term growth and efficiency.\n\nIn terms of margins, EA reported an improved gross margin of 77.4% for the fiscal year ended March 31, 2024, up by 2 percentage points year-over-year (Chunk 16). Operating expenses increased by 1% year-over-year, and the company achieved a 14% increase in operating income. These results suggest that while there may be upfront costs and operational changes due to workforce adjustments, EA has managed to maintain or improve its margins through cost efficiencies and operational optimization.\n\nIn summary, EA's employee development and workforce changes are focused on long-term productivity gains and margin improvement, though short-term restructuring costs and disruptions are possible during periods of transition.",""
"86","e7129c27","2023 vs 2022 distribution of MCO US/non-US employees.","MCO","data\10k\converted\MCO.pdf","filename_fallback","98351,98534,98354,98456,98357,98562,98571,98355,98464,98459,98352,98353,98462,98430,98331","293","As of December 31, 2023, Moody's Corporation (MCO) had a total of 15,151 employees: 5,229 in the U.S. and 9,922 in non-U.S. locations. \n\nAs of December 31, 2022, Moody's had a total of 14,426 employees: 5,068 in the U.S. and 9,358 in non-U.S. locations.\n\nThis reflects a year-over-year increase of 3% in U.S. employees and 6% in non-U.S. employees from 2022 to 2023.",""
"82","f7a50c98","Pricing differences for CBRE repurchase vs mkts.","CBRE","data\10k\converted\CBRE.pdf","filename_fallback","27229,27024,27205,27175,27073,27103,27204,27030,27104,27173,27061,27120,26938,26959,27026,27206","82","CBRE repurchased its shares at an average price of $82.59 per share under its 2021 program, as mentioned for a prior aggregate repurchase. However, during the three months ended December 31, 2023, the average price paid per share for buybacks was $68.69 (with monthly averages in October and November 2023 being $68.36 and $69.51, respectively). This indicates that recent repurchase prices have been below the earlier average repurchase price, reflecting lower market prices at the time of repurchase.\n\nThe pricing difference shows that CBRE's repurchase prices fluctuate with the market, and the company buys back shares at prevailing market prices, which can be higher or lower depending on timing. There is no indication in the provided context that CBRE repurchases shares at a premium or discount to the market; rather, the repurchases are made at market prices at the time of transaction.",""
"85","7294b355","WBD workforce geo breakdown as of 12/31/23 & effects of talent dev & diversity on comp, ticker WBD.","WBD","data\10k\converted\WBD.pdf","filename_fallback","157720,157983,157706,157721,157700,158003,157868,157790,157794,157796,157703,157914,158000,157950,157845,157791","471","As of December 31, 2023, Warner Bros. Discovery (ticker: WBD) had approximately 35,300 employees, with 53% located in the U.S. and 47% located outside of the U.S.\n\nWBD emphasizes being a talent-driven business and aims to attract, develop, and motivate top talent. The company's human resources programs are designed to provide competitive, locally relevant benefits, performance-based pay, and non-financial support and incentives. Efforts to enhance workplace diversity, engagement, and inclusion, as well as talent development for critical roles and leadership positions, are central to the company's culture.\n\nThese talent development and diversity initiatives influence compensation by:\n- Implementing a philosophy to pay for performance, encourage excellence, and reward innovation and high-quality results.\n- Ensuring competitive pay across salary grades and geographies.\n- Applying compensation policies consistently and incentivizing employees to achieve both short- and long-term objectives.\n- Providing a wide range of benefits, including health care, wellness programs, family support (such as childcare and parental leave), and mental health resources.\n\nThese approaches are intended to foster an inclusive, engaging environment that supports both personal and professional growth, directly impacting employee motivation, retention, and performance-based compensation.",""
"83","4b36f4af","Analysis of 'Held Since' data shows leadership stability & capex impact for VZ.","VZ","data\10k\converted\VZ.pdf","filename_fallback","158748,158968,158807,158762,158763,158703,158806,158808,158889,158970,158967,158969,158608,158688,158871,158805","474","An analysis of the 'Held Since' data for Verizon's executive leadership indicates both continuity and some recent changes at the top management level. Several key executives--including the Chairman and CEO Hans Vestberg--have held their current positions since 2019, suggesting stability at the highest levels. However, a number of other executive roles, such as the Chief Financial Officer, Controller, and several Group CEOs, were filled in 2023. This mix of long-term and recently appointed leaders suggests a blend of ongoing stability and fresh perspectives in Verizon's executive team (Chunks 2, 12).\n\nRegarding capital expenditures (capex), Verizon's recent financial statements show a significant decrease in capex from $23.1 billion in 2022 to $18.8 billion in 2023. This reduction is primarily attributed to the completion of Verizon's accelerated $10 billion C-Band deployment program in the first half of 2023. The decrease in capex, coupled with stable and slightly increased cash flows from operations, led to a notable rise in free cash flow--from $14.1 billion in 2022 to $18.7 billion in 2023 (Chunks 1, 3, 4, 5).\n\nIn summary, Verizon's leadership has experienced both continuity and some turnover in recent years, and the completion of major network investments has had a positive impact on free cash flow due to lower capital expenditures.",""
"84","897b0cd8","Impact of UK unused credit mngmt on capital allocation & growth for PYPL.","PYPL","data\10k\converted\PYPL.pdf","filename_fallback","127375,127514,127237,127509,127295,127494,127372,127431,127213,127379,127214,127373,127221,127219,127510,127439","380","PayPal's management of unused credit in the UK impacts both its capital allocation and growth in several ways:\n\n1. Capital Allocation:\n- As of December 31, 2023, PayPal had approximately $6.2 billion in unused credit available to UK PayPal Credit account holders, but the company does not expect all users to access their full credit at once. These individual credit lines are subject to periodic review and can be adjusted or terminated based on account usage and customer creditworthiness, allowing PayPal to manage its risk exposure and capital needs efficiently (Chunk 1, 2).\n- PayPal is permitted by the Luxembourg CSSF to designate up to 50% of European customer balances (held in its Luxembourg banking subsidiary) to fund European, UK, and US credit activities. As of the end of 2023, $3.0 billion was allocated for this purpose, representing about 39% of European customer balances available for corporate use. This flexibility in designating funds helps PayPal optimize its capital deployment for credit activities, including those in the UK (Chunk 7, 8, 12).\n\n2. Growth:\n- The ability to offer credit products, including unused lines of credit, supports customer engagement and platform growth. By providing revolving credit options like PayPal Credit in the UK, PayPal increases consumer and merchant engagement, which is a strategic focus for driving payment volume and net revenues (Chunk 9, 11, 13).\n- Managing the risk and funding of these credit products, including selling portions of the loan portfolio (such as the multi-year agreement to sell up to €40 billion of UK and European BNPL loan receivables), allows PayPal to access external capital, reduce balance sheet risk, and potentially expand credit offerings without overextending its own resources. This supports sustainable growth and the ability to scale credit products further (Chunk 5, 12).\n\nIn summary, careful management of unused UK credit allows PayPal to efficiently allocate capital, mitigate risk, and support the growth of its credit products, which in turn drives broader engagement and expansion on its payments platform.",""
"90","cb1af657","Impact on long-term growth and earnings forecast stability from proactive risk mgmt by CI.","CI","data\10k\converted\CI.pdf","filename_fallback","37194,37202,37225,37348,37479,37189,37190,37317,37393,37476,37353,37343,37410,37398,37502,37187","111","Proactive risk management by The Cigna Group (CI) plays a significant role in supporting long-term growth and the stability of earnings forecasts. The company relies on several techniques, such as investment/liability matching and the use of derivative financial instruments, to manage market risks and align investment assets with insurance and contractholder liabilities, which helps stabilize returns and mitigate financial volatility (Chunk 5).\n\nAdditionally, CI devotes significant resources to implementing controls and systems in new markets to comply with U.S. and foreign laws, including anti-bribery, anti-corruption, and data protection regulations. Effective risk management in international operations is crucial for preventing fines, reputational harm, and operational disruptions that could negatively impact long-term growth and earnings (Chunk 4).\n\nCybersecurity is another area of proactive risk management, with rigorous protocols, incident reporting, and regular risk assessments to mitigate the risk of data breaches and service interruptions. As of the date of the report, CI does not believe that cybersecurity threats have materially affected its business strategy, results of operations, or financial condition, but acknowledges the increasing sophistication of such threats and the need for ongoing vigilance (Chunks 9, 12, 14).\n\nOverall, CI's proactive risk management framework is intended to anticipate and mitigate a wide range of risks--market, operational, legal, and cybersecurity--which, if not properly managed, could adversely affect its business, financial condition, and long-term growth prospects. By addressing these risks proactively, CI aims to maintain stable earnings forecasts and support sustainable growth.",""
"89","c30bed08","Trends in capex for Feb '24 vs Jan '23 & Jan '22 for DLR.","DLR","data\10k\converted\DLR.pdf","filename_fallback","49527,49385,49395,49583,49581,49545,49352,49383,49454,49541,49351,49480,49491,49566,49403,49384","145","Based on the available context, the capital expenditure (capex) trends for Digital Realty Trust (DLR) are as follows:\n\n- For the year ended December 31, 2023, total capital expenditures were approximately $3.3 billion, up from $2.5 billion for the same period in 2022. This represents an increase of about $0.8 billion.\n- Specifically, capital expenditures on development projects plus enhancement and improvement projects for 2023 were approximately $3.0 billion, reflecting a 34% increase from 2022.\n- Recurring capital expenditures also increased from $266.5 million in 2022 to $327.0 million in 2023.\n\nAlthough the documents do not provide monthly capex data for February 2024 or January 2023/2022, the annual data indicate a substantial upward trend in capex from 2022 to 2023. There is no specific information about capex for February 2024.\n\nIn summary: DLR's capex showed a significant increase from 2022 to 2023, continuing a trend of rising investment in development and improvements. Data for February 2024 is not provided.",""
"87","5905ba05","Impact on strategy and growth from Altria exec age profile and role dist. is notable. MO.","MO","data\10k\converted\MO.pdf","filename_fallback","102299,102300,102314,101981,102050,102313,101989,101977,102301,102305,102302,101995,102298,102118,102117,102054","304","Based on the provided information, Altria's executive team as of February 15, 2024, consists of experienced leaders with ages ranging from 46 to 64, and all have been employed by Altria or its subsidiaries in various capacities over the past five years (Chunk 1, Chunk 13). The roles are well-distributed across key functions--operations, finance, legal, strategy, human resources, compliance, and treasury--suggesting a balanced and seasoned leadership structure.\n\nThis executive age profile and role distribution likely supports Altria's strategic vision to lead the transition of adult smokers to a smoke-free future and to move beyond traditional smoking by promoting potentially less harmful alternatives (Chunk 4, Chunk 5). The depth of internal experience may foster stability and continuity, enabling the company to execute long-term transformation plans, manage regulatory and market challenges, and leverage institutional knowledge for growth initiatives, such as the recent acquisition of NJOY for expansion in the e-vapor market (Chunk 4).\n\nAdditionally, the presence of a Chief Strategy & Growth Officer (age 46) among more senior executives could provide a blend of fresh perspective and experience, supporting innovation and adaptation in a rapidly changing industry.\n\nIn summary, Altria's executive team's age profile and role distribution reflect a mix of tenure and expertise that is well-aligned to drive both stability and growth as the company pursues its strategic transformation.",""
"95","51c9848d","Operating income growth for ServiceNow in 2023 compared to 2022, NOW.","NOW","data\10k\converted\NOW.pdf","filename_fallback","108318,108271,108270,108319,108272,108269,108302,108205,108197,108378,108311,108306,108276,108194,108188","324","ServiceNow's operating income for 2023 was $762 million, compared to $355 million in 2022. This represents an increase of $407 million in operating income from 2022 to 2023.",""
"94","d1a4c48e","Q3 2024 share repurchase volume for DIS, along with the weighted avg. cost.","DIS","data\10k\converted\DIS.pdf","filename_fallback","45594,45431,45524,45593,45520,45600,45505,45522,45597,45563,45455,45503,45502,45575,45432","135","For the third quarter of 2024 (June 30, 2024 - July 31, 2024), Disney (DIS) repurchased 2,732,000 shares of its common stock at a weighted average price of $94.70 per share.",""
"93","15efabc1","2024 cash outlays for Deere vs strategic initiatives in 2025 capex; DE.","DE","data\10k\converted\DE.pdf","filename_fallback","44312,44346,44317,44475,44352,44318,44339,44316,44319,44347,44351,44300,44315,44320","131","In 2024, Deere & Company had cash outflows from investing activities totaling $6.5 billion. This was primarily due to growth in the financing receivable and lease portfolios, as well as capital expenditures (capex) (Chunk 6).\n\nFor 2025, Deere has planned capital expenditures of $1.6 billion as part of its strategic initiatives (Chunks 3, 9, and 14). This reflects a continued focus on investing in solutions and new technologies, but the planned capex is notably lower than the total cash outlays for investing activities in 2024.\n\nIn summary:\n- 2024 cash outlays for investing activities: $6.5 billion\n- 2025 planned capital expenditures (strategic initiatives): $1.6 billion",""
"88","0f8ec4a8","WBA's declining RE & equity negatively impacts growth capex and elevates risk mgmt concerns.","WBA","data\10k\converted\WBA.pdf","filename_fallback","161608,161464,161529,161235,161531,161394,161463,161234,161484,161602,161415,161233,161376,161645,161641","482","Walgreens Boots Alliance (WBA) has experienced a significant decline in both retained earnings (RE) and total equity, which can have negative implications for its ability to support growth capital expenditures (capex) and increases risk management concerns.\n\nFrom the provided context:\n\n- Retained earnings dropped from $33.1 billion in 2023 to $23.3 billion in 2024.\n- Total equity attributable to Walgreens Boots Alliance shareholders fell from $20.0 billion in 2023 to $10.4 billion in 2024.\n- Non-controlling interests in equity also sharply declined from $8.3 billion in 2023 to $1.6 billion in 2024, leading to a total equity drop from $28.3 billion to $12.0 billion (Chunk 7, Chunk 2).\n\nThis erosion in equity is primarily driven by large net losses in recent years: WBA reported a net loss attributable to the company of $8.6 billion in 2024, up from a $3.1 billion loss in 2023 (Chunk 6, Chunk 11). These losses are the result of substantial non-cash impairment charges, legal settlements (notably opioid-related), and a challenging operating environment.\n\nThe consequences for growth capex and risk management are as follows:\n\n1. Growth Capex Constraints:\n   - With declining retained earnings and equity, WBA's internal funding capacity for capital expenditures is reduced. In fact, capital expenditures decreased from $2.1 billion in 2023 to $1.4 billion in 2024 (Chunk 1).\n   - Lower equity and earnings retention mean less financial flexibility to invest in new stores, technology, or strategic initiatives without increasing reliance on external financing, which may be more difficult or expensive to obtain given the weakened balance sheet.\n\n2. Elevated Risk Management Concerns:\n   - A thinner equity cushion raises the company's financial risk, making it more vulnerable to unexpected losses or adverse market developments.\n   - The sharp drop in equity, especially from large impairment and litigation charges, signals underlying business challenges and potential sustainability issues.\n   - Rating agencies and lenders may view the deteriorating equity and earnings profile as a negative, possibly leading to higher borrowing costs or stricter covenants.\n\nIn summary, WBA's declining retained earnings and equity materially constrain its ability to fund growth investments and heighten financial and operational risk, demanding heightened attention to risk management and capital allocation discipline.",""
"92","11f0e3fd","Charles River Labs (CRL) cybersecurity capex effects on cash flow & investor comms.","CRL","data\10k\converted\CRL.pdf","filename_fallback","34891,34877,34855,34967,34968,34698,34899,34889,34884,34882,35018,34911,34856,34853,34704,34838","104","I cannot find sufficient information in the provided documents to answer this question. The retrieved context does not detail Charles River Labs' (CRL) capital expenditures specifically related to cybersecurity, nor does it discuss the effects of such spending on cash flow or how this is communicated to investors. The available documents mention overall capital expenditures and reference cybersecurity in the table of contents, but do not provide specifics on cybersecurity capex or related investor communications.",""
"91","c3940015","FMC's cybersecurity incident mgmt impacts investor confidence & market val. when evaluating the ticker.","FMC","data\10k\converted\FMC.pdf","filename_fallback","63903,63907,63904,63902,63905,63912,63839,64172,63914,64118,64171,64144,64102,64173,64169,64166","186","FMC has established a comprehensive cybersecurity incident management process that includes prompt notification and cross-functional review of incidents, with involvement from IT, legal, and finance teams to assess the potential material impact on operations and financial performance. If an incident is deemed material, it is escalated to the Board of Directors and disclosed to investors in compliance with SEC regulations, with a focus on transparency throughout the process (Chunks 3, 5).\n\nFMC's cybersecurity programs are periodically audited by independent third parties using the NIST Cybersecurity Framework, and recent audits have rated FMC's program as mature and robust, at or above industry benchmarks. This demonstrates a strong commitment to cybersecurity risk management (Chunks 1, 4).\n\nIn 2023, FMC did not experience any material cybersecurity breaches in its own systems, though it did receive notifications of breaches affecting third-party vendors; none of these were material for FMC (Chunk 5).\n\nOverall, FMC's proactive approach, transparency, and robust controls in cybersecurity incident management can support investor confidence and help protect market value, as these practices reduce the risk of significant undisclosed incidents and demonstrate strong governance and oversight.",""
"98","b0c5406b","BLK op margin trend for 2023 vs 2022/21.","BLK","data\10k\converted\BLK.pdf","filename_fallback","20366,20562,20567,20563,20564,20551,20775,20610,20670,20566,20573,20592,20782,20668","63","BlackRock's operating margin (GAAP basis) showed the following trend:\n\n- 2023: 35.1%\n- 2022: 35.7%\n- 2021: 38.5%\n\nThis reflects a decrease in operating margin each year from 2021 through 2023.\n\nOn an ""as adjusted"" basis (non-GAAP), the operating margin was:\n\n- 2023: 41.7%\n- 2022: 42.8%\n- 2021: 46.8%\n\nThe ""as adjusted"" operating margin also declined each year from 2021 to 2023.",""
"96","995a7473","2024 ROK property capex vs 2022-2023.","ROK","data\10k\converted\ROK.pdf","filename_fallback","127746,127747,127663,127633,127698,127662,127652,127632,127634,127688,127624,127635,127656,127741,127661","381","In 2024, Rockwell Automation's capital expenditures for property were $224.7 million. This compares to $160.5 million in 2023 and $141.1 million in 2022. Thus, property capital expenditures increased each year over this period, with 2024 being significantly higher than both 2022 and 2023.",""
"97","8a4d6b83","How do changes in bundled service delivery impact revenue and profitability for INTU?","INTU","data\10k\converted\INTU.pdf","filename_fallback","80092,80055,80056,80047,80051,80103,80097,80058,80106,80094,80110,79909,80028,80210,79903,79908","236","Changes in bundled service delivery, particularly a shift towards higher-priced service offerings and bundled services (such as TurboTax Live and QuickBooks Live), have positively impacted Intuit's revenue and profitability.\n\nIn fiscal 2024, the Consumer segment's revenue increased 7% compared to the prior year, driven by a shift in mix to higher-priced service offerings and higher effective prices. This shift contributed to an increase in operating income, though it was partially offset by higher marketing and staffing expenses associated with supporting these enhanced service offerings (Chunk 2, Chunk 4).\n\nSimilarly, the Small Business & Self-Employed segment saw a 19% revenue increase, attributed largely to growth in the Online Ecosystem, which includes bundled services like QuickBooks Online, Payroll, and Mailchimp (Chunk 5). This segment also experienced a 25% increase in operating income, as the higher-margin service revenues from bundled and subscription-based offerings outpaced related expense growth.\n\nOverall, delivering more services in bundled, higher-value offerings increases both revenue and operating income for Intuit, despite some increase in related support and marketing costs. The company notes that these changes also result in more predictable, recurring revenue streams, which can enhance profitability over time.",""
"99","b494b8b3","Exec team succession risks from age diversity in CTSH.","CTSH","data\10k\converted\CTSH.pdf","filename_fallback","39253,39256,39252,39254,39229,39250,39365,39363,39361,39308,39221,39251,39249,39364,39246,39244","116","Based on the provided context, the ages of Cognizant Technology Solutions Corporation's executive officers range from 47 to 62 years old:\n\n- Ravi Kumar S (CEO): 52\n- Jatin Dalal (CFO): 49\n- Balu Ganesh Ayyar (EVP & President, Intuitive Operations and Automation and Industry Solutions): 62\n- Kathryn Diaz (EVP, Chief People Officer): 54\n- Surya Gummadi (EVP & President, Americas): 47\n- John Kim (EVP, General Counsel, Chief Corporate Affairs Officer and Secretary): 56\n- Robert Telesmanic (SVP, Controller and Chief Accounting Officer): 57\n\nThis age range suggests a relatively balanced distribution, with most executives in their late 40s to late 50s and one executive in his early 60s. While having a range of ages can support diverse perspectives and experiences, it also means that some members, particularly those in their late 50s and early 60s, may approach retirement age in the next several years. This could present succession risks if not proactively managed.\n\nHowever, the documents do not discuss specific succession risks or plans related to age diversity on the executive team. They do mention ongoing leadership development, talent management programs, and efforts to strengthen the leadership pipeline at all levels, which can help mitigate such risks.\n\nIn summary, while there is some age diversity on the executive team--with one member in his early 60s--proactive leadership development initiatives are in place to address potential succession needs, though explicit risks from age diversity are not detailed in the provided information.",""
"102","609b8dde","2024 capex mix for Marriott focuses on maintenance vs growth, MAR.","MAR","data\10k\converted\MAR.pdf","filename_fallback","95787,95809,95808,95866,95810,95716,95694,95806,95898,95741,95777,95789,95815,95893,95693,95889","286","For 2024, Marriott expects total capital expenditures and other investments to be approximately $1.0 billion to $1.2 billion. This includes capital and technology expenditures, loan advances, contract acquisition costs, and other investing activities. Of this total, approximately $250 million is allocated specifically for maintenance capital spending, with the remainder directed toward growth initiatives such as technology transformation, property acquisitions (including a $200 million option to purchase land), loan advances, and other investments. Thus, the capex mix for 2024 is weighted more toward growth than maintenance, with maintenance comprising about 20-25% of the total anticipated spending.",""
"101","2485f7c7","Impact of accounting judgments on eBay's rev growth & fin health, EBAY.","EBAY","data\10k\converted\EBAY.pdf","filename_fallback","50690,50667,50718,50691,50830,50666,50664,50762,50723,50709,50759,50758,50555,50756,50547,50726","148","Accounting judgments at eBay, particularly in areas such as revenue recognition and income taxes, have a significant impact on reported revenue growth and financial health.\n\nFor revenue recognition, eBay's management must make judgments regarding complex contracts, such as determining whether goods or services are distinct performance obligations, estimating stand-alone selling prices, and deciding whether to report revenue gross or net. These decisions can affect the timing and amount of revenue recognized in the financial statements. Changes in these estimates or assumptions could materially impact the reported revenues, potentially influencing the perception of revenue growth (Chunks 1, 4).\n\nSimilarly, accounting judgments related to income taxes involve significant estimation and interpretation of complex and changing tax laws across jurisdictions. These judgments affect the reported tax expense and, consequently, net income. Adjustments based on new information or changes in assumptions can impact eBay's financial health by altering reported earnings (Chunk 4).\n\nBecause these critical accounting policies involve significant management judgment and estimation, differences in assumptions or periodic changes can materially affect eBay's reported results, influencing both revenue growth trends and overall financial health. Actual results may differ from estimates, which could lead to volatility in reported outcomes (Chunk 1, 4).",""
"103","eb8bd7b1","BSX's ERM board engagement in cybersecurity drives long-term growth & enhances competitive positioning in healthcare tech, BSX.","BSX","data\10k\converted\BSX.pdf","filename_fallback","23195,23194,23066,23197,23192,23193,23069,23073,23132,23186,23102,23103,23108,23429,23138,23109","70","Boston Scientific Corporation (BSX) integrates cybersecurity risk management into its enterprise risk management (ERM) program, which is overseen by the Board of Directors and its Risk Committee. The Board takes an enterprise-wide approach to risk management, including cybersecurity, and receives annual (or more frequent as needed) updates on cyber risks, threat assessments, and the evolving threat landscape from key executives such as the Chief Information Security Officer (CISO) and Chief Information and Digital Officer (CIDO). This oversight ensures that cybersecurity risks are considered among the top risks to the company and are incorporated into strategic planning.\n\nBy embedding cybersecurity risk management into the ERM framework and Board oversight, BSX strengthens its ability to identify, assess, and address threats that could impact its operations, reputation, and financial results. This proactive approach supports the company's long-term growth by safeguarding its innovative medical technologies and protecting patient and customer data, which are critical in the highly competitive healthcare technology sector. Effective risk oversight and strong cybersecurity posture also enhance BSX's competitive positioning by maintaining trust with stakeholders, ensuring business continuity, and enabling the company to navigate a rapidly evolving digital landscape within the healthcare industry.",""
"107","568e0d0f","NDLS revenue reliability vs. industry benchmarks with commercial substance.","NDLS","","fallback_no_files_on_disk","153571,25711,93963,147719,40240,71787,69986,135170,4933,169321,25710,59729,19739,13027,98533,5377,165000","293,40,458,491,76,205,175,497,210,403,18,19,118,279,443,61","I cannot find sufficient information in the provided documents to answer this question.",""
"105","72265591","Impact of AVY sanction order on legal costs & risk profile, with RFID alternatives considered.","AVY","data\10k\converted\AVY.pdf","filename_fallback","12041,12037,12054,12224,12228,12043,12044,12100,12226,12229,12056,12102,12105,12202,12127,12078","38","The sanction order related to the ADASA Inc. litigation has significantly increased Avery Dennison's (AVY) legal costs. As of December 30, 2023, the contingent liability recorded for this matter was $82.9 million, which includes the anticipated judgment and reflects the financial impact of the sanctions, royalties, and related legal costs. The district court's revised sanction order in January 2024 lowered the sanction against AVY from approximately $20 million to about $5.2 million, based on a royalty of $0.0025 per late-reported tag, but the overall liability remains substantial. AVY continues to appeal these decisions.\n\nThe risk profile of AVY is affected in two ways:\n\n- Financial risk: The company faces the possibility of higher-than-accrued future expenses if the ultimate resolution of the claim is materially different from current estimates. There is also uncertainty regarding potential future litigation or claims, and the company cannot reasonably estimate the range of possible additional expenses at this time.\n- Operational risk: The litigation has prompted AVY to largely complete its migration to alternative encoding methods for its RFID tags, reducing reliance on the technology at issue and mitigating future infringement risks.\n\nDespite these challenges, AVY currently believes that the impact of legal proceedings, including this sanction, will not be material to its overall financial position, results of operations, or cash flows, either individually or in the aggregate. However, there remains ongoing uncertainty until all appeals and potential liabilities are resolved (see Chunks 5, 8, 9, 10).",""
"104","d39021a1","AON's lit. defense strat. impacts earnings growth & capex.","AON","data\10k\converted\AON.pdf","filename_fallback","11684,11686,11522,11521,11534,11445,11683,11402,11540,11523,11538,11682,11535,11511,11403,11630","36","Aon's litigation defense strategy has a direct impact on its earnings growth and capital expenditures (capex), primarily through the recognition of legal settlement expenses and the potential for significant costs associated with defending claims.\n\n- In 2023, Aon recognized $197 million in actual or anticipated legal settlement expenses related to litigation matters, including cases involving allegedly fraudulent letters of credit (Chunks 2, 3, 5). These legal costs contributed to a 9% increase in operating expenses and a decrease in operating margin from 29.4% in 2022 to 28.3% in 2023, despite revenue growth (Chunks 3, 4, 5). The legal settlement charges are specifically cited as one of the key drivers for higher operating expenses and the decrease in operating margin.\n\n- The company notes that although some of these legal costs might be recoverable in future periods, they currently weigh on net income and adjusted performance metrics (Chunks 2, 5).\n\n- As for capital expenditures, Aon defines free cash flow as cash flow from operations minus capex. In 2023, free cash flow was $3.18 billion after $252 million in capital expenditures (Chunk 11). While legal expenses directly affect operating cash flow and may influence available cash for capex, there is no indication that capex was reduced specifically because of litigation costs. Instead, legal expenses are factored into overall cash flow and financial planning.\n\n- Aon also acknowledges that unfavorable litigation outcomes could materially affect results of operations or cash flows in particular periods (Chunks 7, 12), which could, in extreme cases, impact available resources for investment and growth.\n\nIn summary, Aon's litigation defense strategy, through legal settlement expenses and the ongoing costs of defending claims, has a negative impact on earnings growth by increasing operating expenses and reducing margins. While capex itself is not shown to be directly reduced due to litigation, significant legal costs could affect overall cash flow and potentially influence future investment decisions.",""
"109","ac10f2e6","Loews' P&C underwriting strategies' profitability is influenced by cyclical trends.","L","data\10k\converted\L.pdf","filename_fallback","97746,97630,98015,97858,97745,97749,97715,97854,97714,97748,97702,97701,97571,97568,97968,97632","291","Yes, the profitability of Loews' property and casualty (P&C) underwriting strategies is influenced by cyclical trends. The property and casualty insurance market is described as cyclical, experiencing periods of high price competition with less restrictive underwriting standards and lower premium rates, followed by periods of lower competition with more selective underwriting and higher premium rates. These cycles can materially impact CNA's (Loews' P&C subsidiary) premium levels and expense ratio, which in turn affect the overall profitability of its underwriting strategies (Chunk 2).",""
"108","5a879396","Op margin analysis of Nucor Corp for 2022 vs 2023 based on EBT/net sales.","NUE","data\10k\converted\NUE.pdf","filename_fallback","112809,112826,112756,112711,112705,112702,112704,112706,112703,112712,112718,112807,112709,112693","337","To analyze Nucor Corporation's operating margin using Earnings Before Taxes (EBT) divided by net sales for 2022 and 2023:\n\n- For 2023:\n  - EBT (Earnings before income taxes and noncontrolling interests): $6,272,757,000\n  - Net sales: $34,713,501,000\n  - Operating margin (EBT/net sales): $6,272,757,000 / $34,713,501,000 ≈ 18.1%\n\n- For 2022:\n  - EBT: $10,244,844,000\n  - Net sales: $41,512,467,000\n  - Operating margin (EBT/net sales): $10,244,844,000 / $41,512,467,000 ≈ 24.7%\n\n**Summary:**  \nNucor's operating margin (EBT/net sales) decreased from approximately 24.7% in 2022 to 18.1% in 2023, reflecting lower profitability in 2023 mainly due to a significant decrease in metal margins in the steel mills segment as average selling prices dropped faster than scrap costs.",""
"100","8ce0a122","Rev rec for variable annuities; AMP valuation for future revenues (AMP).","AMP","data\10k\converted\AMP.pdf","filename_fallback","15223,15215,15310,15073,15309,15272,15076,15213,15157,15156,15154,15289,15271,15084,15155,15077","47","**Revenue Recognition for Variable Annuities**\n\nFor variable annuities, revenue is recognized primarily from the following sources:\n\n- **Guaranteed Benefit Rider Charges and Contract Charges:** Charges for variable annuity guaranteed benefit riders and other contract charges (net of reinsurance premiums and cost of reinsurance) are recognized as revenue when assessed (Chunk 1).\n- **Surrender Charges:** Surrender charges on annuities are recognized as revenue when assessed (Chunk 1).\n- **Premiums:** Most variable annuity premiums are held in separate accounts for the exclusive benefit of contractholders (Chunk 6, Chunk 13).\n\n**Valuation for Future Revenues (AMP Approach)**\n\nAmeriprise Financial (AMP) uses actuarial models and a variety of assumptions to value future revenues and related liabilities:\n\n- **Market Risk Benefits:** AMP projects benefits and contract assessments using actuarial models simulating various equity market scenarios. Key assumptions include customer asset value growth rates, mortality, surrenders (persistency), benefit utilization, and investment margins. These assumptions are reviewed quarterly and updated annually, unless material deviations are identified earlier (Chunk 4).\n- **Fair Value Measurement:** For market risk benefits (e.g., guaranteed minimum death, income, withdrawal, and accumulation benefits), fair value is calculated based on projected, discounted cash flows over the life of the contract, including projected benefits and fees. Changes in fair value (except for changes due to nonperformance risk) are recognized in earnings; nonperformance risk changes are recognized in other comprehensive income (Chunk 15).\n- **Embedded Derivatives:** For structured variable annuities, the value of the embedded derivative (created when a portion of the account value is allocated to an indexed account) is measured at fair value. The company hedges equity and interest rate risks related to these accounts with derivative instruments (Chunk 6, Chunk 13, Chunk 16).\n- **Reserve Establishment:** AMP establishes reserves for both traditional and non-traditional long-duration products using a net premium approach, which involves accruing expected insurance benefits over the life of the contract in proportion to premium revenue recognized. Assumptions are reviewed and updated at least annually (Chunk 2).\n\n**Summary**\n\n- Revenue from variable annuities is recognized when charges are assessed.\n- Future revenues and related liabilities are valued using actuarial projections based on key assumptions, regularly reviewed and updated.\n- Fair value for guarantees and embedded derivatives is measured using discounted cash flows and is sensitive to changes in market conditions and assumptions.\n\nIf you need details on a specific aspect of revenue recognition or valuation, please specify.",""
"106","2c234abc","Impact on cap structure & EPS from equity comp plan shares of Bunge Global SA.","BG","data\10k\converted\BG.pdf","filename_fallback","19011,19015,18775,19009,18776,19028,19012,18885,19016,19004,19013,18820,19010,19014,19026","58","Based on the provided information, here is the impact of equity compensation plan shares on Bunge Global SA's capital structure and earnings per share (EPS):\n\nCapital Structure Impact:\n- Bunge Global SA's equity compensation plans (including the 2016 Equity Incentive Plan, 2009 Equity Incentive Plan, and 2017 Non-Employee Directors Equity Incentive Plan) provide for the issuance of registered shares upon the vesting or exercise of awards such as stock options and restricted stock units (RSUs).\n- As of December 31, 2023, there were 3,514,972 securities to be issued upon vesting or exercise of outstanding options, warrants, and rights, with 2,842,938 shares remaining available for future issuance under the plans (Chunks 3, 5).\n- These awards, when vested or exercised, increase the total number of shares outstanding, thereby affecting the capital structure by diluting the ownership percentage of existing shareholders.\n- During 2023, Bunge issued 687,444 shares (net of shares withheld for taxes) upon vesting of RSUs (Chunks 2, 9).\n\nEarnings Per Share (EPS) Impact:\n- The issuance of shares under equity compensation plans increases the weighted-average number of shares outstanding, which is used in the calculation of both basic and diluted EPS.\n- For diluted EPS, the effect of outstanding stock options and RSUs is included, as these represent potential shares that could be issued in the future (Chunk 4).\n- For the year ended December 31, 2023, the effect of dilutive shares from stock options and awards was 1,983,530, increasing the diluted weighted-average shares outstanding to 150,787,917 (Chunk 4).\n- This dilution results in lower EPS compared to basic EPS; for example, in 2023, basic EPS was $15.07 and diluted EPS was $14.87 (Chunks 4, 6, 13).\n\nIn summary, equity compensation plans increase the number of shares outstanding, which dilutes existing shareholders and reduces EPS, particularly diluted EPS, as more shares are included in the denominator of the calculation.",""
"111","50d36179","Unresolved legal matters with BDX may have long-term financial implications on profitability & growth.","BDX","data\10k\converted\BDX.pdf","filename_fallback","15671,15747,15707,15767,15733,15801,15852,15706,15858,15679,15678,15760,15814,15776,15813,15734","49","Unresolved legal matters with BDX can indeed have long-term financial implications on the company's profitability and growth. The documents indicate that BDX is involved in various legal proceedings, including investigations, litigation, and regulatory matters, some of which are ongoing and may not have predictable outcomes. The company acknowledges that reserves established for estimated losses do not represent exact calculations of actual liability, and future charges could be materially in excess of current accruals and insurance coverage (Chunks 5, 6, 16).\n\nFurthermore, some legal matters may require significant settlements or judgments, which could have a material adverse effect on BDX's results of operations, financial condition, and liquidity. There is also uncertainty regarding the collectability of insurance or indemnification from third parties, which may not be adequate to cover damages or costs (Chunks 5, 16).\n\nIn particular, BDX has recognized a $175 million liability related to an ongoing SEC investigation, but the ultimate resolution could be significantly higher and the timing and scope are uncertain (Chunk 7). Additionally, potential future litigation and regulatory changes could increase operational costs and require changes to manufacturing or business practices (Chunks 13, 15, 16).\n\nIn summary, unresolved legal matters present ongoing risks that could negatively impact BDX's profitability and growth over the long term due to potential significant financial charges, uncertainty of outcomes, and possible increased operational costs.",""
"112","ca6a0195","Impact of UDR cybersecurity training on breach reduction & remediation costs, ticker at end.","UDR","data\10k\converted\UDR.pdf","filename_fallback","151195,151163,151164,151104,151165,151105,151100,151202,151375,151193,151205,151092,151108,151126,151188,151367","452","UDR provides mandatory cybersecurity training to all associates upon employment and at least annually thereafter, with additional specialized training for members of the cybersecurity team. This training is tailored to reflect associates' roles, responsibilities, and access to information systems. Regular phishing tests are conducted, and associates who fail receive remedial training. In 2023, 95% of associates completed annual technology IT security training.\n\nThese training efforts are designed to reinforce the company's information security policies and reduce the likelihood of human error--one of the key sources of cybersecurity breaches. While UDR has experienced cybersecurity breaches in the past, none have been material to date, and the company expects that breaches may occur in the future as threat techniques evolve. The company's comprehensive approach, including regular training, is part of a broader strategy to identify, prevent, and mitigate cybersecurity threats, which can help reduce the frequency and severity of breaches and, consequently, remediation costs. However, despite these measures, there is no guarantee that breaches or associated costs can be fully avoided.\n\nTicker: UDR",""
"110","542aeb79","Impact of debt leverage risk on FMC Corp 2022-23.","FMC","data\10k\converted\FMC.pdf","filename_fallback","63947,64092,64005,64093,64001,64000,64116,63933,64002,64118,64003,64064,64104,63921,64096","186","Between 2022 and 2023, FMC Corp experienced an increase in both its total and long-term debt, with total debt rising from $3,274.0 million at December 31, 2022, to $3,957.6 million at December 31, 2023. The company issued $1.5 billion in new Senior Notes in 2023 to refinance existing debt and for general corporate purposes.\n\nThis increase in debt, combined with higher interest rates, led to a significant rise in interest expense. Net interest expense increased by $85.4 million (or approximately 56%) from $151.8 million in 2022 to $237.2 million in 2023. The rise in interest expense was primarily due to both higher interest rates and higher debt balances.\n\nTo address leverage risk, FMC amended its credit agreements in 2023 to provide more financial flexibility. The maximum leverage ratio was temporarily increased to 6.50 through June 30, 2024, to accommodate current market challenges, before being set to incrementally step down to 3.75 by the quarter ending September 30, 2025. At the end of 2023, FMC's actual leverage ratio was 4.17, well below the temporary maximum, and the interest coverage ratio was 4.13, above the minimum requirement of 2.50.\n\nIn summary, increased debt and higher interest rates raised FMC's financial risk and interest costs in 2023, but the company remained in compliance with its debt covenants and took steps to manage leverage through credit agreement amendments and financial flexibility measures.",""
"118","931c9e69","Regional sum for IPG Intl employees.","IPG","data\10k\converted\IPG.pdf","filename_fallback","82066,82056,82081,82080,82096,82126,82125,82086,82057,82145,82116,82054,82227,82088,82117,82229","243","As of December 31, 2023, IPG employed approximately 33,600 international employees. The regional breakdown is as follows:\n\n- United Kingdom: 5,200\n- Continental Europe: 6,800\n- Asia Pacific: 10,500\n- Latin America: 7,000\n- Other: 4,100\n\nTotal international employees: 33,600.",""
"114","621800ad","CRL 390M purchase obligations liquidity working capital impact 2024.","CRL","data\10k\converted\CRL.pdf","filename_fallback","34898,35008,34897,34889,34970,34702,34959,34877,34837,34958,34864,34971,34701,35003,34977,34942","104","As of December 30, 2023, Charles River Laboratories had approximately $390 million in unconditional purchase obligations, with the majority expected to be settled during 2024. These obligations are enforceable and legally binding agreements to purchase goods or services and are part of the company's normal business operations. The settlement of these obligations will require the use of cash, impacting the company's liquidity and working capital during 2024.\n\nHowever, the company believes its existing funds, combined with cash generated from operations and access to financing, are sufficient to fund its operations, including these purchase obligations, for the foreseeable future. The company's principal sources of liquidity are cash flows from operations and access to financing resources, and it expects to be able to meet these commitments without significant strain on working capital or overall liquidity (see Chunks 1, 2, 3, and 4).",""
"115","f8df21ed","Exec roles at CHRW drive op efficiency & enhance cash flow mgmt.","CHRW","data\10k\converted\CHRW.pdf","filename_fallback","26351,26352,26350,26506,26347,26353,26411,26369,26339,26380,26412,26342,26334,26320,26500,26344","79","Executive roles at C.H. Robinson (CHRW) play a significant part in driving operational efficiency and enhancing cash flow management. The Chief Operating Officer leads efforts in product, technology, data science, analytics, and marketing, focusing on transforming processes, accelerating development, and improving customer and carrier experiences to increase efficiency and expand operating margins (Chunks 1, 11). The Chief Financial Officer is responsible for overseeing finance functions, including working capital management, capital expenditures, and debt repayment, to ensure effective cash flow management (Chunks 2, 7, 11). Together, these roles, along with leadership in human resources and business units, emphasize process improvement, technology investments, and disciplined financial management--all aimed at supporting operational efficiency and healthy cash flows for the company.",""
"116","1fb441a1","Monitoring deposit trends influenced by competitor interest rates for HBAN.","HBAN","data\10k\converted\HBAN.pdf","filename_fallback","77676,77787,77675,77613,77827,77992,77612,77793,77625,77657,77708,77663,77617,77802,77811,77873","229","Huntington Bancshares (HBAN) actively monitors deposit trends influenced by competitor interest rates as part of its risk management and competitive strategy. The company recognizes that changes in the interest rates offered by competitors can impact customers' willingness to maintain deposit balances, potentially leading to outflows as customers seek higher yields or greater financial stability elsewhere. Such outflows may force HBAN to rely more heavily on borrowings and other funding sources, which could adversely affect its net interest margin.\n\nHBAN considers competitive pricing levels in its various markets and competes for deposits by offering value, service, and customer-friendly features. The bank uses modeling and scenario analysis to assess interest rate risk, including the impact of both interest-bearing and noninterest-bearing deposits on its total deposit beta, which measures the sensitivity of deposit costs to changes in market interest rates. HBAN tracks its cumulative deposit beta and regularly reports interest rate risk analysis to management.\n\nThe continued availability of deposits is a key source of liquidity for HBAN, and the bank acknowledges that market-related, regulatory, or other events--such as changes in competitor interest rates--can impact depositor confidence and deposit levels. Therefore, monitoring competitor interest rates and associated deposit trends is an integral part of HBAN's ongoing risk management and business operations.",""
"117","04c89485","Impact on comp growth due to diversity & board composition at Gen Digital Inc. (GEND).","GEN","data\10k\converted\GEN.pdf","filename_fallback","66834,67060,66963,66808,66807,66835,66964,66961,67051,66962,66836,66953,66864,66909,66833,66837","194","Based on the provided context, Gen Digital Inc. (GEND) places a strong emphasis on diversity, equity, and inclusion (DEI) as part of its culture and leadership strategy. As of March 29, 2024, women represented 34% of the total workforce, 34% of leadership positions, 40% of the Board of Directors, and half of the independent board membership. The company has set clear, actionable multi-year representation goals at the leadership level to support accountability and progress in DEI.\n\nGen's approach includes integrating diversity and inclusion into people processes, using diverse recruiting strategies, and supporting employee resource groups. The company also invests in employee development programs and leadership training, including initiatives aimed at underrepresented groups and participation in external leadership academies and conferences.\n\nWhile the documents detail Gen's commitment to DEI and provide statistics on board and workforce composition, there is no direct statement or quantitative data explicitly linking these diversity and board composition efforts to compensation growth at the company. The information does indicate that Gen partners with its Board and Compensation and Leadership Development Committee on executive compensation, reward strategies, and DEI objectives, suggesting that diversity and board composition are considered in broader talent and reward strategies.\n\nIn summary, Gen Digital Inc. integrates diversity and inclusive leadership into its culture and governance, and these factors are part of discussions around compensation and talent management, but there is no specific data or direct causal link provided between diversity/board composition and compensation growth.\n\nIf you need a more direct correlation or specific impact on compensation growth due to diversity and board composition, I cannot find sufficient information in the provided documents to answer this question.",""
"113","8b8b5e8c","Impact on valuation & earnings outlook from Albemarle indemnification liabilities & legal reserves; ALB.","ALB","data\10k\converted\ALB.pdf","filename_fallback","7981,8176,7982,7978,8215,8217,8177,8042,8056,7815,8007,8170,8098,7954,7843","26","Albemarle's indemnification liabilities and legal reserves have had some impact on its earnings, but current disclosures indicate that these are not expected to have a material adverse effect on the company's financial condition or earnings outlook.\n\n- Legal Reserves: In 2023, Albemarle recorded a significant $218.5 million charge in Selling, General and Administrative Expenses related to settlements with the DOJ and SEC. This charge was fully paid in October 2023, with the matter considered finalized and no future financial obligations expected from this specific issue ([Chunk 2], [Chunk 7]).\n\n- Indemnification Liabilities: As of December 31, 2023, the company had approximately $14.5 million recorded in Other noncurrent liabilities related to indemnification of certain income and non-income tax liabilities associated with previously divested businesses (notably the Chemetall Surface Treatment entities sold in 2017). This is down from $66.1 million at the end of 2022. Management believes that the ultimate resolution of indemnification obligations owed to or by Albemarle is not expected to have a material effect on the company's financial condition, results of operations, or cash flows ([Chunk 2], [Chunk 7]).\n\n- Adjustments and Minor Losses: The company periodically records gains or losses from adjustments of indemnification related to previously disposed businesses, but these amounts are relatively small compared to overall earnings (e.g., a $3.2 million loss in 2022, $0.9 million loss in 2023) ([Chunk 1], [Chunk 3], [Chunk 5], [Chunk 6]).\n\n- Outlook: Management's opinion, based on currently available information, is that environmental, legal, and indemnity liabilities are not expected to materially affect Albemarle's financial condition or future earnings. Environmental and safety operating costs are expected to remain in the same range as previous years ([Chunk 9]), and indemnification issues are not considered likely to result in significant future charges ([Chunk 7]).\n\nIn summary, while Albemarle has faced significant legal reserves in the recent past, especially in 2023, the completion of major settlements and the reduction in indemnification liabilities mean that these issues are not expected to have a material impact on the company's valuation or earnings outlook going forward.",""
"123","206cf371","Aug26 appts for JKHY governance's strategic impact.","JKHY","data\10k\converted\JKHY.pdf","filename_fallback","84002,83835,83845,83830,83836,83851,83838,83834,83846,83942,83852,83825,83999,84000,83893,83837","249","On August 26, 2024, several executive and board appointments for Jack Henry & Associates, Inc. were officially recorded, including Gregory R. Adelson as Chief Executive Officer and President, Mimi L. Carsley as Chief Financial Officer and Treasurer, Renee A. Swearingen as Senior Vice President and Chief Accounting Officer, and multiple directors and board leadership roles. These appointments reflect a continuity and stability in governance, supporting the company's strategic direction focused on organic growth, disciplined acquisitions, technology modernization, and a commitment to high service standards and client retention. The leadership structure is designed to maintain strong oversight and drive initiatives that align with Jack Henry's long-term objectives and operational excellence.",""
"121","a868f9cd","$MAS capex vs D&A trend analysis for 2024.","MAS","data\10k\converted\MAS.pdf","filename_fallback","95141,95140,95165,95219,95147,95129,95193,95163,95240,95212,95197,95209,95222,95128,95233,95192","283","For 2024, Masco Corporation expects capital expenditures (capex) to be approximately $200 million, which is a decrease from $243 million in 2023 and $224 million in 2022. Depreciation and amortization (D&A) expense for 2024 is expected to be about $160 million, an increase from $149 million in 2023 and $145 million in 2022.\n\nTrend analysis:\n- Capex peaked in 2023 at $243 million and is projected to decline to $200 million in 2024.\n- D&A expense has been gradually increasing, from $145 million in 2022 to $149 million in 2023 and is projected to reach $160 million in 2024.\n- In 2024, projected capex ($200 million) will still exceed D&A ($160 million), but the gap between capex and D&A is narrowing compared to prior years.\n\nThis indicates that while Masco continues to invest in its business, the pace of new capital investments is slowing, and the ongoing depreciation and amortization expense is rising modestly.",""
"119","e3104253","Direct op ex % rev trend for LYV 2021-2023 & its impact on margin stability.","LYV","data\10k\converted\LYV.pdf","filename_fallback","95390,95359,95358,95350,95360,95370,95351,95420,95478,95419,95389,95259,95479,95345","284","From 2021 to 2023, Live Nation's direct operating expenses as a percentage of revenue showed the following trend:\n\n- 2021: $4,355,989K direct op ex / $6,268,447K revenue ≈ 69.5%\n- 2022: $12,337,524K / $16,681,254K ≈ 74.0%\n- 2023: $17,292,016K / $22,749,073K ≈ 76.0%\n\nThis data shows a rising trend in direct operating expenses as a percentage of revenue: from about 69.5% in 2021 to 74.0% in 2022, and further to 76.0% in 2023.\n\nImpact on margin stability:\nAs direct operating expenses have increased faster than revenue, this has put some pressure on margin stability. However, despite the rising cost ratio, Live Nation still reported improvements in operating income and margin, indicating that the overall business growth and revenue expansion (especially from higher ticketing and sponsorship sales) have more than offset the increased direct costs, at least for 2023. This suggests that, while the rising direct cost ratio could challenge margins in the long term, the company's revenue growth and operational leverage have helped maintain and even improve margins recently.",""
"120","33b171b9","AXP lease exp. trends 2021-2023 & LT lease risk analysis.","AXP","data\10k\converted\AXP.pdf","filename_fallback","20292,20274,20283,20259,20142,20313,20092,20302,20222,20240,20260,20328,20271,20133,20207,20272","62","From 2021 to 2023, American Express (AXP) reported the following total lease expenses:\n\n- 2021: $161 million\n- 2022: $188 million\n- 2023: $164 million\n\nThis shows an increase in lease expense from 2021 to 2022, followed by a decrease in 2023, though 2023 remained slightly above 2021 levels.\n\nFor long-term lease risk analysis:\n- As of December 31, 2023, the weighted average remaining lease term was 19 years, and the weighted average discount rate on lease commitments was 3%.\n- Outstanding fixed lease payments total $1,462 million, with $926 million recognized as lease liabilities after accounting for interest.\n- The maturity schedule for lease commitments is as follows (in millions): $159 (2024), $139 (2025), $121 (2026), $104 (2027), $98 (2028), and $841 thereafter.\n- The long weighted average lease term (19 years) and substantial commitments in later years suggest significant long-term obligations, but the use of a relatively low discount rate (3%) and the spread of payments over many years help mitigate immediate risk.\n\nIn summary, lease expenses have been relatively stable, and while AXP faces significant long-term lease obligations, these are spread over nearly two decades, reducing short-term risk.",""
"124","0ae7ad85","FTE comp. % for AFL Japan.","AFL","data\10k\converted\AFL.pdf","filename_fallback","7054,7055,7457,7158,7161,7153,7056,7053,7052,7057,7387,7157,7455,7319,7458,7436","24","Personnel, compensation and benefit expenses as a percentage of insurance expenses for Aflac Japan were 61% in 2023, 60% in 2022, and 57% in 2021.",""
"125","cbe5d68e","SAP ERP & Sovos tech investments by Campbell Soup are aimed at boosting efficiency by 2025.","CPB","data\10k\converted\CPB.pdf","filename_fallback","32189,32190,32333,32269,32268,32251,32245,32332,32267,32244,32249,32330,32214,32272,32256","99","Yes, Campbell Soup is making significant investments in SAP enterprise-resource planning (ERP) systems and integrating Sovos Brands' technology as part of broader initiatives to boost efficiency by 2025. These efforts include:\n\n- Implementation of SAP ERP systems for Sovos Brands and Snyder's-Lance to optimize information technology infrastructure and applications.\n- Planned capital expenditures for 2025 include the rollout of these systems and other network optimizations, with a total of approximately $530 million expected to be spent on capital projects in 2025, including SAP implementation.\n- These technology investments are part of new cost savings initiatives announced for 2025, which also involve optimizing the supply chain and manufacturing network, and are expected to generate annual ongoing savings of about $250 million by the end of 2028.\n\nThe integration of Sovos Brands and the deployment of SAP ERP are central to Campbell's strategy to drive operational efficiency, cost management, and support future growth.",""
"127","5ef0d742","Details on share buyback volume and cost for American Airlines Group, ticker AAL.","AAL","data\10k\converted\AAL.pdf","filename_fallback","12478,12510,12565,12753,12540,12681,12537,12627,12751,12290,12282,12841,12644,12279,12464,12840","39","Based on the provided information, American Airlines Group (AAL) did not repurchase any shares of its common stock in 2023 or 2022. The company's most recent $2.0 billion share repurchase program expired in December 2020. Due to agreements related to financial assistance received under PSP1, PSP2, and PSP3, AAL was restricted from repurchasing shares through September 30, 2022. After the restriction expired, no new share repurchase program was authorized by the Board of Directors as of December 31, 2023, and thus no repurchases were made in 2023 or 2022. Any future share buybacks will be at the discretion of the Board and subject to various factors (see Chunk 1).\n\nIn summary:  \n- No share buybacks occurred in 2023 or 2022.  \n- The most recent authorized program ($2.0 billion) expired in December 2020.  \n- No new program was authorized as of the end of 2023.",""
"126","ba7e2a27","Impacts on margin profitability from revenue recognition in KHC's (Kraft Heinz Co.) shipping & handling.","KHC","data\10k\converted\KHC.pdf","filename_fallback","90189,90144,90190,90030,90164,90180,90360,90358,90353,90232,90356,90126,90357,90056,90085,90008","267","Kraft Heinz recognizes revenue when control of products passes to customers and includes all shipping and handling charges billed to customers as part of net sales. However, shipping and handling charges that occur after the transfer of control are accounted for as fulfillment costs (i.e., they are recorded as expenses rather than as part of revenue).\n\nThis accounting treatment affects margin profitability in the following way: By recording shipping and handling billed to customers as revenue, but recording shipping and handling costs that occur after control passes as fulfillment costs (expenses), only the margin (difference) between what Kraft Heinz charges customers for shipping and what it incurs as costs is reflected in gross profit. If shipping and handling costs exceed what is billed to customers, it would reduce gross margin. Conversely, if the amounts billed are higher than the costs incurred, it could improve margin profitability.\n\nIn summary, the impact on margin profitability depends on the relationship between the shipping and handling amounts billed to customers (included in revenue) and the actual costs (recognized as fulfillment expenses). This accounting policy ensures that only the net effect impacts margins, and it is consistent with standard revenue recognition practices.",""
"128","2e65050c","QCOM YoY long-term debt change drivers.","QCOM","data\10k\converted\QCOM.pdf","filename_fallback","126868,126790,126791,126869,126702,126753,126566,126888,126807,126754,126569,126625,126851,126633,126610,126803","378","Qualcomm's (QCOM) long-term debt decreased from $15.4 billion as of September 24, 2023 to $14.6 billion as of September 29, 2024. The primary driver of this year-over-year decrease was the repayment of $914 million of fixed-rate notes that matured in May 2024. Additionally, the ""May 2017 Notes"" category saw a reduction in outstanding principal, reflecting maturities and repayments.\n\nOther contributing factors include amortization of discounts and debt issuance costs, as well as hedge accounting adjustments, which are reflected in the reported net long-term debt. There were no new significant borrowings replacing the matured debt during this period, as indicated by the relatively stable or reduced balances in other note categories.\n\nIn summary, the main driver of the YoY change in Qualcomm's long-term debt was the scheduled repayment of maturing notes, particularly the $914 million paid in May 2024, along with ongoing amortization and adjustments related to debt accounting.",""
"129","dc4dc72e","Deferred rev trends at ENPH impact on rev visibility & contract struct for 2022-23, ENPH.","ENPH","data\10k\converted\ENPH.pdf","filename_fallback","54032,54033,53962,53961,53999,54013,53951,53952,54031,53964,53830,54030,53948,54038,54116","158","Enphase Energy's deferred revenue (contract liabilities) increased significantly from $372.4 million at the end of 2022 to $487.5 million at the end of 2023. This rise reflects higher billings for products and services where revenue recognition is deferred until performance obligations are met. In 2023, revenue recognized from deferred amounts was $109.7 million, while new billings added $224.8 million to deferred revenue balances.\n\nThe increase in deferred revenue enhances revenue visibility for future periods. As of December 31, 2023, the company expected to recognize $118.3 million of this deferred revenue in 2024, with the remainder spread out over the following years.\n\nContract structures at Enphase include advance payments from customers and multi-year performance obligations, leading to both short-term and long-term deferred revenue balances. This approach provides a clearer outlook on future revenue streams, as a substantial portion of revenue is already contracted but not yet recognized.\n\nIn summary, the growing deferred revenue balance from 2022 to 2023 improved Enphase's revenue visibility, with a sizable backlog of contracted revenue to be recognized in subsequent years, reflecting the company's contract structure and customer billing practices.",""
"132","b4d591d8","Risk-reward of ISRG's capex in light of macro trends.","ISRG","data\10k\converted\ISRG.pdf","filename_fallback","88852,88851,88886,88926,88980,88669,88509,88777,88956,88979,88824,88646,88913,88978,88521,88831","263","Intuitive Surgical (ISRG) continues to devote substantial resources to capital expenditures (capex) for expanding procedure adoption, product development, commercial operations, facilities, and intellectual property. The company believes its current cash, cash equivalents, and investment balances, together with operating income, are sufficient to meet its liquidity and capex needs for the foreseeable future. However, it acknowledges that macroeconomic and geopolitical headwinds--such as inflationary pressures, changes in monetary policy, high interest rates, supply chain constraints, and global uncertainties--could reduce cash flow from operations and impact demand for its products (Chunks 1, 2, 12).\n\nThe reward of ISRG's capex is tied to its ability to fund future growth, develop innovative products, and maintain its leadership in minimally invasive care, which should drive long-term revenue and profit growth. The risks, however, include potential reductions in procedure volumes, delayed or canceled capital spending by customers, and supply chain disruptions, all of which could negatively impact the return on these investments in the near to medium term (Chunks 1, 2, 12).\n\nIn summary, while ISRG's capex supports strategic growth and innovation, the risk-reward profile is currently influenced by external macroeconomic factors that could dampen returns or slow growth despite the company's strong financial position.",""
"122","edfa81d5","Effect on pre-tax income & margin from non-op items for 2023 FSLR vs historical.","FSLR","data\10k\converted\FSLR.pdf","filename_fallback","64835,64796,64915,64795,64922,64769,64906,64792,64875,64783,64856,64787,64807,64781,64782,64855","188","For First Solar (FSLR) in 2023, the main non-operating items affecting pre-tax income were:\n\n- Foreign currency loss, net: $(21.5) million\n- Interest income: $97.7 million\n- Interest expense, net: $(13.0) million\n- Other (expense) income, net: $(29.1) million\n\nComparing these to previous years (2022 and 2021):\n\n| Year | Foreign Currency Loss, Net | Interest Income | Interest Expense, Net | Other (Expense) Income, Net |\n|------|----------------------------|----------------|----------------------|-----------------------------|\n| 2023 | $(21.5) million            | $97.7 million  | $(13.0) million      | $(29.1) million             |\n| 2022 | $(16.4) million            | $33.3 million  | $(12.2) million      | $31.2 million               |\n| 2021 | $(8.0) million             | $6.2 million   | $(13.1) million      | $0.3 million                |\n\nEffects on Pre-tax Income & Margin:\n- In 2023, non-operating items (combined) contributed a net positive to pre-tax income, primarily due to a significant increase in interest income ($97.7 million, up from $33.3 million in 2022 and $6.2 million in 2021), which was driven by higher average balances of marketable securities and higher interest rates.\n- However, this was partially offset by a higher foreign currency loss and a swing from positive to negative in ""other (expense) income, net"" (from a $31.2 million gain in 2022 to a $29.1 million expense in 2023, mainly due to the impairment of a strategic investment).\n- Net non-operating items in 2023 (sum of the above) contributed approximately $34.1 million to pre-tax income, compared to $36.1 million in 2022 and $(14.7) million in 2021.\n\nImpact on Pre-tax Margin:\n- The strong increase in interest income helped offset higher other expenses and foreign currency losses, resulting in a relatively similar net positive impact from non-operating items in 2023 versus 2022.\n- As a percentage of net sales, interest income was 2.9% in 2023, up from 1.3% in 2022 and 0.2% in 2021. The net effect of all non-op items as a percentage of net sales was roughly similar between 2023 and 2022, with a swing from a small negative in 2021.\n\nIn summary: For 2023, non-operating items had a net positive effect on FSLR's pre-tax income and margin, mainly due to increased interest income, despite higher foreign currency losses and a negative swing in other income. This effect was similar in magnitude to 2022 and more favorable compared to 2021, when non-operating items had a net negative impact.",""
"131","318d7f99","Engagement risk monitoring, vendor liabilities, sustainable growth, and valuation for AZO.","AZO","data\10k\converted\AZO.pdf","filename_fallback","14120,13997,13979,14094,13991,13978,14108,13992,14109,14046,14101,13973,14006,14000,14175,14105","42","Certainly. Here is a summary addressing engagement risk monitoring, vendor liabilities, sustainable growth, and valuation for AutoZone (AZO) based on the provided context:\n\nEngagement Risk Monitoring:\nAutoZone is exposed to various risks that could affect its business operations, including wage inflation, exchange rates, supply chain disruptions, cybersecurity threats, and regulatory changes. The company identifies and discusses these risks in its annual report and regularly reviews and updates its risk management strategies. These risks are detailed in the ""Risk Factors"" section, and the company emphasizes that it is not possible to identify or predict all such risks that could impact forward-looking statements (Chunk 6).\n\nVendor Liabilities:\nAutoZone's vendor agreements generally do not have expiration dates and are subject to ongoing negotiations. Vendor receivables primarily arise from rebates, allowances, promotional funds, and reimbursements, with amounts prescribed by vendor agreements. AutoZone regularly reviews these receivables for collectability and does not believe there is a significant risk of non-collection, so no reserve for expected credit losses was recorded as of August 31, 2024. Vendor receivables are included in ""Accounts receivable"" on the balance sheet (Chunks 1, 16).\n\nSustainable Growth:\nAutoZone's growth over the past five years has been strong, with annual revenues rising from $11.9 billion in fiscal 2019 to $18.5 billion in fiscal 2024, a compounded annual growth rate of about 9%. Store count has grown from 6,411 to 7,353 over the same period (about 3% CAGR). Growth is driven by same store sales, new store openings, and commercial program development. The company acknowledges that sustaining this growth will depend on successfully opening new stores, finding suitable locations, hiring and training staff, and adapting to changing market conditions (Chunk 13).\n\nValuation:\nFor self-insurance reserves, AutoZone had an estimated reserve of $257.7 million at August 31, 2024. The company uses a combination of historical trend analysis and actuarial methods to estimate these reserves, considering factors such as claim severity, frequency, inflation, and risk-free rates. Audits of these reserves involve evaluating management's assumptions, methodologies, and controls, with actuarial specialists assisting in the process. Additionally, AutoZone has approximately $302.6 million in goodwill as of August 31, 2024, and conducts annual impairment assessments to ensure the carrying value remains appropriate (Chunks 4, 7, 9).\n\nIn summary, AutoZone employs robust risk monitoring, maintains manageable vendor liabilities, has demonstrated sustainable growth, and follows established valuation practices for key balance sheet items.",""
"133","a9938d07","The impact of the AXP TRIS program on capital allocation and financial health is noteworthy.","AXP","data\10k\converted\AXP.pdf","filename_fallback","20196,19955,20085,20160,19967,19968,20131,19940,20133,20086,20000,19959,19961,19941,20100,20077","62","Based on the provided context, there is no direct information indicating that the AXP Technology Risk and Information Security (TRIS) program has a measurable or explicit impact on capital allocation or the overall financial health of American Express (AXP). The TRIS program is described as a comprehensive enterprise information security and cybersecurity initiative designed to protect the company's information and systems, safeguard against threats, and ensure regulatory compliance (Chunks 3, 4, 10).\n\nWhile the program contributes to operational risk management, which is a component of the company's overall risk framework, there is no specific mention in the context provided of how the TRIS program influences capital allocation decisions or directly affects financial health metrics such as capital ratios or liquidity. Capital allocation and financial health are discussed in other sections, focusing on regulatory requirements, stress testing, and capital planning (Chunks 7, 9, 12), but these do not reference the TRIS program specifically.\n\nTherefore, I cannot find sufficient information in the provided documents to answer this question.",""
"130","b990353a","$TYL capex seg shift 2022-2023 inv implications.","TYL","data\10k\converted\TYL.pdf","filename_fallback","146607,146583,146606,146578,146654,146580,146577,146581,146573,146485,146611,146582,146572,146574,146677","439","Between 2022 and 2023, Tyler Technologies (TYL) saw notable shifts in its capital expenditures (capex) and investments, with implications for its strategic direction and financial structure:\n\n1. Capex Increase and Segment Shift:\n- Real estate and facility expansion: Payments for real estate and expansion of existing facilities increased from $4.5 million in 2022 to $16.0 million in 2023, indicating a ramp-up in physical infrastructure investment (Chunk 5).\n- Software development costs: Capitalized software development costs rose significantly. Software development costs, net, increased from $48.2 million in 2022 to $67.1 million in 2023. Amortization expense for these costs, recorded to cost of revenues, also nearly doubled from $6.5 million in 2022 to $12.6 million in 2023, reflecting more projects moving into service (Chunks 5, 7).\n- Property and equipment, net, remained relatively stable ($172.8 million in 2022 vs. $169.7 million in 2023), suggesting that increased investments were focused on specific projects rather than broad-based asset growth (Chunk 5).\n\n2. Cash Flow and Investment Implications:\n- Cash used in investing activities dropped substantially, from $(172.5) million in 2022 to $(77.0) million in 2023. This was mainly due to a lower outflow for investments, suggesting a normalization after prior-year acquisition or investment surges (Chunk 2).\n- The company increased its investment in internal software development while reducing outlays for external investments (short-term investments declined from $37.0 million to $10.4 million; non-current investments from $18.5 million to $7.0 million, Chunk 1).\n\n3. Strategic and Investment Implications:\n- The increased focus on software development and real estate supports Tyler's ongoing shift to SaaS and cloud-based solutions, as well as its physical expansion to support growth (Chunks 10, 13).\n- The sharp reduction in overall investing outflows, combined with steady operating cash flows and strong recurring revenue growth, suggests Tyler is focusing its capital allocation on high-return internal initiatives (e.g., SaaS, product development), rather than large acquisitions or financial investments (Chunks 2, 10, 13).\n- These shifts align with Tyler's strategy to grow recurring revenues, enhance product development, and support a larger client base, which could improve long-term margins and cash flow stability.\n\nIn summary, from 2022 to 2023, Tyler Technologies shifted capex toward internal software development and facility expansion while reducing broader investment outflows, indicating a strategic focus on SaaS transition, product innovation, and operational scaling. This shift should support long-term growth and margin improvement, making the company less reliant on external investments and more focused on recurring revenue streams.",""
"134","342e0b7e","EPS trends ROST and share count dynamics show significant shifts.","ROST","data\10k\converted\ROST.pdf","filename_fallback","128827,128821,128819,128773,128818,128822,128872,128774,128841,128758,128871,128826,128770,128859,128769,128754","385","Ross Stores, Inc. (ROST) has experienced significant shifts in both its earnings per share (EPS) and share count dynamics over the past few years:\n\n- Diluted EPS increased from $4.38 in fiscal 2022 to $5.56 in fiscal 2023, with the 2023 figure including a $0.20 per share benefit from a 53rd week. The $1.18 increase in diluted EPS in fiscal 2023 was primarily driven by a 24% increase in net earnings (which included a 4% impact from the 53rd week) and a 3% reduction in weighted-average diluted shares outstanding, mainly due to stock repurchases (Chunks 1, 9, 12).\n- The weighted-average diluted shares outstanding decreased from 345.2 million in 2022 to 337.4 million in 2023, reflecting ongoing share repurchase activity (Chunk 9).\n- ROST repurchased 8.2 million shares in 2023 at an average price of $115.24 per share, and 10.3 million shares in 2022 at an average price of $92.15 per share, spending $950 million each year on repurchases (Chunk 7, 11).\n- The combination of higher net earnings and lower share count from repurchases has contributed to the notable increase in EPS.\n\nIn summary, ROST's EPS has trended upward, supported by both improved earnings and significant reductions in share count due to aggressive stock buybacks.",""
"138","a3f75c4c","Share repurchase detail for Deckers in Feb, Mar, and May 9.","DECK","data\10k\converted\DECK.pdf","filename_fallback","43343,43495,43494,43418,43492,43444,43405,43376,43366,43475,43249,43420,43493,43215,43417","128","For Deckers Outdoor Corporation's share repurchase activity:\n\n- February 2024: 87,196 shares were repurchased at a weighted average price of $859.94 per share, totaling $74,983,000.\n- March 2024: 31,998 shares were repurchased at a weighted average price of $916.10 per share, totaling $29,313,000.\n- Subsequent to March 31, 2024, through May 9, 2024: 130,927 shares were repurchased at a weighted average price of $836.20 per share, totaling $109,481,000.\n\nAll repurchases were made in open-market transactions under the company's stock repurchase program.",""
"135","a329042d","DHR for capex, M&A, & restructuring is operating CF sustainability.","DHR","data\10k\converted\DHR.pdf","filename_fallback","47693,47453,47690,47660,47661,47539,47657,47667,47538,47608,47514,47656,47841,47618,47543,47842","140","Danaher Corporation's operating cash flow is generally sufficient to support its ongoing capital expenditures (capex), mergers and acquisitions (M&A), and restructuring activities, but there are fluctuations depending on the scale of acquisitions and other strategic investments.\n\n**Capital Expenditures (Capex):**\n- Capital expenditures were approximately $1.4 billion in 2023, $1.1 billion in 2022, and $1.2 billion in 2021. These investments are primarily for increasing manufacturing capacity, replacing equipment, supporting new product development, and IT improvements.\n- The company expects capex to remain at similar levels in 2024, indicating a stable and manageable outflow relative to operating cash flows ([Chunk 5]).\n\n**Mergers & Acquisitions (M&A):**\n- Cash paid for acquisitions can be significant and variable: $5.6 billion in 2023, $582 million in 2022, and $10.9 billion in 2021 ([Chunk 1], [Chunk 12]). Large acquisitions can exceed annual operating cash flow, requiring the use of cash reserves or external financing.\n- The company sometimes incurs or assumes significant debt for acquisitions, which can impact its credit ratings and future borrowing costs ([Chunk 6], [Chunk 9]).\n\n**Restructuring:**\n- Operating cash flows are also used for restructuring activities and productivity improvement initiatives ([Chunk 7]). The company has the flexibility to support these activities from operating cash flows, but the scale is not always material compared to capex or M&A.\n\n**Operating Cash Flow Sustainability:**\n- Operating cash flows from continuing operations were $6.5 billion in 2023, $7.6 billion in 2022, and $7.4 billion in 2021 ([Chunk 1], [Chunk 12]).\n- The company maintains a strong cash position (about $5.9 billion as of December 31, 2023) and indicates an ability to use both internal funds and external financing if required ([Chunk 8]).\n- While operating cash flow is generally robust and can cover capex and routine restructuring, the largest M&A transactions may require additional financing or use of cash reserves.\n\n**Summary:**  \nDanaher's operating cash flow is strong and sustainable for ongoing capex and restructuring. For routine and moderate M&A, operating cash flows and reserves are often sufficient, but for large-scale acquisitions, external financing or cash reserves may be needed. The company manages liquidity with a mix of internal cash generation and access to capital markets, maintaining flexibility to support its strategic initiatives.",""
"136","31ce8a08","Customer retention & rev growth for ADBE cloud integrations.","ADBE","data\10k\converted\ADBE.pdf","filename_fallback","1316,1183,1315,1182,1318,1314,1359,1317,1191,1181,1226,1227,1190,1188,1216,1363","6","Adobe drives customer retention and revenue growth for its cloud integrations--primarily Creative Cloud and Document Cloud--through several key strategies:\n\n1. Product-Led Growth and Value Expansion:\n   - Adobe employs a product-led growth strategy, focusing on minimizing friction in customer interactions and delivering positive product experiences to increase adoption, usage, conversion, expansion, and loyalty (Chunks 2, 4, 10).\n   - The company continuously adds new features, generative AI capabilities (like Adobe Firefly), and collaboration tools across its cloud products, increasing their value and expanding the potential customer base beyond creative professionals to include other stakeholders (Chunks 2, 3, 4, 6).\n\n2. Flexible Subscription Models and Engagement:\n   - Customers have flexible options to subscribe to more than twenty Creative Cloud products, either individually or as part of collections, with free and premium tiers available for certain apps (Chunks 2, 4).\n   - Targeted packages, promotions, and offers are used to attract new users and re-engage past customers (Chunks 3, 6).\n\n3. Integration and Innovation:\n   - Deep cross-product integration, frequent updates, and cloud-enabled services (such as storage, syncing, and AI-powered features like Sensei) enhance workflow efficiency and customer experience, making it easier for customers to collaborate and remain engaged (Chunks 6, 16).\n   - Collaboration features and generative credits for AI content generation further boost engagement and retention (Chunks 2, 4).\n\n4. Revenue and Retention Outcomes:\n   - These strategies contribute to strong, recurring, and predictable revenue streams. For fiscal 2024, Creative Cloud revenue grew 10% year-over-year to $12.68 billion, while Document Cloud revenue grew 18% to $3.18 billion. Total Digital Media segment revenue increased by 12% (Chunks 5, 8).\n   - Annualized Recurring Revenue (ARR), a key performance metric, reached $17.33 billion at the end of fiscal 2024, up from $15.33 billion in the prior year, reflecting both customer retention and new customer acquisition (Chunks 5, 8).\n\n5. Customer Success and Support:\n   - Adobe supports retention through dedicated customer success managers, technical support, and learning services, helping customers maximize their return on investment and accelerate adoption of new features (Chunks 11, 12).\n\nIn summary, Adobe's integrated cloud offerings, continuous innovation, flexible subscription models, robust support, and data-driven engagement strategies drive high customer retention and sustained revenue growth for its cloud business.",""
"137","2d3fa183","Impact of LT debt maturity, liquidity, & refinancing risk for MetLife (MET)","MET","data\10k\converted\MET.pdf","filename_fallback","124539,124086,124115,124116,123927,124447,123914,124106,123926,123838,124129,124114,124000,124111,123936","372","MetLife (MET) manages a significant amount of long-term debt, with $16.1 billion outstanding as of December 31, 2023, including both unaffiliated ($14.5 billion) and affiliated ($1.6 billion) senior notes, as well as $2.5 billion in junior subordinated debt securities ([Chunk 1], [Chunk 3], [Chunk 12]). The maturity profile of this debt is staggered, with scheduled maturities of $1.4 billion in 2024, $1.2 billion in 2025, $476 million in 2026, $0 in 2027, $237 million in 2028, and $12.7 billion thereafter ([Chunk 1], [Chunk 6]).\n\nImpact of Long-Term Debt Maturity\n\n- MetLife intends to repay, redeem, or refinance all debt due in 2024 ([Chunk 4]).\n- Interest expense related to long-term debt was $653 million for unaffiliated debt and $45 million for affiliated debt in 2023, indicating a material ongoing cost ([Chunk 1]).\n- The company's liquidity and capital planning take into account the scheduled maturities to ensure obligations can be met as they come due ([Chunk 3], [Chunk 6]).\n\nLiquidity Position\n\n- As of December 31, 2023, MetLife held $19.2 billion in short-term liquidity and $182.6 billion in liquid assets, which include cash, cash equivalents, and short-term investments ([Chunk 2], [Chunk 8]).\n- The company manages liquidity risk through a diversified mix of liquid assets, active participation in global funding markets, and access to credit facilities ([Chunk 8]).\n- MetLife believes it has sufficient liquidity and capital to meet business requirements, including debt service, under current market conditions and reasonably possible stress scenarios ([Chunk 2], [Chunk 3], [Chunk 12]).\n\nRefinancing Risk\n\n- MetLife's ability to refinance debt depends on market access, its credit ratings, and prevailing capital market conditions ([Chunk 8], [Chunk 9]).\n- The company's access to competitively priced wholesale funds is supported by its current credit ratings and capital ratios ([Chunk 8]).\n- Adverse capital or credit market conditions could increase refinancing costs, limit access to capital, or force MetLife to issue less favorable securities, which could reduce profitability and financial flexibility ([Chunk 5], [Chunk 9]).\n- The company monitors its liquidity and capital plans continuously and believes it has ample funding sources, but acknowledges that disruptions in financial markets could impact its ability to refinance maturing debt or access liquidity as needed ([Chunk 2], [Chunk 8], [Chunk 9]).\n\nSummary\n\nMetLife's upcoming long-term debt maturities are significant but are managed through robust liquidity planning, diversified funding sources, and access to capital markets. While the company currently expects to meet its obligations and manage refinancing risks, adverse market conditions or downgrades in credit ratings could materially increase its refinancing costs or limit its access to necessary funding.",""
"143","2bed47cb","Dec vs Nov '23 WAB repurchase price trend & market timing.","WAB","data\10k\converted\WAB.pdf","filename_fallback","156692,156748,156656,156710,156767,156711,156691,156775,156717,156773,156719,156764,156698,156804,156718,156803","468","In November 2023, Wabtec repurchased 819,918 shares at an average price of $111.55 per share. In December 2023, the company repurchased 565,029 shares at a higher average price of $115.92 per share. This indicates an upward trend in the repurchase price from November to December 2023.\n\nRegarding market timing, the company's repurchases in both months were part of its publicly announced program, with no specific timing constraints mentioned other than the potential for purchases at any time depending on market conditions, capital needs, and other factors. Purchases may be made through open market transactions or privately negotiated deals, including under Rule 10b5-1 plans.",""
"142","16848acc","Cadence's competitive positioning is influenced by its investments in talent, diversity, and engagement, CDNS.","CDNS","data\10k\converted\CDNS.pdf","filename_fallback","26674,26677,26675,26642,26676,26673,26729,26728,26727,26665,26644,26647,26902,26833,26904,26641","81","Cadence's competitive positioning is strongly influenced by its investments in talent, diversity, and employee engagement. The company believes that its future success is closely tied to its ability to attract, retain, and develop exceptional talent globally. To support this, Cadence invests in initiatives that further diversity, equity, and inclusion, as well as programs supporting physical and mental health, and talent development.\n\nCadence fosters an inclusive, high-performing culture, which it views as a key competitive differentiator. Leaders are held accountable for advancing diversity and inclusion, developing talent, and sustaining high engagement. The company monitors workforce diversity, partners with organizations to promote outreach and inclusion, and offers mentorship and development programs for underrepresented groups. It also provides comprehensive benefits, such as fertility and mental health services, and supports employee engagement through regular surveys and peer-to-peer recognition programs.\n\nAdditionally, Cadence encourages employee involvement in community and social impact initiatives, reinforcing its reputation as a responsible and attractive employer. These efforts help Cadence attract and retain the best talent, which, in turn, strengthens its position in the competitive market for electronic system design software and services.",""
"139","1ffceab8","Drivers of LT debt at Amgen and the impact on leverage.","AMGN","data\10k\converted\AMGN.pdf","filename_fallback","8710,8711,8865,8864,8702,8585,8701,8775,8509,8569,8483,8778,8619,8508,8676","28","The primary driver of the significant increase in Amgen's long-term (LT) debt in 2023 was the financing of its acquisition of Horizon Therapeutics. Specifically, Amgen issued $24 billion of senior notes and drew down $4 billion from a term loan facility, resulting in net proceeds from long-term debt of $27.8 billion, which was used primarily for this acquisition (Chunks 1, 6, 11).\n\nAs a result of this substantial additional indebtedness, Amgen's total long-term debt rose sharply from $37.4 billion at the end of 2022 to $63.2 billion at the end of 2023 (Chunks 5, 7, 8). This increase in debt significantly impacted the company's leverage, as reflected in the increase in long-term debt relative to total assets and stockholders' equity. The documents also note that the increased leverage led to downgrades in Amgen's credit ratings, highlighting the impact on the company's financial risk profile (Chunk 6).\n\nIn summary, the main driver of Amgen's increase in long-term debt was the Horizon acquisition, and this has resulted in higher leverage and credit rating downgrades for the company.",""
"141","a6ac06ab","Env. compliance risk & op cash flows for KMB.","KMB","data\10k\converted\KMB.pdf","filename_fallback","86788,86889,86823,86794,86902,86856,86898,86950,86882,86939,86787,86906,86864,86909,86836,86795","257","Kimberly-Clark (KMB) is subject to a wide range of environmental compliance requirements, including laws and regulations related to environmental protection, product safety, water resource use, and wastewater discharge. The company expects its total capital expenditures for voluntary and legally required environmental controls to average approximately $50 million annually in 2024 and 2025, with operating expenses for environmental compliance (including pollution control, governmental fees, and related research) expected to be about $100 million in 2024 and $110 million in 2025.\n\nKMB states that these environmental capital and operating expenditures are not expected to have a material effect on its total capital and operating expenditures, consolidated earnings, or competitive position. However, the company acknowledges that changes in plans or legal requirements, including those related to global climate change, could modify current spending estimates.\n\nRegarding risk, failure to comply with environmental or other applicable regulations could subject KMB to significant legal liability, including fines, damages, injunctions, product recalls, or criminal sanctions, which could adversely affect its business, results of operations, cash flows, and financial condition. Even unsubstantiated claims or negative publicity related to environmental matters could harm the company's reputation and brand image.\n\nOverall, while environmental compliance presents a regulatory and reputational risk, KMB currently does not anticipate that related expenditures will materially impact its operating cash flows.",""
"144","efe35661","Ecolab's N.A. workforce faces regional risks amid global growth.","ECL","data\10k\converted\ECL.pdf","filename_fallback","51591,51555,51554,51590,51557,51577,51556,51576,51559,51552,51623,51619,51601,51587,51585,51551","151","Ecolab's North American (N.A.) workforce, which comprises about 42% of its approximately 48,000 global employees, faces regional risks that stem from the company's extensive global operations and exposure to worldwide economic, political, and legal factors. As Ecolab continues to grow internationally--operating in more than 170 countries and generating nearly half of its net sales outside the U.S.--its N.A. workforce is affected by several regional risks:\n\n- Economic and geopolitical instability in global markets can lead to supply chain challenges, inflation, foreign currency exchange volatility, and disruptions that impact Ecolab's overall business, including its North American operations.\n- Economic downturns in key end-markets such as foodservice, hospitality, healthcare, and industrial sectors can reduce demand for Ecolab's products and services, affecting sales and potentially leading to cost pressures or operational adjustments in North America.\n- Global events, such as the war and energy crisis in Europe or economic upheaval in countries like Argentina and Turkey, can have ripple effects that negatively impact economic activity in Ecolab's major markets, including North America.\n- Changes in international laws, tariffs, trade barriers, and the availability and pricing of raw materials and energy can also influence the cost structure and operational stability of Ecolab's North American workforce.\n\nIn summary, Ecolab's N.A. workforce is not isolated from the company's global risks; rather, it is directly and indirectly affected by the challenges and uncertainties present in the international environment as the company continues its global growth.",""
"145","1f8a677c","DFS's risk profile regarding credit card receivables margins faces significant competitive pressures.","DFS","data\10k\converted\DFS.pdf","filename_fallback","48251,48176,48252,48177,48250,48254,48258,48253,48257,48259,48274,48163,48227,48330,48298","142","Yes, DFS's risk profile regarding credit card receivables margins faces significant competitive pressures. The credit card business is highly competitive, with DFS competing against both traditional financial institutions and non-traditional providers such as fintech firms. Key areas of competition include rewards programs, pricing, customer service, brand reputation, digital payments, and merchant acceptance. Many competitors offer rewards programs that may be seen as more attractive, and most credit cards are issued on the dominant Visa and MasterCard networks, giving other issuers marketing and pricing advantages.\n\nTo attract and retain customers and increase product usage, DFS incurs considerable costs, especially in marketing and rewards programs. Since 2013, the rewards rate for Discover Card has increased, reaching 1.40% in 2023, and the company expects continued increases due to ongoing competitive intensity. Larger competitors often have greater financial resources, enabling them to fund more appealing rewards and marketing initiatives, which can put DFS at a disadvantage.\n\nThese competitive pressures can lead to slower loan growth, reduced revenue growth, and increased costs, all of which can negatively affect DFS's margins on credit card receivables and its overall financial results. If DFS cannot compete effectively or must take aggressive actions to match competitors, its financial condition, cash flows, and results of operations could be materially adversely affected.",""
"147","c4d6b5aa","EL, Estée Lauder's strategy focuses on premium products emphasizing innovation and sustainability, aiming to capture a broader market share in a competitive landscape with key rivals like L'Oréal and Coty.","EL","data\10k\converted\EL.pdf","filename_fallback","54338,54328,54330,54350,54402,54351,54334,54327,54512,54335,54363,54656,54672,54671,54404,54399","160","Yes, Estée Lauder's strategy centers on offering premium products with a strong emphasis on product innovation and sustainability. The company leverages its diverse and well-recognized portfolio of luxury and prestige brands, investing in new product development, responsibly-sourced ingredients, and environmentally sustainable practices. Estée Lauder aims to reach a broad array of consumer segments through multiple distribution channels and a personalized, ""High-Touch"" consumer experience--both online and offline. This approach is designed to strengthen consumer loyalty and expand market share.\n\nIn the competitive beauty industry, Estée Lauder faces significant competition from global and local companies, including major players like L'Oréal, Unilever, Procter & Gamble, LVMH, Chanel, Shiseido, Natura & Co., and Coty. The company's focus on innovation, sustainability, and premium positioning helps differentiate its brands and products in this dynamic market landscape.",""
"148","b03f109b","Impact on profit vs. cybersecurity costs for CarMax, KMX.","KMX","data\10k\converted\KMX.pdf","filename_fallback","88055,88035,88054,87947,88012,88011,88031,88033,88123,88056,88106,87950,87949,88057,88037,87983","261","I cannot find sufficient information in the provided documents to answer this question. \n\nWhile the context discusses both CarMax's profitability and its cybersecurity risks and related costs, there is no direct information quantifying the impact of cybersecurity costs on CarMax's profit or any specific analysis comparing the two. The documents note the potential risks and consequences of cybersecurity incidents, such as possible harm to reputation, mitigation costs, and regulatory fines, but do not provide specific figures or a clear impact assessment on profits.",""
"146","99c8224d","FX mgmt PM risk impacts global econ stability.","","","fallback_no_tickers","26961,17852,123923,152036,159014,123922,122274,124138,168247,122273,24238,152037,24239,21166,129711,10329","64,32,388,455,73,368,496,82,372,55,475","Foreign exchange (FX) management and portfolio management (PM) risk can significantly impact global economic stability. The provided context highlights several ways in which FX management and related risks affect both individual firms and the broader economy:\n\n- Fluctuations in foreign currency exchange rates can impact earnings, cash flows, investment values, and the comparability of financial results for global companies (WST, MET, STT, NTRS, APD, BAX).\n- Currency volatility can increase market risk for financial institutions but also create opportunities for foreign exchange revenue; conversely, low volatility can reduce both risk and revenue (STT, NTRS).\n- Companies often use hedging strategies (such as derivatives, swaps, and forward contracts) to manage or mitigate FX risks, but these are not always completely effective, and failures or limitations in these strategies can negatively impact financial results (MET, PRU, RL, WST, APD, BAX).\n- Global economic or financial disruptions, including severe currency devaluations, political instability, or changes in government policies, can amplify FX risk and potentially threaten the stability of international markets (CBRE, BEN, BAC, STT, WST).\n- The ability of companies and financial institutions to effectively manage FX risks influences not only their own stability but can also have cascading effects on market confidence, cross-border investment, and liquidity--key components of global economic stability (CBRE, STT, BAC, BEN).\n\nIn summary, effective FX management is critical for minimizing adverse financial impacts at the firm level and for maintaining broader global economic stability. Inadequate management of FX and PM risks can contribute to financial volatility and instability across markets and economies.",""
"140","a38864af","AMETEK's financial health, risk mgmt, strategy, purchase obligations, lease commitments, and debt interest - AME.","AME","data\10k\converted\AME.pdf","filename_fallback","4482,4440,4370,4304,4485,4467,4401,4354,4371,4357,4468,4325,4298,4353,4305","16","Here's a summary of AMETEK's financial health, risk management, strategy, purchase obligations, lease commitments, and debt interest based on the provided context:\n\nFinancial Health\n- In 2023, AMETEK achieved record financial results, including net sales of $6.6 billion (up 7.3% from 2022), net income of $1.31 billion (up 13.3%), and diluted earnings per share of $5.67 (up 13.2%).\n- Operating income in 2023 was $1.71 billion.\n- As of December 31, 2023, cash and cash equivalents were $409.8 million, with $375.9 million of that outside the U.S.\n- The company believes it has sufficient cash-generating capabilities and access to credit and long-term capital to meet its needs and obligations for the foreseeable future.\n- AMETEK is in compliance with all debt covenants.\n\nRisk Management\n- AMETEK's diversification by geography, industry, and product mix helps mitigate adverse impacts from any single market or economy.\n- The company regularly assesses risk factors, including litigation, regulatory proceedings, and cybersecurity, but does not expect these to have a material adverse effect on results or financial position.\n\nStrategy\n- AMETEK's strategy focuses on four key areas: Operational Excellence, Strategic Acquisitions, Global & Market Expansion, and New Products.\n- The company continues to pursue strategic, value-enhancing acquisitions and paid $2.24 billion in 2023 to acquire four companies.\n- AMETEK is committed to consistently increasing cash dividends and has a share repurchase program in place, with $816.1 million remaining authorized for future repurchases as of year-end 2023.\n\nPurchase Obligations\n- As of December 31, 2023, AMETEK had $790.0 million in purchase obligations outstanding, primarily contractual commitments to purchase inventories at fixed prices.\n- Of these, $723.6 million are due within one year, and $66.4 million due in more than one year.\n\nLease Commitments\n- Total lease liabilities as of December 31, 2023, were $243.5 million.\n- Maturities of lease liabilities for operating leases are: $59.5 million (2024), $48.0 million (2025), $38.4 million (2026), $27.8 million (2027), $20.3 million (2028), and $71.9 million thereafter.\n- Leases generally expire between 2024 and 2032, with most containing renewal or purchase options.\n\nDebt and Interest Expense\n- Interest expense for 2023 was $81.8 million.\n- The company's long-term debt and related interest payments are considered material contractual obligations but there is no indication of financial distress.\n- AMETEK has standby letters of credit and surety bonds totaling $193.6 million related to performance and payment guarantees; any obligations arising from these are not expected to be material.\n\nIn summary, AMETEK is financially healthy, effectively manages risk, pursues strategic growth through acquisitions and operational excellence, and maintains manageable obligations in terms of purchases, leases, and debt interest.",""
"149","7b2afd29","Cigna's full-time US workforce impacts stability and growth.","CI","data\10k\converted\CI.pdf","filename_fallback","37254,37253,37192,37191,37258,37257,37222,37401,37235,37256,37223,37385,37221,37237,37260,37236","111","Cigna's full-time U.S. workforce plays a significant role in the company's stability and growth. As of the end of 2023, about 72,500 employees worked for Cigna, with approximately 93% based in the United States and about 97% employed full-time (Chunks 1, 2). This large, predominantly full-time U.S. workforce allows Cigna to effectively support its mission and business growth strategies.\n\nInvesting in employee health, well-being, and development is a critical business imperative for Cigna, as it believes that supporting employees' health and vitality leads to higher productivity, greater engagement, and, ultimately, better performance in driving the company's mission and shareholder value (Chunks 1, 2). The company's ongoing commitment to fair and market-competitive pay, diversity and inclusion, and robust employee benefits further contributes to employee retention and engagement, which supports operational stability and long-term growth.\n\nAdditionally, Cigna's investments in workforce development, flexibility, recognition programs, and leadership training help attract and retain skilled employees, supporting both stability and the ability to capitalize on growth opportunities (Chunk 5). This approach helps ensure that Cigna has the talent and capacity needed to deliver on its strategic objectives and adapt to changing market demands.",""
"152","2005db25","Predictability of Halliburton's (HAL) revenue from short-term contracts.","HAL","data\10k\converted\HAL.pdf","filename_fallback","69756,69753,69754,69757,69704,69740,69741,69742,69694,69629,69652,69691,69635,69625,69638,69647","204","Halliburton's revenue is largely derived from short-term contracts, as the vast majority of its service and product contracts are short-term in nature. Revenue is recognized based on the transfer of control or the customer's ability to benefit from Halliburton's services and products in an amount that reflects the expected consideration (Chunks 2, 7, 8). These contracts generally do not include right of return provisions or other significant post-delivery obligations.\n\nBecause most contracts are short-term, Halliburton's revenue predictability is closely tied to ongoing customer activity and market demand, rather than long-term, fixed commitments. While this allows flexibility and responsiveness to market changes, it may also introduce variability in revenue, as it depends on the level of customer exploration, development, and production activity, which can be influenced by oil and natural gas prices and other external factors (Chunk 11).\n\nIn summary, Halliburton's revenue from short-term contracts is not highly predictable over the long term, as it is subject to fluctuations in customer demand and market conditions. However, the company recognizes revenue as services are performed and products delivered, which provides clarity and timeliness in revenue reporting.",""
"150","aa8844f2","The impact of competitive pressure on News Corp's pricing strategy, ticker NWSA, and brand strength in consumer products.","NWSA","data\10k\converted\NWSA.pdf","filename_fallback","118246,118106,118105,118170,118239,118110,118077,118117,118104,118451,118089,118111,118194,118096,118425,118238","354","Competitive pressure significantly affects News Corp's (ticker: NWSA) pricing strategy and brand strength in its consumer products.\n\nImpact on Pricing Strategy:\n- News Corp's consumer products face competition from a wide range of print and digital publications, web and app-based media, news aggregators, search engines, blogs, social media, and other platforms. This competition for circulation and subscriptions is based on product content, pricing, and periodic promotions.\n- For advertising, competition is driven by factors such as product reach, audience engagement, advertising rates, effectiveness, and the availability of alternative media. The shift in advertising spending from print to digital has increased choices and formats, resulting in audience fragmentation and heightened competition.\n- Technologies, standards, regulations, and practices that make digital advertising targeting and measurement more difficult may impact advertising rates or revenues, which in turn influences pricing strategies for both subscriptions and advertising (Chunks 1, 3, 5).\n- News Corp adapts by introducing new or different pricing schemes, leveraging licensing arrangements with third-party platforms, and investing in digital products to continue attracting both readers and advertisers (Chunks 1, 5).\n\nImpact on Brand Strength:\n- News Corp's success depends on its ability to maintain and enhance the strength of its brands, such as The Wall Street Journal and other leading news outlets. Brand credibility and reputation are crucial for attracting and retaining both consumers and advertisers (Chunk 4).\n- Incidents that erode consumer trust or create a perception of low quality or unreliability can damage brand strength and, consequently, the company's competitive positioning (Chunk 4).\n- The company's focus on premium content and product innovation is intended to capitalize on digital consumption trends and reinforce its brands as premier destinations for news, information, and entertainment (Chunk 7).\n\nIn summary, competitive pressures compel News Corp to continually innovate its pricing strategies and maintain high brand standards in order to attract and retain subscribers and advertisers, while also adapting to shifts in consumer behavior and the evolving media landscape.",""
"155","114821a1","Difference in comp-to-rev ratio for AJG: brokerage vs. risk mgmt.","AJG","data\10k\converted\AJG.pdf","filename_fallback","4817,4816,4920,4941,4802,4919,5176,4959,4934,4801,5041,4938,5042,4805,4803","18","In 2023, Arthur J. Gallagher & Co.'s compensation-to-revenue (comp-to-rev) ratio was 55% for the brokerage segment and 60% for the risk management segment. This means that compensation expense represented 55% of brokerage segment revenues and 60% of risk management segment revenues.",""
"154","341547a1","OTIS exec career progression may impact long-term profitability. OTIS.","OTIS","data\10k\converted\OTIS.pdf","filename_fallback","116032,116048,116041,115795,116040,116049,115796,115798,116045,116034,116042,115794,116052,115997,115770,115799","347","The provided context does not directly address how executive career progression at Otis may impact long-term profitability. However, the documents indicate that Otis places significant emphasis on leadership development, training, and succession planning for its executives. The company offers comprehensive training programs and development opportunities aimed at building leadership and functional capabilities, which are intended to equip leaders for both current and future roles (Chunks 4, 7). Otis also maintains an Inclusion Advisory Group and various employee resource groups to foster a diverse and inclusive leadership pipeline (Chunk 8).\n\nWhile these practices may contribute to strong leadership continuity and potentially support long-term profitability, there is no explicit analysis or data in the provided documents linking executive career progression directly to long-term profitability outcomes.\n\nTherefore, based on the available information:\nI cannot find sufficient information in the provided documents to answer this question.",""
"151","ce1bfffa","Impact of Baxter's contractual obligations on supply chain risk & working cap, BAX.","BAX","data\10k\converted\BAX.pdf","filename_fallback","20822,20804,20839,21051,21048,21212,20868,20838,21211,21208,21214,21047,20925,21207,21126,20867","64","Baxter's contractual obligations with suppliers impact its supply chain risk and working capital in several important ways:\n\n1. **Supply Chain Risk Due to Contractual Arrangements**:\n   - Baxter purchases raw materials and component parts from numerous suppliers worldwide, with some materials obtained from single-source suppliers or on a spot basis without contractual arrangements. This creates supply chain risk, as shortages or interruptions from these suppliers can negatively affect Baxter's ability to manufacture and deliver products, potentially leading to failure to meet customer obligations and incurring penalties (Chunks 2, 7, 16).\n   - In cases where Baxter has long-term supply contracts, these agreements can help manage the risk of supply interruptions and price increases. However, the ability to secure such contracts may be limited in times of material shortages or high inflation, and not all suppliers are contracted long-term (Chunk 2).\n\n2. **Impact on Working Capital**:\n   - Increased costs and shortages of raw materials and component parts (including resins and electromechanical devices) have led to higher inventory levels, as Baxter maintains larger stocks to reduce the risk of supply disruption. This ties up more working capital in inventory (Chunks 3, 5, 8).\n   - The company is not always able to pass increased costs from suppliers on to customers due to contractual limits and market forces, which can squeeze profit margins and further impact cash flows and working capital (Chunk 2).\n   - Disruptions to the supply chain, including delays and interruptions, also make it difficult for Baxter to accurately model its short-term and long-term financial objectives, affecting working capital planning (Chunk 3).\n\n3. **General Risk Management**:\n   - Baxter attempts to mitigate these risks by working closely with suppliers, developing alternative sources, carrying strategic inventory, and maintaining insurance. However, these measures may not fully offset the risk if a key supplier fails or if supply chain disruptions are prolonged (Chunks 2, 7, 16).\n\nIn summary, Baxter's mix of contractual and non-contractual supplier relationships creates exposure to supply chain disruptions and working capital challenges, especially in periods of global economic uncertainty, inflation, and supply shortages. While long-term contracts help manage some of these risks, the reliance on single-source and spot suppliers, coupled with limits on passing cost increases to customers, can negatively affect both supply chain stability and working capital efficiency.",""
"157","21029196","Cybersecurity impact on profitability & cash flow for ADSK.","ADSK","data\10k\converted\ADSK.pdf","filename_fallback","5281,5338,5341,5272,5343,5273,5285,5340,5256,5342,5558,5282,5261,5449,5344","19","Cybersecurity incidents can have a significant negative impact on Autodesk's profitability and cash flow. The company notes that cybersecurity incidents, including those related to AI applications, could adversely affect its reputation and results of operations. Addressing social and ethical issues around AI and cybersecurity may also lead to increased research and development costs, regulatory compliance costs, and potential legal liability, all of which could increase expenses and reduce profitability (Chunk 1).\n\nAutodesk devotes significant resources and high-level personnel to manage cybersecurity risks, including ongoing risk assessments, security training, and incident response exercises (Chunks 2, 8). Despite these efforts, the company acknowledges that it may not always prevent security breaches, and such incidents can cause delays, reputational harm, loss of customer confidence, and additional liability (Chunk 7).\n\nIf a material cybersecurity incident were to occur, it could result in monetary damages, penalties, and defense costs, further impacting cash flow and profitability. The unpredictable nature and potential scale of these impacts mean that an unfavorable outcome from a significant cybersecurity incident could materially affect Autodesk's financial results in a given period (Chunk 7).\n\nIn summary, cybersecurity threats and incidents can increase costs, reduce profitability, and negatively affect cash flow for Autodesk, particularly if they lead to significant breaches, legal actions, or reputational harm.",""
"153","bfd54af3","Scale and cash flow impact of Public Storage vs regional peers.","PSA","data\10k\converted\PSA.pdf","filename_fallback","124745,124620,124598,124621,124672,124599,124662,124596,124619,124691,124698,124681,124663,124664,124603","373","Public Storage is the largest owner of self-storage facilities in the United States, with interests in and consolidation of 3,044 facilities totaling 218 million net rentable square feet as of December 31, 2023. This represents approximately 9% of the self-storage square footage in the U.S., while the four largest owners collectively have about 20%, with the remaining 80% owned by regional and local operators ([Chunk 3], [Chunk 8]).\n\nThe industry is highly fragmented, with many small-scale owners operating facilities at a basic level of profitability without significant managerial or operational infrastructure. Public Storage's large scale provides significant advantages: the company is able to operate at materially higher levels of cash flow per square foot compared to regional and local peers. This is largely due to economies of scale, centralization of functions such as facility maintenance, employee compensation, revenue management, and the implementation of standardized operating procedures ([Chunk 6], [Chunk 15]).\n\nAdditionally, Public Storage leverages its extensive data on rental rates and occupancy to optimize acquisitions and operations, further enhancing cash flow. The company's investments in technology and operational efficiencies also contribute to higher margins and cash flow compared to less-scaled operators.\n\nIn summary, Public Storage's scale allows it to achieve higher operating margins and cash flow per square foot than regional peers, primarily due to economies of scale, operational efficiencies, and centralized management.",""
"156","53e8ba89","Impact on cost stability & operational risk from Hershey's intl labor negotiations; HSY.","HSY","data\10k\converted\HSY.pdf","filename_fallback","76818,76807,76995,76950,76817,76861,76962,76798,76897,76806,76850,76786,76847,76961,76984,76930","226","Hershey's international labor negotiations can impact both cost stability and operational risk for the company. As of December 31, 2023, about 31% of Hershey's global workforce was covered by collective bargaining agreements, and in 2024, negotiations are expected for employees at five facilities, four of which are outside the United States. These four facilities represent approximately 72% of total employees under collective bargaining agreements (Chunks 3, 8).\n\nIf Hershey is unable to renegotiate these agreements on satisfactory terms, it could face higher labor costs, potential labor strikes, or other labor activities that might disrupt operations. Disruptions could impair the company's ability to produce or deliver finished products, negatively affecting operating results and cost stability (Chunks 2, 10). Labor-related risks are specifically identified as potential causes of operational instability, especially within international markets.\n\nHowever, Hershey currently expects it will be able to renegotiate these agreements on satisfactory terms, and it believes its efforts in managing its workforce have been effective, as evidenced by a strong culture and good relationships with employees (Chunk 8).\n\nIn summary, while international labor negotiations introduce risks to cost stability and operational continuity, Hershey's management believes it is well-positioned to handle these risks, but unresolved negotiations or labor unrest could negatively affect costs and operations.",""
"161","4af2dd3d","Impact on CAPEX, asset utilization, & financial perf. from changes in PCG provider of last resort.","PCG","data\10k\converted\PCG.pdf","filename_fallback","130965,131114,131071,130824,130992,131223,130998,131036,130825,130970,131034,130975,130900,131047,130922,130815","392","I cannot find sufficient information in the provided documents to answer this question.",""
"158","8800d19a","NCLH's receivables recognition impacts liquidity ratios & credit risk.","NCLH","data\10k\converted\NCLH.pdf","filename_fallback","109329,109404,109400,109335,109403,109461,109128,109129,109387,109423,109388,109336,109347,109384,109385,109324","328","NCLH recognizes receivables primarily from customers, such as in-transit credit card receivables, and from onboard goods and services rendered but not yet paid by disembarking passengers. As of December 31, 2023, accounts receivable, net, totaled $280.3 million, including $126.4 million from customers (primarily credit card receivables).\n\nThese receivables are included as current assets on the balance sheet and thus directly affect liquidity ratios, such as the current ratio. Higher receivables can improve liquidity ratios, but only if they are likely to be collected in the near term.\n\nRegarding credit risk, NCLH records accounts receivable net of an allowance for credit losses ($13.2 million as of December 31, 2023), which helps mitigate the impact of potential non-collection. The company monitors concentrations of credit risk and primarily transacts with large, established financial institutions, considering the overall credit risk to be not significant.\n\nIn summary, receivables recognition contributes positively to reported liquidity ratios, but the company manages associated credit risk through allowances and careful selection of counterparties.",""
"160","4950b3ca","Impact of Alphabet's cybersecurity risk mgmt on investor sentiment, GOOGL.","GOOGL","","fallback_no_files_on_disk","68872,68803,2471,2470,68870,68790,77133,68920,68868,69008,68810,69002,68869,68871,49659,68859","200,10,227,146","Based on the provided documents, Alphabet (GOOGL) has a comprehensive cybersecurity risk management program that includes dedicated privacy, safety, and security professionals, regular incident tracking and escalation protocols, and oversight from its Audit and Compliance Committee and Internal Audit teams (Chunks 9, 13). The company states that its business strategy, results of operations, and financial condition have not been materially affected by cybersecurity threats or incidents so far, but acknowledges the ongoing risk that such events could have material impacts in the future (Chunk 13).\n\nFor investors, this strong cybersecurity framework and proactive risk management can have a positive effect on sentiment, as it suggests Alphabet is taking necessary steps to protect its assets, operations, and reputation. The absence of any material impact from cybersecurity incidents to date may further reassure investors about the company's operational resilience. However, the company also cautions that it cannot guarantee immunity from future material cybersecurity incidents, which is a standard risk disclosure (Chunk 13).\n\nIn summary, Alphabet's robust cybersecurity risk management likely supports investor confidence in GOOGL by demonstrating responsible governance and risk oversight, though residual concerns about potential future incidents remain part of the broader risk profile.",""
"159","5d8157b8","DOV 3yr EPS net earnings profitability trends.","DOV","data\10k\converted\DOV.pdf","filename_fallback","45776,45773,45879,45774,45665,45766,45654,45638,45763,45637,45710,45646,45651,45664,45906,45903","136","Over the past three years, Dover Corporation's net earnings and earnings per share (EPS) have shown the following trends:\n\nNet Earnings:\n- 2021: $1,123.8 million\n- 2022: $1,065.4 million\n- 2023: $1,056.8 million\n\nBasic EPS:\n- 2021: $7.81\n- 2022: $7.47\n- 2023: $7.56\n\nDiluted EPS:\n- 2021: $7.74\n- 2022: $7.42\n- 2023: $7.52\n\nWhile net earnings decreased slightly each year after 2021, both basic and diluted EPS were relatively stable, with a small dip in 2022 followed by a minor increase in 2023. Overall, profitability as measured by net earnings declined modestly, but EPS remained consistent due to a reduction in the number of shares outstanding.",""
"163","b3db370b","The impact of exec diversity on profitability & cash flow is highlighted when analyzing the mosaic board, specifically for the ticker involved.","MOSI","","fallback_no_files_on_disk","109498,109742,109747,109889,109763,109748,109550,109552,109624,109854,109858,109862,109946,109494,109746,109553","329","I cannot find sufficient information in the provided documents to answer this question. \n\nWhile the context includes details about Mosaic's diversity and inclusion initiatives, pay equity practices, and some high-level information about board oversight and compensation, there is no direct analysis or data provided on the impact of executive diversity on profitability or cash flow for The Mosaic Company (ticker: MOS).",""
"162","bd9a5806","$1B liquidity utilization at Cboe Global Markets.","CBOE","data\10k\converted\CBOE.pdf","filename_fallback","30707,30732,30715,30600,30507,30520,30521,30500,30791,30602,30528,30506,30603,30736,30735,30708","93","I cannot find sufficient information in the provided documents to answer this question.",""
"167","3521fdb1","Flexibility in AMZN's repurchase program.","AMZN","data\10k\converted\AMZN.pdf","filename_fallback","6348,6197,6347,6372,6238,6208,6377,6268,6272,6294,6207,6250,6373,6305,6376,6304","21","Amazon's repurchase program is described as having ""no fixed expiration,"" which gives the company flexibility in when and how much stock it chooses to repurchase. As of December 31, 2023, there was $6.1 billion remaining under the current repurchase authorization. The company did not repurchase any stock in 2021 or 2023, but did so in 2022, indicating it exercises discretion and flexibility in executing buybacks based on its assessment of market and company conditions (see Chunk 1 and Chunk 3).",""
"165","7978c6df","2023 rev comp reconciliation for NDAQ.","NDAQ","data\10k\converted\NDAQ.pdf","filename_fallback","112280,112204,112192,112205,112281,112188,112376,112271,112311,112189,112279,112375,112267,112179,112199","335","For 2023, Nasdaq, Inc.'s revenue and compensation (operating expense) reconciliation is as follows:\n\n**Revenues:**\n- Total revenues for 2023 were $6,064 million.\n- Transaction-based expenses (such as transaction rebates and brokerage, clearance, and exchange fees) totaled $2,169 million.\n- Revenues less transaction-based expenses were $3,895 million.\n\n**Compensation and Benefits:**\n- Compensation and benefits expense for 2023 was $1,082 million, representing a 7.9% increase from 2022, primarily due to increased headcount. This was partially offset by favorable foreign currency impacts.\n\n**Summary Table (in millions):**\n| Year | Total Revenues | Transaction-based Expenses | Revenues less Transaction-based Expenses | Compensation and Benefits |\n|------|----------------|---------------------------|------------------------------------------|--------------------------|\n| 2023 | $6,064         | $2,169                    | $3,895                                   | $1,082                   |\n\nThis reconciliation links the reported revenues to the compensation expense line item for 2023.",""
"164","b2c9909f","KR 2023 operating CF adjustments driven by depn, impairments & non-cash items vs prior periods.","KR","data\10k\converted\KR.pdf","filename_fallback","89894,89843,89827,89839,89825,89838,89855,89854,89905,89943,89841,89845,89962,89904,89856","266","In 2023, Kroger's operating cash flow adjustments included significant non-cash items such as depreciation and amortization, asset impairments, and other adjustments, similar to prior periods but with some notable differences:\n\n- Depreciation and amortization was $3,125 million in 2023, higher than $2,965 million in 2022 and $2,824 million in 2021, reflecting increased capital investments and additional depreciation associated with new facilities (Chunks 1, 6).\n- Asset impairment charges were $69 million in 2023, similar to $68 million in 2022 and $64 million in 2021. Goodwill and fixed asset impairment charges related to Vitacost.com were recorded in 2022 ($164 million) but not in 2023 or 2021 (Chunk 1).\n- Other non-cash adjustments in 2023 included a LIFO charge ($113 million, lower than $626 million in 2022), share-based employee compensation ($172 million, slightly down from $190 million in 2022), and deferred income taxes (a decrease of $155 million in 2023 versus an increase of $161 million in 2022) (Chunk 1).\n- There were also notable gains and losses on investments: a gain of $151 million in 2023, compared to large losses in prior years ($728 million loss in 2022, $821 million in 2021) (Chunk 1).\n\nIn summary, the 2023 operating cash flow adjustments were primarily driven by higher depreciation and amortization, steady asset impairment charges, and a shift from investment losses in prior years to gains in 2023. These adjustments, along with changes in working capital, contributed to the overall operating cash flow for the year.",""
"168","b5930e1d","GNRC Qtr repurchase breakdown: overall activity vs publicly announced for ticker.","GNRC","data\10k\converted\GNRC.pdf","filename_fallback","69992,69929,69950,69930,70049,70050,69949,69990,69996,70061,69815,70048,69991,69970,70087","205","For the quarter ended December 31, 2023, Generac Holdings Inc. (ticker: GNRC) reported the following share repurchase activity:\n\n- October 2023: 1,261 shares were purchased at an average price of $101.89 per share. None of these were part of the publicly announced repurchase program.\n- November 2023: 780,232 shares were purchased at an average price of $109.96 per share, of which 779,895 shares were repurchased as part of publicly announced plans or programs.\n- December 2023: 536,368 shares were purchased at an average price of $123.31 per share, of which 533,000 shares were repurchased as part of publicly announced plans or programs.\n\nIn total for the quarter:\n- Overall shares purchased: 1,317,861 at an average price of $115.39 per share.\n- Shares purchased as part of publicly announced plans or programs: 1,312,895.\n\nThe difference (4,966 shares) was related to shares withheld upon vesting of restricted stock awards to cover employee tax obligations, and these are not part of the publicly announced repurchase programs.\n\nAt the end of December 2023, approximately $26.3 million remained available for repurchase under the prior program, which was replaced in February 2024 by a new $500 million program.",""
"169","cabc684e","For PEAK, the contingent rental rev rec process involves analyzing lease contracts to ensure compliance.","PEAK","","fallback_no_files_on_disk","17218,17228,49029,49027,28346,49401,113380,61060,151806,61057,89234,28168,151795,162090,151809","484,454,264,144,145,339,51,179,86","I cannot find sufficient information in the provided documents to answer this question.",""
"166","f6124aa3","3Y trend analysis of cash flow adjustments for Gartner (IT) shows significant fluctuations.","IT","data\10k\converted\IT.pdf","filename_fallback","82475,82521,82464,82349,82524,82473,82418,82465,82461,82469,82419,82460,82350,82354,82525","244","A three-year trend analysis of cash flow adjustments for Gartner (IT) reveals notable fluctuations in several key areas between 2021 and 2023:\n\n- Depreciation and Amortization: These non-cash expenses decreased from $212.4 million in 2021 to $191.9 million in 2022, and remained steady at $191.1 million in 2023.\n- Stock-Based Compensation Expense: This expense has risen significantly, from $98.6 million in 2021 to $90.6 million in 2022, and then a substantial jump to $129.8 million in 2023.\n- Deferred Taxes: The impact of deferred taxes as an adjustment was a negative $41.6 million in 2021, negative $30.7 million in 2022, and further negative $64.2 million in 2023, showing variability year over year.\n- Gain from Sale of Divested Operation: There was a one-time gain of $135.4 million in 2023, with no such gains in 2022 or 2021.\n- Loss on Impairment of Lease Related Assets, Net: This loss was $49.5 million in 2021, increased to $54.0 million in 2022, then dropped to $20.4 million in 2023.\n- Reduction in Carrying Amount of Operating Lease Right-of-Use Assets: This adjustment decreased gradually from $75.1 million in 2021, to $70.1 million in both 2022 and 2023.\n- Changes in Fees Receivable, Net: There was a large negative adjustment in 2022 of $(240.7) million, compared to $(145.3) million in 2021 and only $(24.7) million in 2023, indicating a significant improvement in 2023.\n- Deferred Revenues: The adjustment from deferred revenues has been declining, from $324.1 million in 2021 to $297.1 million in 2022, and down to $169.9 million in 2023.\n\nOverall, the adjustments to reconcile net income to cash provided by operating activities for Gartner show significant variability, particularly in stock-based compensation, gains from asset sales, impairment losses, and working capital changes such as fees receivable and deferred revenues. These fluctuations have impacted the reported cash flow from operating activities over the three-year period. (See Chunk 1 for detailed figures.)",""
"170","c88933f5","Impact of Honeywell's (HON) cybersecurity investments on ops disruptions & profit sustainability.","HON","data\10k\converted\HON.pdf","filename_fallback","73117,73110,73094,73167,73100,73316,73211,73257,73299,73169,73065,73165,73119,73120,73109,73130","215","Honeywell's investments in cybersecurity have been designed to minimize operational disruptions and support profit sustainability. The company maintains a comprehensive cybersecurity and information security risk management program, overseen by experienced executives and multiple layers of governance, including a Cybersecurity Disclosure Committee and the Audit Committee of the Board. This program involves regular risk assessments, employee training, incident response planning, and the use of industry-standard frameworks to protect critical data and systems ([Chunks 4, 10, 12]).\n\nTo date, Honeywell reports that no risks from cybersecurity threats, including any prior incidents, have materially affected its business, strategy, results of operations, or financial condition ([Chunk 10]). This suggests that its cybersecurity investments have effectively prevented significant operational disruptions that could impact profitability.\n\nFurthermore, Honeywell recognizes that as cybersecurity threats evolve, including those enabled by artificial intelligence, continued vigilance and investment are required to prevent misappropriation, destruction, or corruption of data, theft of funds, and disruption of business operations--all of which could harm financial performance if not well managed ([Chunk 1]). Additionally, Honeywell's cybersecurity capabilities, such as those integrated in Honeywell Forge, help identify risks and act on cyber-related incidents, improving operations and protecting processes, people, and assets ([Chunk 7]).\n\nIn summary, Honeywell's ongoing cybersecurity investments have thus far helped prevent material operational disruptions and supported the sustainability of its profits by mitigating risks that could otherwise negatively impact its operations and financial performance.",""
"173","70d73918","Trends in net earnings for Lennar from 2021 to 2023 & margin outlook, LEN.","LEN","data\10k\converted\LEN.pdf","filename_fallback","90482,90557,90560,90558,90483,90632,90612,90623,90644,90643,90489,90633,90476,90500,90365","268","From 2021 to 2023, Lennar's net earnings attributable to the company showed the following trend:\n\n- 2021 (fiscal year ending November 30, 2022): Net earnings attributable to Lennar were $4.61 billion.\n- 2022 (fiscal year ending November 30, 2023): Net earnings attributable to Lennar were $3.94 billion.\n- 2023 (fiscal year ending November 30, 2024): Net earnings attributable to Lennar were $3.93 billion.\n\nThis indicates that net earnings peaked in fiscal 2021 (2022) and then declined slightly in 2022 and remained essentially flat in 2023.\n\nRegarding margin outlook, Lennar anticipates gross margins for the first quarter of fiscal 2025 to be between 19% and 19.25%. For fiscal 2024, the gross margin on home sales was 22.3%, compared to 23.3% in fiscal 2023. The decrease in margins was primarily due to lower revenue per square foot and higher land costs, partially offset by lower construction costs.\n\nIn summary: Lennar's net earnings declined from 2021 to 2023, stabilizing in 2023, and the company expects gross margins to continue to moderate, with guidance for the first quarter of fiscal 2025 at 19% to 19.25%.",""
"172","f71beea9","Capital allocation & financial health: rising retained earnings vs MCK stockholders' deficit.","MCK","data\10k\converted\MCK.pdf","filename_fallback","99919,99918,99950,99993,99917,99898,99846,99855,99951,99910,99992,99833,100041,100100,99900","298","McKesson's financial statements show that retained earnings have been rising, increasing from $8.2 billion at March 31, 2021, to $14.98 billion at March 31, 2024. This indicates the company has been generating substantial profits and retaining a significant portion after dividends (Chunks 1, 2).\n\nHowever, despite these rising retained earnings, McKesson reports a stockholders' deficit--specifically, a deficit of $1.97 billion as of March 31, 2024, and $1.86 billion as of March 31, 2023 (Chunk 2). The main driver of this deficit is the large negative balance in treasury stock, which reflects extensive share repurchases. For example, treasury stock at cost was $(24.12) billion at March 31, 2024, up from $(21.00) billion a year earlier (Chunk 2).\n\nIn summary, while McKesson's profitability and retained earnings are strong and rising, the company has aggressively returned capital to shareholders through share repurchases, resulting in a substantial stockholders' deficit on the balance sheet. This deficit does not indicate poor financial health but is instead a result of deliberate capital allocation choices, notably large buybacks, which reduce equity on the balance sheet even as the company remains profitable and cash-generative (Chunks 1, 2, 8, 15).",""
"171","fb22694a","Impact on profitability & valuation due to Ameren's contractual obligations risk.","AEE","data\10k\converted\AEE.pdf","filename_fallback","5868,6120,5922,5918,5867,5765,6077,5785,5811,5683,6119,6057,5790,5915,5766,5727","20","Ameren's profitability and valuation are affected by contractual obligations risk in several ways:\n\n1. Credit Ratings and Collateral Requirements: Ameren's credit ratings impact its access to capital, borrowing costs, and collateral posting requirements under commodity contracts. A downgrade to below investment grade could require Ameren, Ameren Missouri, or Ameren Illinois to post substantial additional collateral or other assurances for certain trade and contractual obligations--amounting to $685 million, $604 million, and $81 million, respectively, as of December 31, 2023. Such requirements could increase costs and adversely affect earnings (Chunks 1, 5).\n\n2. Commodity Price Volatility: Changes in commodity prices can trigger additional collateral postings and prepayments. However, cost recovery mechanisms allow Ameren Missouri and Ameren Illinois to pass most commodity costs (fuel, purchased power, natural gas supply) on to customers, mitigating direct profitability impacts. Still, there is residual exposure and potential earnings volatility, particularly for the portion of costs not recoverable through rates (Chunks 1, 3).\n\n3. Increased Borrowing Costs: Any weakening of credit ratings may increase Ameren's cost of borrowing, which could negatively affect profitability. Increased borrowing costs reduce earnings and may also affect company valuation (Chunk 1, 5).\n\n4. Regulatory and Market Risks: Regulatory lag, aging infrastructure, and inflationary pressures can create rate volatility and resistance to rate increases, which may impact the company's ability to recover costs or earn a fair return, ultimately affecting profitability and possibly leading to asset impairments (Chunk 6).\n\n5. Legal and Environmental Obligations: Compliance with environmental laws and legal proceedings can result in significant capital expenditures, increased operating costs, or operational changes, all of which could negatively impact profitability and valuation if not recovered through rates (Chunk 1, 8).\n\nIn summary, Ameren's contractual obligations risk can lead to higher collateral requirements, increased borrowing costs, potential unrecovered expenses, and earnings volatility, all of which can negatively impact profitability and, in turn, company valuation. However, regulatory mechanisms and cost recovery features help to mitigate some of these risks.",""
"174","137d7560","AMP: potential financial risk from stricter enviro regs.","AMP","data\10k\converted\AMP.pdf","filename_fallback","15019,15029,14963,15148,15041,15040,15042,15149,15028,14985,15035,14987,15025,14999,15004,14992","47","Ameriprise Financial faces potential financial risks from stricter environmental regulations. These include increased costs of compliance, operational challenges, and potential impacts on the value of investments, especially those in sectors affected by new environmental, social, and governance (ESG) requirements. Stricter environmental regulation may also affect companies whose securities Ameriprise holds, potentially influencing the willingness to continue holding those securities and impacting investor sentiment.\n\nAdditionally, increased environmental sustainability or governance requirements imposed by foreign or international authorities could add further complexity and cost, potentially affecting profitability and the ability to offer cost-effective and innovative products to clients. The company notes that ongoing and evolving environmental regulations could require significant time, resources, and ongoing support to comply, and may have a material effect on products, services, investments, results of operations, and liquidity in unpredictable ways (Chunks 1, 5, 6, 7).",""
"175","6a870590","Rev drivers for GE HealthCare include Imaging & US pricing, new products, supply chain, and FX.","GEHC","data\10k\converted\GEHC.pdf","filename_fallback","71023,71035,71015,71034,71022,71027,71026,71014,70834,71029,71126,70846,71125,70877,70876","208","The key revenue drivers for GE HealthCare include:\n\n- Imaging and Ultrasound (US) pricing: Increased pricing contributed to revenue growth in both the Imaging and Ultrasound segments.\n- New product introductions: Launching new products boosted organic revenue growth, particularly in Imaging (Magnetic Resonance and MI/CT) and Ultrasound (Cardiovascular, Point of Care, and Handheld lines).\n- Supply chain fulfillment improvements: Enhancements in supply chain operations allowed for better fulfillment, supporting growth across segments.\n- Foreign exchange (FX): Unfavorable foreign currency impacts partially offset revenue growth, meaning FX had a negative effect on reported revenues.\n\nThese factors were significant contributors to the company's revenue performance for the year ended December 31, 2023, as reflected in the segment and regional results.",""
"178","35c95b84","FedEx's board balances risk mgmt & growth, FDX.","FDX","data\10k\converted\FDX.pdf","filename_fallback","65096,65091,65097,65095,65140,65006,65098,65058,65026,65339,65092,65059,65015,65011,65114,65237","189","FedEx's Board of Directors balances risk management and growth by integrating robust oversight structures and processes into its governance framework. The Board has established specialized committees, such as the Cyber and Technology Oversight Committee (CyTOC), which is responsible for overseeing technology-related risks, including cybersecurity, data privacy, and emerging technologies like artificial intelligence and machine learning. The CyTOC regularly receives updates on risk metrics, threat landscapes, and the status of risk mitigation projects from senior management and the Chief Information Security Officer (CISO), who leads a large, experienced security team.\n\nRisk management is further supported by an information technology (IT) risk management process aligned with recognized industry frameworks (such as ISO 27001 and NIST standards), regular simulation exercises, and collaboration between IT risk management, enterprise risk management (ERM), and compliance teams. The results of risk assessments and significant risks are communicated to the Board and relevant committees at least annually, and more frequently as needed.\n\nAt the same time, the Board is committed to driving business growth through the oversight of business strategy, ongoing transformation initiatives (such as DRIVE and Network 2.0), and regular reviews of governance policies and practices. The Board's focus on a strong reputation, brand value, and long-term planning is balanced with risk mitigation efforts and contingency planning for business continuity and disaster recovery.\n\nOverall, FedEx's Board blends proactive risk oversight with support for strategic growth initiatives to ensure resilient and sustainable company performance.",""
"177","e5bd2fe1","Trends in goodwill & intangibles for General Mills reflect an acquisition strategy; GIS.","GIS","data\10k\converted\GIS.pdf","filename_fallback","66038,66037,65979,66036,66013,66094,66029,66018,66003,65989,66012,66080,65956,65976,66010,66014","191","The trends in goodwill and intangible assets for General Mills (GIS) do reflect an ongoing acquisition strategy:\n\n- Over fiscal years 2022, 2023, and 2024, General Mills consistently increased its goodwill and intangible assets through acquisitions. For example, in fiscal 2024, the company acquired a European pet food business for $434.5 million, which resulted in the addition of $318.1 million in goodwill and $132.6 million in intangible assets (including brand and customer relationship assets). Similarly, in fiscal 2023, the acquisition of TNT Crust added $156.7 million in goodwill.\n- The carrying value of goodwill increased from $14,062.4 million as of May 30, 2021, to $14,750.7 million as of May 26, 2024. Other intangible assets remained relatively stable but showed increases tied to acquisitions, offset by amortization and occasional impairment charges.\n- General Mills' balance sheet as of May 26, 2024, reports $14,750.7 million in goodwill and $6,979.9 million in other intangible assets, totaling over $21.7 billion in these asset categories.\n- Impairment tests and charges are also a part of the trend, with non-cash impairment charges recorded when future profitability projections declined for certain reporting units or brands.\n\nOverall, the increase in goodwill and intangible assets over recent years highlights General Mills' acquisition-driven growth strategy, with new businesses and brands regularly added to its portfolio.",""
"176","08d4d817","Uncertain liability impact on risk profile and cash flow for Cisco Systems (CSCO).","CSCO","data\10k\converted\CSCO.pdf","filename_fallback","39642,39667,39599,39723,39733,39687,39736,39739,39696,39758,39485,39469,39669,39686,39484,39625","117","Cisco Systems (CSCO) is subject to various uncertain liabilities that can affect its risk profile and cash flow. These uncertain liabilities mainly arise from factors such as purchase commitments, loss contingencies, tax positions, and legal claims.\n\n- Loss Contingencies: Cisco regularly evaluates the likelihood of incurring liabilities and accrues estimated loss contingencies when it is probable that a liability has been incurred and the amount can be reasonably estimated. These could include litigation or claims from third parties, which, if realized, could negatively impact profitability and cash flow. The company notes that sudden changes in demand, technology, or customer requirements could require increased inventory write-downs and additional liabilities, adversely affecting profitability (Chunk 3).\n\n- Purchase Commitments: Cisco records liabilities for firm, noncancelable, and unconditional purchase commitments that exceed future demand forecasts. These liabilities are managed in line with inventory valuation practices. As of July 27, 2024, the liability for these purchase commitments was $498 million (Chunk 8).\n\n- Uncertain Tax Positions: The company also has noncurrent income taxes payable, including uncertain tax positions. As of July 27, 2024, noncurrent income taxes payable were approximately $1.7 billion, with deferred tax liabilities of $76 million. The timing of future payments for these liabilities is uncertain, which adds complexity to cash flow management (Chunk 1).\n\n- Legal and Regulatory Risks: Cisco faces potential claims and litigation in the ordinary course of business, which could require accruals or adjustments if new information becomes available or if circumstances change (Chunk 3).\n\nThe impact of these uncertain liabilities on Cisco's risk profile is that they introduce potential variability in future expenses, which could reduce profitability and cash available for other uses. The uncertainty in timing and amount of potential payments (especially related to legal matters and tax positions) makes cash flow forecasting more challenging. However, Cisco regularly reviews and updates its accruals and believes it has adequately addressed these risks based on available information (Chunk 3, Chunk 1).\n\nIn summary, uncertain liabilities increase Cisco's risk profile by introducing potential unexpected cash outflows and affect cash flow planning due to the unpredictability of timing and amounts.",""
"179","2dbc58c1","FAS's inventory tech impact on cust retention & recurring rev.","FAS","","fallback_no_files_on_disk","58209,58212,58210,58211,58208,66852,19492,19502,92103,71782,58219,147646,60249,5247,75141,60136","194,171,273,210,177,19,443,60,221","Fastenal's (FAS) inventory technology, specifically its Fastenal Managed Inventory (FMI) suite--which includes FASTStock, FASTBin, and FASTVend--has a significant positive impact on customer retention and recurring revenue.\n\nThese technologies improve inventory management by moving product closer to the point of customer use, offering 24/7 continuous inventory monitoring, real-time visibility, and automated replenishment. As a result, customers benefit from a leaner supply chain, reduced risk of stock-outs, more efficient labor models, and improved operational efficiencies. This fosters stronger, long-term relationships with customers by enhancing service quality and reliability (Chunks 1, 3, 5).\n\nThe impact on recurring revenue is notable: in 2023, sales through FASTBin and FASTVend devices accounted for 27.8% of total sales, up from 24.9% in 2022, while total FMI sales represented 40.3% of sales, up from 36.7% the previous year. Additionally, FMI programs typically generate a higher frequency of business transactions, which supports recurring revenue growth (Chunk 2, 4).\n\nIn summary, FAS's inventory technology strengthens customer retention by embedding Fastenal more deeply into customers' operations and drives recurring revenue by increasing transaction frequency and service value.",""
"181","25854989","Chipotle's plans for capex increase, $CMG, provide insights into its growth strategy and tech innovation.","CMG","data\10k\converted\CMG.pdf","filename_fallback","27894,27896,27887,27973,27895,27893,27818,27820,27975,27832,27885,27833,27822,27970,27941","85","Chipotle plans to increase its capital expenditures (capex) in 2024 to approximately $635.0 million, up from $560.7 million in 2023. Of this, about $430.0 million will be directed toward constructing new restaurants, with expected development costs per restaurant remaining consistent with 2023. They plan to open approximately 285-315 new restaurants in 2024, most of which will include Chipotlanes, their drive-thru format, and at least 80% of new openings will feature this design.\n\nAdditionally, around $130.0 million will be invested in existing restaurants for remodeling, new equipment, hardware, and technology aimed at optimizing efficiencies. The remaining capex will support corporate initiatives, including investments in technology to drive innovation, enhance the guest experience, and improve operations.\n\nThese planned capex increases reflect Chipotle's growth strategy of expanding its restaurant footprint--both in North America and internationally--and leveraging technology and innovation to boost operational efficiency, guest engagement, and overall productivity. The company is also investing in technology for both restaurant operations and its supply chain, underscoring a broader commitment to digital transformation and sustained growth.",""
"182","346bc05b","Capital allocation for ITW share repurchase is crucial.","ITW","data\10k\converted\ITW.pdf","filename_fallback","82636,82776,82614,82719,82697,82696,82615,82799,82637,82720,82643,82588,82628,82641,82717,82718","245","Share repurchases are a significant component of Illinois Tool Works' (ITW) capital allocation strategy. The company has historically funded its share repurchases with free cash flow and short-term borrowings. Decisions regarding the amount and timing of share repurchases are influenced by various factors, including market conditions, the price of ITW's common stock, other investment opportunities, regulatory developments, the ability to obtain attractive financing, and the availability of U.S. cash.\n\nITW regularly initiates substantial stock repurchase programs. For example, the 2021 program allowed for up to $3.0 billion in repurchases and was completed in the fourth quarter of 2023. In August 2023, a new $5.0 billion repurchase program was announced, with approximately $5.0 billion of authorized repurchases remaining as of December 31, 2023.\n\nOverall, ITW's approach to capital allocation prioritizes share repurchases alongside other uses of cash such as dividend payments, acquisitions, debt servicing, and reinvestments in existing businesses. The company believes that cash generated by operations, supported by short-term liquidity facilities like its commercial paper program, will be sufficient to fund these priorities in the U.S. (Chunks 1, 2, 3, 6, 7).",""
"186","08d88344","Historically, inputs for variable consideration in EW rev rec include data relevant to ticker performance.","EW","data\10k\converted\EW.pdf","filename_fallback","56440,56372,56469,56401,56468,56398,56399,56439,56465,56437,56464,56374,56442,56438,56396,56392,56422","166","I cannot find sufficient information in the provided documents to answer this question. \n\nThe context discusses Edwards Lifesciences' (EW) approach to variable consideration in revenue recognition, including the use of historical payment experience, historical relationship to revenues, estimated customer inventory levels, and current contract sales terms. However, there is no indication that data relevant to ticker (stock price) performance is used as an input for variable consideration in their revenue recognition process.",""
"180","19a1d7bc","Competitive dynamics of Broadridge impact on cap allocation & valuation.","BR","data\10k\converted\BR.pdf","filename_fallback","19397,19369,19531,19368,19534,19370,19467,19535,19620,19385,19396,19619,19390,19621,19536","60","Broadridge operates in a highly competitive industry, facing competition from both specialized service providers and clients' in-house operations across its key business segments--Investor Communication Solutions (ICS) and Global Technology and Operations (GTO). Competitors include proxy distribution services, transfer agents, proxy advisory and solicitation firms, financial printers, and vendors of trade processing and back-office systems, as well as wealth and investment management technology providers (Chunks 1, 11).\n\nThis competitive environment creates several dynamics that can impact capital allocation and valuation:\n\n1. Need for Continuous Investment: To keep pace with technological change and evolving client demands, Broadridge must continually invest in its technology platforms, data security, and AI capabilities. This ongoing need for investment in innovation and service quality influences capital allocation decisions, as funds must be directed toward R&D, system upgrades, and talent retention to maintain a competitive edge (Chunk 1).\n\n2. Margin Pressures: Competitive conditions can lead to pricing pressures, potentially affecting profitability and, in turn, influencing how capital is allocated--whether toward growth initiatives, operational efficiency improvements, or shareholder returns (Chunk 2, 4).\n\n3. Client Retention and Expansion: Broadridge's reliance on a relatively small number of large clients, and the need to retain these clients and sell additional services, affects both risk assessment and capital allocation. Investment in client satisfaction and service expansion can enhance retention and support revenue growth, which positively impacts valuation (Chunk 2, 4, 11).\n\n4. Market Position as a Differentiator: Broadridge's strong position in a growing market (with increasing tech spend by financial services firms and a trend toward outsourcing) supports efficient capital allocation. By leveraging its scale, expertise, and integrated solutions, Broadridge can pursue growth opportunities and deliver shareholder value, which supports a higher valuation multiple (Chunk 13).\n\n5. Risk Factors: The risk of not keeping up with technological change, losing key clients, or failing to attract talent could adversely affect results, leading to more conservative capital allocation and potentially lowering valuation if these risks materialize (Chunk 2, 4).\n\nIn summary, Broadridge's competitive dynamics drive the need for continual investment in technology and client services, influence pricing and margins, and shape risk management. These factors, in turn, directly impact how the company allocates capital and are key considerations in the company's valuation.",""
"188","959808fd","AMGN, PCSK9 litigation's impact on finls.","AMGN","data\10k\converted\AMGN.pdf","filename_fallback","8871,8870,8875,8872,8776,8874,8812,8778,8617,8676,8813,8766,8879,8884,8876,8886","28","The ongoing PCSK9 litigation has the potential to materially impact Amgen's consolidated results of operations, financial position, or cash flows. The matters are complex, at early stages, and often extend for several years, making it difficult to estimate possible losses or their amounts at this time. While none of the pending matters have progressed sufficiently to enable Amgen to estimate a range of possible loss, an adverse outcome in one or more of these cases could have a material adverse effect on Amgen's financials. The company continues to be involved in multiple patent disputes regarding its PCSK9 patents (notably relating to Repatha) in regions including Germany and Japan, with some recent rulings adverse to Amgen's patent claims. However, specific financial impacts or quantified amounts are not provided in the disclosed documents.",""
"191","d5a95dc3","Exec tenure stability at ADSK is crucial for competitive positioning & sustainable growth.","ADSK","data\10k\converted\ADSK.pdf","filename_fallback","5563,5568,5570,5571,5586,5556,5357,5555,5592,5564,5232,5569,5566,5239,5596,5240","19","Executive tenure stability at Autodesk (ADSK) is indeed important for the company's competitive positioning and sustainable growth. The company's executive compensation program is designed with retention as a key objective, aiming to recruit and retain top executive talent through competitive rewards and long-term incentives. These incentives are aligned with both short-term and long-term company goals, stockholder value creation, and individual performance, which encourage executives to remain with the company (Chunks 1, 3, 4).\n\nAdditionally, Autodesk has adopted retirement provisions in its RSU and PSU agreements to promote long-term service and ensure smooth leadership transitions upon retirement, further supporting executive tenure stability (Chunk 9). The employment agreement with the CEO and the standard executive severance plan are also structured to incentivize continuity and retention, especially during periods of change or potential acquisition (Chunk 5).\n\nBy fostering stability and continuity in its executive team, Autodesk enhances its ability to execute strategic plans, invest in innovation, and maintain strong relationships with its global network of partners, all of which contribute to its competitive edge and sustained growth (Chunks 6, 7, 8).",""
"185","83ab8f2b","2023 NP margin vs 2022/21 for ticker.","","","fallback_no_tickers","136208,25927,146996,138084,43080,28617,149385,68658,121094,3017,43085,40870,90117,158429,41555","199,267,364,77,12,473,406,87,120,441,122,411,446,127","Based on the provided context, here are the net profit margins (NP margin) for 2023 compared to 2022 and 2021 for the tickers mentioned:\n\n- SMCI (Super Micro Computer, Inc.):\n  The context does not provide explicit net profit margin data for 2023, 2022, and 2021.\n\n- CDW:\n  The context does not provide explicit net profit margin data for 2023, 2022, and 2021.\n\n- TT (Trane Technologies):\n  The context does not provide explicit net profit margin data for 2023, 2022, and 2021.\n\n- RF (Regions Financial):\n  The context does not provide explicit net profit margin data for 2023, 2022, and 2021.\n\n- DG (Dollar General):\n  The context does not provide explicit net profit margin data for 2023, 2022, and 2021.\n\n- CL (Colgate-Palmolive):\n  The context does not provide explicit net profit margin data for 2023, 2022, and 2021.\n\n- ULTA (Ulta Beauty):\n  The context does not provide explicit net profit margin data for 2023, 2022, and 2021.\n\n- FTNT (Fortinet):\n  Net income attributable to Fortinet, Inc. as a percentage of revenue (net profit margin):\n    - 2023: 22%\n    - 2022: 19%\n    - 2021: 18%\n  So, FTNT's NP margin increased from 18% (2021) to 19% (2022) and then to 22% (2023).\n\n- POOL (Pool Corporation):\n  The context does not provide explicit net profit margin data for 2023, 2022, and 2021.\n\n- A (Agilent Technologies):\n  The context does not provide explicit net profit margin data for 2023, 2022, and 2021.\n\n- CTLT (Catalent):\n  The context does not provide explicit net profit margin data for 2023, 2022, and 2021.\n\n- KHC (Kraft Heinz):\n  The context does not provide explicit net profit margin data for 2023, 2022, and 2021.\n\n- WDC (Western Digital):\n  Net income (loss) attributable to common shareholders as a percentage of revenue:\n    - 2023: -13.9%\n    - 2022: 8.2%\n    - 2021: Not provided in the excerpt\n  So, WDC's NP margin decreased from 8.2% (2022) to -13.9% (2023). 2021 data is not available.\n\n- DAY:\n  Net income as a percentage of revenue (net profit margin):\n    - 2023 (as reported): 3.6%\n    - 2022/2021: Not provided in the context\n\nSummary of available NP margin data:\n- FTNT: 2023 = 22%, 2022 = 19%, 2021 = 18% (increasing trend)\n- WDC: 2023 = -13.9%, 2022 = 8.2% (sharp decrease; 2021 not provided)\n- DAY: 2023 = 3.6% (other years not provided)\n\nFor other tickers, I cannot find sufficient information in the provided documents to answer this question.",""
"190","27c8f9ef","Competitiveness, rev, & profitability analysis for Cardinal Health.","CAH","data\10k\converted\CAH.pdf","filename_fallback","23857,24156,24026,23988,24054,24124,24098,24043,23976,24075,23904,23894,24065,23937,24006","72","Based on the provided context:\n\nCompetitiveness:\nCardinal Health is a global healthcare services and products company offering customized solutions to a wide range of healthcare providers, including hospitals, pharmacies, ambulatory surgery centers, clinical laboratories, physician offices, and home care patients. The company operates under two main segments: Pharmaceutical and Specialty Solutions, and Global Medical Products and Distribution. This broad portfolio and global reach suggest a strong competitive position in the healthcare supply chain market.\n\nRevenue:\nWhile specific revenue figures are not given in the provided context, the company's scale, diversified segments, and global operations imply substantial revenues. The Pharmaceutical and Specialty Solutions segment distributes branded and generic pharmaceuticals, and the Global Medical Products and Distribution segment manufactures and distributes a wide range of medical products in several regions worldwide.\n\nProfitability:\nA five-year performance graph shows that, assuming a $100 investment in Cardinal Health's common shares on June 30, 2019, the value would have increased to $243.26 by June 30, 2024. This growth outpaces both the S&P 500 Index (which grew to $201.53) and the S&P 500 Healthcare Index (which grew to $172.57) over the same period. This indicates that Cardinal Health has delivered strong shareholder returns, suggesting robust profitability compared to its benchmarks.\n\nIn summary, Cardinal Health demonstrates strong competitiveness through its global reach and diversified offerings, significant scale (implying high revenues), and above-average profitability as reflected in its superior five-year shareholder returns compared to major indices.",""
"187","1b3bafbd","PSEG's cybersecurity capex impacts long-term growth & investor sentiment.","PEG","data\10k\converted\PEG.pdf","filename_fallback","123608,123607,123597,123598,123569,123513,123585,123584,123555,123514,123536,123517,123535,123450,123493,123557","371","PSEG's investments in cybersecurity are integral to its overall risk management and long-term strategic planning. The company recognizes that sophisticated and frequent cybersecurity threats can disrupt operations, result in the theft of sensitive data, and potentially harm financial performance and reputation. As such, PSEG implements comprehensive cybersecurity measures--including annual training, incident response plans, physical security, and compliance with federal regulations--to protect its critical infrastructure and data (Chunks 9, 10, 15).\n\nCapital expenditures (capex) on cybersecurity help ensure the reliability and resilience of PSEG's transmission and distribution (T&D) systems and generation assets. This focus aligns with public policy objectives and customer expectations for clean, reliable energy (Chunks 5, 7). Maintaining strong cybersecurity safeguards is also crucial for protecting PSEG's investment grade credit ratings; a significant cyber incident or downgrade could materially impact liquidity, cash flows, and access to capital (Chunks 6, 10).\n\nFrom an investor perspective, effective cybersecurity capex supports the sustainability and predictability of future earnings streams, which are key factors considered by investors, rating agencies, and regulators (Chunks 7, 8). Strong cyber risk management and governance, as overseen by the PSEG Board and its committees, further contribute to positive investor sentiment by demonstrating proactive oversight and commitment to mitigating operational and financial risks (Chunk 16).\n\nIn summary, PSEG's cybersecurity capital expenditures are essential for safeguarding its operations, supporting long-term growth, maintaining favorable investor sentiment, and ensuring continued access to capital at attractive terms.",""
"184","ea098924","Humana; analyze premium rev. rec. contract types & their impact on stability.","HUM","data\10k\converted\HUM.pdf","filename_fallback","81998,81883,81999,82000,81887,81890,81688,81979,81976,81849,81884,81977,81850,81815,81674","242","Humana recognizes premium revenue from several contract types, each with its own characteristics that impact revenue stability:\n\n1. Contract Types and Premium Revenue Recognition:\n\n- Medicare Advantage and Part D Contracts: These are primarily with the federal government (CMS) and are renewed annually unless either party opts out. Premiums are paid monthly and are determined by government-specified payment rates, which are adjusted for the health status of members (risk adjustment) and various contractual terms. Humana's contracts with CMS accounted for about 83% of total premiums and services revenue in 2023, making government contracts a major driver of revenue stability (Chunks 9, 12, 7, 1).\n\n- Commercial Membership Contracts: Typically established for one year with employer groups, but are cancellable by the employer with 30 days' notice, introducing some variability. Premiums are billed and collected monthly (Chunks 2, 10).\n\n- State-Based and Military Contracts: These are generally multi-year contracts with annual renewal provisions, offering additional revenue stability (Chunks 2, 11).\n\n- Individual Products: Premiums for individual Medicare and other individual products are also billed and collected monthly (Chunks 2, 10).\n\n2. Revenue Recognition Process:\n\n- Premiums revenue is recognized as income in the period members are entitled to receive services and is estimated by multiplying the covered membership by contractual rates. Adjustments are made for risk-adjustment scores, uncollectible amounts, retroactive membership changes, and rebates under minimum benefit ratio rules (Chunks 2, 10, 13).\n\n- Premiums received before the service period are recorded as unearned revenues, and changes due to risk adjustment or membership are recognized ratably with periodic adjustments (Chunks 2, 10, 13).\n\n3. Impact on Revenue Stability:\n\n- Government Contracts: The large share of revenue from annually renewable federal contracts, particularly Medicare Advantage and Part D, provides a significant degree of predictability and stability. The annual renewal cycle and established payment methodologies reduce short-term volatility but introduce some risk from potential regulatory or policy changes (Chunks 7, 9, 12).\n\n- Commercial and Other Contracts: The shorter-term and cancellable nature of commercial contracts introduces more variability, but these represent a smaller portion of Humana's overall revenue (Chunk 1, 3, 4).\n\n- Risk Adjustment Mechanisms: Revenue is subject to adjustments based on members' health status and other factors, which are estimated and trued up throughout the year. This process helps align revenue with expected costs but can introduce some lag and variability if estimates differ from actual experience (Chunks 2, 10, 12, 13).\n\n- Minimum Benefit Ratio Requirements: Rebates and adjustments under the Health Care Reform Law further refine recognized revenue, potentially smoothing fluctuations but also creating the need for periodic adjustments (Chunks 10, 13).\n\nIn summary, Humana's premium revenue recognition is dominated by stable, annually renewable government contracts with CMS for Medicare Advantage and Part D, which underpin overall revenue stability. Commercial and other contract types add some variability but are less significant in aggregate. Revenue recognition practices, including risk adjustment and regulatory rebate requirements, help align revenue with service delivery and regulatory compliance, further supporting stability but requiring ongoing estimation and adjustment.",""
"192","e8161744","Competitive edge of Sysco in multi-regional market share vs local distros, ticker positioned last.","SYY","data\10k\converted\SYY.pdf","filename_fallback","142842,142938,142939,142843,142844,142833,142926,142867,142826,142866,142935,142924,142830,142923,142832","427","Sysco holds a significant competitive edge in the multi-regional foodservice distribution market compared to local distributors. Sysco serves about 17% of the approximately $360 billion annual U.S. foodservice market, making it the largest distributor by sales in the U.S. and Canada food-away-from-home industry during fiscal 2024. Its advantages over local distributors include:\n\n- A diversified product base, including quality-assured Sysco brand products.\n- Extensive service reliability and ancillary services, such as business reviews, menu analysis, product usage reports, and food safety training.\n- A large geographical footprint with multi-temperature warehouses, which helps mitigate the impact of regional economic declines.\n- A multi-regional presence in North America and Europe, allowing Sysco to serve a wide variety of customer types and adapt to market changes.\n- Sales consultants and access to third-party services, adding value for customers.\n\nLocal and regional distributors may have advantages such as geographic proximity and lower costs, but they often need to form purchasing cooperatives or marketing groups to compete on product mix, purchasing power, and geographic reach. Barriers to entry are low, and switching costs for customers are minimal, but Sysco's scale, service, and product diversity position it as a market leader over local competitors.\n\nSysco is listed under the ticker SYY on the New York Stock Exchange (NYSE) and had a strong stock repurchase program in place as of June 2024.\n\nIn summary, Sysco's multi-regional scale, diversified offerings, and service capabilities provide it with a strong competitive edge over local distributors in maintaining and growing its market share.",""
"183","aea9d9e5","Marriott's sustainability & emissions targets, with the ticker in the mix, could significantly impact growth.","MAR","data\10k\converted\MAR.pdf","filename_fallback","95715,95716,95735,95893,95892,95736,95891,95694,95810,95714,95850,95690,95709,95741,95894,95711","286","Marriott International (ticker: MAR) has established ambitious sustainability and emissions targets that may have a significant impact on its growth. The company has committed to setting a near-term science-based emissions reduction target and a long-term goal to reach net-zero value chain greenhouse gas emissions by no later than 2050. In September 2023, Marriott submitted its emissions reduction targets to the Science Based Targets initiative and expects validation later in 2024.\n\nMarriott's sustainability strategy includes designing resource-efficient hotels, increasing the use of renewable energy, implementing technologies to reduce energy and water consumption, focusing on responsible sourcing, and pursuing third-party sustainability certifications at the hotel level. The company is also investing in ecosystem restoration initiatives and driving climate action.\n\nThese initiatives, while positioning Marriott as a responsible and forward-thinking operator, could involve significant costs and complexity. Adapting to climate-related legislation, improving hotel efficiency and climate resiliency, and meeting these sustainability targets may increase operating and compliance costs. Additionally, physical impacts of climate change (such as extreme weather events) could result in higher insurance and energy costs, operational disruptions, or damage to properties.\n\nWhile these efforts support Marriott's long-term resilience and brand value, they may also impact profitability and the pace of growth, particularly if demand is affected by sustainability-related consumer preferences or if compliance costs rise. However, by proactively addressing these risks and aligning with global sustainability standards, Marriott aims to sustain its growth in a changing business environment.",""
"194","67b1a319","Insights on operational focus for MPC exec titles, ticker at the end.","MPC","data\10k\converted\MPC.pdf","filename_fallback","107855,107846,108169,107856,108163,108164,108168,107788,107941,107799,108167,107790,108156,107791,107800,108161","323","Marathon Petroleum Corporation (MPC) organizes its executive leadership around its core operational areas, reflecting its integrated, downstream energy business model. The main operational focus areas, as indicated by executive titles, are:\n\n- Refining: Led by the Executive Vice President, Refining, this area focuses on refining crude oil and other feedstocks into finished products at refineries across major U.S. regions (Gulf Coast, Mid-Continent, and West Coast).\n- Marketing: This segment is responsible for purchasing, distributing, and selling refined products, including renewable fuels, to wholesale and retail channels.\n- Midstream: Overseen by executives such as the Chief Operating Officer of MPLX GP LLC and the Senior Vice President of Logistics & Storage, this segment covers gathering, transporting, storing, and distributing crude oil, refined products, and natural gas. The midstream operations are primarily conducted through MPLX, a master limited partnership majority-owned by MPC.\n- Strategy, Business Development, and Optimization: Roles like Senior Vice President Strategy and Business Development and Chief Global Optimization Officer focus on long-term growth, strategic investments, and operational efficiencies.\n- Supporting Functions: Other executive roles support core operations, including Chief Human Resources Officer, Chief Legal Officer, Chief Digital Officer, and executives for Health, Environment, Safety, and Security.\n\nThis structure enables MPC to efficiently manage its large refining system, extensive logistics network, and downstream marketing operations, positioning the company as a leading integrated energy provider.\n\nTicker: MPC",""
"193","6bafaeb5","Risk mgmt for incremental share repurchase SYF.","SYF","data\10k\converted\SYF.pdf","filename_fallback","144119,144364,144365,144228,144382,144230,144271,144381,144063,144269,144233,144202,144226,144268,144224","431","Synchrony Financial's incremental share repurchase programs, including the $1.0 billion program approved in April 2023, are subject to robust risk management oversight and regulatory requirements.\n\nKey risk management aspects include:\n\n- Regulatory Oversight: Share repurchases are subject to review and potential restriction by the Federal Reserve Board, which evaluates whether such actions could be considered unsafe or unsound banking practices. Synchrony must inform and consult with the Federal Reserve Board in advance of any dividends or repurchases to ensure no supervisory concerns are raised ([Chunk 4], [Chunk 6], [Chunk 7], [Chunk 8], [Chunk 10]).\n\n- Capital Adequacy: Repurchases can only occur if Synchrony meets all applicable Basel III capital ratio requirements, including the capital conservation buffer. The Federal Reserve Board assesses whether the company's capital position remains strong enough after the repurchases ([Chunk 1], [Chunk 6], [Chunk 15]).\n\n- Internal Governance: Synchrony's risk management framework includes oversight by the Board of Directors and various risk management committees, such as the Risk Committee, Capital Management Committee, and Asset and Liability Management Committee. These groups review the financial and capital impacts of share repurchases ([Chunk 12]).\n\n- Market and Legal Conditions: Repurchase activities are also contingent on market conditions and subject to legal and regulatory restrictions ([Chunk 1], [Chunk 2], [Chunk 3], [Chunk 5]).\n\n- Stress Testing and Capital Planning: As Synchrony's average total consolidated assets now exceed $100 billion, it will become subject to enhanced prudential standards, supervisory stress tests, and formal capital plan submission requirements. These new obligations may result in stricter scrutiny and potential restrictions on future share repurchases ([Chunk 10], [Chunk 13], [Chunk 14], [Chunk 15]).\n\nIn summary, Synchrony manages the risks of incremental share repurchases through regulatory compliance, strong internal governance, capital adequacy monitoring, and by aligning actions with evolving supervisory standards. Repurchases are not automatic--they depend on ongoing regulatory approval, financial health, and risk assessment processes.",""
"189","f8a1916a","Broadcom Inc., effective int. rate comp. on senior notes vs. term loans, period cost of debt analysis.","AVGO","data\10k\converted\AVGO.pdf","filename_fallback","11982,11910,11983,11984,12022,12018,12017,11985,11987,11923,11986,11920,11962,11871,11925","37","Broadcom Inc.'s cost of debt, as reflected in effective interest rates, differs between its senior notes (primarily fixed-rate) and its term loans (floating-rate). Here's a clear comparison and period analysis based on the provided data:\n\n**Senior Notes:**\n- The effective interest rates for Broadcom's senior notes (fixed-rate) generally range from approximately 2.10% to 5.84%, depending on the issuance and maturity (see Chunks 1 and 3).\n  - Recent issuances in 2024: July 2024 senior notes have effective interest rates from 5.23% to 5.30%; October 2024 notes range from 4.36% to 4.70%.\n  - Older notes (2021 and earlier) have lower effective rates, many below 4%.\n- As of November 3, 2024, Broadcom had $56.3 billion in principal amount of fixed-rate senior notes outstanding (Chunk 2).\n\n**Term Loans (2023 Term Loans):**\n- These are floating-rate loans, tied to SOFR plus a spread:\n  - SOFR + 1.125% (due Nov 2026), effective rate: 6.23%\n  - SOFR + 1.375% (due Nov 2028), effective rate: 6.31%\n- As of November 3, 2024, Broadcom had $13.6 billion outstanding in these term loans (Chunk 2).\n\n**Period Cost of Debt Analysis:**\n- The floating-rate term loans have higher effective interest rates (~6.23%-6.31%) compared to most fixed-rate senior notes.\n- The cost of debt for the term loans is subject to market interest rate changes, while the senior notes' interest expense is fixed and unaffected by rate movements.\n- A hypothetical 100 basis point increase in interest rates would increase annual interest expense on the 2023 Term Loans by about $137 million (Chunk 2).\n- For the fiscal year ended November 3, 2024, Broadcom's cash paid for interest was $3,250 million, up from $1,503 million the prior year, reflecting increased borrowings and possibly higher rates on the floating-rate debt (Chunk 10).\n\n**Summary Table:**\n\n| Debt Instrument         | Principal Outstanding (Nov 3, 2024) | Effective Interest Rate | Interest Rate Type | Sensitivity to Market Rates |\n|------------------------|--------------------------------------|------------------------|--------------------|----------------------------|\n| Senior Notes           | $56.3B (fixed)                       | 2.10% - 5.84%          | Fixed              | Not sensitive               |\n| 2023 Term Loans        | $13.6B                               | 6.23% - 6.31%          | Floating (SOFR+)   | Highly sensitive            |\n\n**Conclusion:**\nBroadcom's effective interest rates on senior notes are generally lower and fixed compared to the higher, floating rates on the 2023 Term Loans. The overall cost of debt increased in 2024, primarily due to the new, higher-rate borrowings related to the VMware acquisition and the greater sensitivity of floating-rate debt to market interest rate changes.",""
"199","d1a75cc3","Distribution of Broadridge Financial Solutions' non-US workforce presented with tickers in the final column.","BR","data\10k\converted\BR.pdf","filename_fallback","19415,19624,19535,19370,19534,19531,19530,19536,19421,19465,19527,19384,19533,19378,19532,19377","60","I cannot find sufficient information in the provided documents to answer this question.",""
"198","a20165f5","Jacobs Solutions Inc. is adjusting for errors in contract cost estimation in their risk mgmt.","J","data\10k\converted\J.pdf","filename_fallback","86657,86463,86669,86430,86584,86764,86650,86681,86627,86444,86628,86626,86739,86653,86721,86771","256","Jacobs Solutions Inc. acknowledges that estimating total contract costs, especially for fixed-price contracts, involves significant management judgment and is subject to risk. The company recognizes that errors in contract cost estimation can occur and addresses these through risk management practices and internal controls.\n\nSpecifically, Jacobs has controls in place over the estimation process affecting revenue recognized on fixed-price contracts. These controls include management's monitoring and review of project cost estimates and procedures to validate the completeness and accuracy of data used in the estimates. The company also reviews contract agreements, amendments, change orders, and monitors operational performance and progress on projects to evaluate the reasonableness of estimated costs to complete (Chunk 16).\n\nAdditionally, Jacobs notes in its risk factors that the nature of its contracts, particularly fixed-price contracts, subjects it to risks of cost overruns, and it may experience losses if costs increase above budgets or estimates or if projects experience delays (Chunk 2).\n\nIn summary, Jacobs manages and adjusts for errors in contract cost estimation through robust internal controls, periodic reviews, and monitoring of project progress, but recognizes that such risks are inherent in its business.",""
"196","5cc3c115","ACGL's strategic partnerships and niche init's influence on LT growth and valuation.","ACGL","data\10k\converted\ACGL.pdf","filename_fallback","13349,13350,13962,13964,13963,13961,13960,13959,13863,13864,13784,13865,13783,13965,13862,13606","41","ACGL's strategy to foster long-term growth and enhance valuation includes growing strategic partnerships and acquiring businesses in stable and niche areas. By building integrated, long-term alignments with partners that offer superior access to niche opportunities and scalable, quality businesses or lines with reliable defensive qualities, ACGL aims to access specialty markets and unique opportunities that drive sustainable growth. This strategy enables ACGL to expand its reach, diversify its portfolio, and maintain a competitive edge in specialty insurance markets, which can positively impact its long-term valuation by promoting stable revenue streams and profitability. (See Chunks 1 and 2)",""
"195","dd721b43","Uber's (UBER) near-term debt maturity poses refinancing risks.","UBER","data\10k\converted\UBER.pdf","filename_fallback","152949,152951,152668,152642,152835,152663,152756,152622,152802,152623,152748,152868,152795,152792,152869","456","Based on the provided information, Uber (UBER) does not appear to face significant near-term refinancing risk related to its debt maturities. As of December 31, 2023, Uber's next significant debt maturities are its 2025 Convertible Notes ($1,150 million due December 15, 2025) and a 2026 Senior Note ($1,500 million due November 1, 2026). Other major notes mature in 2027 and beyond.\n\nAdditionally, Uber reports having $4.7 billion in cash and cash equivalents, with sufficient liquidity and sources of funding to meet its anticipated cash requirements for at least the next 12 months. The company also states it is in compliance with all debt covenants and believes its funding sources are adequate for upcoming obligations.\n\nTherefore, while Uber does have debt maturing in the next two to three years, its current liquidity position and lack of large near-term maturities suggest it is not facing immediate refinancing risks.",""
"197","5c692b3c","Board oversight on cybersecurity's impact on PNC's valuation & growth.","PNC","data\10k\converted\PNC.pdf","filename_fallback","131544,131543,131545,131546,131504,131685,131412,131608,131547,131607,131687,131464,131508,131542,131569,131554","393","PNC's Board of Directors oversees risks posed by cybersecurity threats primarily through its Technology and Risk Committees. The Technology Committee assists the Board with oversight of technology strategy and significant technology initiatives, including cybersecurity, cyber fraud, and physical security risks. It reviews the adequacy of PNC's business recovery, resiliency, and contingency plans and receives regular updates from the Chief Information Security Officer, including threat intelligence, assessment reports, incident reporting, and the status of key program deliverables.\n\nThe Risk Committee oversees PNC's Enterprise Risk Management (ERM) framework, where cybersecurity risk is integrated as the Information Security domain alongside other operational risk domains. The Chief Technology Risk Officer presents quarterly to the Technology Committee on inherent information security risks, control environment maturity, and measurements against risk appetite, while overall risks across the ERM framework are reported to the Risk Committee.\n\nThis oversight structure ensures that material cybersecurity risks are identified, monitored, and managed, supporting PNC's ability to protect its business strategy, financial condition, and growth prospects. To date, PNC has not experienced any material cybersecurity threats that have impacted its business strategy, results of operations, or financial condition. However, the Board is prepared to respond more frequently than quarterly if needed, based on incident criticality and urgency, to mitigate potential impacts on valuation and growth.",""
"201","3ccec8d7","Impact of BorgWarner's cybersecurity measures on its financials, BWA.","BWA","data\10k\converted\BWA.pdf","filename_fallback","22142,22282,22283,22141,22143,22100,22070,21997,22078,22080,22067,22200,21980,22006,22016,22031","67","I cannot find sufficient information in the provided documents to answer this question.",""
"204","d53eb0d3","HPE's cash flow & WC impact from $1.3B purchase obligations.","HPE","data\10k\converted\HPE.pdf","filename_fallback","79867,79868,79677,79676,79671,79669,79798,79675,79711,79869,79681,79841,79667,79710,79629","235","HPE's $1.3 billion in unconditional purchase obligations, as of October 31, 2024, are primarily related to inventory purchases, software maintenance, support services, and other items. These obligations are legally binding and specify all significant terms, such as fixed or minimum quantities, pricing, and timing of transactions, but exclude agreements cancellable without penalty. Of the $1.3 billion, $556 million is due within one year, with the remainder due through fiscal 2029 ($368 million in 2026, $278 million in 2027, $68 million in 2028, and $13 million in 2029). There are no obligations beyond 2029 ([Chunks 2, 3, 4, 10]).\n\nThe impact on cash flow will be spread over several years, with the largest outflow in fiscal 2025. These purchase obligations will lead to future cash outflows as HPE pays suppliers for goods and services, reducing available cash as the obligations become due.\n\nOn working capital (WC), since these obligations mostly relate to inventory, they can affect inventory and accounts payable levels. The cash conversion cycle may be influenced by the timing of inventory purchases and payments to suppliers. In fiscal 2024, HPE reported a significant increase in inventory (days of supply rose from 87 to 120), partly due to strategic purchases, which may be linked to these commitments. However, accounts payable also increased, as indicated by a rise in days of purchases outstanding from 134 to 170 ([Chunk 6]). This suggests HPE managed some of the working capital impact by increasing payables, offsetting some of the cash used for inventory.\n\nIn summary, the $1.3 billion in purchase obligations will result in future cash outflows and influence working capital primarily through higher inventory and accounts payable balances, with the most significant cash impact expected in the near term (fiscal 2025).",""
"203","2a97bee5","Impact of LULU's cybersecurity risk mgt. liability.","LULU","data\10k\converted\LULU.pdf","filename_fallback","93626,93661,93659,93662,93625,93663,93631,93658,93719,93604,93600,93605,93609,93599,93655,93592","278","Lululemon (LULU) acknowledges that despite safeguards and security processes, security breaches could expose the company to risks such as theft or misuse of sensitive information, potentially resulting in litigation and liability. The retail industry is a frequent target of cyber-attacks, and Lululemon may not always have the resources or technical sophistication to prevent rapidly evolving threats. Such breaches can lead to significant legal and financial exposure, including costs related to deploying additional security measures, training, and engaging third-party experts (Chunks 1, 5).\n\nLululemon has established a cybersecurity program and incident response plan, overseen by a Chief Information Security Officer (CISO) and a dedicated Cyber Defense and Incident Response (CDIR) team. The program includes risk assessments, employee training, penetration testing, and vendor risk management. Incidents are escalated to senior management and the board as necessary, and the company works with third-party advisors to address vulnerabilities (Chunks 2, 4, 6).\n\nAs of the most recent report, Lululemon has not been materially affected by previous cybersecurity incidents. However, it continues to experience attacks that could potentially have a material impact in the future (Chunk 6). If a significant incident were to occur, the company could face litigation, regulatory scrutiny, damage to customer relationships, and increased operational costs, all of which could result in material liability and negatively impact its business and financial condition (Chunks 1, 5, 6).",""
"202","9aaf2bc7","Risk mgmt, board composition, & governance at Masco are key factors to consider for investors, symbol: MAS.","MAS","data\10k\converted\MAS.pdf","filename_fallback","95085,95215,95239,95232,95124,95214,95125,95209,95163,95235,95157,95236,95237,95218,95126,95211","283","Masco Corporation (symbol: MAS) has established robust structures for risk management, board composition, and governance that are important considerations for investors:\n\nRisk Management:\n- Cybersecurity risk is integrated into Masco's overall enterprise risk management. The company's cybersecurity program follows the NIST Cybersecurity Framework and includes regular employee training, global threat monitoring, third-party attack simulations, and risk-based audits.\n- The Board of Directors has overall oversight of risk management, including cybersecurity, ensuring that management identifies, assesses, and mitigates key risks.\n- The Vice President of Information Technology and the Director of Enterprise Security, both with significant professional credentials, oversee the cybersecurity program and regularly report to the Board on risk trends, incident readiness, and mitigation activities.\n- In 2023, no cybersecurity threats were identified that materially affected or are reasonably likely to materially affect the company's business strategy, operations, or financial condition, though risks remain present.\n\nBoard Composition and Governance:\n- The Board includes a Chair and multiple independent directors, as evidenced by the signatories to the annual report, ensuring a diversity of perspectives and experience.\n- Masco maintains a Code of Ethics applicable to all employees, officers, and directors, including the principal executive, financial, and accounting officers. This Code, along with any amendments or waivers, is accessible on the company's website.\n- The Board receives regular updates on cybersecurity and overall risk management, and the internal audit function updates the Audit Committee on audit results and mitigation.\n- Governance information, executive compensation, and related matters are further detailed in the company's annual proxy statement.\n\nThese practices reflect Masco's commitment to sound corporate governance, effective risk management, and board oversight--key factors for investor confidence.",""
"205","562bd7c8","10-yr retirement % of mgmt & impact on succession planning at Constellation Energy Corp (CEG)","CEG","data\10k\converted\CEG.pdf","filename_fallback","38395,38396,38840,38349,38841,38348,38343,38491,38362,38381,38806,38842,38344,38507,38363,38807","114","As of December 31, 2023, 1,298 management employees at Constellation Energy Corp (CEG) are within 10 years of retirement. Given the total number of management employees is 2,711, this means approximately 48% of management is within 10 years of retirement.\n\nBecause turnover is inherent, management succession planning is actively performed and tracked for executives across the company. Management frequently reviews succession planning to ensure preparedness when positions become available, which is particularly important given the high percentage of management nearing retirement.",""
"200","b56880c7","Control transfer timing, shipping terms, and carrier, global.","","","fallback_no_tickers","64037,152901,1020,15571,153399,15568,152900,54752,54816,54724,153403,54699,152902,26441,26416,18916","161,58,5,456,458,79,48,186","Across global logistics and product sales companies, the timing of control transfer to the customer--and thus revenue recognition--typically depends on the shipping terms and the nature of the goods or services provided:\n\n- For goods, control generally transfers when the risk and title pass to the customer. This may occur either at the point of shipment or upon delivery, depending on contract terms such as Incoterms (e.g., FOB shipping point means control transfers at shipment; delivery terms may require receipt by the customer) ([Chunk 1], [Chunk 3], [Chunk 6], [Chunk 16]).\n- Companies consider factors such as present right to payment, transfer of legal title, physical possession, significant risks and rewards of ownership, and customer acceptance to determine when control is transferred ([Chunk 6], [Chunk 16]).\n- For non-customized goods with alternative use, control typically transfers at shipment or delivery; for customized or specialized goods, control may transfer over time as goods are manufactured if there is an enforceable right to payment ([Chunk 6]).\n- In logistics and transportation services, control and revenue recognition are linked to the performance obligation of transporting goods. Revenue is recognized over the transit period from origin to destination, reflecting the satisfaction of the service provided ([Chunk 2], [Chunk 7], [Chunk 14], [Chunk 15]).\n- The party responsible for selecting the carrier and managing the shipping process (principal vs. agent considerations) affects whether revenue is recognized on a gross or net basis. If the company controls the service (e.g., has discretion in carrier selection and pricing), it acts as principal and recognizes gross revenue; otherwise, it may be an agent and recognize net revenue ([Chunk 2], [Chunk 7]).\n- Payment terms vary but are typically due within 30 to 90 days after invoicing; in certain regions or circumstances, longer payment terms may occur but are generally not material ([Chunk 1], [Chunk 2], [Chunk 7], [Chunk 14]).\n\nIn summary, the timing of control transfer and revenue recognition in global shipping depends on contract shipping terms, the point at which risk and title pass to the customer, and whether the company controls the carrier selection and shipping process.",""
"206","b3e59d78","WTW's One WTW strategy gives a competitive edge in both mature and growth mkts.","WTW","data\10k\converted\WTW.pdf","filename_fallback","165506,165505,165526,165527,165521,165685,165525,165523,165520,165502,165545,165879,165687,165544,165671","493","Yes, WTW's ""One WTW"" strategy is designed to provide a competitive edge in both mature and growth markets. By leveraging a unified and integrated approach to advisory, broking, and solutions, WTW harnesses its collective capabilities to deliver connected and innovative offerings to clients globally. This strategy enables the company to operate effectively across diverse industries, segments, and geographies, focusing on core opportunities with the highest growth and return, and expanding through targeted solutions and inorganic growth where needed. The approach supports WTW's vision of sustainable, profitable growth and helps sharpen client strategies, enhance resilience, and maximize performance in both established and emerging markets.",""
"208","6846a3d1","Impact on margins and risk from transport cost volatility in freight/delivery cost treatment for Vulcan Materials: VMC.","VMC","data\10k\converted\VMC.pdf","filename_fallback","154410,154397,154394,154399,154388,154400,154392,154491,154387,154409,154398,154456,154341,154314,154389,154474","461","Vulcan Materials passes transportation (freight and delivery) costs on to customers, which helps mitigate the direct impact of transport cost volatility on their margins. Freight & delivery revenues and corresponding costs are treated as pass-through items: revenues and costs are included in total revenues and cost of revenues, but are excluded from key margin and profitability metrics such as freight-adjusted sales price and freight-adjusted gross profit (Chunks 2, 8, 16).\n\nThis accounting treatment means that Vulcan's reported margins (e.g., gross profit per ton, cash gross profit per ton) reflect the underlying profitability of their core products, excluding the effects of volatile transportation costs. As a result, short-term spikes or drops in freight costs do not directly erode reported segment margins, since these costs are generally passed through to customers.\n\nHowever, there is still some risk: if Vulcan is unable to fully pass on increased transportation costs to customers (for example, due to competitive pressures or market conditions), there could be pressure on margins. The company's extensive distribution network, leveraging trucking, rail, barge, and ocean vessels, is noted as a competitive advantage that can help control and optimize logistics costs and pricing (Chunk 3).\n\nIn summary, Vulcan's freight and delivery cost treatment reduces the direct margin impact from transport cost volatility, but there remains some risk if cost increases cannot be fully passed through to customers. The company's operational scale and logistics capabilities help manage this risk.",""
"207","cf081f0e","Impact of compensation data (ETR) on cost mgmt & profitability vs Philly utility peers.","ETR","data\10k\converted\ETR.pdf","filename_fallback","167610,167661,167609,167632,167606,167633,167698,167697,167131,167598,167622,167130,167623,167604,167615,166914","495","Entergy Corporation (ETR) benchmarks its executive compensation using survey data and peer comparisons, specifically targeting compensation levels at approximately the 50th percentile (market median) of surveyed companies, with new executives closer to the 25th percentile and seasoned executives potentially above the median. The primary peer group for benchmarking is the Philadelphia Utility Index, which includes companies of comparable business and scale (Chunks 1, 3).\n\nThis compensation strategy aims to motivate and reward performance consistent with ETR's goals while remaining competitive within the industry. Performance-based incentive programs (both annual and long-term) are structured around measures such as relative Total Shareholder Return (TSR) compared to the Philadelphia Utility Index and financial metrics like Adjusted FFO/Debt Ratio and Adjusted EPS (Chunks 4, 5, 6, 10, 15). By focusing on these performance metrics, ETR encourages behaviors that drive operational efficiency, financial discipline, and shareholder value creation.\n\nRelative to its Philadelphia Utility peers, this approach allows ETR to manage costs by aligning pay with both individual and company performance, rather than simply increasing fixed compensation. The use of objective, market-based measures helps ensure compensation is tied to results rather than guaranteed, supporting cost management by avoiding overpayment for underperformance. In addition, by targeting the median rather than the top quartile, ETR avoids excessive compensation costs while still attracting and retaining key talent.\n\nIn summary, ETR's compensation practices are designed to balance competitiveness with cost management, supporting profitability through pay-for-performance principles and benchmarking against industry peers in the Philadelphia Utility Index. This approach helps maintain cost discipline while incentivizing superior performance versus peers.",""
"209","03d190de","Devon Energy: 2023 net earnings reconciliation - co vs NCI components.","DVN","data\10k\converted\DVN.pdf","filename_fallback","46500,46512,46555,46570,46556,46513,46567,46519,46478,46499,46527,46517,46521,46579,46557","138","For the year ended December 31, 2023, Devon Energy's net earnings reconciliation between the company (Devon) and noncontrolling interests (NCI) is as follows:\n\n- Net earnings: $3,782 million\n  - Net earnings attributable to noncontrolling interests (NCI): $35 million\n  - Net earnings attributable to Devon (the company): $3,747 million\n\nThis means that out of the total net earnings of $3,782 million, $35 million was attributable to noncontrolling interests, and $3,747 million was attributable to Devon Energy shareholders.  \n(Source: Chunk 2, Chunk 3)",""
"212","962b0b55","Delta in tax expense for HES: 2022 vs 2023 income tax provisions.","HES","data\10k\converted\HES.pdf","filename_fallback","73463,73601,73514,73462,73450,73515,73458,73589,73585,73459,73452,73449,73442,73451,73455","216","The provision for income taxes for Hess Corporation was $1,099 million in 2022 and $733 million in 2023. The delta (change) in income tax expense from 2022 to 2023 is a decrease of $366 million. \n\nThis decrease was primarily due to the absence of income tax expense from Libya operations (which was $527 million in 2022 before the sale of those operations in November 2022), partially offset by higher income tax expense in Guyana as a result of higher pre-tax income in 2023.",""
"211","5db190aa","HR initiatives at Molina Healthcare, impacting retention & competitiveness, are key to enhancing overall performance.","MOH","data\10k\converted\MOH.pdf","filename_fallback","102334,102380,102583,102584,102377,102378,102500,102370,102329,102585,102327,102567,102456,102457,102551,102365","305","Molina Healthcare has implemented several HR initiatives aimed at improving employee retention and competitiveness, which contribute to its overall performance:\n\n- Flexible Work Schedules and Paid Parental Leave: The company launched flexible work schedules for most employees and implemented paid parental leave for all eligible employees, supporting work-life balance and employee satisfaction.\n\n- Comprehensive Benefits: Eligible employees receive comprehensive health insurance with no increase in employee contributions for 2023 and 2024, a 401(k) employer match up to 4%, personal and volunteer time off, wellness programs, dependent-care support, tuition reimbursement, and an employee assistance program.\n\n- Employee Development and Engagement: Molina offers leadership development programs, new learning management systems for career growth, and annual engagement surveys to gather employee feedback. The results of these surveys are reviewed by the board of directors and have shown year-over-year improvement, exceeding industry benchmarks.\n\n- Diversity, Equity, and Inclusion: Ongoing improvements are made in hiring strategies and human capital policies, with a focus on diversity, equity, and inclusion.\n\n- Pay and Recognition: The company maintains market-competitive total rewards, including pay, benefits, and time-off, and offers equity-based compensation and an Employee Stock Purchase Plan to align employee and shareholder interests.\n\n- Succession Planning: High performer retention and development are regularly monitored, and succession planning is a key part of the human capital strategy.\n\nThese initiatives help Molina attract and retain top talent, foster employee engagement, and align employee interests with corporate objectives, strengthening the company's competitive position and supporting its strategic goals in the government-sponsored healthcare industry.",""
"213","77270f50","HC investment and workforce allocation impact on growth for Public Storage.","PSA","data\10k\converted\PSA.pdf","filename_fallback","124602,124608,124620,124746,124621,124611,124607,124601,124745,124603,124724,124599,124596,124723,124610,124595","373","Public Storage considers its employees fundamental to executing its corporate strategies and creating long-term value. The company's human capital (HC) investment and workforce allocation directly support its growth strategies in several ways:\n\n- Attracting, developing, and retaining high-quality talent is a core focus. Public Storage emphasizes a diverse and inclusive work environment, competitive compensation, comprehensive benefits, and career growth opportunities, which help foster employee engagement and commitment to the company's goals (Chunks 2, 7).\n- The majority of Public Storage's roughly 6,200 employees work in customer-facing roles, including property-level and customer care center personnel, which directly impacts operational performance and customer satisfaction--key drivers of revenue growth (Chunk 7).\n- Training and development programs are provided at all levels, with particular emphasis on onboarding property managers (most of whom lack prior self-storage experience), leadership development, mentoring, and succession planning. These programs ensure employees have the necessary skills and knowledge to contribute to operational efficiency and growth (Chunks 6, 15).\n- Centralization of key administrative functions--such as facility maintenance, employee compensation and benefits, and revenue management--leverages the company's scale to achieve high operating margins and low administrative costs relative to revenues. This efficient workforce allocation supports profitability and enables reinvestment in growth initiatives (Chunks 1, 10).\n- The company's commitment to diversity and inclusion, as well as its requirement to consider diverse candidates for leadership roles, is designed to build a leadership pipeline reflective of its diverse customer base, supporting both innovation and organizational resilience (Chunk 2).\n\nIn summary, Public Storage's investment in its workforce--through hiring, training, benefits, and diversity initiatives--enables operational excellence, supports customer satisfaction, and underpins the company's strategies for growth through improved facility performance, acquisitions, and development.",""
"210","fdaed5b1","Impact on growth and global risk of financial segmentation, with NTRS US vs non-US as the key player.","NTRS","data\10k\converted\NTRS.pdf","filename_fallback","122380,122755,122439,122381,122198,122440,122441,122551,122365,122344,122372,122352,122223,122388,122196","368","Northern Trust (NTRS) operates globally with significant business segments in both the U.S. and non-U.S. markets. The company's financial segmentation between U.S. and non-U.S. activities impacts both its growth opportunities and its global risk profile.\n\n**Growth Impact:**\n- Northern Trust's U.S. operations account for the majority of its assets and revenues, but non-U.S. activities represent a substantial portion--26% of total assets and 32% of total revenue in 2023. This global diversification allows for access to a broader client base and new markets, supporting growth beyond the U.S. (Chunk 2).\n- The non-U.S. segment is primarily focused on asset servicing, asset management, foreign exchange, cash management, and commercial banking for institutional clients, with operations managed across regions such as Europe, the Middle East, and Asia-Pacific. This positioning enables Northern Trust to benefit from international financial trends and client demands (Chunks 3, 5, 8).\n\n**Global Risk Impact:**\n- The financial segmentation introduces complexities in risk management. Non-U.S. operations are subject to different regulatory regimes, economic cycles, and geopolitical risks compared to U.S. operations.\n- Northern Trust actively manages these risks through a robust credit approval and monitoring process for non-U.S. counterparties, including annual reviews, internal risk ratings, and the use of risk mitigation tools such as collateral and netting agreements. The Capital Markets Credit Committee also oversees country-risk and sets exposure limits (Chunks 6, 7).\n- A significant proportion of Northern Trust's liabilities (52% in 2023) are attributed to foreign activities, indicating a substantial exposure to non-U.S. funding markets. This can increase vulnerability to global financial market volatility and foreign exchange risk (Chunk 4).\n- The complexity and integration of U.S. and non-U.S. activities make precise risk segregation challenging, which may heighten operational risk and complicate compliance efforts (Chunks 2, 3, 4).\n\n**Summary:**  \nFinancial segmentation between U.S. and non-U.S. operations enables Northern Trust to pursue global growth but also increases its exposure to diverse and potentially volatile international risks. The company's risk management framework seeks to address these challenges, but the integrated nature of its operations necessitates careful oversight to balance growth with global risk.",""
"216","f4a7a397","Diff in employee count by geography for SNOW US vs intl.","SNOW","","fallback_no_files_on_disk","26336,12049,85032,41441,33604,127613,127614,51117,132994,93595,85915,21999,129112,167858,25539,50951","67,387,102,38,76,397,79,496,149,278,122,252,381,254","I cannot find sufficient information in the provided documents to answer this question.",""
"214","49415fbf","PACCAR, ticker PCAR, showcases robust cyber governance vs. peers, enhancing competitive positioning.","PCAR","data\10k\converted\PCAR.pdf","filename_fallback","116354,116404,116486,116374,116495,116396,116353,116398,116375,116350,116360,116393,116397,116442,116371,116376","349","PACCAR demonstrates strong cybersecurity governance practices. The company has a Security Risk Council, including the Chief Information Security Officer, which regularly reviews risks and updates the security program. The Board of Directors and Audit Committee receive briefings on technology and information security matters, as well as periodic updates on cybersecurity investments. Annual information security training and ongoing phishing tests are conducted for employees. PACCAR has not experienced any notable security incidents that would materially impact its operations or financial condition, although some dealers and suppliers have reported cyberattacks without material impact to PACCAR.\n\nWhile the provided context does not directly compare PACCAR's cybersecurity governance to its peers, these robust practices likely support its competitive positioning by managing risks effectively and maintaining operational resilience.",""
"218","514ec2c8","SW Airlines' contingent liabilities litigation may impact BS & valuation.","LUV","data\10k\converted\LUV.pdf","filename_fallback","101825,101877,101885,101731,101607,101646,101843,101876,101522,101973,101697,101938,101791,101799,101696,101792","303","Southwest Airlines is subject to various contingent liabilities from ongoing litigation and regulatory actions, which could potentially impact its balance sheet and valuation. The company discloses that it is involved in several legal proceedings, including class action litigation related to paid short-term military leave and regulatory investigations stemming from operational disruptions (such as the December 2022 flight cancellations). For example, in 2023, Southwest accrued a $107 million expense associated with a Department of Transportation (DOT) settlement, with an additional $33 million penalty assessed but credited due to prior customer compensation.\n\nWhile management currently does not expect the outcomes of these legal proceedings to have a material adverse effect on the company's financial condition, results of operations, or cash flow, it does acknowledge that adverse outcomes could be material. The company also notes that some litigation matters cannot be reasonably estimated and could result in significant monetary damages, injunctive relief, or reputational harm, all of which could materially affect its business, financial condition, and operating results (see Chunks 2, 4, 11, and 15).\n\nIn summary, although Southwest typically assesses and accrues liabilities when losses are probable and estimable, the ultimate impact of contingent litigation liabilities on the balance sheet and company valuation remains uncertain and could be significant in the event of adverse judgments or settlements.",""
"222","f6d6e3cf","Impact of MPC non-FM construction milestone fee risk.","","","fallback_no_tickers","86477,127962,146784,106815,75122,135570,93287,60459,108110,135569,91357,107991,108111,108109,60458,91979","256,323,271,273,178,404,277,440,221,382,319","I cannot find sufficient information in the provided documents to answer this question.",""
"219","7abe4278","AKAM's legal proceedings may affect profitability and capital allocation.","AKAM","data\10k\converted\AKAM.pdf","filename_fallback","1868,1996,1770,1875,1873,1874,1793,1794,1951,1825,1998,1791,1798,1834,1772,1771","8","Based on the provided context, Akamai (AKAM) is involved in various litigation matters, governmental proceedings, investigations, claims, and disputes that are considered routine and incidental to its business. The company does not currently expect the results of any of these matters to have a material effect on its business, results of operations, financial condition, or cash flows. Therefore, at this time, AKAM's legal proceedings are not expected to significantly affect profitability or capital allocation.",""
"221","b7268d1d","Liquidity and long-term profitability may be affected by CRWD's legal proceedings.","CRWD","data\10k\converted\CRWD.pdf","filename_fallback","41315,41320,41398,41397,41316,41407,41050,41329,41353,41325,41269,41415,41416,41408,41270,41267","121","Based on the provided context, there is no indication that CrowdStrike's (CRWD) current legal proceedings are likely to have a material effect on its liquidity or long-term profitability. The company notes that, as of the latest reporting period, there is no pending or threatened legal proceeding that is reasonably possible to have a material effect on its consolidated financial statements. While CrowdStrike is involved in various legal proceedings and claims in the ordinary course of business, any liabilities that are both probable and reasonably estimable have been recorded. The company also acknowledges that the results of litigation and claims are inherently unpredictable and litigation can have an adverse impact due to the costs and management attention required, but there is no current litigation expected to significantly affect liquidity or profitability.",""
"215","07cc004d","How do cybersecurity & digital investments by IPG impact growth strategy & comp. positioning?","IPG","data\10k\converted\IPG.pdf","filename_fallback","82061,82091,82112,82084,82056,82270,82060,82077,82063,82069,82081,82107,82058,82066,82065,82120","243","Cybersecurity and digital investments are central to IPG's growth strategy and competitive positioning. IPG has made significant investments in digital capabilities such as data, identity resolution, digital commerce, and platform technologies, which are critical for helping clients solve business challenges in a digital-first world. These investments enable IPG to deliver audience-led, tech-enabled marketing solutions, personalized user experiences, and more accountable marketing for brands (Chunks 1, 7, 9).\n\nCybersecurity is a key part of IPG's operations, given its reliance on information technology to manage business processes and sensitive client data. IPG maintains comprehensive cybersecurity policies, regular reviews, dedicated teams (including a CIO and CISO), ongoing training, and robust incident response procedures. This strong cybersecurity framework helps ensure the integrity and availability of digital services, building client trust and supporting the company's ability to deliver advanced digital solutions (Chunks 3, 12).\n\nTogether, these digital and cybersecurity investments have positioned IPG as a leader in providing innovative, secure, and effective marketing and communications services. This has contributed to IPG's reputation for creativity and effectiveness (e.g., being ranked the #1 most creatively effective holding company at the U.S. Effie Awards), and supports its strategy of growth through high-value service offerings and ongoing acquisition of digital and data-driven capabilities (Chunks 1, 7, 9, 13).",""
"220","71e89cfe","Impact on liquidity and cash flows from capex at Camden Property Trust (CPT)?","CPT","data\10k\converted\CPT.pdf","filename_fallback","31754,31715,31753,31714,31722,31761,31752,31749,31649,31689,31667,31671,31695,31690,31744,31712","97","Capital expenditures (capex) at Camden Property Trust (CPT) have a direct impact on both liquidity and cash flows:\n\n1. **Cash Outflows for Capex**: In 2023, CPT spent approximately $410.9 million on property development and capital improvements. These cash outflows are reflected in the net cash used in investing activities, which totaled about $127.1 million for the year (Chunk 3). Capex is a significant use of cash and reduces the available cash and cash equivalents unless offset by proceeds from property sales or other inflows.\n\n2. **Liquidity Management**: CPT anticipates meeting its capital expenditure requirements through a combination of cash flows from operations, draws on its unsecured revolving credit facility, debt and equity offerings, proceeds from property dispositions, and other borrowings (Chunks 2, 5, 9, 13). As of December 31, 2023, CPT had about $1.2 billion available under its unsecured revolving credit facility, indicating it maintains significant liquidity to support ongoing and future capex needs (Chunk 13).\n\n3. **Recurring vs. Growth Capex**: The company distinguishes between recurring capital expenditures (to maintain properties) and expenditures for development, repositions, and revenue-enhancing projects (Chunk 5, 16). Recurring capex is necessary to preserve the value and functionality of assets and is considered in measures like Core AFFO, which provides a view of cash flow after maintaining existing assets (Chunk 16).\n\n4. **Cash Flow Impact**: Despite significant capex, CPT generated strong operating cash flows--approximately $795 million in 2023, up from $745 million in 2022 (Chunk 3). This operational strength helps offset the cash outflows from capex and supports the company's ability to fund dividends and other obligations.\n\n5. **Strategic Approach**: CPT stages its construction to allow leasing and occupancy during the construction period, minimizing the duration of lease-up and helping to maintain operating cash flows even while investing in new developments (Chunk 6).\n\nIn summary, while capex significantly reduces CPT's cash through investing activities, the company manages liquidity through a mix of operational cash flow, available credit, asset sales, and capital markets access, and maintains a strong balance sheet to support ongoing investment needs.",""
"224","384ffb65","74K associates @ 1:1K ratio for BD exec sponsor headcount.","","","fallback_no_tickers","110448,112889,15697,15701,42315,71961,3567,15696,42805,149301,42804,42314,81716,130371,136920,60171,82364","446,390,332,14,49,338,211,242,177,244,408,125,126","Based on the context, BD (Becton, Dickinson and Company) has approximately 74,000 associates as of September 30, 2024. If you are seeking the number of executive sponsors at a 1:1,000 (1:1K) ratio, you would divide the total associate count by 1,000:\n\n74,000 associates / 1,000 associates per executive sponsor = 74 executive sponsors.\n\nTherefore, at a 1:1,000 ratio, BD would have 74 executive sponsors for its 74,000 associates.",""
"225","07a24577","Trend in accrued CapEx for investment pace at LULU.","LULU","data\10k\converted\LULU.pdf","filename_fallback","93707,93705,93766,93730,93735,93665,93703,93594,93767,93593,93674,93670,93668,93669,93613,93736","278","The trend in accrued capital expenditures (CapEx) at lululemon shows a notable increase, indicating an acceleration in investment pace. Specifically, accrued capital expenditures rose from $19.4 million as of January 29, 2023, to $31.9 million as of January 28, 2024. This increase reflects higher investments, particularly in distribution centers and technology infrastructure, as mentioned in the company's liquidity and investing activities discussions (Chunks 1 and 9).",""
"217","d747f567","Impact of PPG exec backgrounds on cap allocation & financial health across industrial, automotive, coatings sectors, ticker at the end.","PPG","data\10k\converted\PPG.pdf","filename_fallback","121284,121283,121285,121240,121363,121440,121238,121286,121458,121233,121236,121307,121308,121438,121362","365","Based on the provided context, PPG's executive team has extensive and diverse experience across the company's key business segments--industrial coatings, automotive coatings, architectural coatings, and protective/marine coatings. For example:\n\n- Timothy M. Knavish, the current Chairman and CEO, has held leadership roles in Architectural Coatings, Industrial Coatings, Automotive Coatings, and Protective and Marine Coatings over his career at PPG (Chunks 1, 2).\n- Other executives, such as Kevin D. Braun (Senior Vice President, Industrial Coatings Segment) and Chancey E. Hagerty (Senior Vice President, Automotive Refinish Coatings), have also rotated through roles that cover both regional and global responsibilities within their respective segments (Chunks 2, 3).\n\nThis breadth of experience allows the executive team to have a comprehensive understanding of the operational and market dynamics across all PPG's business lines. Such cross-segment expertise is likely to contribute positively to capital allocation and financial health in several ways:\n\n- Informed Capital Allocation: Executives with direct experience in multiple segments can better assess where to allocate resources for maximum impact, balancing investments among high-growth areas (like aerospace and automotive OEM coatings) and mature or cyclical segments (Chunks 12, 13).\n- Financial Health: The company's recent financial results show disciplined cost management (through cost-saving initiatives), strong pricing actions to offset inflation, and segment income growth, particularly in industrial coatings, which saw a 50% increase in segment income from 2022 to 2023 (Chunk 12).\n- Strategic Flexibility: Their backgrounds enable agile responses to changing demand conditions, such as shifting focus to robust markets (aerospace, Mexico) while managing softness in others (Europe, DIY architectural coatings in the U.S.) (Chunk 12).\n\nOverall, the executive team's extensive cross-segment experience supports sound capital allocation decisions and financial resilience across PPG's industrial, automotive, and coatings sectors.\n\nTicker: PPG",""
"226","17530670","First Solar's tech refinements are impacting $FSLR pricing wars & supply-demand dynamics.","FSLR","data\10k\converted\FSLR.pdf","filename_fallback","64773,64702,64655,64660,64774,64658,64701,64927,64772,64839,64771,64926,64643,64679,64911,64781","188","First Solar's ongoing technology refinements are playing a key role in how the company navigates pricing wars and supply-demand dynamics in the solar industry. The company focuses on advanced module technology, improvements in manufacturing processes, and R&D to differentiate itself from competitors, particularly manufacturers of crystalline silicon solar modules--many of whom are based in China and benefit from significant production capacity and state support ([Chunk 1], [Chunk 4], [Chunk 7]).\n\nThese technology advancements include the production of larger, higher-wattage modules (e.g., Series 7 with 533 watts average power output) and the introduction of bifacial modules, which increase energy yield by capturing irradiance from both sides ([Chunk 3], [Chunk 11]). Such innovations help First Solar compete not just on price per watt, but also on module attributes like energy yield, degradation, sustainability, and reliability ([Chunk 1], [Chunk 6]).\n\nDespite these refinements, the solar industry remains highly competitive, with frequent periods of structural imbalance between supply and demand, leading to pricing volatility. Overcapacity--especially from Chinese manufacturers--can drive prices down, making it difficult for all players to sustain profitability. However, near-term module pricing in the U.S. remains strong, partially due to increased demand for domestically manufactured modules driven by incentives from the Inflation Reduction Act (IRA) ([Chunk 1], [Chunk 5], [Chunk 16]).\n\nIn summary, First Solar's technology improvements allow it to better withstand pricing pressures and periods of oversupply, but the broader supply-demand and competitive dynamics of the industry, especially due to aggressive pricing and expansions by Chinese competitors, continue to influence overall market pricing and profitability.",""
"228","0ac99337","Insider trading in MGM shows correlation with profitability, cash flow, & market valuation.","MGM","data\10k\converted\MGM.pdf","filename_fallback","100605,100601,100690,100561,100700,100600,100713,100400,100633,100543,100712,100621,100448,100396,100559,100632","300","I cannot find sufficient information in the provided documents to answer this question.",""
"227","69113c9d","Diff % in frontline vs mgr turnover improvement for Assurant.","AIZ","data\10k\converted\AIZ.pdf","filename_fallback","6417,6416,6421,6422,6424,6420,6419,6392,6429,6427,6391,6430,6385,6647,6402,6650","22","For full-year 2023, Assurant's turnover rate for managerial and salaried roles improved by 3 percentage points year-over-year, while turnover for frontline employees improved by 8 percentage points year-over-year. The difference in improvement between frontline and managerial turnover rates is 5 percentage points (8% for frontline minus 3% for managerial roles).",""
"229","3214f263","Match Group's competitive positioning for brand portfolio strategy focuses on customer acquisition, reflecting ticker MG.","MTCH","data\10k\converted\MTCH.pdf","filename_fallback","105547,105457,105599,105461,105462,105541,105458,105552,105553,105543,105638,105680,105633,105459,105546,105468","315","Match Group's competitive positioning for its brand portfolio strategy centers on leveraging its broad portfolio of well-known and emerging brands to attract and acquire new users. The company sees a significant advantage in having multiple brands, as many customers use more than one of its services either concurrently or sequentially. This breadth allows Match Group to serve varying user preferences and demographics, increasing overall market reach and customer acquisition.\n\nKey elements of the strategy include:\n\n- Tailoring each brand to specific user preferences and demographics, allowing for targeted customer acquisition.\n- Offering a mix of free and premium features across brands, with recurring subscriptions and à la carte options to appeal to different types of users.\n- Utilizing both word-of-mouth and paid advertising (online, including social media, and offline such as TV and billboards) to drive user growth.\n- Continuously evolving services and introducing new features to remain attractive to users and to keep up with technological and social trends.\n- Capitalizing on the strength and reputation of its established brands, while also investing in emerging brands to grow their user bases.\n- Centralizing best practices and certain operational functions (like marketing and analytics) across brands to optimize growth and efficiency.\n\nThis approach is seen as a competitive advantage, especially since the industry is highly competitive with no single dominant brand globally. Match Group's ability to attract new users depends on its reputation, brand strength, breadth of services, and ongoing innovation, all of which contribute to its strong positioning for customer acquisition (MG ticker).",""
"223","c24316b7","Impact of T. Rowe Price repurchases on liquidity, FCF, and share reduction, TROW.","TROW","data\10k\converted\TROW.pdf","filename_fallback","145634,145573,145625,145633,145632,145574,145623,145622,145661,145624,145630,145582,145663,145620,145619","436","T. Rowe Price's share repurchases have several impacts on the company's liquidity, free cash flow (FCF), and share count:\n\n1. Liquidity:\n- T. Rowe Price funds its share repurchases from existing cash balances and cash generated from operations, indicating that these actions reduce available liquidity but are supported by strong operating cash flows and ample liquidity reserves.\n- In 2023, the company spent $253.9 million to repurchase 2.4 million shares, down from $849.8 million for 6.8 million shares in 2022. Despite these outflows, the company maintained significant liquidity, reporting $2,066.6 million in cash and cash equivalents at the end of 2023, up from $1,755.6 million at the end of 2022 (Chunks 3, 7, 15).\n- The use of cash for repurchases is part of the company's overall cash return to shareholders, alongside dividends (Chunk 3).\n\n2. Free Cash Flow (FCF):\n- While the documents do not state FCF directly, share repurchases are a use of cash and reduce the cash available after operations and investments, thus reducing FCF. However, T. Rowe Price continues to generate strong operating cash flows (e.g., $2,058.6 million in 2023) sufficient to fund both dividends and share repurchases (Chunks 3, 11).\n- The company's investing and financing activities, including repurchases, are regularly funded by these strong operating cash flows, suggesting a well-managed balance between FCF generation and capital returns (Chunks 3, 5, 7).\n\n3. Share Reduction:\n- Share repurchases directly reduce the number of outstanding shares. In 2023, T. Rowe Price repurchased 2.4 million shares, or about 1.1% of its outstanding common stock, at an average price of $104.63 per share (Chunks 7, 8).\n- The company states it generally repurchases shares to offset dilution from equity-based compensation plans, but overall, the share count has declined as a result of these buybacks (Chunks 7, 6).\n- The total number of shares outstanding was 223,938,000 at year-end 2023, down from 224,310,000 at year-end 2022 (Chunk 13).\n\nIn summary, T. Rowe Price's repurchases are a planned use of liquidity and FCF, funded by strong operations, and result in a modest but meaningful reduction in outstanding shares, supporting shareholder value.",""
"230","a3403e5b","Impact of Hilton's net cash financing on liquidity & capital structure: effects of divs & repurchases on fin. position. HLT","HLT","data\10k\converted\HLT.pdf","filename_fallback","74876,74878,74877,74846,74875,74845,74874,74842,74801,74841,74844,74784,74879,74828,74867","220","Hilton's net cash used in financing activities had a significant impact on its liquidity and capital structure in 2023. The main drivers were the return of capital to stockholders through dividends and share repurchases. Specifically, in 2023, Hilton repurchased approximately 15.6 million shares for $2.3 billion and paid $158 million in dividends (Chunks 1, 2, 10). These activities increased the net cash outflows from financing, with a total of $2.04 billion used in financing activities (Chunk 1).\n\nThe effects on Hilton's financial position include:\n\n- Reduced cash and equivalents: The substantial cash outflows from dividends and share repurchases contributed to a net decrease in cash, restricted cash, and cash equivalents by $411 million during the year, ending 2023 with $875 million in these balances (Chunks 1, 3).\n- Increased stockholders' deficit: Share repurchases reduce equity, as reflected in the increased treasury stock balance (from $6.04 billion in 2022 to $8.39 billion in 2023) and a larger accumulated deficit (improved from $(5.19) billion to $(4.21) billion due to net income, but still negative). The total Hilton stockholders' deficit increased from $(1.1) billion to $(2.36) billion over the year (Chunk 2, 7).\n- Ongoing capital return: Hilton continued prioritizing the return of capital to shareholders, with $3.8 billion remaining authorized for future repurchases (Chunk 10).\n- Liquidity outlook: Despite the outflows, Hilton maintains access to liquidity through its operating cash flows and a revolving credit facility with $1.9 billion available, and management believes these sources are sufficient to meet foreseeable needs (Chunks 4, 8, 10).\n\nIn summary, dividends and share repurchases have reduced Hilton's liquidity and increased its stockholders' deficit, but the company retains significant borrowing capacity and expects to meet its operating and capital commitments for the foreseeable future.",""
"232","717e45c3","Evaluation of risk-reward for unfunded commitments in TRV.","TRV","data\10k\converted\TRV.pdf","filename_fallback","155125,155127,155124,155391,155170,155032,155033,155285,155037,155036,154954,155150,155073,155237,155157,155119","464","The Travelers Companies, Inc. (TRV) has unfunded commitments primarily to private equity limited partnerships, real estate partnerships, and other investments, totaling $2.05 billion as of December 31, 2023 (Chunks 2, 4). These commitments have historically provided higher returns compared to fixed maturities but are subject to greater volatility, less stable rates of return, and less liquidity (Chunks 2, 10, 11, 12). The risk profile of these assets is higher because they can be more affected by changes in economic and market conditions, and their valuations may be more volatile than traditional fixed income investments.\n\nHowever, TRV's management believes the company has adequate liquidity to meet these commitments (Chunk 2), supported by a large, high-quality, and highly liquid fixed maturity portfolio and strong operating cash flows (Chunks 2, 11, 16). The company's overall investment philosophy is focused on appropriate risk-adjusted returns, and the vast majority of its portfolio remains in high-quality, liquid fixed income securities (Chunks 11, 16). \n\nIn summary, while unfunded commitments in alternative assets present higher risk and volatility, they are expected to offer higher returns, and TRV's liquidity and conservative portfolio management mitigate the associated risks. The company monitors these exposures and maintains sufficient liquidity to meet future funding requirements, balancing risk and reward in its investment strategy.",""
"234","edfb9a1c","Link btwn cost savings/infra complexity & op efficiency, AKAM, & valuation multiples.","AKAM","data\10k\converted\AKAM.pdf","filename_fallback","1789,1883,1874,1823,1875,1788,1885,1834,1795,1791,1978,1773,1956,2032,1933,1780","8","Akamai's operational efficiency is closely linked to its ability to deliver cost savings and reduce infrastructure complexity for its customers, which are key competitive advantages. The company competes by offering solutions that provide a strong return on investment through cost savings, reduced infrastructure complexity, and operational efficiencies (Chunks 1, 6). These advantages are achieved by investing in internal-use software to improve network performance, migrating third-party cloud services to its own Akamai Connected Cloud, and managing network build-out and co-location costs (Chunks 3, 5, 7).\n\nImproved operational efficiency and cost management can lead to higher profitability, which is an important driver of valuation multiples. Investors typically reward companies with strong profitability, scalability, and operational leverage with higher valuation multiples, particularly when these are achieved through sustainable cost-saving measures and infrastructure simplification. Furthermore, Akamai's focus on reducing infrastructure complexity and improving efficiency allows it to allocate resources toward faster-growing solutions, supporting future growth prospects, another factor that can positively impact valuation multiples (Chunks 3, 5).\n\nIn summary, Akamai's efforts to deliver cost savings and reduce infrastructure complexity enhance operational efficiency, which can improve profitability and growth outlook--key factors that tend to support higher valuation multiples in the market.",""
"231","20761c72","Geo comp dynamics affect strategy, risk, & valuation for Westinghouse Air Brake Tech Corp (WAB).","WAB","data\10k\converted\WAB.pdf","filename_fallback","156646,156620,156663,156662,156595,156621,156654,156653,156607,156837,156644,156826,156610,156746,156741,156693","468","Geopolitical and competitive dynamics significantly affect the strategy, risk, and valuation of Westinghouse Air Brake Technologies Corporation (WAB).\n\nStrategy:\nWabtec operates in a highly competitive and global marketplace, facing substantial competition from both established multinational companies and smaller, local suppliers. The company's strategy includes continuous innovation (such as zero-emissions operations, automation, and digitization), investment in new technologies, and strategic acquisitions to maintain and grow its market position (Chunks 1, 2, 5, 13, 16). Wabtec's global presence--operations in over 50 countries and sales in more than 100 countries--also means its strategy must adapt to varying regional market conditions and customer needs (Chunks 5, 16).\n\nRisk:\nGeopolitical risks are material for Wabtec. Regional and international conflicts, such as the ongoing Russia-Ukraine conflict, can disrupt supply chains, transportation routes, and economic conditions, especially in regions where Wabtec operates, such as Kazakhstan and Russia (Chunks 3, 4). These conflicts can also heighten other risks, including inflation, currency fluctuations, trade policy changes, and even the potential nationalization of assets. Additionally, Wabtec is exposed to risks from supply chain disruptions, inflation, commodity cost escalation, and disputes with suppliers (Chunk 8).\n\nValuation:\nThese strategic and risk factors feed directly into Wabtec's valuation. Geopolitical instability and strong competition can limit growth prospects, increase operational costs, and introduce uncertainty in forecasting financial performance. The company's commitment to innovation and sustainability may support long-term value creation, but external risks--such as global conflicts and economic volatility--can negatively impact projected earnings, cash flow, and asset values, all of which are critical to valuation (Chunks 1, 2, 4, 16).\n\nIn summary, Wabtec's global strategy, risk exposure, and valuation are closely linked to geopolitical and competitive dynamics, which influence market opportunities, operational risks, and ultimately, shareholder value.",""
"233","7f17dcac","Pricing timing mkt conditions for Adobe structured vs accelerated repurchase, ticker at end.","ADBE","data\10k\converted\ADBE.pdf","filename_fallback","1423,1307,1308,1420,1424,1421,1342,1343,1417,1451,1425,1411,1302,1450,1168,1430","6","Adobe utilizes both structured stock repurchase agreements and accelerated share repurchase agreements (ASRs) as part of its stock buyback program.\n\n**Pricing and Timing:**\n\n- **Structured Stock Repurchase Agreements:**  \n  - Adobe enters into these agreements with large financial institutions, making prepayments (e.g., $3 billion in fiscal 2023, $4.15 billion in fiscal 2022).\n  - Shares are delivered at monthly intervals over the contract term.\n  - The number of shares delivered each month depends on the total notional contract amount, number of trading days, and the Volume Weighted Average Price (VWAP) during the interval, minus an agreed-upon discount.\n\n- **Accelerated Share Repurchase Agreements (ASRs):**\n  - Adobe provides a prepayment (e.g., $2.5 billion for both June and September 2024 ASRs).\n  - At contract inception, a portion of shares is delivered immediately, with the final number determined at settlement based on the VWAP over the ASR period, less a discount.\n  - For example, the June 2024 ASR repurchased 4.6 million shares at an average price of $546.30; the September 2024 ASR ultimately repurchased 5.0 million shares at an average price of $501.37.\n\n**Market Conditions:**\n- The VWAP during the contract period is the main determinant of the final share price for both structured and accelerated repurchases, which means the timing of agreements and prevailing market prices directly impact the repurchase price.\n- The company may choose the type and timing of repurchase based on market conditions to maximize value or minimize dilution.\n\n**Ticker:**\n- Adobe's stock trades on the Nasdaq under the ticker symbol **ADBE**.\n\nIn summary, both methods use VWAP and discounts to set pricing, but structured agreements deliver shares gradually, while ASRs provide an initial batch with final settlement after the contract period. Timing and prevailing market prices influence the final repurchase costs.",""
"235","f7b112b0","BAC's cyber sec. capex impacts growth & comp. positioning.","BAC","data\10k\converted\BAC.pdf","filename_fallback","24182,24253,24181,24337,24293,24250,24180,24307,24249,24248,24488,24375,24493,24251,24802,24292","73","Bank of America (BAC) devotes considerable resources to cybersecurity, including capital expenditures to enhance its information systems, security tools, and processes. This investment is necessary because BAC operates in a highly competitive environment where technology, customer service, and reputation are key factors for growth and competitive positioning.\n\nInvesting in cybersecurity is essential for BAC's ability to deliver secure and reliable digital banking products and services, which helps attract and retain customers as well as maintain trust. As digital adoption increases, BAC's exposure to cybersecurity risks grows, requiring ongoing enhancements and spending on technology and security infrastructure. These efforts are critical for minimizing operational disruptions, regulatory risk, and reputational harm, all of which can affect business growth.\n\nAdditionally, BAC's substantial cybersecurity efforts, including a dedicated team of over 3,000 information security professionals and advanced programs, support its ability to compete with both traditional financial institutions and technology-driven, nonbank competitors. Strong cybersecurity capabilities help BAC differentiate itself in the market, safeguard its operations, and maintain customer confidence, thereby positively impacting its growth and competitive position.\n\nIn summary, BAC's ongoing capital expenditures in cybersecurity are integral to its growth strategy and ability to remain competitive in an evolving financial landscape.",""
"238","8b15da91","The impact of MA's real-time account-based payments fintech trends on competitive positioning, both cross-border and domestic, is significant.","MA","data\10k\converted\MA.pdf","filename_fallback","95947,95985,95918,95945,95926,95925,96033,95927,95954,95979,96086,96085,96045,95946,95949,95924","287","Mastercard's (MA's) investment in real-time account-based payments has a notable impact on its competitive positioning in both cross-border and domestic markets.\n\nDomestically, Mastercard faces competition from local debit brands and real-time payment systems, many of which are being promoted or developed by governments to handle domestic transactions (Chunks 1, 15). These local systems often serve as the main domestic brands, with Mastercard's brands more frequently used for cross-border transactions. As real-time account-based solutions mature, there is increasing competition for Mastercard's person-to-merchant (P2M) and person-to-person (P2P) transaction market share (Chunk 1). Additionally, the emergence of domestic real-time payment schemes with lower pricing puts pressure on Mastercard's pricing and margins (Chunk 2).\n\nCross-border, Mastercard's real-time account-based payments capabilities--including ACH batch and real-time settlement--allow it to enable instant payments between bank accounts and support various use cases such as remittances, trade payments, and disbursements across more than 180 markets and 150 currencies (Chunks 3, 5, 6). This reach strengthens its position in global money movement and allows it to compete with both traditional payment networks and emerging fintechs offering lower-cost, real-time cross-border payment alternatives (Chunks 2, 5, 15). However, the proliferation of real-time payment infrastructures and interlinking of such systems globally could disrupt Mastercard's traditional cross-border business (Chunk 1).\n\nOverall, while real-time account-based payments enhance Mastercard's service offerings and global reach, they also increase competitive pressure--especially as new fintechs, government-backed networks, and alternative payment rails become more prevalent both domestically and for cross-border use. Mastercard's continued innovation and expansion in real-time payments is crucial for maintaining and strengthening its competitive positioning in the face of these evolving fintech trends.",""
"237","211a073f","DIS seasonal ad rev & linear sports impact on profit risk mitigation.","DIS","data\10k\converted\DIS.pdf","filename_fallback","45335,45404,45336,45329,45467,45444,45324,45440,45358,45445,45443,45328,45405,45451,45330,45439","135","Disney's advertising revenues, especially for its Linear Networks and sports programming, are subject to significant seasonality and fluctuations based on viewership patterns and the timing of sporting events. Domestic advertising revenues for general entertainment linear networks are typically higher during the fall and lower in the summer months, while sports advertising revenues are impacted by the timing of sports seasons and major events, which do not occur evenly throughout the year (Chunks 1, 2, 13).\n\nThis seasonality means that periods of high demand--such as fall television premieres or major sports events--drive higher advertising revenues, while off-peak periods (like summer) see lower revenues. Additionally, negative impacts (e.g., disruptions or weak performance) during peak seasons can disproportionately affect annual results (Chunk 13).\n\nTo mitigate the risks associated with these seasonal fluctuations and the decline in linear network subscribers (which impacts both affiliate and advertising revenues), Disney is strategically investing in its direct-to-consumer (DTC) offerings. The company expects that growth in subscription fees and advertising from platforms like Disney+, Hulu, and Disney+ Hotstar will more than offset declines in linear network revenues over time (Chunk 5). This shift to DTC helps diversify revenue streams, smooth out seasonality impacts, and reduce reliance on traditional linear advertising and affiliate fees.\n\nIn summary, Disney faces profit risks due to the seasonal nature of advertising revenues and the impact of sports event timing on linear networks. The company is mitigating these risks by expanding its DTC business, which is expected to deliver more stable and growing revenues through subscriptions and digital advertising.",""
"240","401535e1","ADP US vs non-US rev 2024.","ADP","data\10k\converted\ADP.pdf","filename_fallback","857,856,848,752,750,824,792,849,756,667,745,689,759,647,678","4","For the year ended June 30, 2024, ADP's revenues in the United States were $16,934.2 million, while revenues from non-US (Europe, Canada, and Other) regions totaled $2,268.4 million ($1,451.4 million from Europe, $473.7 million from Canada, and $343.3 million from Other regions). This means US revenues accounted for the vast majority of ADP's total revenues of $19,202.6 million in fiscal 2024.",""
"236","7cc80f55","Cost mgmt. strategy for Oracle: TCO vs. comps for ORCL.","ORCL","data\10k\converted\ORCL.pdf","filename_fallback","117487,117520,117458,117472,117479,117474,117473,117505,117457,117485,117471,117486,117515,117461,117488,117456","352","Oracle's cost management strategy emphasizes delivering a lower total cost of ownership (TCO) compared to competitors through several key approaches:\n\n- Integrated Solutions: Oracle offers engineered systems (such as Oracle Exadata), integrated hardware and software, and cloud services that are designed to work together efficiently. This integration aims to deliver higher performance, scalability, reliability, and security, which can reduce operational costs and complexity for customers versus managing disparate systems from multiple vendors. The integration also simplifies maintenance cycles and provides a single solution for patching, further lowering the TCO (Chunks 1, 10).\n\n- Flexible Deployment: Oracle enables customers to choose among cloud-based, on-premise, and hybrid deployment models, including Exadata Cloud@Customer and multicloud options. This flexibility allows organizations to optimize cost, functionality, and performance based on their unique requirements--potentially resulting in lower upfront investments and usage-based resource consumption costs (Chunks 3, 4, 6, 16).\n\n- Automation and Efficiency: Offerings like the Oracle Autonomous Database use machine learning to automate routine administration tasks (maintenance, tuning, patching, scaling, security, backup), aiming to lower labor costs and reduce human error. Automated scaling and consumption-based pricing help organizations pay only for resources actually used, contributing to a lower TCO (Chunk 5).\n\n- Competitive Positioning: Oracle positions its products as more cost-effective than those of its competitors by integrating flash, disk, tape, and server technologies with optimized software, providing greater performance and efficiency. Oracle's cloud and hardware solutions are engineered to offer a lower total cost relative to competitors' products (Chunk 1).\n\n- Key Competitive Factors: In the segments Oracle competes, TCO is highlighted as a critical competitive factor, alongside performance, scalability, reliability, security, and technical support. Oracle asserts that many of its competitors provide fewer offerings and more restrictive deployment models, which may result in higher costs and less flexibility for customers (Chunk 8, 3).\n\nIn summary, Oracle's cost management strategy is centered on delivering a lower TCO relative to competitors by providing integrated, automated, flexible, and efficient solutions that reduce operational complexity and enable customers to better align their IT spending with business needs.",""
"241","c3b2a8a5","YUM! cash incentives cap. amort. rev. impact on cash flow proj.","YUM","data\10k\converted\YUM.pdf","filename_fallback","163547,163558,163513,163630,163546,163548,163599,163665,163666,163524,163663,163664,163660,163549,163525,163529","487","Yum! Brands provides cash incentives to franchisees, such as payments to offset new build costs or other incentives, with the intent to drive new unit development or same-store sales growth. These payments are capitalized and presented within ""Prepaid expense and other current assets"" or ""Other assets."" The capitalized amounts are then amortized as a reduction in Franchise and property revenues over the period of expected cash flows from the related franchise agreements (Chunk 2).\n\nThe impact on cash flow projections is as follows:\n- The initial cash outflow for these incentives is reflected in investing or operating cash flows when paid.\n- The amortization of these capitalized incentives reduces reported Franchise and property revenues (and thus operating profit) gradually over the period of expected benefit, but it is a non-cash expense in those future periods, since the cash was already paid upfront.\n- Therefore, while the upfront incentive reduces cash flow in the period it is paid, the subsequent amortization only affects reported revenues and profit, not future cash flows.\n\nA cap on such incentives would limit the immediate cash outflow for Yum! Brands and restrict the amount that needs to be amortized against future Franchise and property revenues, potentially resulting in higher reported revenues in future periods and improved projected cash flows, since less revenue would be offset by amortization of incentives.",""
"244","30019807","Revenue recognition for WEC Energy Group is based on fixed vs variable charges, ticker WEC.","WEC","data\10k\converted\WEC.pdf","filename_fallback","164284,164287,164294,164293,164286,164292,164202,164430,164425,164043,164166,164458,164466,164306,164362,164459","489","WEC Energy Group recognizes revenue from its utility operations based on both fixed and variable charges:\n\n- Fixed Component: This refers to the customer charge, which is a set amount billed monthly. Revenue for the fixed component is recognized each month using a time-based output method.\n\n- Variable Component: This is the usage-based charge, calculated based on the quantity of electricity delivered to the customer each month. Revenue for the variable component is recognized using an output method tied to the actual electricity delivered.\n\nThe transaction prices for these performance obligations (fixed and variable charges) are determined by tariffs approved by state regulators, and typically both components are bundled in the rates for most residential, commercial, and industrial customers.\n\nIn summary, WEC Energy Group (ticker: WEC) recognizes revenue monthly for fixed charges and based on delivery for usage-based variable charges, consistent with regulatory-approved rates and service terms. (See Chunks 1 and 2 for details.)",""
"242","8cd7147a","FSLR rev rec contract terms net sales comparability.","FSLR","data\10k\converted\FSLR.pdf","filename_fallback","64695,64788,64789,64903,64858,64786,64839,64905,64925,64904,64927,64694,64902,64701,64928,64900","188","First Solar (FSLR) recognizes revenue for module sales at a point in time following the transfer of control of the modules to the customer, which typically occurs upon shipment or delivery, depending on the contract terms. Contracts may require liquidated damage payments if FSLR fails to deliver modules on time or meet certain domestic content requirements, with these payments reducing recognized revenue. Net sales are generally recorded on a per watt basis.\n\nNet sales comparability can be affected by:\n- Amendments to contracts, which may change the volume of modules to be sold, adjust delivery schedules, or otherwise alter expected revenue.\n- Certain contracts containing provisions for price adjustments linked to commodity prices or module wattage, leading to future increases or decreases in recognized revenue.\n- Advance payments: Deferred revenue (contract liabilities) increased significantly in 2023 due to advance payments for future module sales. Revenue is recognized as control transfers, including recognition of amounts from prior advance payments.\n- The majority of module sales are denominated in U.S. dollars, and revenue recognition aligns with the transfer of control, supporting comparability across reporting periods.\n\nAdditionally, changes in contract estimates or amendments may require significant judgment, and any revisions are reflected in the period identified. This can impact net sales comparability from period to period.\n\nIn summary, while FSLR's revenue recognition policy for contracts is consistent (recognizing revenue upon transfer of control), comparability of net sales may be influenced by contract amendments, variable consideration, and the timing of advance payments and their subsequent recognition as revenue.",""
"239","2f2830f7","Risk-return strat for AMP AFS outflows.","AMP","data\10k\converted\AMP.pdf","filename_fallback","15029,15028,15151,15164,15154,15155,14993,15156,14945,15004,14992,15355,15382,15354,15150,14947","47","Ameriprise Financial Services (AFS) faces risks related to outflows in its asset management and financial advisory businesses, which can impact revenues and earnings. Outflows can result from various factors, including changes in client preferences (such as shifts in investing styles or the growth of ETFs and separately managed accounts), changes in reputation, financial market performance, and the competitive landscape (Chunk 11).\n\nTo manage these risks and the risk-return profile associated with outflows, the company employs several strategies:\n\n1. Diversification and Product Range: Ameriprise offers a broad range of investment products and asset classes, including mutual funds, ETFs, variable annuities, alternative assets, and liability-driven investment solutions, to meet diverse client needs and adapt to changing market demands (Chunks 9, 13, 16).\n\n2. Innovative Product Development: The company invests in developing and marketing new or enhanced products (e.g., asset management products with an ESG focus, structured variable annuities) to respond to evolving client preferences and industry trends, aiming to retain and attract assets (Chunks 1, 2, 16).\n\n3. Risk Management and Hedging: Ameriprise uses hedging programs (employing options, swaps, swaptions, and futures) to manage market risks such as equity price and interest rate fluctuations that can impact asset values and related fees. These risk management efforts are designed to align asset sensitivities with liability sensitivities and minimize the financial impact of market volatility (Chunks 3, 5, 6, 15).\n\n4. Credit and Counterparty Risk Controls: To mitigate risks from counterparties and credit exposures, Ameriprise applies disciplined credit analysis, limits exposures, diversifies investments, and manages collateral arrangements for derivative transactions (Chunk 4).\n\nDespite these strategies, outflows can still occur if client needs are not met, if the company lags in product innovation (e.g., avoiding certain new products like cryptocurrency), or due to adverse market conditions. Such outflows can reduce assets under management, leading to lower management and distribution fees and potentially affecting profitability (Chunks 1, 2, 11).\n\nIn summary, Ameriprise manages the risk-return tradeoff for AFS outflows by diversifying products, innovating solutions, actively managing market and credit risks, and maintaining robust risk management and hedging practices. However, there is no guarantee these strategies will fully offset the impact of significant outflows, especially during periods of market stress or rapid industry change.",""
"243","acd6a14c","CME Group's valuation drivers--innovation, integration, and the impact of distribution--hinge on its operational strategies.","CME","data\10k\converted\CME.pdf","filename_fallback","29446,29441,29545,29431,29447,29549,29438,29617,29451,29478,29475,29701,29610,29476,29445,29493","90","CME Group's valuation drivers--innovation, integration, and the impact of distribution--are closely tied to its operational strategies in several key ways:\n\n1. **Innovation**: CME Group actively develops and launches new products and services to expand its offerings and stay competitive. Recent innovations include the launch of CME FX Spot+, an all-to-all spot FX marketplace that connects liquidity across spot FX and FX futures markets, and the introduction of products like Micro Bitcoin and Ether Options, and the CBL Core Global Emissions Offset (C-GEO) Futures. CME Group is also a leader in leveraging technology, such as providing live market data natively in the cloud through its partnership with Google Cloud, and offering advanced analytic tools like the CME Liquidity Tool and CME Volatility Indexes (CVOL) (Chunks 1, 2, 9, 15).\n\n2. **Integration**: The company's strategy involves integrating complementary businesses and services to offer a broader suite of solutions. For example, the acquisition of NEX expanded CME Group's presence in cash and OTC businesses, enhancing its listed interest rate and FX products and broadening its global client base. The integration creates capital efficiencies for customers across futures, cash, and OTC products, while also strengthening CME's infrastructure in global financial markets (Chunks 1, 4, 5, 15).\n\n3. **Distribution**: CME Group's broad and diversified distribution network combines internal and external channels, leveraging both proprietary and partner platforms. This extensive network provides global access to its products, supports client growth worldwide, and drives new customer acquisition. The company's partnerships, such as with Google Cloud, expand distribution capabilities, and its distribution of benchmark indices (like S&P Dow Jones Indices) and market data services reaches clients in over 100 countries (Chunks 1, 2, 4, 6, 7, 15).\n\nCME Group's operational strategies--focused on maximizing futures and options growth, diversifying business and revenue streams, and delivering customer efficiencies--are fundamental to driving innovation, supporting integration, and expanding distribution, all of which underpin its valuation and competitive position.",""
"245","1d13611f","Impact of Amgen (AMGN) patent expirations vs. biosimilar revenue on growth & market share.","AMGN","data\10k\converted\AMGN.pdf","filename_fallback","8497,8616,8610,8496,8613,8609,8498,8611,8615,8876,8612,8826,8531,8875,8638,8541","28","Amgen's growth and market share are significantly impacted by the expiration of patents on its principal products and the resulting increase in biosimilar competition. When patents expire or are successfully challenged, competitors can legally produce and market similar products, including biosimilars and generics. This leads to rapid and intense competition, typically resulting in greater net price declines and a significant reduction in product sales and revenues in a short period of time (Chunks 1, 3, 6, 9, 14).\n\nFor example, Amgen has experienced accelerated sales declines for products like Neulasta and EPOGEN as multiple biosimilar versions have launched in the market (Chunks 1, 5, 11). Biosimilars often compete on price, offering lower list prices, greater discounts, or longer-term pricing contracts, which puts downward pressure on Amgen's product prices and market share.\n\nAmgen's strategy to offset these challenges includes:\n- Pursuing innovation to differentiate its products (such as improved delivery methods or expanding indications),\n- Launching its own biosimilar products both in the U.S. and internationally (e.g., MVASI, KANJINTI, AMJEVITA, AVSOLA, RIABNI, BEKEMV, and Wezlana), and\n- Leveraging its reputation, supply reliability, and product safety to maintain value for patients, providers, and payers (Chunks 1, 7).\n\nWhile biosimilar revenues do help offset some of the losses from originator products' patent expirations, the documents make clear that the net effect of patent expirations is typically negative for growth and market share. Loss of exclusivity can lead to a majority of revenues for affected products disappearing quickly, and increased biosimilar competition continues to pose a material adverse effect on Amgen's business and financial results (Chunks 2, 3, 6, 9, 14).\n\nIn summary, patent expirations generally have a negative impact on Amgen's growth and market share due to increased biosimilar competition and price erosion. Although Amgen's own biosimilar revenues provide some compensation, they do not fully offset the adverse effects on overall company growth and market share.",""
"249","b1790bf5","Timing predictability for revenue recognition of EQT variable consideration vs fixed pricing.","EQT","data\10k\converted\EQT.pdf","filename_fallback","56135,56078,56079,56129,56194,55898,56234,56235,56233,56193,55998,55914,56180,56197,56196,56200","165","For EQT, revenue recognition timing for both variable consideration and fixed pricing contracts is generally predictable and occurs at a point in time--specifically when the natural gas, NGLs, or oil is delivered to the designated sales point and the customer obtains control and legal title of the asset. This applies to both types of contracts.\n\nHowever, the predictability of the amount to be recognized differs:\n\n- For variable consideration contracts, the payment terms are tied to market prices at future delivery dates, which can introduce uncertainty regarding the exact amount of revenue until the point of delivery.\n- For fixed price or fixed differential contracts, the consideration amount is predetermined and allocated to each performance obligation, making the recognized revenue amount more predictable.\n\nIn summary, while the timing of revenue recognition (upon delivery) is consistent and predictable for both contract types, the predictability of the revenue amount is higher with fixed pricing contracts than with variable consideration contracts due to market price fluctuations.",""
"246","1621e500","Trends in Fleetcor's 3-yr basic/diluted EPS reflect impacts on op. efficiency & SH value, FLT.","FLT","","fallback_no_files_on_disk","36846,36771,36847,70648,70649,102935,36974,36833,36941,142482,36613,136853,36765,36772,36603,41918","425,109,207,306,407,123","Over the past three years, Fleetcor's basic and diluted earnings per share (EPS) have shown consistent growth, indicating improvements in operational efficiency and shareholder value:\n\n- Basic EPS: $10.23 (2021), $12.62 (2022), $13.42 (2023)\n- Diluted EPS: $9.99 (2021), $12.42 (2022), $13.20 (2023)\n\nThis upward trend in both basic and diluted EPS suggests that Fleetcor has been able to increase its net income while also managing its share count effectively. The growth in EPS reflects enhanced operational efficiency, as the company's revenues and net income have risen steadily each year. For shareholders, the rising EPS is a positive sign, as it typically translates to greater shareholder value.\n\nAdditionally, the company's use of adjusted net income and EBITDA metrics further supports the view that Fleetcor is focused on its core operating performance and delivering strong financial results (with adjusted net income per diluted share also increasing over the period). This overall performance is indicative of sound management and value creation for shareholders.",""
"248","fe09543a","Impact of incentive programs and workforce on Steel Dynamics' competitive positioning and growth.","STLD","data\10k\converted\STLD.pdf","filename_fallback","135337,135171,135336,135168,135331,135155,135154,135149,135330,135148,135150,135169,135180,135280,135310,135167","403","Steel Dynamics' performance-based incentive programs and workforce play a critical role in the company's competitive positioning and growth.\n\nThe company's incentive compensation structure is extensive and reaches from plant floor team members to senior leadership. For production team members, over 60% of total potential compensation is ""at risk"" based on quality production and cost-effectiveness, while for senior leadership, over 85% is ""at risk"" and tied to companywide financial performance metrics encouraging long-term value creation (such as return on equity, growth, cash generation, and return on invested capital). This approach drives a culture of accountability, continuous improvement, and alignment with long-term strategic goals (Chunk 11).\n\nSteel Dynamics' compensation programs are designed to reward both individual and team performance, as well as companywide success. Team performance awards encourage cost effectiveness and quality, while companywide profit-sharing and 401(k) match programs unite employees toward shared objectives. The issuance of restricted stock units to all full-time, non-union U.S.-based team members fosters retention and aligns their interests with those of shareholders, with a two-year vesting period supporting long-term engagement (Chunk 2).\n\nThe company's workforce, consisting of about 12,600 full-time team members as of December 31, 2023, operates within a culture of transparency, trust, and individual empowerment. Steel Dynamics emphasizes safety, ongoing talent development, and educational opportunities, which help retain top talent and ensure operational excellence (Chunks 4, 12).\n\nThis team-based, performance-driven culture supports Steel Dynamics' differentiated, low-cost, and highly efficient operating model. It enables higher utilization, lower costs, and strong cash flow generation, even during challenging market cycles. The incentive programs and strong workforce engagement support innovation, quality, and customer service, which are key to the company's ability to deliver value-added products, drive growth, and maintain a competitive edge in the steel industry (Chunks 8, 10, 11).\n\nIn summary, Steel Dynamics' incentive programs and engaged workforce are fundamental to its ability to innovate, operate efficiently, retain talent, and achieve sustained competitive advantage and growth.",""
"247","991e4798","Noncash investing & financing impacts on CFs & future invest flex. BLK.","BLK","data\10k\converted\BLK.pdf","filename_fallback","20610,20608,20609,20674,20675,20396,20564,20595,20576,20458,20741,20605,20596,20395,20450","63","BlackRock's consolidated statements of cash flows include both cash and noncash impacts from investing and financing activities. Noncash investing and financing transactions do not directly affect cash flows in the period they occur but can influence future investment flexibility.\n\nKey noncash investing and financing impacts include:\n\n- Issuance of common stock: In 2023, BlackRock issued $569 million in common stock as a noncash transaction (Chunk 5).\n- Increase/(decrease) in noncontrolling interests due to net consolidation (deconsolidation) of sponsored investment funds: This amounted to a decrease of $949 million in 2023, $593 million in 2022, and $2,952 million in 2021 (Chunk 5).\n- Right-of-use (ROU) assets in exchange for operating lease liabilities: In 2023, this noncash transaction was $32 million (Chunk 11).\n\nThese noncash items are significant because they reflect changes in BlackRock's capital structure and obligations that do not immediately use or generate cash. For example, the issuance of equity or changes in noncontrolling interests through fund consolidations can alter BlackRock's financial leverage and available equity base without an immediate cash flow effect. Similarly, recognizing lease liabilities and ROU assets increases both assets and liabilities but does not affect cash until lease payments are made.\n\nImpact on future investment flexibility:\nNoncash investing and financing activities can affect future investment flexibility by influencing BlackRock's balance sheet and capital resources. For example:\n- Issuance of stock can provide additional equity capital for future investments or acquisitions without current cash outlay.\n- Lease obligations and fund consolidations (even if noncash at inception) create future payment commitments and can impact liquidity planning.\n- Changes in noncontrolling interests may affect the portion of returns attributable to BlackRock and alter the company's capacity to reinvest profits.\n\nIn summary, while noncash investing and financing transactions do not directly impact current period cash flows, they play an important role in shaping BlackRock's future investment capacity and capital allocation decisions.",""
"251","295e8403","OXY air quality settlement 2016-2019 compliance risk mgmt.","OXY","data\10k\converted\OXY.pdf","filename_fallback","120122,120102,120067,120058,120063,120340,120124,120123,120339,120331,120053,120103,120055,120341,120052,120325","360","A subsidiary of Occidental (OXY) settled a previously disclosed matter by paying an administrative penalty of $1.2 million to the State of New Mexico in January 2024. This settlement resolved violations alleged to have occurred under federal and state air quality regulations between 2016 and 2019 at a facility in Eddy County, New Mexico. The violations were voluntarily disclosed by the subsidiary.\n\nRegarding compliance risk management, Occidental has a centrally coordinated cybersecurity and data protection team, led by its CIO, that implements and maintains risk management measures across the company. The CIO regularly reviews risk management strategies and receives updates on the company's cybersecurity program. While this specifically addresses cybersecurity, it reflects Occidental's approach to risk management, which likely extends to compliance in other regulatory areas, including environmental and air quality regulations. Additionally, Occidental engages third-party assessors, consultants, and auditors as necessary to help identify and manage risks, including those related to compliance with environmental laws.\n\nOccidental considers proceedings under a $1 million threshold not material to its business and financial condition, suggesting that the $1.2 million penalty, while disclosed, is not deemed material. For further legal proceedings, Occidental refers to its Management's Discussion and Analysis and its consolidated financial statements. \n\nIn summary, Occidental settled air quality regulation violations from 2016-2019 with a $1.2 million payment and manages compliance risks through centralized oversight, regular reviews, and external support when needed.",""
"253","627c4741","GPN operating income margin: 2022 vs. 2023.","GPN","data\10k\converted\GPN.pdf","filename_fallback","72901,72846,72840,72839,72842,72815,72906,72838,72820,73038,72853,72902,72965,73031","214","For Global Payments Inc. (GPN), the consolidated operating income margin for the year ended December 31, 2023, was 17.8%, compared to 7.1% for the prior year, 2022. This increase reflects higher revenues, prudent expense management, and lower charges related to facilities exit activities, partially offset by higher acquisition, integration, and compensation expenses. The 2022 margin was unfavorably impacted by an $833.1 million goodwill impairment charge and other losses related to business dispositions.",""
"252","c130faea","Impact of diversity in GEHC exec structure on cap allocation & profitability, GEHC.","GEHC","data\10k\converted\GEHC.pdf","filename_fallback","71125,70997,71211,71124,71153,71076,70996,70834,71106,71012,70880,71151,71020,71014,71073,71142","208","I cannot find sufficient information in the provided documents to answer this question. The retrieved context does not discuss the impact of diversity in GE HealthCare's executive structure on capital allocation or profitability.",""
"250","31fa0eac","EQT's EBITDA margins, free cash flow, competitive pressures, services, labor, and equipment.","EQT","data\10k\converted\EQT.pdf","filename_fallback","56111,55898,55961,56155,55992,56081,56060,56011,55960,56053,56112,56156,55991,56050,56007,55956","165","Based on the provided context:\n\nEBITDA Margins:\nThe specific EBITDA margin percentages for EQT are not directly stated in the provided information. However, net income for 2023 was $1,735 million on total operating revenues of $6,909 million, suggesting a healthy profit margin, but the exact EBITDA margin is not disclosed in the excerpts.\n\nFree Cash Flow:\nThere are references to free cash flow and its importance to EQT's financial strategy, such as funding their Debt Retirement Plan through free cash flow (Chunk 13). However, the actual figures for free cash flow are not provided in the context.\n\nCompetitive Pressures:\nEQT faces several competitive pressures, including intense competition for access to pipeline infrastructure within the Appalachian Basin, which can affect their ability to secure favorable economic terms and impact their competitive position (Chunk 15). There is also competition for experienced technical and professional personnel in the industry (Chunk 15).\n\nServices:\nEQT depends significantly on third-party midstream providers for gathering, transportation, and processing services, primarily from Equitrans Midstream, with which it has long-term agreements. Any adverse events affecting these third-party providers can disproportionately affect EQT's operations and results (Chunks 8 and 15).\n\nLabor:\nEQT's success depends partly on its ability to identify, attract, develop, and retain experienced personnel. There is competition within the industry for such talent, which could increase costs related to hiring and retention (Chunk 15).\n\nEquipment:\nRisks and uncertainties include shortages of or delays in obtaining equipment, rigs, materials, and qualified personnel, as well as equipment failures and supply chain disruptions (Chunks 3 and 9). These factors can cause delays in development programs and impact operational results.\n\nSummary:\n- EBITDA margin figures are not specifically provided.\n- Free cash flow is discussed in strategy but not quantified.\n- Competitive pressures include intense competition for infrastructure access and talent.\n- EQT relies on third-party providers for key midstream services.\n- There is competition for labor, with risks related to retention and recruitment.\n- Equipment availability and supply chain issues are ongoing operational risks.\n\nIf you need precise EBITDA margin or free cash flow figures, or more detailed breakdowns, those are not available in the provided context.",""
"254","003a51f0","Crown Castle's decision on share repurchases via its ATM CP credit facility will depend on market conditions.","CCI","data\10k\converted\CCI.pdf","filename_fallback","24881,24928,25057,25078,24880,24929,25035,25077,24920,24882,24957,25072,25079,24921,25034,25073","74","Based on the provided context, Crown Castle maintains an ""at-the-market"" (ATM) stock offering program, which allows the company to issue and sell shares of its common stock for general corporate purposes, including potentially repurchasing outstanding indebtedness or for other uses. The company's ability to conduct share repurchases or issue shares under the ATM program, as well as to utilize its commercial paper (CP) program or draw on its credit facility, is influenced by market conditions, such as the availability and cost of capital, interest rates, and overall economic conditions. Liquidity sources, including the ATM program, CP program, and credit facility, are considered alongside market factors when making such financial decisions. Therefore, Crown Castle's decisions regarding share repurchases and related capital actions will indeed depend on market conditions.",""
"256","93b3dd0a","2023-2021 KIM op. inc. gap & impact on op. efficiency.","KIM","data\10k\converted\KIM.pdf","filename_fallback","89203,89188,89264,89198,89308,89113,89189,89199,89260,89305,89265,89303,89120,89304,89060","264","From 2021 to 2023, Kimco Realty OP, LLC (KIM OP) saw the following operating income (in thousands):\n\n- 2021: $424,286\n- 2022: $565,464\n- 2023: $638,777\n\nThis results in year-over-year increases in operating income:\n- From 2021 to 2022: an increase of $141,178 (33.3% growth)\n- From 2022 to 2023: an increase of $73,313 (13.0% growth)\n\nImpact on operating efficiency:\n- The increase in operating income over these years reflects improved operating efficiency. This improvement is attributed primarily to higher revenues from rental properties, driven by increased leasing activity, growth in the current portfolio, and property acquisitions. At the same time, while operating expenses rose (notably in areas like real estate taxes and operating/maintenance costs), the increase in revenues outpaced the growth in expenses, leading to higher operating income.\n- The company's ability to execute new leases and maintain high occupancy (96.1% in 2023 vs. 95.5% in 2022) further supports operating efficiency gains.\n\nIn summary, the gap in operating income between 2023 and 2021 was $214,491,000, and the consistent increase year over year demonstrates improved operating efficiency during this period.",""
"257","8454865b","Cash flow & liquidity impact due to FMC contract timing.","FMC","data\10k\converted\FMC.pdf","filename_fallback","64008,64173,64168,64006,63965,64041,64166,64046,64093,64116,64062,63966,64171,64092,64045,64175","186","The timing of FMC's contracts, specifically the receipt of advance payments from customers and the collection of trade receivables, has a notable impact on the company's cash flow and liquidity:\n\n- Advance payments from customers (contract liabilities) and trade receivable collections significantly affect operating cash flow. For example, in 2023, advance payments from customers decreased by $198.4 million, and receivables from contracts with customers decreased by $209.5 million (Chunk 6). These timing-related movements can either provide or require cash, depending on whether payments are received before or after goods and services are delivered.\n\n- In 2023, changes in operating assets and liabilities such as trade receivables, advance payments, and accounts payable contributed to a negative cash flow from operating activities of continuing operations ($-300.3 million), compared to a positive $660.0 million in 2022 (Chunk 4). This swing was largely influenced by the timing of collections and payments.\n\n- FMC notes that rebuilding payables and reducing inventory are expected to significantly increase free cash flow in 2024, highlighting the sensitivity of cash flows to working capital timing (Chunk 5, 12).\n\n- Prepayment arrangements with customers enable FMC to receive cash in advance, supporting liquidity, but these balances can fluctuate year-to-year based on timing (Chunk 6).\n\nIn summary, the timing of contracts and related cash flows (customer prepayments, collections, and working capital changes) can cause substantial year-over-year volatility in FMC's operating cash flow and liquidity position. Changes in these timings were a key driver of cash flow performance and are expected to continue impacting liquidity in future periods.",""
"255","3e7695d3","Impact of metal pricing mechanisms on growth and valuation for FM, Freeport-McMoRan.","FM,FCX","data\10k\converted\FCX.pdf","filename_fallback","66543,66600,66670,66770,66655,66621,66669,66444,66679,66333,66664,66787,66332,66550,66776,66674","193","Metal pricing mechanisms have a significant impact on Freeport-McMoRan's (FCX) growth and valuation. FCX's revenues from copper, gold, and molybdenum are directly tied to global commodity prices, which can fluctuate widely due to factors beyond the company's control, including demand from major consumers (such as China for copper and China/India for gold), geopolitical uncertainties, trade policies, and macroeconomic trends (Chunks 8, 14).\n\nFCX recognizes revenue upon the transfer of control of its products, typically at shipment or delivery, and utilizes provisional pricing for certain contracts. This means that initial sales are based on prevailing market prices, but final pricing is adjusted later based on average quoted prices in specified future months (Chunks 3, 7). This mechanism can result in revenue adjustments that reflect subsequent movements in metal prices.\n\nThe company's gross profit per pound of copper is calculated using both ""by-product"" and ""co-product"" methods, reflecting the difficulty in assigning costs to individual metals when they are mined together (Chunk 6). Treatment and refining charges, which are deducted from product revenues, are generally fixed or negotiated as part of sales contracts but can also fluctuate with market conditions (Chunks 2, 7).\n\nBecause FCX's cash flows, operating performance, and capital expenditure plans are closely linked to commodity prices, sustained price declines can lead to revised operating plans, curtailment of operations, reduced cash flows, and lower returns to shareholders (Chunk 8). Conversely, strong pricing environments support growth initiatives and higher company valuation.\n\nIn summary, the pricing mechanisms for FCX's metals--driven by global market forces and contract structures--directly influence the company's revenue, profitability, and ability to fund growth, making them critical to FCX's overall valuation and strategic decisions.",""
"258","1e3277b9","CTAS acquisition trends for 2023-2024, with implications for growth strategies, highlight the ticker performance in the middle of the analysis.","CTAS","data\10k\converted\CTAS.pdf","filename_fallback","36285,36200,36286,36198,36184,36182,36183,36125,36122,36124,36305,36239,36301,36194,36193","107","For fiscal years 2023 and 2024, Cintas (NASDAQ: CTAS) demonstrated an increasing focus on acquisitions as part of its growth strategy. Cash paid for acquisitions of businesses, net of cash acquired, was $186.8 million in fiscal 2024, up significantly from $46.4 million in fiscal 2023. These acquisitions occurred across Cintas' main operating segments: Uniform Rental and Facility Services, First Aid and Safety Services, and Fire Protection Services (Chunk 4). The increased investment in acquisitions, particularly in fiscal 2024, suggests a deliberate strategy to drive revenue growth, expand service offerings, and strengthen market position.\n\nThis acquisition-driven growth is reflected in the company's financial performance. For fiscal 2024, total revenue reached $9.60 billion, up from $8.82 billion in fiscal 2023 (Chunk 8). The Uniform Rental and Facility Services segment grew revenue by $568.1 million (8.2% increase), and the First Aid and Safety Services segment grew by $115.8 million (12.2% increase), with both segments benefiting from organic growth and acquisitions (Chunks 14 & 15).\n\nIn the middle of this analysis, it is important to note the strong performance of CTAS's stock. Cintas' common stock is traded on the NASDAQ under the ticker symbol ""CTAS."" As of November 30, 2023, the market value of Cintas' common stock held by non-affiliates was over $56 billion, with a closing price of $553.25 per share (Chunk 10). Cintas also announced a 4-for-1 stock split, with shares expected to begin trading on a split-adjusted basis on September 12, 2024 (Chunks 3 & 6). This stock split reflects confidence in continued strong performance and may broaden investor access.\n\nIn summary, Cintas' acquisition trends in 2023-2024 show a substantial increase in acquisition activity, underpinning its strategy to accelerate growth and diversify service lines. The robust financial results and proactive shareholder policies, including the upcoming stock split, are mirrored in the company's strong ticker performance (CTAS), reinforcing positive investor sentiment.",""
"260","a7c3c150","Trends in PNC's investment strategy reveal variance between securities available for sale and loans, ticker at end.","PNC","data\10k\converted\PNC.pdf","filename_fallback","131403,131701,131769,131776,131953,131485,131501,131507,131876,131768,131556,131737,131882,131555,131956","393","Trends in PNC's investment strategy over the recent years show significant variance between securities available for sale and loans. In 2023, PNC's net cash flows from investing activities highlight this shift: purchases of securities available for sale were $3.8 billion, a sharp decrease compared to $25.6 billion in 2022 and $85.5 billion in 2021. Meanwhile, loans saw a net increase, with $10.2 billion in loan purchases in 2023, up from $2.1 billion in 2022 and $1.9 billion in 2021. Additionally, repayments and maturities of securities available for sale and held to maturity decreased, while the volume of loans sold or repaid also fell.\n\nFurthermore, the fair value of securities available for sale dropped from $41.6 billion at year-end 2022 to $35.9 billion at year-end 2023, with a corresponding reduction in unrealized losses. This suggests a strategic rebalancing, where PNC reduced its exposure to investment securities and increased its focus on lending activities.\n\nIn summary, PNC's recent investment strategy has shifted away from heavy investment in securities available for sale towards greater emphasis on loan origination and retention, reflecting changes in market conditions and possibly a more favorable outlook on loan returns versus securities.",""
"261","c555ca68","At IFF, board age & innovation risk are critical factors.","IFF","data\10k\converted\IFF.pdf","filename_fallback","78838,78812,78834,78870,78833,78811,78864,79140,79139,78928,78920,78837,79117,78825,78982,78880","233","At IFF, the board and executive team includes members with significant experience, with ages ranging from early 40s to mid-60s (for example, J. Erik Fyrwald, CEO, is 64; other executives are in their 40s, 50s, and 60s). This suggests a leadership group with deep industry expertise and experience.\n\nInnovation risk is recognized as a key factor for IFF. The company's ability to differentiate itself and drive growth depends on successfully developing and introducing new products that meet customer needs. Innovation is a core value, and IFF invests significantly in research and development--about 5.5% of sales in 2023. However, IFF acknowledges that there are risks involved if they fail to achieve their innovation goals, such as developing new molecules and technologies, or if market acceptance of new products lags. Additionally, the company notes that there can be significant lag time between R&D investment and revenue generation, and that resources for innovation may be impacted by other business challenges.\n\nIn summary, IFF's board comprises seasoned leaders, and innovation risk is actively managed but remains a critical factor in the company's ongoing success.",""
"262","744f9512","SLB board exp. & risk mgmt. strategy alignment.","SLB","data\10k\converted\SLB.pdf","filename_fallback","130683,130684,130712,130682,130656,130667,130681,130657,130774,130729,130777,130776,130730,130704,130653,130652","391","SLB's Board of Directors brings a wealth of experience from leadership positions in major global companies, including roles such as former CEOs, CFOs, and executives in the energy, technology, and financial sectors (see Chunk 11 and Chunk 12). This diverse expertise supports oversight of the company's risk management strategies.\n\nRegarding risk management, SLB maintains a comprehensive and structured approach. The company's cyber risk management program, for example, is aligned with recognized standards such as the NIST Cybersecurity Framework and ISO 27001 (see Chunk 7). The Board, specifically through its Audit Committee, oversees cybersecurity risk exposures and the steps taken by management to mitigate these risks. The cybersecurity team regularly briefs the Audit Committee, typically on a quarterly basis, and the full Board reviews cybersecurity risks at least annually as part of enterprise risk management (see Chunk 1).\n\nIn summary, the broad executive experience of SLB's Board aligns well with its risk management strategy by ensuring informed oversight and regular review of key risk areas, such as cybersecurity, within the company's enterprise risk management framework.",""
"259","76ae4baa","Impact of PANW board security oversight on growth & valuation?","PANW","data\10k\converted\PANW.pdf","filename_fallback","115623,115622,115630,115636,115674,115637,115671,115526,115527,115492,115485,115628,115624,115539,115523,115683","346","Palo Alto Networks (PANW) has established strong board-level security oversight, with the Security Committee--composed entirely of independent directors--tasked with overseeing enterprise security risk management, including cybersecurity risk management, product security, data security, and related controls. This committee meets quarterly with senior management, including the chief information security officer (CISO), to review cybersecurity programs, risks, and mitigation strategies. The CISO and a cross-functional team are responsible for day-to-day risk management and regularly report to the Security Committee, ensuring that the board is informed about significant cybersecurity events and threats (Chunks 1, 2, 13).\n\nThis robust governance structure supports PANW's reputation as a leader in cybersecurity, which is a key driver of its customer trust and market position. The company states that it has not identified any cybersecurity threats or incidents that have materially impacted its business strategy, operations, or financial condition to date, though it acknowledges ongoing risks (Chunk 2). Effective security oversight reduces the risk of damaging incidents, protects reputation, and helps ensure regulatory compliance.\n\nIn terms of growth and valuation, strong security governance contributes positively by:\n- Enhancing customer confidence, which is crucial for continued adoption of PANW's products and services across a broad, global customer base (Chunk 4).\n- Supporting recurring revenue growth, with subscription and support revenues growing significantly year-over-year (Chunk 6).\n- Helping maintain or improve financial performance and valuation, as reflected in PANW's total return performance, which has outpaced major indices over the past five years (Chunk 3).\n\nIn summary, the board's proactive and thorough oversight of cybersecurity risk management underpins PANW's growth by protecting its reputation and supporting customer trust, which in turn positively influences its valuation.",""
"263","31ae18c8","RTX's pricing strategy impacts margins in aerospace & defense.","RTX","data\10k\converted\RTX.pdf","filename_fallback","135344,135481,135525,135487,135536,135358,135612,135375,135613,135773,135398,135492,135401,135749,135496,135478","404","RTX's pricing strategy directly impacts its margins in both aerospace and defense segments. In the aerospace industry, competition is intense, and some competitors offer substantial discounts, financial incentives, and cost guarantees to win aftermarket business, which can pressure margins. Additionally, government policies to purchase parts from suppliers other than the original equipment manufacturer can affect military spare parts sales and, subsequently, margins (Chunk 6).\n\nFor the defense business, margins are influenced by the nature of contracts (firm fixed-price or cost-share), competition, and government procurement practices. Changes in budgets, spending levels, and geopolitical risks can also impact the timing and pricing of contracts, influencing overall margins (Chunk 4, Chunk 13).\n\nOperating profit margins for RTX's Collins Aerospace and Raytheon segments reflect these pressures and opportunities:\n- Collins Aerospace operating profit margins improved from 11.3% in 2021 to 14.6% in 2023, suggesting favorable pricing or cost management.\n- Raytheon's margins declined from 12.8% in 2021 to 9.0% in 2023, indicating margin pressure possibly due to competitive pricing, contract mix, or other factors (Chunk 3, Chunk 5).\n\nOverall, RTX's ability to maintain or improve margins depends on its pricing strategies, competitive actions, government procurement policies, and broader market conditions in both aerospace and defense.",""
"265","864fd74a","Impact on NVDA share repurchases from the excise tax in IRA.","NVDA","data\10k\converted\NVDA.pdf","filename_fallback","111917,111990,111991,111888,111889,111974,111914,111963,111965,111985,111887,111821,111858,111862,111944,111933","334","The U.S. Inflation Reduction Act of 2022 requires a 1% excise tax on certain share repurchases in excess of shares issued for employee compensation made after December 31, 2022. For NVIDIA, this excise tax was not material for fiscal year 2024, indicating that the tax did not have a significant impact on the company's share repurchase activities during that period.",""
"264","1445a963","VTRS 2021-2023 net sales decline & gross profit growth % indicate operational efficiency.","VTRS","data\10k\converted\VTRS.pdf","filename_fallback","160824,160857,160747,160934,160751,160748,160856,160746,160750,160749,160895,160855,160728,160854","480","From 2021 to 2023, Viatris Inc. experienced a decline in net sales and an increase in gross profit percentage, which can indicate improved operational efficiency.\n\n- Net sales declined from $17,813.6 million in 2021, to $16,218.1 million in 2022, and to $15,388.4 million in 2023. This represents a total decrease of approximately 13.6% over the two-year period.\n- Gross profit increased from $5,575.5 million in 2021, to $6,497.0 million in 2022, and to $6,438.6 million in 2023.\n- The gross profit margin improved: in 2021 it was about 31% ($5,575.5M/$17,813.6M), in 2022 about 40% ($6,497.0M/$16,218.1M), and in 2023 about 42% ($6,438.6M/$15,388.4M).\n\nDespite declining sales, the rising gross profit margin suggests Viatris improved its operational efficiency, likely through cost control, product mix optimization, or operational streamlining. The company managed to generate a higher proportion of profit from each dollar of sales, offsetting part of the impact from lower revenues.",""
"271","a37777e5","Impact of non-recurring legal charge pre-tax & after-tax for PCAR Q1 2023.","PCAR","data\10k\converted\PCAR.pdf","filename_fallback","116499,116399,116403,116432,116421,116402,116420,116398,116411,116406,116516,116508,116405","349","In the first quarter of 2023, PACCAR recorded a non-recurring pre-tax legal charge of $600.0 million and an after-tax charge of $446.4 million related to civil litigation in Europe (EC-related claims).",""
"266","9c496b06","Financial impact of UBER's lease obligations at Mission Bay.","UBER","data\10k\converted\UBER.pdf","filename_fallback","152946,152945,152874,152830,152836,152807,152869,152859,152868,152814,152712,152875,152815,152839,152913,152806","456","Uber entered into a real estate transaction related to its Mission Bay headquarters in San Francisco, which resulted in two 75-year land lease agreements (""Land Leases""). As of December 31, 2023, the remaining commitments under these Land Leases total $116 million until February 2032. After 2032, the annual rent will adjust based on the consumer price index.\n\nThe transaction is accounted for as a financing transaction due to Uber's continuing involvement through a purchase option on its 49% indirect interest in the land. Uber obtained full ownership of the buildings and retains a long-term lease obligation for the land itself.\n\nTherefore, the financial impact includes a long-term lease liability reflected on the balance sheet and ongoing lease payment commitments (totaling $116 million through February 2032, with annual adjustments thereafter) that will impact Uber's future cash flows and liabilities.",""
"272","75c810e8","Impact of lease charges on profitability for Dayforce Inc. (DFC)","DFC","","fallback_no_files_on_disk","52738,49870,41528,41521,41527,41523,41526,41531,41429,41533,48542,41529,41524,41654,41522,91676","122,142,272,146,154","I cannot find sufficient information in the provided documents to answer this question.",""
"267","b63774a6","Impact of Newmont's labor structure on cost risks & operational flex, ticker at end.","NEM","data\10k\converted\NEM.pdf","filename_fallback","118943,118679,119136,118942,119087,118654,118814,119089,118675,118833,118642,118941,118945,118678,119102,118841","356","Newmont's labor structure, including its significant proportion of union-represented employees (about 31.2% globally as of December 31, 2023), creates both cost risks and challenges for operational flexibility. Labor disputes, work stoppages, and union negotiations--such as those experienced at the Peñasquito, Cerro Negro, and Merian mines--can disrupt production and increase costs. Additionally, trends in labor relations, such as stronger collective bargaining and new labor laws in some regions, may lead to higher labor standards, wages, and associated costs (Chunk 7).\n\nChanges in employment models, like the shift to fixed-term contracts in Ghana, have also resulted in union disputes and ongoing litigation, potentially leading to further costs or operational disruptions. These issues can limit Newmont's ability to quickly adjust its workforce or implement operational changes, thus reducing operational flexibility.\n\nIn summary, Newmont's labor structure heightens cost risks due to potential wage increases, legal disputes, and production stoppages, while the prevalence of union representation can constrain operational flexibility.\n\nTicker: NEM",""
"268","ade230dd","Risk quantification for The Hartford cybersecurity breach, along with contingency planning and cap allocation, THG.","THG","","fallback_no_files_on_disk","84507,152355,43057,112924,72418,17635,77715,84531,84660,84452,84659,77714,85007,165772,84451,85006","229,455,493,338,213,54,251,127","The Hartford employs a comprehensive approach to risk quantification, contingency planning, and capital allocation related to cybersecurity breaches:\n\n1. Risk Quantification:\n- The Hartford uses internal and third-party models to estimate potential losses from various catastrophe events, including cyber events. These models assess potential financial impacts on the company's financial position and results of operations. The company models numerous deterministic scenarios such as losses caused by malware, data breaches, distributed denial of service attacks, intrusions of cloud environments, and attacks on power grids. This modeling helps manage aggregate exposure to losses under insurance policies that cover cyber events ([Chunk 9], [Chunk 11]).\n\n2. Contingency Planning:\n- The Hartford's management policies for risk include disciplined underwriting, exposure controls, risk-based pricing, risk modeling, risk transfer, and capital management strategies. Underwriting guidelines are set for individual risks and aggregate exposure limits by geographic zone and peril. The company's approach includes business continuity, disaster recovery planning, and regular review of threat intelligence and risk assessments ([Chunk 1], [Chunk 9], [Chunk 11]).\n- The Hartford's CISO, with significant tenure and expertise, provides senior leadership in information security, governance risk & compliance, business continuity, and disaster recovery ([Chunk 8]).\n\n3. Capital Allocation:\n- The Hartford actively manages its investment portfolios to maximize economic value and ensure sufficient funding of liabilities, including those arising from cyber risks. Portfolio objectives are developed based on the asset/liability profile and risk characteristics, with risk tolerances for asset sector exposure, credit issuer allocation, and portfolio quality constraints. The company's enterprise risk management (ERM) includes specific risk limits for catastrophes, terrorism, and pandemic risks ([Chunk 10], [Chunk 15]).\n- The company also has insurance products that provide coverage for cyber events and assesses how these products would respond to different cyber scenarios to manage its aggregate exposure ([Chunk 9], [Chunk 11]).\n\nIn summary, The Hartford quantifies cyber risk using scenario modeling, incorporates those risks into its ERM and capital planning, and maintains contingency plans and risk controls to address potential cyber breaches.",""
"274","251b390e","KMI's labor strategy, incorporating risk mitigation, emphasizes long-term performance.","KMI","data\10k\converted\KMI.pdf","filename_fallback","90945,90944,91019,91141,91142,91192,91015,90904,90892,91182,91067,90941,91068,91251,91250,91040","270","KMI's labor strategy focuses on building a diverse, inclusive, and respectful workplace while supporting employee career development and safety. The company uses a strategic approach to attract, develop, and retain diverse talent, enhance equality of opportunity in hiring, development, and promotions, and values employee engagement with management on goals and concerns. KMI is committed to a harassment-free workplace and provides ongoing harassment and discrimination prevention training.\n\nRisk mitigation is integrated into their labor strategy through a strong emphasis on workforce safety, emergency preparedness, and environmental responsibility. Their operations management system (OMS) aligns with industry standards to provide a safe work environment, ensure compliance with regulations, and identify improvement opportunities. KMI also sets specific non-zero employee safety performance targets, such as outperforming industry average and internal three-year averages for total recordable incident rates (TRIR), and aims to reduce TRIR from 1.0 in 2019 to 0.7 by 2024.\n\nSuccession planning is another key element, with processes in place to identify and develop talent for senior management, including minority and female candidates. This planning is reviewed annually by the Board's Nominating and Governance Committee to ensure continuity and long-term performance. Overall, KMI's labor strategy incorporates risk mitigation and is designed to support sustainable, long-term organizational success by prioritizing employee safety, diversity, and development (Chunks 1 and 2).",""
"273","588bf70b","Litigation liabilities vs. earnings cash reserves for TSLA.","TSLA","data\10k\converted\TSLA.pdf","filename_fallback","146352,146335,146344,146353,146431,146433,146417,146280,146256,146436,146432,146351,146435,146437,146291,146434","438","Based on the provided context, Tesla (TSLA) is currently involved in several significant litigation matters that may result in substantial liabilities. Key litigation liabilities include:\n\n- A $345 million plaintiff counsel fee award related to the 2018 CEO Performance Award litigation, which Tesla is appealing (Chunks 5, 11).\n- A $176 million plaintiff counsel fee award in a directors' compensation case, which Tesla also intends to appeal; this settlement is not expected to have an adverse impact on Tesla's results of operations, cash flows, or financial position (Chunks 6, 11).\n\nIn terms of cash reserves and earnings:\n\n- As of December 31, 2024, Tesla reported cash and cash equivalents of $16.139 billion and short-term investments of $20.424 billion, totaling over $36.5 billion in highly liquid assets (Chunk 1).\n- Net income attributable to common stockholders for 2024 was $7.091 billion (Chunk 4).\n- Net cash provided by operating activities in 2024 was $14.92 billion (Chunk 3).\n\nIn summary, Tesla's current cash reserves and annual net income are substantially larger than the litigation liabilities identified in the provided context. Even if Tesla were required to pay the litigation-related awards (hundreds of millions of dollars), these amounts are small relative to its cash and short-term investment holdings. Furthermore, at least one settlement is not expected to have an adverse impact on Tesla's financial position. Therefore, based on the context, Tesla's litigation liabilities do not currently pose a significant threat to its earnings or cash reserves.",""
"277","e325dfe4","GPM for TSN FY24 compared to historical margins.","TSN","data\10k\converted\TSN.pdf","filename_fallback","147279,147280,147293,147296,147286,147429,147350,147297,147294,147299,147273,147274,147283,147432,147288","442","For Tyson Foods (TSN), the Gross Profit Margin (GPM) for fiscal year 2024 was 6.8%. This is calculated from sales of $53,309 million and gross profit of $3,627 million (3,627 / 53,309 = 6.8%).\n\nComparatively, the GPM for previous years was:\n- FY23: 5.0% (Gross profit $2,631 million / Sales $52,881 million)\n- FY22: 12.5% (Gross profit $6,668 million / Sales $53,282 million)\n\nThus, the FY24 GPM of 6.8% increased from FY23 but remained significantly lower than FY22.",""
"279","f62b9607","Parker-Hannifin's exec team emphasizes age diversity for improved risk mgmt & mkt adaptability; PH.","PH","data\10k\converted\PH.pdf","filename_fallback","119628,119793,119614,119798,119670,119617,119790,119797,119792,119612,119664,119796,119791,119663,119661,119624","358","I cannot find sufficient information in the provided documents to answer this question.",""
"275","151efd09","Cybersecurity risk integration for growth & competitive positioning, ticker at the end.","","","fallback_no_tickers","146300,25589,75853,87147,123203,154132,87701,2470,2471,36445,18471,90468,116688,77133,150879","258,227,260,451,10,76,460,108,268,370,438,57,350,223","Many companies integrate cybersecurity risk management into their broader enterprise risk management (ERM) frameworks to support growth and maintain competitive positioning. This integration ensures that cybersecurity is considered alongside other strategic, operational, and financial risks, helping companies protect their assets, reputation, and ability to innovate.\n\nFor example, companies like Caterpillar (CAT), Juniper Networks (JNPR), and Applied Materials (AMAT) have comprehensive cybersecurity programs embedded within their ERM systems. These programs are designed to identify, assess, and manage cybersecurity threats, and are often aligned with recognized standards such as the NIST Cybersecurity Framework and ISO 27001. Such alignment enables organizations to proactively address risks that could otherwise hinder business operations or erode customer trust.\n\nKey elements of integration include:\n- Continuous monitoring and proactive assessments to identify evolving threats and vulnerabilities (CAT, JNPR, AMAT).\n- Regular reporting and governance oversight at the board or executive level, ensuring that cybersecurity is a strategic priority (AMAT).\n- Engagement with third parties for penetration testing, incident response, and program maturity assessments to maintain best practices and external validation (CAT, AMAT, JNPR).\n- Incorporation of cybersecurity into product development and business processes, supporting innovation while managing risk (JCI, CAT).\n\nBy making cybersecurity an integral part of risk management and strategic planning, these companies position themselves to better respond to threats, maintain operational resilience, and build trust with customers and partners--all of which are crucial for sustaining growth and competitive advantage.\n\n(Tickers: CAT, JNPR, AMAT, JCI)",""
"276","cb04502d","Capex breakdown for LO 2023: contribution from Hotels & ticker, as well as Corp to overall spend.","LO","","fallback_no_files_on_disk","77168,77181,83625,43670,97778,97746,43669,97777,49385,95787,91071,83626,97999,97868,91070,149618","129,227,291,270,145,248,286,447","Based on the provided context, detailed capital expenditures (capex) breakdowns for Loews Corporation (ticker: L) for 2023, with specific contributions from Loews Hotels & Co and the Corporate segment, are not explicitly stated.\n\nHowever, the available information includes:\n\n- Loews Hotels & Co operates a chain of 25 hotels and had operating revenue of $678 million in 2023, with total revenues (including gain on acquisition and reimbursable expenses) of $852 million. Expenses, including operating, asset impairments, reimbursable expenses, depreciation and amortization, and interest, totaled $652 million (Chunk 8).\n- There is no explicit mention of capital expenditures for Loews Hotels & Co or the Corporate segment in the provided context.\n- The Corporate segment mainly consists of investment income, interest expense, and administrative costs, with 2023 operating and other expenses of $120 million, but this is not defined as capex (Chunk 5).\n\nSummary:\nI cannot find sufficient information in the provided documents to answer this question regarding the exact 2023 capex breakdown for Loews Corporation, specifically the contributions from Loews Hotels & Co and the Corporate segment.",""
"278","8e508779","Insider trading arrangements, mgmt confidence, Constellation Brands.","STZ","data\10k\converted\STZ.pdf","filename_fallback","140154,140148,139896,140002,139944,140054,140156,139974,140155,140173,139981,139903,140000,139948,140011,140170","416","During the three months ended February 29, 2024, none of Constellation Brands' directors or officers adopted or terminated a ""Rule 10b5-1 trading arrangement"" or ""non-Rule 10b5-1 trading arrangement,"" as defined in Item 408 of Regulation S-K. This indicates that there were no new insider trading plans established or ended by management or directors during that period.\n\nAdditionally, the company's Chief Executive Officer and Chief Financial Officer have concluded that Constellation Brands' disclosure controls and procedures are effective, ensuring timely and accurate disclosure of required information. No changes were identified in internal control over financial reporting during the quarter that have materially affected, or are reasonably likely to materially affect, these controls. This suggests management's confidence in the integrity and transparency of the company's financial reporting processes (see Chunk 1).",""
"269","80d7a7c9","Analyzing the financials and growth of Fertilizantes Brazil post-integration: The Mosaic Co. impact on performance.","MOS","data\10k\converted\MOS.pdf","filename_fallback","109777,109776,109543,109764,109779,109500,109525,109524,109894,109866,109498,109757,109895,109532,109769","329","Post-integration, Mosaic Fertilizantes has become a significant contributor to The Mosaic Company's global operations, particularly in Brazil. Here's an analysis of its financial performance and growth:\n\n**Market Position and Scale:**\n- Mosaic Fertilizantes is the leading fertilizer production and distribution company in Brazil, accounting for about 20% of fertilizer shipments in the country (Chunk 7, 11).\n- The segment operates five phosphate rock mines, four chemical plants, and the only potash mine in Brazil, along with extensive blending, bagging, and distribution facilities (Chunks 6, 8, 12).\n- It produces and sells phosphate- and potash-based crop nutrients and animal feed ingredients, with the ability to produce about 4.5 million tonnes annually (Chunk 7).\n\n**Financial Performance (2023 vs. 2022):**\n- Net sales for Mosaic Fertilizantes in 2023 were $5.7 billion, a significant decline from $8.3 billion in 2022 (Chunk 1, 2).\n- Gross margin dropped sharply from $1.0 billion in 2022 to $211.6 million in 2023, and gross margin as a percent of net sales fell from 12.6% to 3.7% (Chunk 2).\n- The main factor behind this decline was a substantial reduction in finished product selling prices, which were down by about $291 per tonne to an average of $587 per tonne in 2023 (Chunk 1, 2).\n- This negative price impact was only partially offset by higher sales volumes (an increase from 9.4 to 9.7 million tonnes) and lower raw material costs, especially for ammonia and sulfur (Chunks 1, 2, 5).\n\n**Operational Highlights:**\n- Despite the challenging pricing environment, Mosaic Fertilizantes increased its finished goods sales volumes, reflecting strong market presence and operational resilience (Chunk 2).\n- Raw material costs for ammonia and sulfur decreased significantly in 2023, helping to partially offset the impact of lower selling prices (Chunk 1, 5).\n- The segment has substantial vertical integration, with advantages in economies of scale, transportation, storage, and market intelligence, contributing to its competitive edge in Brazil (Chunk 3).\n\n**Strategic and Competitive Impact:**\n- Mosaic Fertilizantes' integration and expansion have established Mosaic as the largest producer and one of the largest distributors of blended crop nutrients in Brazil (Chunk 8, 11).\n- The strong distribution network, strategic location of assets, and a broad customer base (farmers, blenders, distributors) further support its market leadership (Chunk 3, 7).\n- The segment's results are influenced by external factors such as global commodity prices, agricultural demand, and raw material costs, leading to volatility in profitability (Chunk 3, 12).\n\n**Summary:**\nThe integration of Fertilizantes Brazil into The Mosaic Company has significantly increased Mosaic's scale and market influence in Brazil, making it a leader in production and distribution. While the segment delivered strong sales volumes and maintained a robust market position, its financial performance in 2023 was challenged by a steep decline in global fertilizer prices. However, its vertical integration and operational efficiencies have positioned it to benefit from market recovery and long-term growth in agricultural demand.",""
"280","7c496ab8","CIG's CISO & cyber def reporting bolster cybersecurity risk mgmt and enhance investor confidence at Philip Morris International.","PM","data\10k\converted\PM.pdf","filename_fallback","125995,125994,125996,125993,125992,126294,125986,126147,125997,125927,126303,125985,126317,125991,125984,125987","376","At Philip Morris International (PMI), the Chief Information Security Officer (CISO) and the cyber defense team play crucial roles in bolstering cybersecurity risk management and enhancing investor confidence.\n\nThe CISO oversees PMI's cross-functional cybersecurity risk program, which is developed using standard industry practices to monitor and manage cybersecurity threats. The CISO and information security team manage this program under PMI's enterprise risk management framework, operating on a risk-based approach that includes cataloguing top cybersecurity threat scenarios, conducting maturity assessments, and evaluating residual risks to prioritize improvements (Chunks 4, 5, 14).\n\nThe CISO provides at least quarterly reports to the Audit and Risk Committee or the full Board of Directors, covering cybersecurity risk status, key performance indicators, and risk response strategies and plans. These updates ensure that senior leadership and the Board are well-informed and can make strategic decisions regarding cybersecurity (Chunk 1, 2).\n\nThe dedicated cyber defense team works to identify, prevent, detect, and respond to cybersecurity threats and intrusions. They collaborate with internal and external stakeholders to protect PMI's information, mitigate operational disruptions, and maintain business continuity. The team also escalates incidents as appropriate to governing bodies to meet disclosure and reporting requirements (Chunk 4).\n\nThis robust governance and reporting structure, which involves experienced leadership and regular oversight, helps strengthen PMI's cybersecurity posture. It also demonstrates to investors that PMI is proactive and transparent in managing cybersecurity risks, thereby enhancing investor confidence in the company's ability to protect its assets, operations, and reputation (Chunks 1, 3, 4, 5).",""
"281","d613c99c","FSLR's share buyback impacts EPS valuation.","FSLR","data\10k\converted\FSLR.pdf","filename_fallback","64911,64862,64836,64672,64835,64659,64834,64909,64907,64906,64927,64767,64782,64625,64922,64926","188","I cannot find sufficient information in the provided documents to answer this question. \n\nThe retrieved context does not mention any share buyback programs by First Solar (FSLR), nor does it discuss the impact of share buybacks on EPS (Earnings Per Share) valuation. The available information covers share-based compensation, stock issuance for compensation, and related equity transactions, but not share repurchases.",""
"283","1bacc152","Cintas (CTAS) 2024 capex total & segment breakdown.","CTAS","data\10k\converted\CTAS.pdf","filename_fallback","36198,36293,36258,36294,36257,36125,36126,36183,36197,36236,36182,36131,36188,36184,36286","107","For fiscal 2024, Cintas' total capital expenditures (capex) were $409.5 million. The breakdown by segment is as follows:\n\n- Uniform Rental and Facility Services: $261.2 million\n- First Aid and Safety Services: $100.0 million\n- All Other (which includes Fire Protection Services and Uniform Direct Sale): $48.2 million\n\nThese figures support investments to drive revenue growth, increased equipment purchases (primarily trucks), and spending related to the SAP implementation in the Fire Protection Services segment.",""
"282","c8d964e4","Mitigating financial risk w/ the EXC cybersecurity framework, EXC.","EXC","data\10k\converted\EXC.pdf","filename_fallback","85360,85355,85356,85341,85342,85344,85359,85343,85347,85357,85314,85313,85727,85488,85489","253","Exelon (EXC) mitigates financial risk related to cybersecurity through a comprehensive, centralized cybersecurity risk management and incident response framework that is aligned with the NIST Cybersecurity Framework (NIST CSF). Key components include:\n\n- Enterprise-Level Risk Management: Cybersecurity risk is managed as an enterprise risk and is integrated into overall risk management processes. Regular meetings are held between the CISO, cybersecurity management, senior leadership, and the Board of Directors to discuss risk mitigation, changes in threat landscape, and regulatory developments.\n- Incident Response Program: Exelon maintains a centralized incident response plan that includes identifying, classifying, escalating, and responding to incidents, with the CISO directing response efforts to contain, eradicate, and recover from threats. Dedicated third-party vendors are leveraged for specialized incident response support.\n- Preventative Controls: Exelon uses a suite of cybersecurity tools and practices--including endpoint, network, and anomaly detection, firewalls, network segmentation, vulnerability management, threat hunting, and forensic analysis--to prevent and detect threats to critical assets.\n- Regulatory Compliance and Audits: Effectiveness of the cybersecurity program is assessed through regulatory audits, financial system audits, and external incident detection analytics. Compliance with critical infrastructure protection standards is maintained.\n- Third-Party Risk Management: Risks associated with vendors and service providers are managed through security assessments, contractual requirements, and mandatory incident reporting to Exelon's security operations center.\n- Insurance: Exelon maintains cyber insurance coverage consistent with industry standards, though it notes that insurance may not fully cover all losses from a cyber event.\n- Board Oversight: The Board of Directors oversees cybersecurity risks, with regular briefings from the CISO and a cross-functional management team.\n\nWhile Exelon has not experienced any material cybersecurity events to date, these measures are designed to mitigate the potential for financial loss due to cyber incidents, protect business operations, and minimize the impact of disruptions that could negatively affect financial condition and business reputation.",""
"286","d7bbfb01","Cash flow valuation impact from WAT litigation resolution.","WAT","data\10k\converted\WAT.pdf","filename_fallback","156547,156483,156433,156546,156500,156420,156463,156545,156488,156499,156419,156478,156429,156444,156481,156421","467","The resolution of litigation by Waters Corporation (WAT), specifically the settlement agreement with Bruker Corporation and Bruker Daltronik regarding the timsTOF product line, had a positive impact on cash flow. In connection with the settlement, Waters was entitled to receive $10 million in guaranteed payments, including minimum royalty payments. These payments were recognized within other income (expense), net, in the consolidated statement of operations for the year ended December 31, 2021.\n\nDuring the years ended December 31, 2023, 2022, and 2021, the company received $2 million, $1 million, and $3 million, respectively, in guaranteed payments, net of applicable withholding taxes. These payments contributed positively to the company's cash flow from operating activities in those years.\n\nTherefore, the litigation resolution resulted in incremental cash inflows of $3 million (2021), $1 million (2022), and $2 million (2023), reflected as other income and supporting operating cash flow for Waters Corporation.",""
"284","75daf2a1","Impact on cash flow due to Textron's competitive bidding & gov delays, TXT.","TXT","data\10k\converted\TXT.pdf","filename_fallback","146757,146724,146725,146697,146767,146774,146770,146778,146759,146775,146696,146890,146866,146758,146800,146688","440","Textron's participation in competitive bidding for U.S. government defense contracts can have several impacts on its cash flow. The competitive process increases costs, as it often requires Textron to submit multiple bids, invest significant time and resources in research and development, and incur expenses to prepare proposals. If Textron is not selected for a contract, these costs are not recovered, potentially reducing available cash.\n\nAdditionally, even when Textron wins a contract, it may face bid protests from unsuccessful bidders. These protests can result in significant additional expenses, program delays, and postponed commencement of contract activity. Such delays can increase costs and postpone the recognition of revenue and profit, thus negatively affecting cash flow in the short term (Chunks 2 and 3).\n\nTherefore, competitive bidding and government-related delays can increase Textron's expenses, delay cash inflows from contracts, and result in temporary negative impacts on its cash flow.",""
"285","e010795d","Impact of litigation uncertainty risk on CBRE.","CBRE","data\10k\converted\CBRE.pdf","filename_fallback","27002,26952,26956,27027,27015,27098,27204,27028,27063,26987,27075,27029,27230,26961,27099,27105","82","Litigation uncertainty poses several risks to CBRE. The company is exposed to various litigation and regulatory risks, particularly within its valuations business. While CBRE maintains insurance coverage for most risks, some exposures are either not insurable at commercially reasonable rates or not covered in cases of grossly negligent or intentionally wrongful conduct. An adverse result in litigation or a substantial uninsured legal liability could have a material adverse effect on CBRE's business, financial condition, and results of operations. Regulatory proceedings could result in fines, other liabilities, or negatively impact operations. Even prolonged or complex investigations that do not result in adverse findings may still lead to significant costs and divert employee resources. In addition, allegations or regulatory investigations--regardless of their outcome--could damage CBRE's reputation and harm business relationships, which could impact client retention and attraction (Chunk 1, Chunk 7). \n\nOverall, litigation uncertainty can adversely affect CBRE's revenues, competitive position, investor confidence, and reputation, and can result in significant financial liabilities or operational impacts.",""
"290","9ef51383","Kell @ 23k emp @ $50k ea; 3% grwth; calc wage exp incr.","K","data\10k\converted\K.pdf","filename_fallback","88367,88257,88317,88316,88206,88258,88432,88433,88422,88370,88354,88488,88308,88353,88435,88429,88443","262","If Kellanova has approximately 23,000 employees, and each employee has an average wage of $50,000, the total annual wage expense is:\n\n23,000 employees x $50,000/employee = $1,150,000,000 (or $1.15 billion).\n\nWith a 3% wage growth, the increase in wage expense for the next year would be:\n\n$1,150,000,000 x 3% = $34,500,000 (or $34.5 million).\n\nSo, with a 3% wage growth, the wage expense would increase by $34.5 million in the next year.",""
"288","a633fa61","Impact on capital allocation of ETR's $500M repurchase program vs. funding for stock comp?","ETR","data\10k\converted\ETR.pdf","filename_fallback","167581,167580,166702,166310,166701,166798,166309,166803,166802,166797,166390,166806,166391,166804,166799","495","Entergy's Board has authorized two types of share repurchase activities that impact capital allocation differently: (1) a dedicated $500 million share repurchase program for opportunistic buybacks, and (2) ongoing authority to repurchase shares specifically to fund the exercise of grants under stock-based compensation plans.\n\n- The $500 million repurchase program, established in October 2010, allows Entergy to buy back shares in response to market conditions. As of December 31, 2023, $350 million of this authority remained. The amount spent on these repurchases can vary depending on business results, capital spending needs, or new investment opportunities. This program is designed to provide flexibility in capital allocation, allowing Entergy to return capital to shareholders or adjust its share count as broader financial conditions and strategic needs dictate (Chunks 1, 3, 4, 5).\n\n- In parallel, Entergy's Board has authorized management to repurchase shares as needed to fund stock-based compensation (such as stock options, restricted stock, and performance units). These repurchases are directly tied to the issuance of shares under employee incentive programs and are separate from the $500 million opportunistic buyback program. The impact here is more operational: ensuring shares are available for employee grants without diluting existing shareholders (Chunks 1, 2, 4).\n\nIn summary, the $500 million repurchase program primarily serves broader capital allocation objectives (such as shareholder returns and strategic flexibility), while repurchases for stock compensation are operational and tied to employee incentives. The latter does not count against the $500 million program, and both uses are managed separately to meet different capital needs.",""
"287","01364ca9","Analyzing the impact of disruptive tech by Meta on rev & mkt share, focusing on ticker.","META","data\10k\converted\META.pdf","filename_fallback","102897,102841,102667,102692,102648,102866,102607,102901,102614,102822,102600,102794,102832,102887,102591,102592","306","Meta Platforms, Inc. (ticker: META) is actively developing and deploying disruptive technologies, particularly in areas like artificial intelligence (AI), augmented reality (AR), virtual reality (VR), and the metaverse. These initiatives have had both positive and negative impacts on the company's revenue and market share:\n\nRevenue Impact:\n- Meta's revenue has grown significantly over recent years, reaching $164.5 billion in 2024, up from $134.9 billion in 2023 and $116.6 billion in 2022 [Chunk 1].\n- The company continues to derive substantially all of its revenue from advertising on its family of apps (Facebook, Instagram, etc.) [Chunk 11].\n- Investments in new technologies, such as AI-powered discovery engines and Reels (a short-form video product), have improved user engagement and monetization. However, Reels monetizes at a lower rate than traditional Feed and Stories products, which has put some pressure on revenue growth and is expected to continue doing so [Chunks 2, 3].\n- Reality Labs, which includes Meta's metaverse and wearable initiatives, generated only limited revenue and significantly reduced operating profit (by approximately $17.73 billion in 2024). These losses are expected to increase in 2025 [Chunk 4].\n\nMarket Share Impact:\n- Meta faces significant competition from other companies innovating in AI, AR/VR, and social media platforms. Competitive products, particularly those appealing to younger users, have affected user engagement and market share [Chunks 2, 7].\n- While Meta's innovative products like Reels and AI-driven experiences have improved engagement, the company acknowledges that some new features or product changes can shift users away from higher-monetizing properties, potentially impacting market share and revenue [Chunk 3].\n- Loss of advertising market share to competitors is a noted risk, especially if competitors offer more effective or lower-priced advertising products [Chunk 5].\n\nIn summary, while Meta's focus on disruptive technologies is driving innovation and some engagement gains, it has mixed effects on revenue and market share. Investments in Reality Labs have reduced profitability, and competitive pressures--especially from platforms targeting younger demographics--continue to challenge Meta's market share and revenue growth from advertising.",""
"289","de8f9da7","Impact of EAC cost comp. & rev. timing on perf. obligations at Leidos Holdings, Inc. (LDOS).","LDOS","data\10k\converted\LDOS.pdf","filename_fallback","91474,91437,91477,91438,91497,91451,91436,91470,91499,91473,91452,91358,91496,91471,91356","271","At Leidos Holdings, Inc., the Estimated At Completion (EAC) cost and the timing of revenue recognition have significant impacts on the accounting for performance obligations:\n\n- For contracts requiring system integration and capability development or with variable consideration, revenue is generally recognized over time using the cost-to-cost method. Under this method, revenue is recognized based on the proportion of total costs incurred to the EAC. The EAC includes all direct costs (materials, labor, subcontract costs, overhead), a ratable portion of general and administrative costs, and any expected future losses on onerous contracts (Chunks 1, 2, 6).\n\n- If at any point the estimated cost to fulfill a performance obligation (EAC) exceeds the estimated transaction price, the entire amount of the loss is recognized immediately in the period the loss becomes known (Chunks 2, 4).\n\n- The timing of revenue recognition is therefore closely tied to the accuracy of cost estimates. Adjustments to EAC as work progresses, new information becomes available, or contract scope changes can lead to revisions in both recognized revenue and profitability (Chunks 3, 12).\n\n- Changes in EAC estimates (either favorable or unfavorable) directly impact the amount and timing of revenue recognized and can affect reported income before taxes and earnings per share (Chunk 3).\n\n- The use of estimates in EAC is complex and involves significant judgment, particularly for long-term contracts. Any changes in assumptions or circumstances can result in adjustments that may impact future financial results (Chunks 6, 12).\n\nIn summary, EAC cost estimates are central to determining both the amount and timing of revenue recognition for performance obligations at Leidos, and changes in these estimates can materially affect the company's reported revenues and profits.",""
"293","37b02e19","GPC's enhancements in cybersecurity for incident response may impact profitability.","GPC","data\10k\converted\GPC.pdf","filename_fallback","69053,69052,69054,69072,69079,69077,69016,69088,69014,69092,69078,69062,69031,69021,69026,69013","201","GPC has made continuous investments in physical and technological security measures, employee training, and third-party services to maintain, operate, and protect its information systems and related sensitive data (Chunks 1, 2, 3, 5, 6, 11). These enhancements in cybersecurity, including improvements in incident response capabilities--such as regular evaluation of incident response plans, security awareness training, and ongoing risk assessments--are necessary to address evolving cyber threats and regulatory requirements.\n\nWhile these investments are crucial for protecting the business and minimizing risks from cyber-attacks, they also result in increased expenses. If a serious disruption were to occur, it could materially impair fundamental business processes, increase expenses, decrease sales, or otherwise impact earnings and cash flows (Chunks 1, 3). Therefore, while enhancing cybersecurity and incident response may increase costs in the short term, these measures are intended to protect GPC from potentially much larger losses due to cyber incidents, legal claims, and reputational harm, ultimately supporting long-term profitability.",""
"292","7e38d34a","Impact of XOM leadership tenure on long-term strategy & risk mgmt.","XOM","data\10k\converted\XOM.pdf","filename_fallback","163162,163161,163119,163188,163189,163100,163118,163120,163125,163187,163097,163244,163110,163245,163126","486","ExxonMobil's leadership has substantial tenure, with many executive officers serving in senior roles for several years or even decades. For example, Darren W. Woods has been Chairman and CEO since 2017 and President since 2016, while other senior leaders like Neil A. Chapman, Jack P. Williams, Jr., and Liam M. Mallon have held executive or vice president positions for multiple years (Chunks 1, 2).\n\nThis leadership stability supports ExxonMobil's long-term orientation in both strategy and risk management. The company's business decisions and risk management processes are designed around long-term market fundamentals and multi-decade horizons, reflecting the deep institutional knowledge and continuity provided by experienced leaders (Chunks 5, 6). The established leadership facilitates disciplined investment, ongoing risk assessments, and the integration of lessons learned into future projects (Chunks 4, 7).\n\nAdditionally, the company's approach to talent development--emphasizing career-long growth and high retention--ensures that leadership and employees maintain a deep understanding of ExxonMobil's business cycles and strategic objectives, further strengthening risk management and continuity (Chunk 6).\n\nIn summary, ExxonMobil's experienced and long-tenured leadership enables a consistent long-term strategy and robust risk management framework, providing stability and continuity in a complex and evolving global energy environment.",""
"291","7d5871d3","MTD env regs risk & financial health vs peers w/ ticker in the middle.","MTD","data\10k\converted\MTD.pdf","filename_fallback","105259,105278,105296,105277,105304,105342,105362,105295,105358,105360,105359,105357,105363,105361,105341,105340,105256","314","Mettler-Toledo International Inc. (MTD) is subject to various environmental laws and regulations in the jurisdictions where it operates, similar to its peers. The company has incurred, and expects to continue to incur, capital and operating expenditures to comply with these regulations. MTD is currently involved in, or has potential liability related to, the remediation of past contamination at some facilities, including sole responsibility for a remediation site in Landing, New Jersey, with estimated compliance costs of about $0.1 million over the next several years.\n\nWhile MTD believes it is in substantial compliance with current environmental requirements and has not historically incurred material environmental expenditures, it acknowledges the possibility of future liabilities from additional regulations or newly identified contaminated sites. Such liabilities could potentially have a material adverse effect on its financial condition, results of operations, or cash flows.\n\nCompared to peers, MTD states that many competitors face similar regulatory environments and compliance costs. The company's financial health has not been materially impacted by environmental expenditures to date, but it remains at risk of further liabilities, as is common in the industry for companies with decades-old facilities that may have handled hazardous substances.\n\nIn summary, MTD's exposure to environmental regulations and related financial risks is comparable to that of its industry peers, and while it is currently in substantial compliance, future risks could arise that may affect its financial health. The ticker symbol for Mettler-Toledo International Inc. is MTD.",""
"294","97a49f41","absence of updated Rule 10b5-1 plans at GPN impacts financial health & long-term value commmt.","GPN","data\10k\converted\GPN.pdf","filename_fallback","73042,72816,72906,72902,72908,72846,73053,72706,73057,73011,73055,73032,73048,72699,73012,72695","214","Based on the provided context, during the quarter ended December 31, 2023, none of Global Payments Inc.'s directors or officers notified the company that they adopted, modified, or terminated any Rule 10b5-1 trading arrangement or any non-Rule 10b5-1 trading arrangement. There is no information in the context indicating that this absence of updated Rule 10b5-1 plans has had an impact on the company's financial health or its commitment to long-term value.\n\nTherefore, there is no evidence in the provided documents to suggest that the lack of updated Rule 10b5-1 plans has negatively affected Global Payments Inc.'s financial health or its long-term value commitment.\n\nIf you need further analysis or details, please provide additional context or specify your question further.",""
"296","5d58daa3","Through LEN, diversification can mitigate risk and stabilize cash flow during downturns.","LEN","data\10k\converted\LEN.pdf","filename_fallback","90573,90370,90374,90578,90502,90500,90365,90546,90438,90583,90621,90364,90416,90620,90367,90581","268","Yes, diversification at Lennar (LEN) can help mitigate risk and stabilize cash flow during downturns. Lennar is not only one of the largest homebuilders in the United States, but it also operates in mortgage origination, title insurance, closing services, multifamily rental property development, and invests in technology companies related to homebuilding and real estate financial services (Chunk 7, Chunk 11). This diversification across business lines and geographic regions provides multiple revenue streams, reducing reliance on any single market or sector.\n\nFurthermore, Lennar uses strategies such as controlling land through options rather than outright ownership, which helps reduce financial risk associated with long-term land holdings (Chunk 2, Chunk 4, Chunk 13). Its multifamily and other segments generate income from a variety of sources, including management fees, property sales, and technology investments (Chunk 11, Chunk 14). This diversified approach can help stabilize cash flow, especially during periods when the homebuilding market experiences cyclical downturns (Chunk 13).",""
"295","9b67532e","GILD's share repurchase program vs. total repurchases, including RSA withholding for employees.","GILD","data\10k\converted\GILD.pdf","filename_fallback","68231,68272,68298,68230,68391,68390,68229,68367,68283,68366,68270,68273,68127,68120,68315","198","Gilead Sciences (GILD) conducts share repurchases in two ways:\n\n1. Publicly Announced Share Repurchase Program: This is a formal program authorized by the Board of Directors, allowing the company to buy back shares in the open market or through privately negotiated transactions. For the three months ended December 31, 2023, Gilead repurchased 1,937,000 shares as part of this program.\n\n2. Additional Repurchases Related to Employee Stock Awards: The difference between the total number of shares repurchased and those repurchased under the formal program is due to shares withheld from employee restricted stock awards to satisfy applicable tax withholding obligations. These shares are not part of the publicly announced repurchase program but are instead related to equity compensation for employees.\n\nDuring the three months ended December 31, 2023, the total number of shares purchased was 2,371,000, of which 1,937,000 were part of the repurchase program, and the remaining 434,000 were withheld for employee tax obligations related to restricted stock awards.\n\nIn summary, Gilead's total share repurchases include both shares bought under the publicly announced program and shares withheld for employee tax obligations on restricted stock awards.",""
"297","779617bb","NI (NI+NCI) comparison for Omnicom from 2021-2023.","OMC","data\10k\converted\OMC.pdf","filename_fallback","114956,114844,114887,114845,114814,114888,114815,114843,114842,114886,114923,114794,114840,114957","343","For Omnicom Group Inc., the comparison of Net Income (NI) and Net Income including Noncontrolling Interests (NI+NCI) for the years 2021-2023 is as follows (amounts in millions):\n\n- 2021:\n  - Net Income - Omnicom Group Inc. (NI): $1,407.8\n  - Net Income Attributed to Noncontrolling Interests (NCI): $99.8\n  - Total Net Income (NI + NCI): $1,507.6\n\n- 2022:\n  - Net Income - Omnicom Group Inc. (NI): $1,316.5\n  - Net Income Attributed to Noncontrolling Interests (NCI): $87.3\n  - Total Net Income (NI + NCI): $1,403.8\n\n- 2023:\n  - Net Income - Omnicom Group Inc. (NI): $1,391.4\n  - Net Income Attributed to Noncontrolling Interests (NCI): $81.8\n  - Total Net Income (NI + NCI): $1,473.2\n\nIn summary, the total net income (including noncontrolling interests) for Omnicom was $1,507.6 million in 2021, $1,403.8 million in 2022, and $1,473.2 million in 2023. The portion attributable to Omnicom Group Inc. was $1,407.8 million in 2021, $1,316.5 million in 2022, and $1,391.4 million in 2023.",""
"270","20d38be5","CTAS faces competitive pressures in its cost structure margins while implementing risk mitigation strategies.","CTAS","data\10k\converted\CTAS.pdf","filename_fallback","36147,36125,36127,36282,36146,36258,36301,36302,36124,36303,36129,36143,36191,36187,36239,36230","107","Cintas (CTAS) operates in highly competitive industries, facing significant pressures on its cost structure and margins. The company competes with national, regional, and local providers, as well as companies with a strong online presence. Key competitive elements include product, design, price, quality, service, and customer convenience. If competitors lower prices to gain or retain market share, Cintas may be forced to reduce its own prices, which could negatively impact its consolidated results of operations and margins. Additionally, the company must contend with customers choosing to perform services in-house rather than outsourcing to Cintas, further increasing competitive pressure on pricing and margins (Chunks 1, 3, 5).\n\nTo mitigate these risks, Cintas pursues several strategies:\n- The company regularly reviews and adjusts its operating segments and resource allocation based on performance to remain competitive and efficient (Chunks 2, 14, 16).\n- Cintas invests in productivity initiatives and sourcing strategies, which have led to improvements in cost of sales as a percentage of revenue, especially through favorable changes in sales mix and sourcing in certain segments (Chunk 13).\n- The company is committed to responsible sourcing and maintains a vendor code of conduct for all suppliers, along with internal training to manage supply chain risks (Chunk 11).\n- Expansion efforts, including opening new, cost-effective operating facilities and pursuing acquisitions, are part of Cintas' growth and risk mitigation strategies, though these also come with their own risks (Chunk 1).\n\nDespite these efforts, Cintas acknowledges that ongoing competitive pressures and market risks could adversely affect its revenue and margins, and it continues to monitor and adapt its risk mitigation strategies as needed.",""
"298","9458528f","LHX txn limit diffs, role, conf, insight, ticker.","LHX","data\10k\converted\LHX.pdf","filename_fallback","91896,92135,91908,91910,91914,91913,92148,92121,92140,91909,91824,91915,91952,92149,92058,92126,92102","273","Based on the provided context, here is a synthesized answer to your query regarding LHX (L3Harris Technologies, Inc.) and transaction limit differences, roles, confirmations, insights, and ticker:\n\n- Ticker: L3Harris Technologies, Inc. is listed on the New York Stock Exchange under the ticker symbol ""LHX"" (Chunk 3, Chunk 11).\n\n- Transaction Limits & Differences: There are references to share repurchase authorizations and executive share sale plans, which may relate to transaction limits:\n    - The Board authorized a $6.0 billion share repurchase program in January 2021, with an additional $3.0 billion approved in October 2022. As of December 29, 2023, $3.9 billion remained unused (Chunk 4).\n    - Executives and directors adopted Rule 10b5-1 trading plans, specifying the maximum number of shares they could sell within predetermined periods. For example, Chair and CEO Christopher E. Kubasik could sell up to 46,528 shares underlying options expiring in 2025 (Chunk 8).\n    - Employee transactions often relate to satisfying tax withholding obligations upon vesting of performance units, restricted units, or shares (Chunk 4).\n\n- Role: The roles involved in these transactions include executive officers, directors, and employees, particularly in the context of share sales and repurchases (Chunks 4, 8).\n\n- Confirmation: Specific Rule 10b5-1 plans have scheduled expiration dates and aggregate share amounts, providing transparency and a form of confirmation regarding planned transactions (Chunk 8).\n\n- Insight: The company has a significant share repurchase program and structured plans for executive and director transactions, indicating a focus on shareholder returns and compliance with insider trading regulations. Additionally, the company has ongoing restructuring and transformation initiatives (LHX NeXt) to increase agility and competitiveness (Chunk 17).\n\n- Ticker: LHX\n\nIf you require more granular details about specific transaction limits, roles, or confirmation processes not covered above, please clarify your request.",""
"299","9c885cb5","HCA's (HCA) 2024 capex & construction projects may impact liquidity, increase debt, and elevate risk.","HCA","data\10k\converted\HCA.pdf","filename_fallback","76344,76419,76346,76343,76434,76338,76342,76301,76264,76306,76351,76352,76350,76212,76254","224","HCA expects planned capital expenditures (capex) to be between $5.1 billion and $5.3 billion in 2024. As of December 31, 2023, there were projects under construction with an estimated additional cost to complete and equip over the next five years of approximately $4.1 billion. HCA anticipates funding these capital expenditures with internally generated and borrowed funds.\n\nThese significant capex commitments and ongoing construction projects could impact liquidity, as they require substantial cash outflows. Working capital declined from $3.741 billion at December 31, 2022 to $2.272 billion at December 31, 2023, primarily due to a $2.054 billion increase in long-term debt due within one year. As of December 31, 2023, HCA's total indebtedness was $39.593 billion, and additional borrowing may be needed to finance planned expenditures.\n\nHigh debt levels can increase financial risk by requiring more cash to service debt, potentially reducing cash available for operations and future opportunities. Debt also increases vulnerability to interest rate fluctuations and may limit flexibility in responding to changing market conditions or pursuing strategic initiatives.\n\nOverall, HCA's 2024 capex and construction plans are likely to affect liquidity, could result in increased debt, and may elevate financial risk. However, management believes that cash flows from operations, available credit, and access to capital markets will be sufficient to meet liquidity needs for the foreseeable future.",""
"300","7bc5a9bc","Agilent governance, insider trading setups, & ownership trends impact cap allocation.","A","data\10k\converted\A.pdf","filename_fallback","3216,3217,3167,3209,2851,3228,3219,3227,2905,2852,2914,3226,3123,3124,2913,3222","12","Agilent Technologies has implemented several governance and insider trading policies that influence its approach to capital allocation:\n\n1. Governance Structure:\n   - Information about Agilent's directors, executive officers, and key committees (including the Audit and Finance Committee and its financial expert) is detailed in its Proxy Statement and incorporated into the annual report. The company maintains a code of ethics (Standards of Business Conduct) for senior officers and posts any amendments or waivers to these standards on its investor website (Chunks 1, 15).\n   - The company's Corporate Governance Standards, committee charters, and bylaws are publicly available, indicating a commitment to transparency and strong governance (Chunks 11, 15).\n\n2. Insider Trading Policy:\n   - Agilent has adopted an Insider Trading policy for directors, officers, employees, and the company itself. This policy is designed to ensure compliance with insider trading laws and NYSE listing standards. The policy is publicly filed as Exhibit 19.1 in the annual report (Chunks 1, 2, 6).\n   - The presence of this policy and procedures demonstrates Agilent's aim to prevent improper trading and uphold market integrity.\n\n3. Ownership Trends:\n   - Information about security ownership by certain beneficial owners and management is found in the Proxy Statement, suggesting ongoing monitoring and disclosure of insider ownership and related trends (Chunk 2).\n   - Equity compensation is a significant element of Agilent's capital allocation. The company has robust share-based compensation plans, including the Employee Stock Purchase Plan (ESPP) and the 2018 Stock Plan, which authorize millions of shares for employee and executive incentives (Chunks 13, 14, 7). These programs promote equity ownership among employees and management, aligning their interests with shareholders and potentially influencing capital allocation decisions toward equity-based incentives.\n\n4. Impact on Capital Allocation:\n   - The company's governance framework and insider trading setups foster a culture of compliance and ethical conduct, which supports disciplined capital allocation.\n   - The use of equity-based compensation and employee ownership plans means that a portion of capital allocation is directed toward incentivizing employees and management through stock grants and options.\n   - Disclosure of insider ownership and related transactions (as referenced in the Proxy Statement) also ensures transparency, which can affect investor confidence and, indirectly, the company's ability to raise and allocate capital.\n\nIn summary, Agilent's governance and insider trading policies promote transparency, regulatory compliance, and alignment of management with shareholders, all of which play a role in shaping capital allocation strategies, especially through equity-based compensation and employee ownership programs.",""
