query_id,query,chunk_ids,document_ids,final_answer
6804abce,"The impact of Albemarle's dividend policy on fin flex & growth is noteworthy, ALB.","8229,7954,95344,7966,151757,7775,14473,8123,7749,8219","26,284,45,454","Albemarle’s dividend policy reflects a long-standing commitment to returning capital to shareholders, as evidenced by the increase of its quarterly dividend for the 29th consecutive year in the first quarter of 2023 to $0.40 per share. This consistent dividend growth demonstrates financial stability and shareholder value focus, which can enhance investor confidence and support share price stability. At the same time, Albemarle balances its dividend payments with investments in future growth and financial flexibility. The company actively manages its capital expenditures, re-phasing certain projects and optimizing its cost structure to unlock near-term cash flow and ensure long-term financial flexibility. These measures, along with disciplined cost reduction efforts, allow Albemarle to maintain leverage flexibility and continue investing in high-priority businesses while still returning capital to shareholders through dividends. Overall, Albemarle’s approach to dividends supports its financial flexibility by being disciplined in capital allocation and cost management, while also contributing to growth by enabling continued investment in strategic initiatives and innovation."
89a360a7,EPS growth multiplier check HES from 2021 to 2023.,"48390,73435,8268,73514,169168,73449,169167,73513,33512,73589","101,142,497,216,27","To calculate the EPS (Earnings Per Share) growth multiplier for Hess Corporation (HES) from 2021 to 2023, we'll use the diluted EPS values: - 2021 diluted EPS: $1.81 - 2023 diluted EPS: $4.49 EPS growth multiplier = 2023 EPS / 2021 EPS EPS growth multiplier = $4.49 / $1.81 ≈ 2.48 So, the EPS growth multiplier for HES from 2021 to 2023 is approximately 2.48."
9fd50629,Capex trend for WST 2023 vs 2022 will impact ops efficiency and risk significantly.,"43669,48390,45740,131071,91070,131070,91071,43670,138715,158993","129,136,392,142,270,475,414",I cannot find sufficient information in the provided documents to answer this question.
11dac9fd,Impact on rev. forecast for EU&I GU&I from DUK contract structure.,"62732,62395,62731,62403,62737,62396,62903,62908,62855,62406",183,"The contract structures for Duke Energy’s Electric Utilities & Infrastructure (EU&I) and Gas Utilities & Infrastructure (GU&I) segments significantly influence revenue forecasting in several ways: 1. Regulated Tariffs and Long-Term Contracts: - EU&I’s retail electric service is delivered mostly through regulated tariffs, which are determined by state regulators and assigned by customer class (residential, general, industrial). These tariffs typically cover all components of service (energy, demand, facilities charges, riders), and revenue recognition is aligned with the electricity supplied and billed each period (usually monthly). Retail electric customers are generally at-will, meaning service can be canceled at any time without penalty, but regulatory requirements ensure revenue collectability and allow for adjustments as necessary (Chunk 7). - Wholesale electric service is provided under long-term, cost-based contracts regulated by FERC. These contracts use both energy and demand charges, and the recoverable costs and allowed returns are set by regulation (Chunk 7). 2. Predictability and Stability: - Because EU&I and GU&I revenues are derived primarily from regulated tariffs and long-term contracts, revenue streams are relatively predictable and stable. Regulatory structures allow for periodic adjustments to rates for fuel cost changes, investment recovery, and other factors, which reduces volatility in revenue forecasting (Chunks 7, 8). - For GU&I, natural gas is also supplied under regulated pricing structures, and customer classes (residential, commercial, industrial, etc.) are billed based on rates approved by regulators (Chunk 8). 3. Revenue Disaggregation and Customer Class Impact: - Revenue forecasting models can disaggregate by customer class, each with unique demand patterns, pricing, and sensitivity to economic factors. This granularity improves forecast accuracy, as each class responds differently to weather, economic growth, and regulatory activity (Chunk 8). 4. Limited Exposure to Individual Customer Risk: - No single customer comprises more than 10% of segment revenues, further contributing to the stability and predictability of revenue forecasts (Chunk 5). 5. Periodic Adjustments and Regulatory Mechanisms: - In certain jurisdictions, alternative revenue programs and regulatory mechanisms periodically adjust for over- or under-collection of revenues, smoothing cash flows and stabilizing revenues (Chunk 8). In summary, the contract structure—centered on regulated tariffs, long-term contracts, and regulatory mechanisms—leads to stable, predictable revenue streams for both EU&I and GU&I, enabling accurate revenue forecasting and reducing risk from customer churn or market price volatility. This regulated framework provides a foundation for reliable financial planning in both business segments."
c055991e,How are energy efficiency and Green500 recognition impacting profitability and cost mgmt in Nvidia GPU businesses (NVDA)?,"111773,111797,111901,111776,209,111795,5709,111891,21751,111907","2,20,66,334","NVIDIA's focus on energy efficiency and its strong recognition on the Green500 list are positively impacting its GPU businesses by enhancing the value proposition of its products and supporting cost management strategies. NVIDIA's GPU-accelerated computing is inherently more energy efficient than traditional computing for many workloads, being optimized for throughput, performance per watt, and certain AI tasks. This efficiency is demonstrated by NVIDIA powering 24 of the top 30 most energy-efficient systems on the Green500 list, including the top supercomputer. These achievements in energy efficiency contribute to NVIDIA's competitive positioning, making its products more attractive for customers who prioritize operational cost savings and sustainability, such as data centers and supercomputing facilities. By offering energy-efficient solutions, NVIDIA helps customers manage their own electricity costs and environmental impacts, which can drive demand for NVIDIA's products. Additionally, there has been no material impact to NVIDIA's capital expenditures, results of operations, or competitive position associated with compliance to global sustainability regulations or renewable energy sourcing costs. This suggests that NVIDIA's investments in energy efficiency and sustainability are not increasing its costs significantly, and may, in fact, help with long-term cost management and profitability by meeting market and regulatory expectations without incurring additional financial burdens. In summary, NVIDIA's energy-efficient GPU solutions and Green500 recognition support its profitability and cost management by increasing product attractiveness, aligning with customer and regulatory demands, and avoiding significant additional costs."
66e3354c,Ticker VRTX: near-term global launch strategy & long-term value outlook.,"159529,159304,159209,160735,96300,160520,121949,160736,19526,160545","480,288,60,367,476",I cannot find sufficient information in the provided documents to answer this question.
c094f362,Fox Corp's workforce strategy may impact risk & profitability. FOXA.,"61896,61958,61947,62027,61831,5712,61976,42267,61959,21751","125,66,20,181","Fox Corporation’s workforce strategy emphasizes recruiting a talented and diverse workforce, offering competitive compensation and benefits, promoting pay transparency, and fostering an inclusive culture. These efforts are designed to enhance employee engagement, creativity, and operational effectiveness (Chunk 5). By supporting a healthy work-life balance and providing development opportunities, Fox aims to attract and retain top talent, which can contribute to higher productivity and innovation. A strong and diverse workforce can reduce risks related to talent shortages, compliance, and reputational harm, while promoting better decision-making and program quality. Additionally, increased engagement and diversity may help FOX better reflect and serve its audience, potentially strengthening its market position and profitability. However, investments in human capital (compensation, benefits, diversity initiatives) also represent ongoing costs. If not managed well, these costs could affect profitability. Conversely, failure to maintain a competitive and inclusive workforce could increase risks such as high turnover, reduced performance, and potential regulatory or reputational issues, negatively impacting FOXA’s financial performance. In summary, Fox Corp’s workforce strategy aims to mitigate operational and compliance risks and support profitability by fostering a skilled, diverse, and engaged workforce—though it requires careful cost management to ensure a positive impact on overall financial results."
0bd0d81f,"YoY headcount change calc and its impact on growth/scalability for Cencora, Inc. CEN.","31639,47980,31586,136212,31533,48408,161533,31638,31393,16253","96,482,141,142,52,406",I cannot find sufficient information in the provided documents to answer this question.
4c76abf9,Impact on capital allocation & growth risks for PYPL trial.,"127524,127330,127551,127210,110377,127333,86513,127249,47980,127439","256,331,380,141","Based on the provided context, the pending trial and legal proceedings involving PayPal Holdings, Inc. (PYPL)—including the PPH Securities Action, the Shah and Nelson shareholder derivative actions, and the Hawai‘i Action—present risks that could impact the company's capital allocation and growth. Specifically: - The PPH Securities Action and related shareholder derivative lawsuits seek damages and allege issues such as breach of fiduciary duty and gross mismanagement, which could result in significant financial liabilities if resolved unfavorably. - The Hawai‘i Action seeks unspecified penalties and monetary relief for alleged unfair and deceptive practices, with a trial scheduled for April 2025. These legal proceedings create uncertainties that may influence PayPal's capital allocation decisions. The company may need to reserve or redirect capital to address potential legal liabilities, legal costs, or settlements, which could reduce the funds available for investments in growth, stock repurchases, or other strategic initiatives. Additionally, the broader regulatory environment is described as rapidly evolving, with increased focus on compliance, consumer protection, and enforcement. New or changing regulations, as well as increased penalties for non-compliance, could have a material adverse impact on PayPal's business, results of operations, and financial condition. This heightened regulatory risk may require PayPal to allocate additional resources to compliance and risk management, potentially diverting capital from growth opportunities. In summary, ongoing and potential legal and regulatory actions pose risks that could constrain PayPal's capital allocation flexibility and may impact its ability to pursue growth initiatives."
18325403,"Agilent's rev rec timing criteria & key indicators show strong performance, A, indicating robust demand signals.","3226,3085,101014,3120,161426,2975,94287,3028,3227,132156","482,394,12,301,280","Agilent recognizes revenue when control of the promised products or services is transferred to customers and the performance obligation is fulfilled, in an amount that reflects the consideration expected in exchange for those products or services. For equipment, consumables, and most software licenses, control transfers to the customer at a point in time, using indicators such as present right to payment, legal title, physical possession of the asset, and transfer of risks and rewards (Chunk 2). Key performance indicators for Agilent include total revenue by end markets and revenue type, with revenue disaggregated into categories such as instrumentation and non-instrumentation (which includes services, consumables, reagents, software licenses, and associated services). Revenue by region is based on the customer’s ship-to location, and contract assets (unbilled accounts receivable) reflect the company's right to consideration for work completed but not yet billed (Chunk 4). While these criteria provide a framework for recognizing revenue and tracking performance, the most recent results show Agilent's net revenue decreased by 5% in 2024 compared to 2023, with declines in life sciences, applied markets, and diagnostics segments, primarily due to pressures on customer capital expenditure spending. However, revenue in the Agilent CrossLab segment increased by 5%, partially offsetting overall declines (Chunk 6). In summary, Agilent’s revenue recognition timing is primarily point-in-time when control passes, with key indicators including revenue by end market, type, and region. The latest figures show mixed performance, with some areas of strength but an overall decline in total revenue, not necessarily indicating universally robust demand signals."
10610066,CarMax (KMX) capital allocation favors organic growth vs share repurchases.,"88188,88030,87954,88068,110377,88037,164604,88036,139990,87950","416,331,492,261","Based on the provided context, CarMax's current capital allocation strategy is to focus on its core business, which includes funding existing operations, store expansion, improvement, and strategic growth initiatives. While the company has resumed share repurchases and intends to modestly accelerate them in fiscal 2025, the overall approach remains conservative, prioritizing organic growth and maintaining operational flexibility. CarMax emphasizes investing in its business and strategic initiatives for long-term growth over aggressive share repurchases. Therefore, CarMax’s capital allocation currently favors organic growth and investment in its core business rather than prioritizing share repurchases."
8c7d8c55,MDT - Cybersecurity risks from Medtronic impact ERM (Enterprise Risk Management) capital allocation & mitigation strategies.,"123203,135477,99027,155512,99026,99083,99028,135476,68610,14962","199,295,47,465,370,404","Medtronic integrates risks from cybersecurity threats into its Enterprise Risk Management (ERM) program. The ERM framework is designed to identify, assess, and mitigate risks that could materially impact the company’s business and operations, including those related to cybersecurity. This integration means that cybersecurity risks are considered alongside other risks when determining the company’s overall risk posture, which can influence capital allocation decisions and the development of mitigation strategies. Medtronic’s cybersecurity risk management program is based on the NIST Cybersecurity Framework 2.0 and includes dedicated cybersecurity professionals, formal incident response plans, regular security training, third-party risk assessments, penetration and vulnerability testing, and close collaboration with application development and infrastructure teams to embed security into technology foundations. The Board of Directors, including the Audit and Quality Committees, is actively engaged in overseeing cybersecurity strategies, systems, and controls as part of the ERM program. The Board receives regular briefings on cybersecurity risk management and mitigation steps, ensuring that cybersecurity considerations are incorporated into the broader risk management and capital allocation processes. In summary, Medtronic’s approach ensures that cybersecurity risks are directly factored into ERM, influencing both how capital is allocated to address these risks and the company’s ongoing mitigation strategies to protect business operations and reputation."
699a930e,YoY employee type diff cap allocation for PARA at Paramount Global.,"119596,119601,63267,119566,110377,119473,126926,119384,119312,119573","184,379,331,357",I cannot find sufficient information in the provided documents to answer this question. The retrieved context does not include year-over-year (YoY) differences in employee types or details about capital allocation specifically related to employee categories at Paramount Global.
0ecb620f,TSC capex influence on positioning & SH value.,"11824,11825,131071,4580,114997,131070,115196,43670,145356,43288","128,129,37,392,17,435,344",I cannot find sufficient information in the provided documents to answer this question.
8dc5ccdd,Op margin trend for XEL from 2021 to 2023.,"48390,165321,8268,165320,169168,165144,169167,165246,33512,165123","101,490,142,497,27",I cannot find sufficient information in the provided documents to answer this question.
e8d1315a,"Operational resilience of Eli Lilly: audits, reviews, threat sims & their impact on cash flow/valuation.","122495,95761,94435,142383,94328,85356,94437,94323,84403,94439","425,368,280,250,253,286","Based on the provided context, Eli Lilly demonstrates operational resilience through a robust system of internal controls, regular audits, reviews, and a strong ethical culture: - Internal Controls & Audits: Eli Lilly maintains global financial policies governing internal controls, accounting, fiduciary accountability, and safeguarding assets. A staff of internal auditors regularly monitors the effectiveness of these controls worldwide, and the general auditor reports directly to the audit committee of the board of directors. The audit committee, comprised of independent board members, oversees audit activities, internal controls, and financial reporting. The company’s consolidated financial statements are audited annually by an independent registered public accounting firm (Ernst & Young LLP), which also audits internal control over financial reporting, both resulting in unqualified opinions (Chunks 3, 7, 10). - Reviews: The audit committee meets several times annually with management, internal auditors, and the external auditor to review audit activities, financial reporting, and internal controls. Employees operate under a code of conduct and are required to report violations, ensuring ongoing scrutiny and compliance (Chunks 3, 7). - Threat Simulations: The provided context does not specifically mention the use of threat simulations (such as tabletop exercises or cyber incident simulations) for Eli Lilly. There is no direct reference to cybersecurity drills or similar resilience exercises in the retrieved documents. - Impact on Cash Flow/Valuation: While the documents do not directly link operational resilience activities to cash flow or company valuation, strong internal controls and regular audits support transparent, accurate financial reporting and risk mitigation. This can enhance investor confidence, support regulatory compliance, and reduce the risk of financial misstatements or operational disruptions, all of which are factors that can positively influence cash flow stability and company valuation (Chunks 3, 7, 10). In summary, Eli Lilly’s operational resilience is built on solid internal controls, frequent audits, and comprehensive reviews, all of which underpin reliable financial reporting and risk management. However, there is no specific mention of threat simulations or a direct quantified impact on cash flow or valuation in the provided context."
a105990c,"Bio‑Rad GM trends from 2021-2023: net sales vs COGS impact, pricing/cost efficiency - Bio-Rad Laboratories, Inc. (BIO)","17331,48390,17537,17519,17538,17332,8268,3035,17536,3016","27,12,53,142",I cannot find sufficient information in the provided documents to answer this question.
f2269d66,Risk assessment factors for legal proceedings in MAS mgmt.,"131536,36823,117074,52671,137758,23081,23973,20446,56487,152309","70,166,72,393,455,109,410,154,63,351","The risk assessment factors for legal proceedings in management's assessment (MAS) include: - The probability of an unfavorable outcome in a legal proceeding. - Whether the amount of potential loss can be reasonably estimated. - The completeness of the population of legal proceedings and regulatory matters. - The subjectivity and unpredictability inherent in legal proceedings. - The possible impact of outcomes, such as significant monetary damages, penalties, restrictions on business operations, or reputational harm. - The adequacy of accruals for legal loss contingencies, recognizing that ultimate losses may be higher than amounts accrued. - Ongoing monitoring and evaluation, including reviewing correspondence with legal counsel, compliance logs, and public information. These factors require a high degree of subjectivity and complex judgment in assessing the likelihood and potential impact of legal matters, as well as in ensuring appropriate disclosures and accruals are made in the financial statements."
e606e901,Impact on liquidity and profitability from KMI's 2023 capex.,"91250,91249,91038,91251,91051,91048,91065,88073,91108,125316","261,270,375","Kinder Morgan, Inc. (KMI) experienced a negative impact on liquidity in 2023, in part due to higher capital expenditures (capex), among other factors. The company reported a working capital deficit of $4,679 million as of December 31, 2023, compared to $3,127 million in 2022—an unfavorable change of $1,552 million. This was partly driven by increased current debt and a decrease in cash and cash equivalents, with a specific mention of the use of commercial paper borrowings to fund acquisitions and the use of cash to repay maturing senior notes. Additionally, there was an increase in sustaining capital expenditures, which contributed to a $255 million decrease in Distributable Cash Flow (DCF) compared to the prior year (Chunk 5, Chunk 7). On profitability, KMI’s Adjusted Net Income Attributable to Kinder Morgan, Inc. decreased by $226 million in 2023 compared to 2022, primarily due to higher interest expense, which can be linked to increased borrowing needs (potentially for capex and acquisitions). While Adjusted EBITDA increased slightly by $45 million due to favorable margins in the Natural Gas Pipeline business, this was partially offset by lower commodity prices and the aforementioned increase in sustaining capex (Chunk 5). In summary: - Liquidity was negatively impacted by higher capex, resulting in increased working capital deficits and reliance on debt and cash reserves. - Profitability, as measured by adjusted net income, declined in 2023, influenced by higher interest expenses and increased sustaining capital expenditures. Therefore, KMI’s 2023 capex contributed to both reduced liquidity and lower profitability for the year."
19590cee,Intel's long-term growth and competitive positioning driven by cybersecurity investments TICKER.,"78490,78489,78663,78653,78503,78664,121275,114800,78652,164645","232,492,365,343",I cannot find sufficient information in the provided documents to answer this question.
f46b1acc,Discover Financial – Balancing earnings w/ capital securities strategy.,"48567,48501,86765,48498,113968,48500,83396,48384,110924,48499","256,332,142,341,247","Discover Financial Services (DFS) manages its capital through a strategy that balances the earnings generated by its businesses with the proceeds from issuances of capital securities. The company aims to maintain a level and composition of capital sufficient to support business growth, account for risks, and meet regulatory requirements, rating agency targets, and debt investor expectations. Within these constraints, DFS focuses on deploying capital in ways that provide attractive returns to stockholders. DFS and Discover Bank are required to meet specific minimum capital requirements under regulatory frameworks such as the Basel III rules, which include maintaining certain risk-based capital and leverage ratios. Failure to meet these requirements can lead to regulatory actions that may limit business activities and affect financial condition and operating results. To manage these risks, DFS considers the impacts of economic conditions, strategic initiatives, and regulatory changes—such as the phase-in of the CECL accounting model—when managing its capital position. Overall, DFS balances its earnings and capital securities strategy by actively managing capital to ensure regulatory compliance, support business objectives, and deliver value to shareholders, while adapting to changes in the regulatory and economic environment (see chunks 8, 10)."
ba7a7626,Capital allocation & growth for CPRT FY22-24 involving investing & financing cash flows.,"33565,62575,33676,1610,1609,127988,120196,33560,120302,33566","102,7,360,183,382","For Copart (CPRT) in fiscal years 2022 through 2024, the company’s capital allocation and growth strategy focused on internal reinvestment and maintaining flexibility, as reflected in their investing and financing cash flows: Investing Activities: - The provided context does not specify detailed cash flow figures for investing activities (such as capital expenditures or acquisitions) for FY22-24. However, Copart’s stated growth strategy is to generate sustainable profits while providing environmental and social benefits, emphasizing its role in the reuse and recycling of vehicles, parts, and raw materials. This suggests continued investment in operations and infrastructure to support its global online auction and vehicle remarketing services across multiple countries (U.S., U.K., Germany, Brazil, Canada, U.A.E., Spain, Finland, Oman, Ireland, Bahrain). Financing Activities: - Copart has not paid a cash dividend since becoming a public company in 1994 and intends to retain earnings for reinvestment in the business. - The company maintains a significant stock repurchase program, authorized for up to 784 million shares. As of July 31, 2024, Copart had repurchased a total of 458,196,792 shares, with 325,803,208 shares remaining available for repurchase. However, no shares were repurchased under this program in fiscal years 2022, 2023, or 2024. - Some shares may be withheld for taxes upon employee stock option exercises, but this activity is not counted against the repurchase program and was minimal in recent years. In summary, Copart’s capital allocation in FY22-24 prioritized retaining earnings to fund growth and operational needs rather than distributing cash to shareholders via dividends or aggressive share repurchases. The company maintains flexibility to repurchase shares or invest further as opportunities arise, but recent years saw limited activity in these financing outflows. There is no evidence in the provided context of large-scale acquisitions or extraordinary investing cash flows in this period. If you require specific cash flow figures or further details, please note that the context does not provide them."
3eb50135,Materiality assessment of Host Hotels' legal proceedings.,"77333,155894,77233,52671,77227,77334,77129,158577,77226,21559","65,227,466,473,154","Host Hotels & Resorts is involved in various legal proceedings in the ordinary course of business and defends these claims vigorously. Based on currently available information, the company believes that the results of current proceedings, in the aggregate, will not have a material adverse effect on its financial condition, but they might be material to its operating results for any given period, depending on the scale of those results. There is also the possibility of future claims, which could have a significant adverse effect on financial condition and results of operations. Additionally, the evaluation of legal proceedings and regulatory matters is considered a critical audit matter due to the high degree of subjectivity involved in assessing the completeness and outcome probability of such matters. Internal controls are in place to determine the completeness and probability of outcomes for legal proceedings, and external and internal counsel are consulted as part of this assessment process. In summary, while individual legal proceedings could impact operating results in a specific period, Host Hotels does not expect current legal matters to materially affect its overall financial condition."
767cfdfd,Delta's 2023 capex breakdown aligns with its strategic priorities & environmental initiatives.,"41936,41687,88073,41796,43670,41686,128302,41777,165361,41822","129,261,490,123,383","Delta's 2023 capital expenditures (capex) strongly align with its strategic priorities and environmental initiatives. The majority of Delta’s capex was directed toward aircraft purchases, deliveries, advance deposit payments, fleet modifications, and technology enhancements. Fleet renewal is specifically highlighted as a key element of Delta's environmental sustainability strategy, supporting its ambitious climate goals and requiring continued capital investment in the future. As of December 31, 2023, Delta had approximately $17.5 billion in aircraft purchase commitments, underscoring the scale of these efforts. Additionally, Delta invested in generational airport upgrades in key markets (including New York-LaGuardia, Los Angeles, and Salt Lake City), digital transformation, and customer experience improvements, all of which are part of its broader strategy to strengthen its brand, increase customer loyalty, and enhance operational efficiency. Overall, Delta’s 2023 capex not only supports its business growth and customer service objectives but also advances its environmental and sustainability commitments through significant investment in newer, more efficient aircraft and infrastructure upgrades."
0bb64eb9,Capex segment allocation for Live Nation Ent. in 2023 is detailed; ticker is LYV.,"95398,95391,95494,95344,131071,95369,95506,95390,95246,95467","392,284","For the year ended December 31, 2023, Live Nation Entertainment (ticker: LYV) allocated its capital expenditures (capex) as follows: - Revenue generating capital expenditures: $321.9 million - Maintenance capital expenditures: $131.9 million This results in total capital expenditures of $453.8 million for 2023. Revenue generating capex relates to expanding the company's global footprint, major renovations, and technology enhancements, while maintenance capex covers renewal and improvement of existing venues and systems. The increase in revenue generating capex in 2023 was primarily due to enhancements at amphitheaters and theaters in North America."
be3b1c90,Rollins branch office employee concentration's impact on operational efficiency and customer retention.,"128556,128747,128555,110601,154343,128566,26913,128569,128565,164612","384,492,332,461,81","Rollins' extensive branch office network and employee concentration contribute significantly to operational efficiency and customer retention. Their scalable operating platform leverages proprietary routing and scheduling technologies, enabling real-time service tracking and customer communication. Most of Rollins' business is managed through their Branch Operating Support System (BOSS), which improves route efficiency, reduces miles driven, and lowers associated costs. This system also enhances customer retention by ensuring on-time and rapid response service. Additionally, a differentiated and well-trained employee base, supported by comprehensive training programs, further supports exceptional customer service delivery and reinforces Rollins' competitive advantage in the pest control market."
6a870590,"Rev drivers for GE HealthCare include Imaging & US pricing, new products, supply chain, and FX.","70836,70839,70846,70840,71015,70835,14444,71022,71142,71027","208,45","Revenue drivers for GE HealthCare include several key factors: 1. Imaging and Ultrasound (US) Pricing: The company’s Imaging and Ultrasound segments are significant contributors to revenue, with pricing in these areas influencing overall performance. 2. New Products: Continued innovation and introduction of new products across their Imaging, Ultrasound, Patient Care Solutions, and Pharmaceutical Diagnostics segments help drive growth. 3. Supply Chain: The supply chain impacts GE HealthCare’s ability to provide quality products in substantial quantities, at acceptable costs, and on a timely basis. Trends in supply chain costs, such as labor, raw materials, and shipping, can affect revenue (see Chunk 5). 4. Foreign Exchange (FX): Revenue is also affected by currency fluctuations, as GE HealthCare operates globally and reports revenues by region (see Chunk 8). In summary, GE HealthCare’s revenue drivers include Imaging and Ultrasound pricing, the launch of new products, supply chain management, and foreign exchange impacts."
04931eea,Impact on liquidity and operational confidence of HSIC's repurchase program.,"76604,76779,149397,32031,73684,84722,77691,76346,105568,75107","224,225,98,229,315,217,251,221,446","Based on the provided context, Henry Schein, Inc. (HSIC) has an ongoing share repurchase program, under which it had repurchased approximately $4.7 billion of common stock (90,394,805 shares) as of December 30, 2023, with $265 million still available for future repurchases. The purchases are executed in the open market under a publicly announced, Board-authorized program, with the maximum number of shares available for repurchase determined monthly based on the closing price of the stock. The context does not explicitly address the direct impact of the repurchase program on HSIC's liquidity or operational confidence. However, the fact that the company continues to allocate substantial funds to repurchase shares and maintains authorization for further repurchases suggests ongoing confidence in its liquidity position and operational performance. Companies typically undertake or continue such programs when they have strong cash flows and sufficient liquidity to support both operations and capital returns to shareholders. If you need more specific details on liquidity metrics or explicit management commentary on operational confidence, that information is not included in the provided context. Summary: HSIC's continued share repurchase activity and remaining authorization imply ongoing operational confidence and sufficient liquidity, but the documents do not provide a detailed or explicit discussion of the impact on liquidity or operational confidence."
96e0be01,PHM's rev mix: land sale/contracting vs home sales & fin svc profit/growth.,"120510,120399,44598,120533,120472,120578,120415,120406,120457,68661","361,132,199","PulteGroup's (PHM) revenue mix is overwhelmingly concentrated in home sales. Homebuilding generated 98% of consolidated revenues in both 2023 ($16.1 billion) and 2022 ($16.0 billion), and 97% in 2021 ($13.7 billion). Land sales and contracting activities are not specifically broken out in the provided context, but given the above percentages, they represent only a small portion of total revenues. Financial services, which include mortgage banking, title, and insurance operations (primarily through Pulte Mortgage), comprise a much smaller share of the business. The financial services operations are described as a ""captive business model"" primarily supporting homebuilding, with business levels highly correlated to home closings. For example, in 2023, Pulte Mortgage originated loans for 61% of homes closed, and the majority of the remaining closings were settled via cash or third-party lenders. Profit or growth figures for financial services are not detailed in the provided context. However, it is clear that the vast majority of PHM's revenues and profitability are driven by home sales, with financial services contributing a supporting but secondary role. Land sales and other contracting revenues are minimal relative to home sales."
50870904,"impact on insider liquidity & behavior due to trading plan termination, with short-term valuation implications for EXR.","56513,119263,56681,100091,17164,56560,100092,56611,871,56514","356,4,167,298,51",I cannot find sufficient information in the provided documents to answer this question.
5b700c26,Impact on valuation models from NOC's legal & environmental disclosures.,"69694,120213,69693,120214,18428,120089,51225,120091,73678,120090","217,360,204,150,57",I cannot find sufficient information in the provided documents to answer this question.
9759448e,Ralph Lauren Corp trends in 3-yr net rev/op inc/net inc & efficiency.,"129518,129753,129517,129549,143693,150554,129654,154678,129652,37859","450,388,429,462,112","Based on the provided data for Ralph Lauren Corporation over the past three fiscal years (Fiscal 2022, 2023, and 2024): Net Revenues: - Fiscal 2022: $6,218.5 million - Fiscal 2023: $6,443.6 million - Fiscal 2024: $6,631.4 million Trend: Net revenues have shown steady growth each year. Operating Income: - Fiscal 2022: $798.4 million - Fiscal 2023: $704.2 million - Fiscal 2024: $756.4 million Trend: Operating income decreased from 2022 to 2023, then increased again in 2024, but did not surpass 2022 levels. Net Income: - Fiscal 2022: $600.1 million - Fiscal 2023: $522.7 million - Fiscal 2024: $646.3 million Trend: Net income declined in 2023 compared to 2022, but saw a significant rebound in 2024, reaching its highest level in this three-year period. Efficiency (as measured by operating margin and net margin): - Operating Margin (Operating Income / Net Revenues): - 2022: ~12.8% - 2023: ~10.9% - 2024: ~11.4% - Net Margin (Net Income / Net Revenues): - 2022: ~9.7% - 2023: ~8.1% - 2024: ~9.7% Summary of Trends: - Net revenues have consistently increased each year. - Operating and net income dipped in 2023 but recovered in 2024. - Efficiency, as indicated by operating and net margins, declined in 2023 but improved in 2024, returning to or near 2022 levels."
de4cb7cb,"Net sales & OI correlation with segments, global exposure risk for COO EU/US ticker.","88320,101493,154678,21184,77824,88468,125539,95556,18845,105210","64,229,262,302,462,375,313,58,285","Based on the provided context, here is a summary relevant to your inquiry on the correlation between net sales and operating income (OI) with segments, and global exposure risk for COO in EU/US: **Net Sales & Operating Income (OI) Correlation with Segments:** - Companies such as Kellogg (K) and Baxter (BAX) report net sales and operating profit (OI) by geographic and/or business segments (e.g., North America, Europe, Latin America, AMEA). - For Kellogg (K): - Net sales and operating profit are broken down by region, showing direct correlation: higher net sales in a segment generally lead to higher operating profit, though the relationship can be affected by factors like gross margin recovery, foreign currency impact, and special charges (see K.pdf, Chunk 1 & 6). - Example: In North America, a slight decrease in frozen foods net sales was offset by price/mix growth and margin recovery, resulting in a 12.8% increase in operating profit. - In Europe and Latin America, strong net sales growth (driven by snacks and cereal, and favorable currency) led to higher operating profit. - For Baxter (BAX): - Net sales are reported by region (United States, Emerging Markets, Rest of World), and segment operating income is used for performance evaluation, which excludes certain corporate costs and special items (see BAX.pdf, Chunk 4). **Global Exposure Risk for COO EU/US:** - Credit and counterparty risk, including sovereign risk, is actively monitored, especially during periods of economic uncertainty (see BG.pdf, Chunk 9). - Companies adjust their exposure and position limits to counterparties deemed high risk, especially in the context of financial instability in US and international banking institutions. - The management structure is often regional (e.g., MDLZ, K), meaning that Chief Operating Officers (COOs) for EU/US need to manage exposure risks relevant to their segments, including foreign currency volatility, economic downturns, and counterparty risk. **Summary for COO EU/US:** - There is a direct link between segment net sales and segment operating income, though affected by currency, market dynamics, and special items. - Global exposure risk for COOs in EU/US segments includes monitoring credit, counterparty, and currency risks, with active adjustments in response to changing global economic and financial conditions. If you need information specific to a particular ticker or additional details, please clarify."
8c33f607,Impact on profitability & cash flow due to AWK's near to medium-term competitiveness.,"21751,21476,21259,21477,64777,21485,167989,94855,104737,21433","65,66,496,312,282,188","Based on the provided information, AWK (American Water Works Company) currently maintains a strong liquidity position, supported by access to debt and equity capital markets, a revolving credit facility with $2.5 billion available as of December 31, 2023, and cash flows from operations. These resources are expected to generate sufficient cash to fund the company’s short-term requirements and manage expenditures, even in the event of disruptions in capital and credit markets. Profitability and cash flow are influenced by several operational and market factors, including customer payment ability, regulatory environment, inflation, production and maintenance costs, customer growth, declining water usage, employee-related costs, weather, seasonality, taxes, and overall economic conditions. The company’s cash flows from operations are primarily driven by the sale of water and wastewater services, which show seasonality—being higher during warmer months. AWK's ability to remain competitive in the near to medium term is tied to cost management, efficient capacity utilization, and access to funding. If AWK fails to manage costs or maximize manufacturing capacity, profitability and competitiveness could be negatively affected. However, as of the most recent reporting, AWK believes it has sufficient liquidity and the ability to manage cash flows and expenditures effectively. In summary, AWK’s near- to medium-term competitiveness supports its profitability and cash flow outlook, provided it continues effective cost management and maintains access to its current liquidity resources. Nonetheless, potential risks include disruptions in financial markets, customer payment delays, and inability to continue achieving operational efficiencies, any of which could adversely affect profitability and cash flows."
9e90e5b3,Risk analysis of consumer lending contractual & carrying values for JPMorgan Chase in '23 vs '22.,"48390,125465,104174,125421,77869,125466,20310,125822,24343,125329","229,73,142,311,62,375","The provided documents do not contain a direct risk analysis specifically comparing the contractual and carrying values of consumer lending for JPMorgan Chase in 2023 versus 2022. However, some related insights can be drawn from the available information: - Off-balance sheet lending-related commitments (which include consumer lending products like credit cards and home equity lines) are summarized, with the table showing the contractual amounts and carrying values as of December 31, 2023 and 2022. However, the actual table data is not included in the provided context, so precise numbers for consumer lending are not available. - JPMorgan Chase notes that the total contractual amounts of off-balance sheet lending-related instruments are not representative of expected future credit exposure or funding requirements, since most commitments are not fully drawn or defaulted. - The firm maintains an allowance for credit losses on lending-related commitments, reflecting expected credit losses. It is indicated that these are governed by internal processes to consider available information and associated risks. - As of December 31, 2023, JPMorgan Chase's loans-to-deposits ratio increased from 49% in 2022 to 55% in 2023, indicating a growth in loans relative to deposits. Total deposits also increased from $2,340.2 billion in 2022 to $2,400.7 billion in 2023, and loans increased from $1,135.6 billion to $1,323.7 billion over the same period. In summary, while the documents provide high-level information about the growth of loan and deposit balances and the risk management approach for lending-related commitments, there is insufficient detail specifically on the risk analysis of consumer lending contractual and carrying values for 2023 versus 2022. Therefore: I cannot find sufficient information in the provided documents to answer this question."
4bc25f0f,"Accrued legal liabilities for EXR, current vs prior.","123791,104393,23231,23018,56512,97466,7138,6849,84916,16615","290,69,70,167,371,52,22,311,24,251",I cannot find sufficient information in the provided documents to answer this question.
935c944e,PYPL liquidity via current assets for 2022-2023.,"48390,127348,127551,127469,125316,127347,8868,127375,8267,127431","28,142,375,27,380","PayPal's liquidity via current assets for 2022 and 2023 can be seen from its cash and cash equivalents, as well as assets underlying customer accounts and short-term investments: As of December 31, 2023: - Cash and cash equivalents: $9,081 million - Funds receivable and customer accounts: $38,935 million (includes cash and cash equivalents, time deposits, available-for-sale debt securities, and funds receivable) - Short-term investments: $4,979 million As of December 31, 2022: - Cash and cash equivalents: $7,776 million - Funds receivable and customer accounts: $36,264 million - Short-term investments: $3,092 million These figures indicate PayPal maintained strong liquidity through its current asset holdings in both years, with increases in all major components from 2022 to 2023."
1dc1afeb,"2024 premium forecast for Everest Group Ltd using the growth factor from 2022-23, EGL.","55079,55080,55077,55236,144307,54866,55237,84034,54993,105428","162,250,314,431","I cannot find sufficient information in the provided documents to answer this question. The specific premium amounts for Everest Group Ltd. for 2022 and 2023, which are necessary to calculate a 2024 premium forecast using the growth factor, are not included in the provided context."
1990dde4,Dec 2023 utilization remaining for Abbott repurchase.,"513,515,462,116010,566,90027,512,81879,68757,110802","3,199,267,332,242,347","As of December 31, 2023, Abbott had $1.41 billion remaining available for repurchase under its 2021 share repurchase program."
bf8b90e2,Direct sales vs. reseller impact on margins & cash flow by account size in PTC.,"81337,58312,78649,23639,126302,108290,45742,32533,138158,127745","324,100,71,232,136,171,241,376,411,381",I cannot find sufficient information in the provided documents to answer this question.
abbcca98,How do workforce growth and low turnover impact Visa (V)’s competitive positioning and sustainable innovation?,"152656,153736,15967,153734,154017,153738,69400,153735,141944,153793","456,424,459,203,50","Visa's workforce growth and low turnover positively impact its competitive positioning and sustainable innovation in several ways: 1. Workforce Growth: Visa increased its total workforce from approximately 28,800 in fiscal 2023 to about 31,600 in fiscal 2024, a 10 percent year-over-year rise. This growth enables Visa to attract, develop, and advance top global talent, which is critical for continued success and competitive advantage. The company employs people in more than 80 countries, with 57 percent of its workforce located outside the U.S., enhancing its global reach and diversity (Chunks 4, 8). 2. Low Turnover: Visa maintains a low voluntary workforce turnover rate of 5 percent as of September 30, 2024. Low turnover suggests high employee engagement and satisfaction, which fosters a stable and experienced workforce. This stability supports the company’s ability to innovate and execute long-term strategies without disruption (Chunk 4). 3. Talent Development and Engagement: Visa invests heavily in employee development through career pathways, learning support, mentorship, and technology adoption (such as generative AI tools). Programs like UPLIFT and platforms like Viva Engage encourage employee recognition, collaboration, and innovation. These efforts not only keep employees engaged but also drive a culture of creativity and continuous improvement (Chunks 2, 6). 4. Competitive Positioning and Sustainable Innovation: By retaining and growing a skilled, diverse workforce, Visa ensures it has the expertise and resources needed to innovate and adapt to market changes. Engaged employees are more likely to contribute new ideas and support initiatives that drive sustainable growth and operational excellence (Chunks 2, 4, 6). In summary, Visa’s workforce growth and low turnover rate strengthen its competitive edge and support sustainable innovation by ensuring a stable, skilled, and motivated global team that drives continuous improvement and adapts to evolving market demands."
21b74768,"The impact of DHR govt grants & financing on CAPEX, ticker, OPEX, & PP&E remains significant.","47449,47841,47607,47492,64844,47493,47579,47462,91071,154198","188,460,140,270",I cannot find sufficient information in the provided documents to answer this question.
d382bc3b,EIX net gain pref. stock repurchases cond. inc.,"60410,60847,60864,140146,60577,60746,108278,60617,60513,60616","416,178,324","Edison International recognized a total net gain of $16 million from the tender offer and open market repurchases of its preferred stock in 2023. This net gain is reflected in ""Preferred stock dividend requirements of Edison International"" on the consolidated statements of income (see Chunks 3 and 6)."
81d923ce,"NTAP's cash from ops vs. share buybacks, divs, capex.","109983,110085,109996,110143,37384,110086,58338,110142,137027,109989","408,330,171,111","For the fiscal year ended April 26, 2024, NetApp's cash from operating activities was $1,685 million. In comparison: - Share buybacks (repurchase of common stock): $900 million - Dividends paid: $416 million - Capital expenditures (purchases of property and equipment): $155 million NetApp’s operating cash flow substantially covered its share buybacks, dividends, and capital expenditures, with total outflows for these three uses ($1,471 million) being less than its cash generated from operations."
21b12275,PG&E Corp's rev growth mult for FY21-FY23.,"131387,131004,127644,130825,147406,130826,132165,130824,86072,131032","392,394,442,381,254",I cannot find sufficient information in the provided documents to answer this question.
bb6fd7cb,DCP Midstream (DCP) employee integration efficiency competitiveness at Phillips 66.,"128205,128206,128306,128504,128457,128307,128231,128230,128434,128310",383,"DCP Midstream employees transitioned into Phillips 66 on April 1, 2023, as part of the ongoing integration of the DCP Midstream Class A Segment. Phillips 66 is actively working to integrate DCP Midstream’s operations and personnel to capture commercial and operational synergies, which is expected to enhance efficiency and competitiveness. Phillips 66 emphasizes operating as a high-performing organization, building breadth and depth in capabilities, and pursuing excellence. The company believes that maintaining and enhancing a high-performing workforce is critical to its success and competitiveness. This integration supports the company’s strategic priorities and helps maximize long-term shareholder value. Additionally, the integration includes a focus on safety and continuous improvement. In 2023, the combined workforce achieved an industry-leading total recordable rate (TRR) of 0.12, which is 25 times better than the U.S. manufacturing average, highlighting a commitment to safe and efficient operations. Overall, the integration of DCP Midstream employees is designed to strengthen Phillips 66’s capabilities, drive performance, and improve operational efficiency and competitiveness within the company."
06642fdc,Fortive exec tenure impact on invst. sentiment & risk profile.,"68099,68098,67923,85961,67922,32504,67822,42267,67821,67925","125,100,197,254","The provided documents do not directly address the impact of Fortive executives' tenure on investment sentiment or the company's risk profile. While there is information about the tenure and backgrounds of several Fortive executives, as well as general risk factors affecting the company (such as debt levels, regulatory compliance, and market conditions), there is no explicit discussion linking executive tenure to investor sentiment or risk assessment. I cannot find sufficient information in the provided documents to answer this question."
aeb7fc83,Audit & cyber committee of Kimco Realty (KIM) oversees cybersecurity capital allocation.,"88999,9367,167707,89177,75099,89013,89172,89184,105536,89185","264,495,315,221,30",I cannot find sufficient information in the provided documents to answer this question.
c5edfe0e,B&BW's cap allocation for cybersecurity and cash flow resilience are key focus areas.,"14706,14804,93335,110377,14720,137767,23580,5556,42854,156625","71,331,46,19,468,277,410,126",I cannot find sufficient information in the provided documents to answer this question.
497a1fc4,Impact on interest income and AFS portfolio risk from shift to cash in PAYX VRDN.,"115343,115344,115347,115360,125420,115361,48532,115363,77901,115431","345,229,142,375","A shift from investing in VRDNs (Variable Rate Demand Notes) to holding more cash and cash equivalents at Paychex (PAYX) would have several impacts on interest income and AFS (available-for-sale) portfolio risk: Impact on Interest Income: - During fiscal 2024, Paychex shifted from investing in VRDNs to reinvesting in cash and cash equivalents due to more favorable interest rates. As a result, VRDN holdings decreased from $344.1 million at May 31, 2023, to $0 at May 31, 2024 (Chunk 3). - Generally, cash and cash equivalents yield lower interest than VRDNs, though this gap may narrow in a high interest rate environment. The average interest rate earned on Paychex’s combined funds held for clients and corporate cash equivalents and investment portfolios was 3.8% in fiscal 2024, up from 2.7% in fiscal 2023 (Chunk 4). This reflects the improved rates available on cash equivalents in the current market. - Thus, the shift to cash could slightly reduce interest income if rates on VRDNs were higher than cash equivalents, but in the current environment, the impact may be limited or even positive if cash equivalents yield comparably due to higher short-term rates. Impact on AFS Portfolio Risk: - VRDNs, while long-term in contractual maturity (20–30 years), are priced and traded as short-term instruments due to the liquidity provided by the tender feature (Chunks 4, 6, 10). - By moving out of VRDNs into cash, the portfolio’s exposure to interest rate risk is reduced. VRDNs, even though liquid, are still subject to some price fluctuations and credit risk, whereas cash and cash equivalents have minimal interest rate and credit risk (Chunk 4). - The shift also decreases the duration of the portfolio, as cash and equivalents have no duration risk, while even short-term AFS securities carry some (Chunk 8). - This move aligns with managing risk in uncertain markets, as stated: “We have no exposure to high-risk or non-liquid investments” and “We continue to monitor market conditions and take appropriate measures, when necessary, to manage our investment portfolios” (Chunk 4). Summary: Shifting from VRDNs to cash and cash equivalents at PAYX modestly reduces interest rate and credit risk in the AFS portfolio, and the impact on interest income depends on current short-term rates, which have recently been favorable. The move is a risk-management strategy, prioritizing liquidity and capital preservation."
21d303fb,"Impact of policy cancellation reserves on risk profile & revenue recognition for Brown & Brown, Inc. (BRO)","88142,19814,42267,19809,115673,19889,19917,39966,19634,23685","261,71,61,118,346,125","For Brown & Brown, Inc. (BRO), policy cancellation reserves play a role in both the risk profile and revenue recognition processes: Risk Profile: The policy cancellation reserve is established based on historical cancellation experience, adjusted for any known circumstances. This reserve reflects the company's estimate of potential cancellations, which could result in a reduction of previously recognized revenue and an obligation to return commission or fee income. By maintaining this reserve, Brown & Brown manages the financial risk associated with policy cancellations, ensuring that potential future liabilities are adequately covered and reducing the likelihood of significant negative impacts on earnings from unexpected cancellations (Chunk 2). Revenue Recognition: Revenue from commissions is generally recognized at the point in time when insurance coverage is bound and there is no further performance obligation. For contracts that include other services, revenue is apportioned and recognized over time as those obligations are satisfied. The cancellation reserve directly impacts revenue recognition because, in the event of policy cancellations, a portion of previously recognized revenue may need to be reversed. The reserve therefore ensures that revenue recognition is not overstated and reflects the estimated impact of cancellations based on experience and current trends (Chunk 2). In summary, the policy cancellation reserve is an important mechanism for managing risk and ensuring appropriate revenue recognition, protecting Brown & Brown from financial volatility due to policy cancellations."
3f515a80,"Risks related to external financing, alongside growth potential and competitive positioning, must be assessed for Hasbro (HAS).","4303,75458,75356,75459,134206,75338,63898,75697,103367,75461","16,400,308,186,222",I cannot find sufficient information in the provided documents to answer this question.
d6ea9c9f,Operational risks and growth drivers of regional centers vs ODFL integrated network.,"46913,112425,58266,112424,99447,112439,112579,112426,112438,112445","336,296,139,171","Based on the provided context, here is a comparison of operational risks and growth drivers for regional centers versus Old Dominion Freight Line's (ODFL) integrated network: ODFL Integrated Network: - ODFL operates a single, integrated, union-free network covering regional, inter-regional, and national less-than-truckload (LTL) services throughout the continental United States, with additional services through strategic alliances in North America. - Growth Drivers: ODFL’s growth is primarily driven by organic market share expansion, increased freight volume through existing service centers, and selective capacity expansion. The company has consistently renovated, expanded, and relocated service centers, opening 36 new centers over the past ten years, resulting in a total of 257 centers as of December 31, 2023. Their ability to provide consistent, high-quality service at a fair price, supported by proprietary information systems and technological capabilities, is cited as a key growth driver. - Operational Risks: ODFL’s integrated network growth strategy exposes them to risks such as shortages of suitable real estate, which may limit expansion and cause congestion in their network, potentially increasing operating expenses. The company must also manage risks related to expanding and upgrading its service center network, acquiring equipment, and increasing sales and marketing efforts. Their operating environment relies heavily on efficient management of operating costs and maintenance of service quality. Regional Centers (General Context): - While the context does not describe a separate company operating solely regional centers, it does mention that ODFL’s infrastructure allows them to provide service through each of their regions, suggesting a network of regional distribution points within the integrated system. - Growth Drivers: For regional centers within such a network, growth may be attributed to local market share gains, service center expansions, and the ability to respond to regional customer needs. - Operational Risks: Regional centers may face risks such as local real estate shortages, congestion, and the need for efficient integration into the larger network to maintain service consistency and cost efficiency. In summary, ODFL’s integrated network leverages a broad, unified infrastructure for growth, focusing on network expansion, technological efficiency, and high service quality. Operational risks include real estate limitations and network congestion. Regional centers, as components of this network, share similar growth drivers and risks but must also ensure seamless integration with the broader system to support overall efficiency and service standards. If you need information specifically about another company's regional center model for comparison, please provide additional context."
8ddc6a02,"LOW, exec trading commitment, risk profile, and growth.","30555,96855,42267,83106,129587,95096,77655,141731,109326,49215","289,388,229,423,328,145,93,247,283,125",I cannot find sufficient information in the provided documents to answer this question.
e1759e5e,TSCO share repurchase vol. & cash outlay for FY22 and FY23.,"132083,77431,132084,128832,132080,89859,132081,158186,132097,161807","385,483,228,394,266,472",I cannot find sufficient information in the provided documents to answer this question.
5e5180f2,"Honeywell (HON) contract assets & liabilities impact rev & earnings, raising quality & risk concerns.","92030,73214,54032,73197,21579,73241,156778,73213,22992,73193","65,69,273,468,215,158","Honeywell's contract assets and liabilities impact revenue and earnings primarily through the timing of revenue recognition and billing milestones. Contract assets arise when revenue is recognized before billing the customer, while contract liabilities occur when the company receives payments in advance of fulfilling performance obligations. Revenue is recognized as Honeywell satisfies performance obligations, either at a point in time or over time (often using a cost-to-cost input method for long-term contracts). Contract assets are derecognized and transferred to accounts receivable once the billing milestones are met. Similarly, contract liabilities are recognized as revenue when performance obligations are fulfilled (Chunks 2, 4, 8). Honeywell's financials show fluctuations in contract assets and liabilities balances, reflecting changes in billing and revenue timing. For example, in 2023, contract assets decreased by $281 million and contract liabilities decreased by $257 million. The company recognized $2,070 million in revenue during 2023 that was previously included in contract liabilities at the start of the year (Chunk 2). Quality and risk concerns may arise from the reliance on management estimates for cost-to-cost calculations, timing of milestone billings, and the potential for revisions to estimated contract costs, which can affect both revenue and earnings recognition. Factors influencing these estimates include inflation, technical and schedule risks, subcontractor performance, and business volume assumptions (Chunk 4). In summary, contract assets and liabilities directly affect the timing of Honeywell's revenue and earnings, and introduce risks related to estimate accuracy and timing of billings, which may impact the quality and predictability of reported financial results."
ace9fb70,Repurchase accounting for CSX structured deals vs. standard repurchase.,"37096,37095,25806,168700,37035,47133,37092,108576,37059,74273","325,139,76,110,496,218","For CSX, both structured share repurchases and standard share repurchases are accounted for similarly in terms of financial statement impact: - In both cases, shares acquired are recorded in common stock and retained earnings and are included in the share repurchase totals reported by the company. - The excess of the repurchase price over the par value of the shares is recorded in retained earnings, following the relevant accounting standards. The main difference between the two methods lies in the mechanics of the transaction: - Standard share repurchases are typically executed via open market purchases, Rule 10b5-1 plans, accelerated share repurchases, or negotiated block purchases. Shares are retired immediately upon repurchase. - Structured share repurchases involve the company entering into agreements where it pays a fixed amount of cash upfront in exchange for the right to receive either CSX stock or a predetermined amount of cash (including a premium). Upon settlement, the shares acquired are accounted for in the same manner as standard repurchases. In summary, while the transaction structure differs, both structured and standard repurchases are ultimately recorded in common stock and retained earnings, with any premium over par value recorded in retained earnings. Both types of repurchases immediately retire the shares upon acquisition (Chunks 1 and 2)."
df66f082,Dual role of QUALCOMM affects cap allocation & profitability.,"126791,126602,163482,126608,12202,126574,164910,126603,110377,126601","38,487,331,491,378",I cannot find sufficient information in the provided documents to answer this question.
307ebb9a,Liquidity trends for Invesco Ltd. in 2022-2023 highlight cash growth vs current liabilities.,"48390,82942,83050,82989,96922,82901,8267,82951,61597,82900","289,142,180,246,27","In 2022-2023, Invesco Ltd. experienced an improvement in liquidity. Cash and cash equivalents increased from $1,234.7 million as of December 31, 2022, to $1,469.2 million as of December 31, 2023. Additionally, the available revolver (credit facility) increased from $1.5 billion to $2.0 billion during the same period, with no outstanding balance on the facility at year-end 2023. This growth in cash and available credit indicates improved financial flexibility and liquidity. The company reported that these resources, together with cash flows from operations, should be sufficient to meet present and future cash needs, including operating expenses, debt, and other obligations as they come due. Invesco also emphasized its focus on maintaining lower debt levels and building financial flexibility to navigate various market conditions. Specific current liabilities as of December 31, 2023, are not provided in the retrieved context, so a direct comparison to current liabilities is not possible. However, the substantial increase in cash and available credit reflects a strengthening liquidity position for Invesco Ltd. over 2022-2023."
3794bf5a,Starbucks mgmt expresses confidence in $10B 5-1 repurchase plan; SBUX.,"133962,73171,133865,76059,24300,63658,116971,165715,21830,115106","66,351,73,493,399,215,344,185,223",I cannot find sufficient information in the provided documents to answer this question.
41dc000e,Cybersecurity framework impact on info systems protection vs material cyber incidents is critical for stakeholders.,"6900,83569,143214,102038,159762,65093,97735,117095,72418,93337","291,428,304,189,213,277,23,248,477,351","The use of established cybersecurity frameworks, such as the National Institute of Standards and Technology Cybersecurity Framework (NIST CSF), plays a critical role in protecting information systems and minimizing the risk of material cyber incidents—an outcome that is highly important to stakeholders. Organizations integrate these frameworks into their risk management programs, leveraging standardized methodologies for risk assessment, incident response, security controls, and third-party risk management. These frameworks guide regular risk assessments, continuous monitoring, layered defenses, employee training, and regular testing (Chunks 1, 4, 5, 6, 8). They also ensure compliance with legal and regulatory requirements, and enable organizations to proactively identify, assess, and remediate vulnerabilities. The effectiveness of these frameworks is supported by ongoing internal and external assessments, penetration testing, and audits, which help organizations adapt to the evolving cyber threat landscape and maintain stakeholder trust by reducing the likelihood and impact of material incidents (Chunks 1, 2, 4, 5, 6, 8, 9). Stakeholders—such as customers, regulators, and investors—view the prevention of material cyber incidents as essential, as such incidents can lead to operational disruption, legal penalties, reputational harm, and financial loss (Chunks 2, 3, 5, 9). Therefore, robust cybersecurity frameworks not only strengthen the protection of information systems but are also fundamental to maintaining stakeholder confidence and safeguarding an organization’s reputation and business continuity."
27aca8c8,GM's rev recognition: vehicle vs. parts sales profit.,"71227,116451,116450,71516,71398,115673,71397,71424,116409,71423","209,346,349","General Motors (GM) recognizes revenue for vehicle sales and parts sales at the point when control is transferred to the customer. For vehicles, this typically occurs when the vehicle is released to the carrier for shipment to a dealer or upon delivery to the dealer. For parts and accessories, revenue is recognized upon delivery to the customer, net of estimated returns. In both cases, revenue is recognized net of estimated sales incentives and returns, which are estimated based on historical experience and market conditions. Regarding profit: - Vehicle sales profit is not separately detailed in the provided context, but revenue from vehicle sales represents the largest component of GM’s automotive net sales and revenue. - Parts sales profit is similarly not broken out in the GM context, but revenue from parts is recognized upon delivery and also net of estimated returns. The context does not provide specific gross margin or profit figures for parts sales. In summary, both vehicle and parts sales revenue are recognized when control transfers to the customer, with profit determined after accounting for costs and estimated returns, but specific profit margins for each category are not detailed in the provided documents."
9ade74a9,Camden (CPT) prop trust differentiation strategies impact on profitability.,"31740,31736,31739,31735,31651,71983,21751,31684,47980,31646","97,66,211,141","Camden Property Trust differentiates itself primarily through its culture, talent management, and operational strategies. The company emphasizes a high-trust work environment, guided by nine core values such as customer focus, integrity, and teamwork, which are designed to attract, retain, and reward top talent. This focus on human capital management is seen as critical to delivering on their strategy and creating sustained growth and value for shareholders (Chunk 5). Operationally, Camden uses web-based property management and revenue management systems to strengthen on-site operations, allowing rapid adjustments to rental rates in response to market conditions. Lease terms are staggered to match seasonal rental patterns, and individual property marketing plans are tailored to local markets. The company also conducts ongoing customer service surveys to maintain high satisfaction levels (Chunk 5). These differentiation strategies—strong culture, advanced management systems, and customer-centric operations—help Camden maximize property occupancy and control operating costs, directly supporting profitability. However, the competitive environment from other multifamily properties and alternative housing options poses risks to occupancy rates and achievable rents, which could impact profitability (Chunk 5). In summary, Camden’s differentiation strategies are aimed at maximizing financial results by optimizing occupancy, controlling costs, and fostering a strong, values-driven workforce, all of which have a positive impact on profitability, while remaining mindful of market competition."
bfcb31d8,"O YOY AR & working cap of current assets vs liabilities, ticker.","78091,58339,86357,32549,90290,82160,46343,18807,4144,69477","100,230,137,267,171,203,15,243,58,255","Here is a summary of year-over-year (YOY) changes in accounts receivable (AR) and working capital (current assets vs. current liabilities) for the companies (tickers) with available data: - **BG (Bunge, ticker: BG)** - As of December 31, 2023: - Trade accounts receivable, net: $2,592 million (down from $2,829 million in 2022, a decrease of $237 million) - Working capital: $8,663 million (up from $7,158 million in 2022, an increase of $1,505 million) - Current ratio: 2.13 (up from 1.75 in 2022) - Summary: AR decreased YOY, while working capital and current ratio increased. - **CMI (Cummins, ticker: CMI)** - As of December 31, 2023: - Accounts and notes receivable, net: $5,583 million (up from $5,202 million in 2022, an increase of $381 million) - Working capital: $2,295 million (down from $3,030 million in 2022, a decrease of $735 million) - Current ratio: 1.18 (down from 1.27 in 2022) - Summary: AR increased YOY, while working capital and current ratio decreased. - **GLW (Corning, ticker: GLW)** - As of December 31, 2023: - Trade accounts receivable, net: $1,572 million (down from $1,721 million in 2022, a decrease of $149 million) - Working capital: $2,893 million (up from $2,278 million in 2022, an increase of $615 million) - Current ratio: 1.7 (up from 1.4 in 2022) - Summary: AR decreased YOY, while working capital and current ratio increased. - **IEX (IDEX Corporation, ticker: IEX)** - As of December 31, 2023: - Receivables, net: $427.8 million (down from $442.8 million in 2022, a decrease of $15 million) - Operating working capital: $668.9 million (down from $704.8 million in 2022, a decrease of $35.9 million) - Summary: Both AR and working capital decreased YOY. - **FAST (Fastenal, ticker: FAST)** - For the year ended December 31, 2022 (vs. 2021): - Accounts receivable, net: $1,013.2 million (up $113.0 million, 12.6% increase) - Trade working capital, net: $2,466.2 million (up $275.5 million, 12.6% increase) - No specific 2023 data in the provided context. - Summary: Both AR and working capital increased in 2022 vs. 2021. If you need details for a specific ticker or further breakdown, please specify."
ed7d4351,"Impact of Fox Corp's cybersecurity risk monitoring on credit rating, ticker FOX.","61947,61958,62027,61948,61893,18772,61892,140483,61894,61798","418,58,181","The provided documents contain detailed information on Fox Corporation's cybersecurity risk monitoring, governance, and oversight processes. Fox Corporation has a dedicated information security department led by a Chief Information Security Officer (CISO) with over 15 years of experience. The CISO regularly communicates with senior management and the Audit Committee, providing quarterly updates and immediate reports for significant incidents. The Board, particularly the Audit Committee, actively oversees risk assessment and management, including cybersecurity. Fox Corporation also conducts regular tabletop exercises and has processes for timely decision-making regarding public disclosure and incident response. While Fox has experienced cybersecurity threats and attacks from time to time, no incident has been material to its business to date. However, the company acknowledges the ongoing risk of potential material incidents in the future. Regarding the impact on Fox Corp's credit rating (ticker FOX), the documents do not directly address how cybersecurity risk monitoring specifically affects the company's credit rating. However, the robust governance and proactive approach to cybersecurity risk management are generally viewed positively by credit rating agencies, as they help mitigate operational and reputational risks that could otherwise negatively impact the company's financial stability and creditworthiness. In summary, while there is no explicit mention of the direct impact on credit ratings, Fox Corporation's comprehensive cybersecurity risk monitoring and governance framework can be seen as supportive of maintaining or enhancing its credit profile by reducing the likelihood and potential impact of significant cybersecurity incidents. If you require a direct statement about the credit rating impact, I cannot find sufficient information in the provided documents to answer this question."
66e69f95,BKR capex trends from 2021-2023 indicate growth investment strategies.,"18377,18373,18381,18369,48390,8268,18600,18615,169168,169167","57,27,497,142",I cannot find sufficient information in the provided documents to answer this question.
603e801c,"$BIIB $2.1B buyback boosts retention, future cap allocation & enhances SH value.","22458,22548,22557,22735,30914,22549,25418,22544,115106,158183","68,472,75,344,93","As of December 31, 2023, Biogen (BIIB) had approximately $2.1 billion remaining available under its 2020 Share Repurchase Program, which authorizes up to $5.0 billion in buybacks and has no expiration date. While Biogen did not repurchase any shares during 2023, the remaining authorization gives the company flexibility for future capital allocation decisions, including potential share buybacks. Share repurchase programs can enhance shareholder value by reducing the number of shares outstanding, potentially increasing earnings per share and demonstrating confidence in the company's future. The buyback capacity also provides optionality for retention strategies and future capital allocation, although no specific action was taken in 2023."
9962810b,3M's (MMM) cust. order pattern impacts rev. margins.,"104545,104601,104550,104697,121488,104641,83916,104542,126302,136117","376,366,406,312,249","Customer order patterns at 3M can impact both revenue and profit margins. Changes in customer order patterns, such as the timing of purchases and levels of inventory maintained by customers, affect demand for 3M’s products, which in turn impacts profit margins. For example, during periods when customers reduce discretionary spending or when retailers reduce their inventories, this can negatively affect revenue. Additionally, shifts in product mix and distribution channels, as well as adoption of new technologies, may also influence customer purchasing behavior and have an effect on margins. If 3M cannot adapt to these changes, maintain desired pricing, or is forced to incur additional costs to remain competitive, it could have a material adverse effect on its business, financial condition, results of operations, and cash flows (see Chunk 5 and Chunk 6)."
e005f6bd,ALL's EPS effect from a decline in share count and the resulting trend implications.,"102934,73094,79853,46672,54835,153966,39161,102935,136853,18492","407,161,235,139,459,306,115,215,57",I cannot find sufficient information in the provided documents to answer this question.
a5570725,"Impact of Regency Centers' cybersecurity framework on risk profile & profitability, REG.","132248,132250,132653,132344,145975,42267,132411,21751,132257,132576","66,125,395,437","Based on the provided context, Regency Centers has established a comprehensive cybersecurity governance framework overseen by its Audit Committee, with regular updates from the Cybersecurity Risk Committee (CRC) and the Chief Information Security Officer (CISO). The CRC, composed of senior leaders with diverse expertise, is responsible for identifying, assessing, managing, preventing, and mitigating cybersecurity risks. This structure ensures that cybersecurity risks are proactively managed and escalated when necessary, helping to protect the company from potential threats. While the context does not provide specific quantitative impacts on Regency Centers' risk profile or profitability, the described framework suggests a robust approach to risk management. Effective cybersecurity governance can reduce the likelihood and potential financial impact of cyber incidents, thereby supporting the company's overall risk profile and protecting profitability by minimizing operational disruptions, reputational harm, and potential regulatory costs. I cannot find sufficient information in the provided documents to quantify the exact impact of Regency Centers' cybersecurity framework on its risk profile or profitability. However, the presence of a strong cybersecurity program is generally considered beneficial in mitigating risks that could adversely affect financial results."
8166a1f6,"Governance of board roles at BlackRock, Inc, BLK.","4320,20401,37031,20364,41651,20407,20649,20363,20376,20550","16,122,110,63","BlackRock, Inc. is governed by a Board of Directors, with more than 85% of its members being independent directors. The Board plays an important role in overseeing human capital management, including an annual in-depth review of culture, talent development, retention, recruiting initiatives, DEI (Diversity, Equity, and Inclusion) strategy, leadership and succession planning, and employee feedback. The Board’s Management Development and Compensation Committee periodically reviews efforts and developments related to human capital management. Succession planning for the Chief Executive Officer and other senior executives is a key part of the Board’s annual review, focusing on BlackRock’s ability to identify, attract, develop, promote, and retain future senior executives, with an emphasis on building leadership from within. This governance structure is designed to support BlackRock’s long-term strategic plans and ensure effective oversight of critical company functions."
e381b49e,Rev rec timing impact on cash flow & liquidity for O'Reilly Automotive (ORLY).,"114611,114634,114629,114736,81318,114659,126769,114576,125316,14118","42,241,342,375,378",I cannot find sufficient information in the provided documents to answer this question.
e05198e2,Dev. initiatives at AMZN impact competitive positioning & efficiency.,"164612,6177,164645,6176,164707,6259,6343,6258,88846,6178","492,21,263","Amazon's development initiatives, particularly investments in technology and infrastructure, have a significant impact on its competitive positioning and efficiency. These initiatives include research and development of new and existing products and services, enhancements to their online stores, and investments in infrastructure such as servers, data centers, and networking equipment. Such investments support the introduction of innovative and efficient software and electronic devices, the development of a satellite network for global broadband, and autonomous vehicles for ride-hailing services. By continuing to invest in these areas, Amazon enhances the customer experience and improves process efficiency through rapid technology developments at an increasing scale. These investments also enable Amazon to accommodate a wider selection of products, maintain higher in-stock inventory levels, and meet anticipated shipment volumes, thereby supporting both their own and third-party sales. As a result, these development initiatives help Amazon strengthen its competitive position and drive operational efficiency."
186aaab4,IPG's legal proceedings risk disclosure may impact stock performance.,"82228,82215,82253,82080,82056,52671,82050,37017,82073,75675","154,243,222,110",I cannot find sufficient information in the provided documents to answer this question.
b77defd2,"2023 CAPEX breakdown for Snap-on Inc and allocation for Snap-on Tools Group, ticker SNA.","134940,135137,61597,134941,91071,135138,43670,134932,45674,135136","129,136,270,402,180","In 2023, Snap-on Inc.'s total capital expenditures (CAPEX) were $95.0 million. Of this amount, the allocation for the Snap-on Tools Group was $46.1 million."
a68b8600,Impact of LIBOR-to-SOFR transition debt svc risk on Jacobs Solutions Inc. (JACB),"74206,27644,26991,80856,86626,80844,140612,164993,20637,86702","256,418,491,239,82,84,218,63","The transition from LIBOR to SOFR for Jacobs Solutions Inc. (JACB) affected its variable rate debt. During the year ended September 29, 2023, all U.S. dollar-denominated borrowings under the Revolving Credit Facility and Term Loan Facilities transitioned from LIBOR to Term SOFR. Similarly, British pound-denominated borrowings transitioned from LIBOR to SONIA. The company’s variable rate borrowings now bear interest at a SOFR rate plus an applicable margin, which depends on Jacobs’ Consolidated Leverage Ratio or Debt Rating. As of September 27, 2024, the applicable SOFR rates plus margins for these borrowings were approximately 6.64% and 8.75% (for the previous fiscal year end). The transition did not cause a disruption in debt service but means Jacobs’ interest expense on variable rate debt is now tied to SOFR, which may behave differently from LIBOR and could lead to changes in interest costs. There is no indication in the provided context that the transition itself materially increased Jacobs’ debt service risk, but the company is now exposed to SOFR-based interest rate fluctuations for its variable rate debt."
9e890fac,UPS share repurchase volumes & expenses in 2023 vs 2022.,"153500,153583,48390,153503,153702,153659,153685,153491,153644,155163","464,458,142","In 2023, UPS repurchased 13 million shares of class B common stock and 0 shares of class A common stock, for a total cash outflow of $1,368 million for common stock purchases. In 2022, UPS repurchased 19 million shares of class B common stock and 0 shares of class A common stock, with a total cash outflow of $1,038 million for common stock purchases. Additionally, UPS used $402 million in 2023 and $516 million in 2022 to repurchase shares to satisfy tax withholding obligations on vested employee stock awards. In summary: - 2023: 13 million shares repurchased, $1,368 million spent (plus $402 million for tax withholding obligations) - 2022: 19 million shares repurchased, $1,038 million spent (plus $516 million for tax withholding obligations) The repurchase volume decreased in 2023 compared to 2022, while the cash outflow for common stock purchases increased."
982dfb3f,"Last yr, significant insider activity suggests mgmt confidence in HAL.","69649,100090,69626,104546,69691,69625,69631,69628,108977,69728","312,298,204,327",I cannot find sufficient information in the provided documents to answer this question.
6242fce4,80% union coverage's impact on NSC labor costs & flexibility analyzed with 2023 employment data.,"161985,112809,135186,22010,39374,153607,82096,25539,112840,112693","67,483,458,76,337,403,116,243",I cannot find sufficient information in the provided documents to answer this question.
db4966a4,$MDLZ pending legal provision impact on profitability & cash flows.,"20285,101482,47980,101480,21751,101291,85448,101481,101506,101360","66,141,302,253,62","Mondelēz International (MDLZ) is involved in various pending or threatened legal proceedings and regulatory matters, which are common in the ordinary course of business. The company records provisions in its consolidated financial statements for legal matters when an unfavorable outcome is probable and the loss can be reasonably estimated. As of the latest disclosures: - MDLZ had accrued a liability of €300 million ($321 million) in 2022 related to a European Commission investigation for alleged infringement of EU competition law. In the fourth quarter of 2023, this accrual was adjusted to approximately €340 million ($375 million) as the company expects to resolve the matter at that amount. - The company states that, at present, the ultimate outcome of these legal proceedings and regulatory matters, individually and in the aggregate, will not materially harm its financial position, results of operations, or cash flows. However, it acknowledges that unfavorable resolutions could result in substantial fines, penalties, or other expenditures, and could have a material adverse impact if such outcomes occur. - Past settlements, such as with the U.S. Commodity Futures Trading Commission (CFTC) regarding wheat futures trading, had an immaterial impact on MDLZ's financial position, results of operations, and cash flows. In summary, while MDLZ has recognized significant provisions for some pending legal matters (notably the European Commission case), these have not yet had a material adverse effect on profitability or cash flows. However, there remains a possibility that future unfavorable outcomes could materially impact results of operations or financial position."
d16f7335,CSX allocation mix: trad infra vs strategic proj for long-term growth; TKR: CSX.,"37179,37057,110377,37055,129226,37056,154625,37114,114800,37058","387,331,462,110,343","CSX's capital allocation mix prioritizes traditional infrastructure investments while also supporting strategic projects for long-term growth. For 2023, CSX's capital expenditures were as follows (in millions): - Traditional Infrastructure (Track, Bridges, Signals, and Other): $1,700 million - Strategic Projects and Commercial Facilities: $304 million - Freight Cars: $136 million - Locomotives: $117 million - Regulatory (including PTC): $24 million The largest portion of capital investment—about 75%—was allocated to traditional infrastructure, which includes track, bridges, signals, and related assets ($1,700 million out of $2,281 million total capex). These investments are essential for maintaining and improving existing infrastructure and ensuring safety and reliability. Strategic projects and commercial facilities received $304 million (about 13% of total capex), aimed at supporting long-term, profitable growth through network optimization, service enhancements, and productivity initiatives. For 2024, planned capital investments are expected to increase to approximately $2.5 billion, with a continued focus on sustaining core infrastructure and supporting growth projects. In summary, CSX's capital allocation is weighted toward traditional infrastructure but also dedicates a significant portion to strategic projects that drive long-term growth."
0fc7a24d,"Impact of BLL cybersecurity risk mgt on risk profile & capital allocation, BLL.","77133,130683,42267,16025,110377,133063,47980,24488,2470,20088","227,391,73,10,331,397,141,50,125,62",I cannot find sufficient information in the provided documents to answer this question.
3a79515d,JCI's legal risks affect cap allocation & growth investments.,"87937,87938,87597,149361,87697,110377,87698,12128,87596,47980","260,38,331,141,446","Johnson Controls International plc (JCI) faces various legal risks, including litigation, governmental proceedings, and potential liabilities associated with settlements (such as the settlement with a nationwide class of public water systems concerning the use of AFFF). These risks, along with uncertainties such as changes to laws, regulations, or policies, and potential outcomes of legal proceedings, can materially and adversely impact JCI’s results of operations, financial condition, or liquidity (Chunks 3, 5, 7, 9). When legal risks materialize or create uncertainty, they can affect how JCI allocates capital and makes growth investments. For example, significant transaction costs, unknown liabilities, or adverse outcomes from litigation may require JCI to reserve or redirect funds that might otherwise be used for growth initiatives or capital expenditures. Additionally, the potential insolvency or financial distress of third parties, and risks related to labor disputes or performance contracts, may further impact the company’s financial flexibility and investment decisions (Chunk 5, 7, 9). In summary, JCI’s exposure to legal risks can constrain its ability to allocate capital efficiently and pursue growth investments, as resources may need to be set aside to address or mitigate these risks."
396c347d,Cencora Inc. % YoY change in FY rev & COGS impacts profitability.,"31533,31638,74003,161421,36188,161533,21926,161402,78277,161327","96,482,66,231,107,218","For Cencora, Inc., the year-over-year (YoY) percentage change in revenue and cost of goods sold (COGS) for the fiscal years ending September 30 are as follows: - Revenue: - 2024: $293,958,599 thousand - 2023: $262,173,411 thousand - YoY change: (($293,958,599 - $262,173,411) / $262,173,411) x 100 ≈ 12.1% increase - Cost of Goods Sold: - 2024: $284,048,570 thousand - 2023: $253,213,918 thousand - YoY change: (($284,048,570 - $253,213,918) / $253,213,918) x 100 ≈ 12.2% increase Impacts on Profitability: - Gross profit increased from $8,959,493 thousand in 2023 to $9,910,029 thousand in 2024 (about a 10.6% increase). - However, since COGS increased slightly more than revenue (12.2% vs. 12.1%), the gross margin (gross profit as a percentage of revenue) slightly declined, indicating that while revenue growth was strong, rising costs offset some of the gains, potentially putting pressure on overall profitability. This is reflected in a lower operating income in 2024 ($2,175,249 thousand) compared to 2023 ($2,340,731 thousand), despite higher revenue. In summary: Cencora’s revenue and COGS both increased by about 12% YoY in FY2024. The near-parallel growth in COGS and revenue means that gross profit grew but not as fast as revenue, slightly compressing margins and contributing to a decrease in operating income, which impacts overall profitability."
270dba94,Best Buy's adherence to partial NIST CSF for risk mgt and ticker valuation impact.,"14257,14258,77133,14196,14386,14260,150528,14197,115314,14261","345,450,43,227",I cannot find sufficient information in the provided documents to answer this question.
21ede3ba,Xylem's rev rec methods for LT constr. contracts affect profit & cash flow (cost vs shipment) for ticker XYL.,"164782,164630,114893,164667,139841,164629,33172,164663,120946,164631","101,363,492,343,415","Xylem recognizes revenue on long-term construction-type contracts primarily over time, using a measure of progress. The main method used is the input method, which recognizes revenue based on costs incurred relative to total estimated costs. In some cases, Xylem may also use the output method, recognizing revenue based on shipments of product where control has transferred to the customer. The use of the input (cost-based) method means that revenue and associated profit are recognized as costs are incurred, rather than waiting until shipment or project completion. This generally results in smoother, more consistent profit recognition over the duration of the contract, as opposed to lumpy recognition at shipment milestones. For cash flow, payments for these contracts are typically made throughout the contract as progress is made, aligning cash inflows with the timing of revenue recognition. This can help match cash collections with recognized revenue and costs, potentially improving cash flow management compared to contracts where payment is only received upon shipment or completion. In summary, using the cost-based (input) method for long-term construction contracts leads to earlier and more gradual profit recognition and typically aligns cash flow with the progress of the project, whereas shipment-based (output) methods would delay profit and cash recognition until later in the contract."
bc5c0e96,"Divisional structure, risk mgmt, & competitive positioning of Nasdaq.","112285,112178,112017,7100,112068,164645,112066,112006,112041,7099","24,492,335","Nasdaq operates with a divisional structure that is organized into three main business segments: Capital Access Platforms, Financial Technology, and Market Services. This structure was further refined following the acquisition of Adenza in November 2023. The segments are designed to align with foundational shifts in the global financial system and to optimize resource allocation, performance assessment, and management of the businesses as separate units (Chunks 1, 2, 3). In terms of risk management, Nasdaq has established a technology risk program to evaluate the resiliency of its critical systems, particularly focusing on cybersecurity risks. This program identifies areas for improvement and implements system upgrades to minimize future risks. Efforts also include employee training, targeted phishing education, and deployment of new security tools for securities operations (Chunk 9). For competitive positioning, Nasdaq leverages its global reach, diverse offerings (such as data, analytics, software, exchange capabilities, and client-centric services), and advanced technology platforms. The company aspires to be the trusted fabric of the world’s financial system, aiming to improve liquidity, transparency, and integrity. Its acquisition of Adenza further enhances its technology solutions and expands offerings in mission-critical capital markets infrastructure and compliance, strengthening its competitive stance in the industry (Chunks 1, 3)."
e4e06de6,Emerging therapies exert vertex competitive pressure on revenue & growth for the co. (TICKER).,"85258,22329,129989,22400,112056,159331,83916,22399,19481,22328","68,389,60,335,249,476,253","Emerging therapies do exert competitive pressure on Vertex's revenue and growth. Substantially all of Vertex’s revenues are related to the treatment of people with cystic fibrosis (CF), and there are many other companies developing products for the same patient populations. To compete successfully, Vertex must demonstrate improved safety, efficacy, tolerability, and market acceptance over competing products. The risk of competition is particularly significant for Vertex because if new therapies or improved treatment options are developed by competitors, Vertex's products could lose market share, and its business could be materially harmed. Safety issues or the development of new therapies by competitors may also negatively affect the commercialization of Vertex's products and overall company performance."
9ed082e0,Aon Q4 2023 liquidity valuation of repurchase activity for the stock.,"11714,11549,97084,32031,92383,11520,133500,11548,159769,59736","289,98,36,397,175,274,477","Based on the provided information, Aon’s share repurchase activity during the fourth quarter of 2023 was as follows: - Total number of shares repurchased: 2,330,384 - Average price paid per share: $321.83 - Maximum dollar value of shares that may yet be purchased under the program as of December 31, 2023: $3,317,269,632 There is no specific mention of a ""liquidity valuation"" adjustment or analysis for the repurchase activity in the provided documents. The data reflects the transactional details (number of shares, average price, and remaining authorization) but does not include a separate liquidity valuation metric for the share repurchase activity. If you are seeking details on how liquidity was specifically assessed or valued for these repurchases, that information is not present in the retrieved documents."
21abe5f6,"ODFL faces pricing, capacity, & service quality risks; mitigation measures include strategic pricing, fleet optimization, & enhanced customer service protocols.","112579,112425,112438,112439,99812,112533,33043,112424,22828,112532","336,298,69,101",I cannot find sufficient information in the provided documents to answer this question.
e94d7fb9,"Net int. exp. % trend, risk, and cost of cap. for Bunge Global SA.","18865,18891,137786,18797,84678,18938,60781,18937,18878,18794","178,58,251,410",I cannot find sufficient information in the provided documents to answer this question.
9f66f4c8,MRO $2.01B US CAPEX vs intl growth op performance.,"104161,103894,145983,103990,12109,103991,43670,104075,12912,104077","129,38,40,437,310","Based on the provided context, Marathon Oil Corporation (MRO) reported capital expenditures (CAPEX) in the United States of $1.463 billion in 2022 and $1.480 billion in total, with only $2 million attributed to international operations for that year (Chunk 10). The provided documents do not specify a $2.01 billion figure for U.S. CAPEX, nor do they break out a direct performance comparison between U.S. CAPEX and international growth opportunity performance. For 2024, MRO announced a capital budget of $1.9 billion to $2.1 billion, with an emphasis on prioritizing free cash flow generation and shareholder returns, consistent with their capital allocation framework. This capital budget is focused on their core U.S. resource plays, with international operations mentioned as a complement rather than a primary growth driver (Chunk 2). In summary: - MRO’s recent U.S. CAPEX has been in the range of $1.46–$1.48 billion (2022 data) and the 2024 budget is $1.9–$2.1 billion (Chunk 2, Chunk 10). - International capital expenditures have been minimal in comparison (e.g., $2 million in 2022). - The company’s strategy and capital allocation are heavily weighted toward U.S. operations, with international activities playing a secondary, complementary role. There is no performance breakdown or specific growth opportunity performance data for international operations in the provided documents. Therefore, the U.S. CAPEX is significantly larger and more central to MRO’s strategy than international capital deployment, and the documents do not provide sufficient information to directly compare performance outcomes between the two."
6a12b142,VOBA amortization and revenue recognition of long-duration contracts for Chubb (CB).,"168516,39966,148804,124189,115673,40148,40227,40146,34437,168330","103,496,372,118,346,444","For Chubb (CB), the Value of Business Acquired (VOBA) is an intangible asset established as part of business combination accounting when acquiring blocks of long-duration contracts. VOBA represents the present value of estimated net cash flows for in-force contracts as of the acquisition date. VOBA is amortized as a component of policy acquisition costs in the consolidated statements of operations. The amortization of VOBA is generally done in relation to the profit emergence of the underlying contracts, which is typically in proportion to premium revenue recognized and based on the same assumptions used at the time of acquisition, such as mortality, morbidity, persistency, investment yields, expenses, and the discount rate. The most significant input for this calculation is the discount rate used to arrive at the present value of net cash flows. Chubb performs at least an annual review of the recoverability of the VOBA asset using a premium deficiency test to ensure that the unamortized VOBA does not exceed the expected recoverable amounts. If it is determined that expected premium margins or gross profits are less than the unamortized balance, the asset is written down with the adjustment recorded as an expense in the current period. Unrecoverable VOBA is expensed in the period identified. In summary: - VOBA is amortized in proportion to premium revenue recognized, reflecting profit emergence. - The amortization is based on original assumptions used at acquisition. - VOBA is tested at least annually for recoverability via a premium deficiency test. - Any unrecoverable VOBA is expensed immediately. Revenue recognition for long-duration contracts is aligned with this process, as VOBA amortization is recognized as an expense in relation to the profit and premium revenue of the underlying contracts (see Chunks 2 and 8)."
b62c10c1,Impact on pretax & net income for Eaton (ETN) non-op items over 3-yr.,"54243,15152,54174,54148,54175,54138,54277,63261,54281,20333","184,47,62,159","For Eaton (ETN), non-operating items over the past three years primarily include acquisition integration, divestiture charges, transaction costs, and gains or losses on business sales. Here is the impact on pretax and net income for these non-operating items over 2021, 2022, and 2023 (amounts in millions): - 2023: Pretax charge of $54 million; after-tax impact of $39 million ($0.10 per diluted share) - 2022: Pretax charge of $170 million; after-tax impact of $147 million ($0.37 per diluted share) - 2021: Pretax income of $(268) million (driven by a $617 million gain on sale of Hydraulics business, offset by $349 million in charges); after-tax impact of $94 million ($0.23 per diluted share) So, in summary, non-operating items reduced pretax income by $54 million in 2023 and $170 million in 2022, but increased pretax income by $268 million in 2021. The after-tax impacts were $39 million, $147 million, and $94 million, respectively, for 2023, 2022, and 2021 (with 2021 reflecting a net gain after including tax effects)."
853ffc14,MPWR revenue trends in the region from 2021 to 2023.,"102992,48390,103103,8268,55694,169168,28631,169167,10199,33512","32,164,101,142,497,307,87,27","From 2021 to 2023, Monolithic Power Systems (MPWR) derived most of its revenue from sales through distribution arrangements and direct sales to customers in Asia. Specifically, revenue from direct or indirect sales to customers in Asia accounted for 90% in 2021, 86% in 2022, and 87% in 2023. This indicates that Asia consistently represented the vast majority of MPWR's revenue during this period, with a slight decrease in 2022 followed by a small increase in 2023."
f3f755fd,"Impact of Kroger's repurchase on cap allocation & BS is notable, KR.","89801,89813,149397,89811,133643,152383,110767,112486,47980,30914","455,266,332,141,398,336,93,446","Kroger's share repurchase activity has been limited in recent periods, and its impact on capital allocation and the balance sheet is relatively contained at this time. During the third quarter of 2022, Kroger paused its share repurchase program to prioritize de-leveraging following the proposed merger with Albertsons. As of the fourth quarter of 2023, only 167,100 shares were repurchased under the 1999 Repurchase Program, and no shares were repurchased under the more recent September 2022 authorization. The 1999 Repurchase Program is limited in size, tied to proceeds from employee stock option exercises. Kroger's capital allocation priorities remain focused on investing in business growth opportunities, maintaining its investment-grade credit rating, and managing debt levels. The company states that its first priority is investing in high-return opportunities for sustainable net earnings growth, with a continued commitment to growing dividends and returning excess cash to shareholders via buybacks, subject to Board approval. However, share repurchases remain paused, reflecting a focus on balance sheet strength and deleveraging in the context of the pending Albertsons merger. In summary, while share repurchases are part of Kroger's overall capital allocation strategy, their recent impact on the company's balance sheet and capital allocation has been minimal due to the pause in buybacks and the prioritization of other financial objectives."
e9a5667c,AVB's board/executive mix influences corp governance amidst strategic risk.,"10516,24376,35998,144207,64203,110816,20337,31993,122526,78924","33,98,73,106,233,332,431,368,187,62",I cannot find sufficient information in the provided documents to answer this question.
3dd6aab1,"IR cybersecurity reporting enhances investor confidence & mitigates risks, ensuring effective risk mgmt, making it crucial for stock performance.","101288,99326,21389,65045,154655,145535,124656,152273,33382,124652","65,101,455,296,462,302,436,373,189","Based on the provided context, effective incident response (IR) and cybersecurity reporting are important components of risk management that can enhance investor confidence and mitigate potential risks, which in turn are crucial for stock performance. Companies employ comprehensive cybersecurity programs and incident response plans to oversee, identify, and reduce the impact of security incidents (Chunk 1, MDLZ.pdf; Chunk 10, PSA.pdf). These plans include timely communication with stakeholders and regulatory bodies, as well as protocols for assessing when public disclosure is necessary, which helps ensure transparency and accountability. Additionally, oversight by company boards and audit committees, regular updates on cybersecurity efforts, and the use of third-party experts and tabletop exercises demonstrate a commitment to managing cybersecurity threats (Chunk 10, PSA.pdf; Chunk 5, VLO.pdf). Such practices help maintain operational integrity, limit financial and reputational damage, and align with regulatory requirements, all of which are factors that support investor confidence and stable stock performance."
55e0d142,MI refinancing risks 2024.,"13364,13659,137178,13580,141920,13586,13369,13579,114201,13585","408,41,341,423","In 2024, mortgage insurance (MI) refinancing risks are influenced by several factors highlighted in the provided documents: - Higher mortgage interest rates have increased financing costs, which may decrease the number of qualified borrowers and the volume of low down payment mortgage originations. This reduction in originations can lead to a decline in demand for mortgage insurance and refinancing activity (Chunk 8). - Changes in government policies, such as the FHA reducing its annual mortgage insurance premium rates by 30 basis points for most single-family mortgages as of March 2023, may negatively impact the amount of mortgage insurance written in the U.S. by making FHA loans more attractive relative to private MI (Chunks 4 and 8). - The Federal Housing Finance Agency (FHFA) has implemented changes to guarantee fee pricing and continues to evaluate these fees. Adjustments to these fees and related policies could affect the volume of mortgages purchased by the GSEs (Fannie Mae and Freddie Mac) and, consequently, MI demand and refinancing opportunities (Chunks 4 and 8). - Proposed regulatory changes, such as the Basel III Endgame in the U.S., would eliminate current capital relief for banks on mortgage loans protected by private MI, basing capital requirements solely on loan-to-value ratios. If adopted, this could reduce the volume of mortgages originated by banks and decrease demand for mortgage insurance, impacting refinancing activity (Chunks 6 and 10). Overall, in 2024, MI refinancing risks are elevated due to higher interest rates, regulatory and policy changes, and increased competition from government programs, all of which could reduce demand for MI and refinancing volumes."
e045ad71,Risk of delivery timing for UAC due to mfr. issues.,"26355,75057,55293,78591,60454,27612,32485,68512,118526,53867","163,100,355,199,232,79,178,84,221,158","There are several risks related to delivery timing for UAC (Unidentified Affected Company) due to manufacturing issues, as highlighted in the provided context: - Delays or quality issues with one component can limit the ability to manufacture the entire completed product, and packaging technologies can add complexity and increase costs (Chunk 4). - Disruptions in the production process may result from errors, material defects, delays in permits, supply interruptions, equipment malfunctions, or unsafe working conditions, all of which can delay production timing (Chunk 4). - Manufacturing yields depend on design stability, component quality, and production volume. Capacity constraints, raw material shortages, logistics issues, and labor shortages have caused and may cause reduced yields, impacting production capacity and delivery schedules (Chunk 10). - Increased rejection and rework rates during quality control, and the presence of counterfeit parts, can further reduce yields and reliability, affecting delivery timing (Chunk 10). - Introduction of new product lines increases the risk of manufacturing problems, which may require temporary suspension of production, further delaying deliveries (Chunk 10). - Reliance on third-party manufacturers reduces control over quality assurance, timing, and supply. Disruptions or delays from third-party manufacturers—due to issues such as global chip shortages, natural disasters, or geopolitical events—can impair the ability to fulfill orders on time (Chunk 8). - Expansion projects and facility upgrades also face risks of delay or cost overruns from shortages of equipment or labor, delivery delays for materials, and regulatory challenges (Chunk 6). Overall, delivery timing for UAC can be impacted by a range of manufacturing issues, including component delays, quality problems, supply chain disruptions, and reliance on third-party manufacturers. These issues can lead to production delays, increased costs, and the inability to meet customer delivery schedules."
f337f81f,"Effects of Molson Coors’ repurchase program on capital structure & valuation, TKR: TAP.","145349,144944,145311,153718,145083,149397,145084,60611,145310,148592","459,178,434,444,446","Molson Coors' share repurchase program, which was approved by the Board on September 29, 2023, authorizes the repurchase of up to $2.0 billion of the Company's Class B common stock over five years. This program replaces previous repurchase programs. Effects on Capital Structure: - Repurchasing shares reduces the number of outstanding shares, which typically decreases shareholders' equity and increases the company's leverage (debt-to-equity ratio), all else being equal. This can lead to a higher proportion of debt in the capital structure if not offset by reductions in liabilities or other changes. - As of December 31, 2023, Molson Coors had repurchased 3,454,694 shares for $211.0 million under the program, leaving approximately $1.8 billion authorized for future repurchases (Chunk 3, 9). Effects on Valuation: - Share repurchases can increase earnings per share (EPS) and potentially return on equity (ROE) by reducing the denominator (shares outstanding), which may positively influence the stock’s valuation multiples if net income remains stable or grows. - By reducing the share count, each remaining shareholder owns a larger percentage of the company, which can enhance shareholder value if the repurchases are made at attractive prices. In summary, Molson Coors’ repurchase program is likely to increase financial leverage and potentially enhance key per-share financial metrics, which can have a positive effect on valuation if market conditions and operational performance remain favorable."
5c385790,ERM integration in BLK may affect financial stability in cybersecurity.,"18471,21794,18472,35085,14962,105818,136642,20376,154980,17816","66,105,47,464,55,407,57,316,63",I cannot find sufficient information in the provided documents to answer this question.
fa08cbd4,FDIC legal impact on investor sentiment and valuation for BoA.,"73776,24226,42564,24190,48189,24189,32504,24225,148592,24690","100,73,142,218,444,125","The provided documents indicate that FDIC actions and regulatory requirements can have significant legal and financial impacts on Bank of America (BoA), which in turn may influence investor sentiment and valuation. Specifically, if the FDIC and Federal Reserve determine that BoA's resolution plan is not credible, they could impose stricter capital, leverage, or liquidity requirements, or place restrictions on growth and operations. BoA might also be required to divest assets or restructure, potentially increasing operating costs and affecting business lines. In a situation where BoA is in default or near default, the FDIC may act as receiver and could use the ""single point of entry"" strategy or establish a bridge holding company for orderly resolution. This could result in greater losses for BoA's security holders compared to a bankruptcy proceeding, while third-party creditors of subsidiaries might receive fuller recoveries. Such outcomes could negatively impact BoA's stock price and investor confidence (Chunks 2, 8). Additionally, unresolved legal matters with the FDIC, such as disputes over deposit insurance assessments, can create uncertainty regarding BoA's financial condition and liquidity. Adverse outcomes in these matters could be material to BoA’s business results for a given period and cause significant reputational harm (Chunk 10). In summary, regulatory actions or legal disputes involving the FDIC can increase uncertainty and risk for BoA, potentially lowering investor sentiment and valuation due to concerns about stricter oversight, financial penalties, or loss of shareholder value."
192da48a,F2024 capex drivers at ROST $840M vs impact on profitability & cash flow.,"128896,128830,128760,128872,19478,128819,131070,128758,43670,158161","385,129,392,472,60","Ross Stores (ROST) projects capital expenditures (capex) of approximately $840 million for fiscal 2024, an increase from $762.8 million in fiscal 2023. The primary drivers for this higher capex are investments in the supply chain to support long-term growth, including construction of new distribution centers, upgrades to information technology systems, improvements to existing stores, and other expenditures related to stores, distribution centers, and corporate offices. The company expects to fund these capital expenditures with available cash. While higher capex represents a greater outflow of cash in the short term, these investments are aimed at enhancing operational efficiency and supporting future growth, which could benefit profitability over the long term. In recent years, Ross Stores has maintained profitability and strong cash flow despite significant capital expenditures, as indicated by ongoing investments and continued stock repurchases and dividend payments (over $1.4 billion used in financing activities, primarily for these shareholder returns, in each of the last three years). In summary, the $840 million capex for fiscal 2024 is expected to temporarily increase cash outflows but is intended to support long-term growth and potentially improve profitability by strengthening the supply chain, technology, and store network. The company plans to cover these investments with cash on hand, reflecting continued strong cash flow generation."
1ed728b3,SMCI credit facility evolution for debt mgmt.,"49841,136225,108111,134622,108110,8979,136273,80665,48739,10332","32,323,239,143,401,146,406,29","Based on the provided context, Super Micro Computer, Inc. (SMCI) has managed its debt through various credit facilities that have evolved over time. As of June 30, 2023, SMCI had the following outstanding under its lines of credit and term loan facilities: - The total outstanding under lines of credit was $131.6 million, down from $433.8 million the previous year. This reflects a significant reduction in reliance on short-term credit facilities. - Key lines of credit in 2023 included the Cathay Bank Line of Credit ($131.6 million), whereas previous years included facilities with Bank of America, CTBC, HSBC, E.SUN Bank, and Mega Bank, several of which had been fully repaid or were no longer outstanding by June 2023. - Term loans outstanding totaled $158.7 million as of June 30, 2023, with facilities due between 2026 and 2030 from various banks such as Chang Hwa Bank, CTBC, E.SUN Bank, and Mega Bank. - The overall debt balance decreased from $596.8 million in 2022 to $290.3 million in 2023. This evolution shows that SMCI has actively managed its debt by reducing short-term borrowings and maintaining longer-term facilities, likely to optimize its capital structure and manage interest rate and liquidity risks."
a868f9cd,$MAS capex vs D&A trend analysis for 2024.,"95164,91070,95234,55678,95129,95237,138715,91071,134229,43670","129,164,270,400,283,414","I cannot find sufficient information in the provided documents to answer this question. The available context does not include Masco Corporation's (MAS) capital expenditures (capex) or depreciation and amortization (D&A) data for 2024, nor does it provide a clear trend analysis for these metrics."
de06fbdb,Impact of timing on cash flow ops for Nordson Corp regarding interest outflows.,"99594,20998,107133,51909,107073,107168,107069,55058,106991,51937","64,320,162,297,152",I cannot find sufficient information in the provided documents to answer this question.
05c4a27b,Cybersecurity risk mgmt at Fiserv (FISV) boosts investor confidence.,"62364,63615,148430,63616,77133,63618,145535,63634,165556,63617","227,493,436,182,185,444",I cannot find sufficient information in the provided documents to answer this question.
c23ef633,"QRVO's share buybacks positively impact EPS by reducing the float, enhancing growth prospects.","126534,126419,126549,126529,126367,126526,44153,126420,153966,78408","377,130,459,231","Yes, Qorvo's share buybacks can have a positive impact on earnings per share (EPS) by reducing the number of shares outstanding (the float). When a company repurchases its own shares, the total number of shares available in the market decreases. As a result, the company's net income is divided by a smaller number of shares, which generally increases the EPS. This can enhance the company's growth prospects in the eyes of investors, as a rising EPS often signals stronger financial performance and can make the stock more attractive. The provided context confirms that Qorvo has an active share repurchase program, authorizing up to $2.0 billion in buybacks, and has been consistently repurchasing shares (895,000 shares in the most recent reported periods at an average price of $111.72 per share). The program is flexible, with no minimum required repurchases or fixed term, allowing Qorvo to manage its capital structure to benefit shareholders, including potentially boosting EPS through buybacks."
a5da9dd9,CarMax FY23 vs. FY24 net cash increase investing strat.,"136219,88188,88036,60269,88068,135561,88037,132083,88067,19478","261,394,177,404,406,60","Based on the provided context, CarMax's capital allocation and investing strategy in fiscal years 2023 (FY23) and 2024 (FY24) was characterized by a conservative approach to its capital structure due to recent performance and continued market uncertainties. The company focused on its core business, slowed the rate of store growth, and took steps to better align expenses with sales. In both FY23 and FY24, CarMax's primary ongoing uses of cash included funding existing operations, store expansion and improvement, supporting CarMax Auto Finance (CAF), and strategic growth initiatives. The company also resumed its share repurchase program in the third quarter of FY24 after pausing it during the prior year, with plans to modestly accelerate repurchases in FY25. Planned capital expenditures increased from $465.3 million in FY24 to an estimated $500–$550 million in FY25, reflecting a focus on long-term growth, including new stores, stand-alone reconditioning centers, and auction facilities. The company’s primary sources of liquidity remained funds provided by operations, proceeds from non-recourse funding vehicles, and borrowings under its revolving credit facility or other financing sources. Regarding net cash increase, there is no specific figure provided in the context for the net cash increase for CarMax in FY23 versus FY24. However, the context emphasizes that CarMax believes it has appropriate liquidity and financial strength to support its operations and investments for the foreseeable future. In summary, CarMax maintained a cautious investing and capital allocation strategy between FY23 and FY24, focusing on core operations, controlled expansion, resumption of share repurchases, and maintaining strong liquidity, but the precise net cash increase for investing activities in those years is not detailed in the provided documents."
bc803f0d,How do different rev rec policies affect profit & cash flow analysis for BD?,"128666,124877,86287,160784,148706,107046,132072,119692,45471,51635","384,480,320,358,135,394,374,151,444,255","Different revenue recognition (rev rec) policies can significantly affect both profit and cash flow analysis for business development (BD) in several ways: Profit Impact: - Timing of Revenue Recognition: Policies that recognize revenue when control is transferred to the customer (often at shipment or delivery) will generally match revenue to the period in which goods or services are delivered (see PH, ECL, NDSN). If revenue is recognized over time (such as for services or leases), profits are spread across multiple periods. This can smooth reported profits but may delay revenue recognition compared to point-in-time methods. - Variable Consideration: Adjustments for discounts, rebates, returns, and other allowances (see VTRS, ECL) mean that net revenue reported can differ from gross billings, affecting reported profit margins. Companies must estimate and accrue these adjustments, which can introduce variability and affect net profit. - Multi-Element Arrangements: When contracts have multiple performance obligations, revenue is allocated based on standalone selling prices (see PH). This allocation can affect the timing and amount of revenue recognized for each element, impacting profit measurement in each period. Cash Flow Impact: - Revenue Recognition vs. Cash Collection: Revenue recognition is based on when performance obligations are satisfied, not when cash is received. This means recognized revenue (and thus profit) does not always align with cash inflows. For example, if revenue is recognized before payment is received, profit increases without a corresponding immediate increase in cash flow (see ECL, NDSN). - Service and Recurring Revenue Models: For businesses with recurring service contracts (e.g., pest control services recognized as services are rendered, see ROL), cash flow may be more stable, but the timing of revenue recognition will depend on contract terms and service delivery schedules. - Estimation and Reserves: Policies requiring accrual of allowances for doubtful accounts, returns, or incentives can reduce reported revenue and profit, but the actual cash impact will depend on the realization of those events (see ECL, VTRS). In summary, revenue recognition policies primarily affect the timing of when revenue and profit are reported, while actual cash flows depend on customer payment terms and collection. Differences in policy can lead to significant differences in reported profit and the relationship between profit and cash flow, which are critical considerations in business development analysis."
5c0b6205,"Headcount at CoStar Group has increased, highlighting US vs non-US additions & scalability/diversity impact, with ticker in focus: CSGP.","37700,37899,37898,65412,37724,140731,30415,59623,58822,142837","419,427,173,175,112,92,190",I cannot find sufficient information in the provided documents to answer this question.
7308f96e,"CoStar Group's allocation of intl assets/liabilities exposes growth risks, ticker in focus.","37898,37910,37899,37724,11979,37843,120154,37715,35380,37732","112,105,360,37","CoStar Group manages and reports its business geographically in two operating segments: North America (including the U.S. and Canada) and International (primarily Europe, Asia-Pacific, and Latin America). Information about revenues, long-lived assets, and total assets in foreign countries is detailed in their financial statements, with segment-specific risks discussed in their risk factors and market risk disclosures. Risks associated with CoStar's international operations include their ability to comply with the rules and compliance requirements of international markets, effects of foreign currency fluctuations, the impact of Brexit, and other risks related to international business activities. These exposures could affect growth if challenges in these areas are not effectively managed. As a result, international allocation of assets and liabilities introduces additional complexity and potential risk to CoStar's growth outlook. The ticker in focus is CSGP."
2b9ff3ae,Celanese Corp (CE) basic share count delta from 2022 to 2023 and its implications on share structure.,"27415,27260,61597,27362,48390,27363,27433,23094,27430,70649","70,142,207,83,180","Based on the provided information, Celanese Corporation's weighted average basic shares outstanding increased from 108,380,082 in 2022 to 108,848,962 in 2023. This represents a delta (increase) of 468,880 shares. Implications on share structure: The increase in basic share count is relatively small, suggesting limited dilution during the year. The slight rise could be due to stock option exercises or stock awards, as indicated by minor increases in shares from these activities in the consolidated statements of equity. There were no purchases of treasury stock in 2023, so the increase is not due to buybacks being offset. In summary, the basic share count increased modestly, reflecting normal equity compensation activities and having minimal impact on the overall share structure."
704a26ec,Risks to Yum's mkt share and future cash flow arise from digital competitors. YUM.,"163666,163430,28640,163484,9878,163485,3373,163406,163444,45155","134,487,13,87,31","Yum! Brands faces risks to its market share and future cash flow from digital competitors due to several factors: - The rapid growth of digital sales has increased reliance on digital ordering and payment platforms, which are susceptible to power loss, technological failures, user errors, cyber-attacks, and other disruptions. Such interruptions can limit or delay customers' ability to order, potentially making them less likely to return to these platforms, which could negatively affect sales and customer loyalty. - Some of Yum's platforms, particularly those relying on legacy technology (e.g., certain Pizza Hut platforms), may experience more frequent and severe interruptions, further increasing vulnerability compared to digital-first competitors. - The company's dependence on multiple digital commerce platforms increases its exposure to cyber-attacks and security breaches, which may require additional investments to consolidate and standardize these systems. - In China, Yum China relies heavily on third-party mobile payment apps (such as Alipay, WeChat Pay, and Union Pay) to process sales. Any disruption in access to these platforms or changes in relationships with payment processors could adversely affect Yum China's business and, consequently, the license fees paid to Yum, impacting Yum’s overall cash flow. - The increased impact and speed of social media can amplify negative publicity or dissatisfaction, which can quickly affect customer perceptions and market share, especially as digital competitors leverage these platforms for rapid consumer engagement and brand building. Overall, these digital risks can limit customer access, reduce sales, and increase operational costs, ultimately posing a threat to Yum's market share and future cash flow."
ba58192c,DG's valuation metrics amid a competitive landscape.,"43206,43000,128408,43001,50898,43072,132293,43119,147972,42790","395,127,149,444,126,383",I cannot find sufficient information in the provided documents to answer this question.
161a41d9,Timing of revenue recognition by service for TROW (T. Rowe Price).,"145506,115673,145664,145624,145503,65607,145491,129436,145502,100325","387,299,436,346,190","Based on the provided context, T. Rowe Price (TROW) recognizes revenue primarily from investment advisory services, which are largely dependent on the total value and composition of assets under management. The company also earns revenue from administrative services, distribution, and servicing fees. The specific timing of revenue recognition by service is as follows: - Investment Advisory Services: Revenue depends on the assets under management and is recognized as these services are provided to clients, across various investment products and vehicles (such as mutual funds, subadvised funds, separately managed accounts, etc.). - Administrative Services: These include mutual fund transfer agent, accounting, shareholder services, participant recordkeeping for retirement plans, brokerage, trust services, and non-discretionary advisory services. Revenue from these services is recognized as the services are delivered to clients. - Distribution and Servicing Fees: Distribution fees, including 12b-1 fees from certain share classes, are recognized as earned from the funds, and any related payments to intermediaries are recorded as distribution and servicing costs. No explicit detailed breakdown of revenue recognition timing (such as ""at a point in time"" or ""over time"") is provided in the context, but overall, revenue is recognized as the related services are performed. If you need more granular details or specific accounting policy disclosures for revenue recognition by service line, such information is not present in the provided context."
2d017427,WD faces rev. reversal risks due to OEM vol. & reseller inventory challenges.,"158587,158493,4865,137488,135532,126378,161018,158546,48767,39536","481,377,409,143,18,404,117,473","Yes, Western Digital (WD) faces risks of revenue reversal due to OEM volume and reseller inventory challenges. For sales to OEMs, WD estimates variable consideration based on expected earnings from OEM purchase volumes or agreed-upon sales incentive programs. For resellers, variable consideration is estimated using factors like historical pricing, current trends, and channel inventory levels. If actual results differ from these estimates, adjustments to revenue are required, which could lead to revenue reversals. Additionally, if resellers hold higher inventory levels or if there are changes in demand, this can affect the accuracy of revenue recognition and may result in further adjustments (Chunk 2)."
a5bb38f8,"Fair value adj for KO on 2022-2023, focusing on benchmark rate exposure hedge strategy.","93240,48390,103477,40033,93116,93097,62424,93151,8267,93098","142,276,308,118,183,27",I cannot find sufficient information in the provided documents to answer this question.
261ae998,Count of HAL non-CBA emp. issued.,"85915,101617,69631,41667,38395,109264,164759,69806,68231,69804","198,328,204,492,303,114,122,254",I cannot find sufficient information in the provided documents to answer this question.
53eedf70,Litigation risk analysis for LVS & impact on cash flow.,"155498,101103,101163,100960,100736,101002,80043,101107,126769,100899","465,378,236,301","Las Vegas Sands Corp. (LVS) is involved in various litigation matters as part of its normal business operations. Management reviews these matters in consultation with legal counsel and estimates potential litigation costs, but believes that, based on current information, such litigation and claims will not have a material effect on the company's financial condition, results of operations, or cash flows. A significant ongoing case is the Asian American Entertainment Corporation, Limited (AAEC) v. Venetian Macau Limited, et al., where AAEC originally sought 3.0 billion patacas (about $373 million), later increasing the claim to over 62 billion patacas (around $7.19–$7.74 billion). The Macao First Instance Court entered judgment for the U.S. Defendants in April 2022, but the plaintiff has appealed, and the matter remains pending with the Macao Second Instance Court. Management has stated that it is currently unable to determine the probability of the outcome or the range of reasonably possible loss, if any, and intends to defend the matter vigorously. While the company acknowledges that changes in estimates and assumptions regarding litigation could have a material effect on results and financial condition, as of now, management does not expect ongoing litigation to have a material impact on cash flows. However, the final outcome of pending litigation remains uncertain and could potentially affect cash flow if unfavorable judgments or settlements are reached in the future (see Chunks 2, 4, 8)."
fed2d0d5,"The impact of WRB’s financing activities on liquidity & financial flexibility is crucial, especially when considering the ticker.","128394,128395,160214,160332,33018,125316,151757,160333,96465,52396","288,101,454,383,375,154,479","Based on the provided information, W. R. Berkley Corporation (ticker symbol “WRB”) is traded on the New York Stock Exchange. In 2023, the company declared regular quarterly cash dividends and several special dividends, totaling $501 million in aggregate dividends. The company also engages in share repurchase programs, with a significant number of shares repurchased in the fourth quarter of 2023. Additionally, the company leases and owns office space, with future minimum lease payments detailed, but notes that rental expenses and potential legal proceedings are not expected to have a material adverse effect on its financial condition. These financing activities—paying dividends and repurchasing shares—demonstrate WRB’s commitment to returning value to shareholders, which can enhance investor confidence and potentially improve liquidity in its stock. However, such outflows (dividends and repurchases) also reduce cash on hand, which could impact financial flexibility if not managed prudently. The company’s continued ability to pay dividends, repurchase shares, and manage its lease obligations without material adverse effects suggests that it maintains adequate liquidity and financial flexibility. In summary, WRB’s financing activities support liquidity in its shares and show financial strength, while ongoing management of expenses and obligations helps preserve the company’s financial flexibility."
20944074,"Util. Sol. revenue rec. for Hubbell, progress estimation on margins & OP profitability.","77351,77573,77414,77516,77350,77514,77592,115673,77515,91662","272,346,228","Hubbell recognizes revenue in its Utility Solutions segment primarily when performance obligations are satisfied, which generally occurs upon transfer of control of the product to the customer. For standard products, this is typically when the product is shipped or delivered. However, for customized products, revenue is recognized over time based on the ratio of costs incurred to date compared with the estimated total costs to complete the project. This input method is used when Hubbell has an enforceable right to payment for work performed to date (Chunks 6, 9). For annual maintenance service contracts in the Utility Solutions segment, revenue is recognized on a straight-line basis over the contract term after payment is received at the contract's start. Regarding margin and operating profitability estimation, the Utility Solutions segment's operating margin increased significantly in 2023, driven by favorable price realization, improved operational productivity, and lower material costs. Margin expansion was primarily due to price increases, productivity improvements, and cost reductions (Chunk 3). In summary, Hubbell's Utility Solutions segment uses a mix of point-in-time and over-time revenue recognition, with progress for customized work estimated using cost-to-cost input measures. Margin and profitability are closely monitored and were positively impacted in 2023 by pricing, productivity, and material cost improvements."
fc23f059,How is the management of litigation risk affecting valuation in CVS Health amid legal proceedings? CVS.,"122532,57313,148592,57322,57020,32150,52671,86004,60570,56938","98,168,368,178,154,444,254","The management of litigation risk at CVS Health involves evaluating ongoing legal proceedings, estimating potential losses, and determining appropriate accruals for those risks. CVS discloses that, except for certain controlled substances litigation accruals, its current legal matter accruals are not material to its consolidated balance sheets. However, the company acknowledges significant uncertainty regarding the timing and outcome of legal matters, and it is often unable to reasonably estimate possible losses beyond amounts already accrued. CVS notes that unexpected verdicts or settlements could materially impact its results of operations. Litigation risk also affects CVS’s valuation by introducing the potential for substantial unanticipated losses, fines, or changes in business practices, any of which could materially adversely affect its business, financial condition, operating results, and cash flows. Some proceedings seek damages that may not be covered by insurance, and defending these matters is costly. Overall, while management believes current reserves are adequate, the unpredictable nature and possible material impact of litigation present a risk factor that could negatively affect valuation if adverse outcomes occur or if new information requires increased reserves or settlements."
a72ef1d0,Impact of FCX board comp on governance & growth.,"66655,66794,66702,66725,66641,66700,66784,139585,66670,20337","193,62,415","Based on the provided context, Freeport-McMoRan Inc. (FCX) has a structured approach to board compensation and financial policy that is tied to its governance and growth objectives. The company’s financial policy, adopted by the Board in February 2021, aligns cash flow allocation with strategic goals: maintaining a strong balance sheet, providing cash returns to shareholders, and advancing growth opportunities. This includes a performance-based payout framework, where up to 50% of available cash flows (after planned capital spending and distributions to noncontrolling interests) are allocated to shareholder returns (such as dividends and share repurchases), with the remainder directed to debt reduction and investments in value-enhancing growth projects. The Board reviews this framework at least annually (Chunk 6, Chunk 3). Executive and director compensation are overseen by the Board and disclosed in the company’s filings. The compensation structure, including stock-based compensation for employees and executives, is designed to align interests with shareholders and drive long-term performance (Chunk 9, Chunk 7, Chunk 2). The Board’s approach to compensation and financial policies thus supports strong governance by linking management incentives to company performance, shareholder returns, and prudent investment in growth, while also maintaining oversight and flexibility to adapt policies as needed. This alignment helps ensure that governance practices support both immediate and long-term company growth."
11f0e3fd,Charles River Labs (CRL) cybersecurity capex effects on cash flow & investor comms.,"34704,34855,34842,34882,34843,34853,35018,34846,106523,34844","104,318","I cannot find sufficient information in the provided documents to answer this question. The provided context discusses Charles River Laboratories' cybersecurity risk management strategies, certifications, governance, and training, but does not specify the effects of cybersecurity capital expenditures (capex) on cash flow or details about communications with investors regarding these expenditures."
4b8f222e,RCI changes exec plan outlook on stock.,"134926,134458,165588,31609,47980,127035,38124,162057,134840,92119","96,483,493,141,401,402,113,273,379","There is no information in the provided documents indicating that RCI (Rapid Continuous Improvement) changes the executive plan or outlook on stock. The context describes RCI as a set of structured tools and processes used by Snap-on to eliminate waste and improve operations, resulting in efficiency, productivity, and process improvements. However, there is no mention of RCI affecting executive plans or stock outlook. I cannot find sufficient information in the provided documents to answer this question."
b63edeb7,Impact on net margin and financial health from VICI's 2023 interest exp. % of rev.,"153057,153264,153202,61597,153224,31495,153249,143887,78288,153200","96,231,457,430,180","I cannot find sufficient information in the provided documents to answer this question. The context does not include specific figures for VICI's 2023 interest expense as a percentage of revenue, nor does it directly discuss the impact of interest expense on net margin or overall financial health."
6f5b5ef5,"Terrence Duffy's impact on strategy, capital allocation, and risk mgmt at CME Group is noteworthy. CME.","29475,29708,29709,29474,29479,60824,30504,110377,29544,33382","101,331,178,90,93","Terrence A. Duffy has served as CME Group’s Chairman and Chief Executive Officer since 2016 and has been a member of the board of directors since 1995. While the provided documents do not give detailed specifics about his personal impact on strategy, capital allocation, or risk management, they indicate that under his leadership, CME Group has maintained a holding company structure designed to provide strategic and operational flexibility. CME Group operates globally with a focus on providing innovative products and solutions for its clients, leveraging diverse perspectives within the company to strengthen its competitive advantage. CME Group’s executive management, overseen by Duffy, includes regular updates on key areas such as diversity and inclusion, and risk management is a central part of the organization’s operations, particularly in the context of clearing futures, options, and swaps contracts, which are core to CME’s risk management offerings. Additionally, the company’s financial and business strategy, capital allocation, and risk oversight are managed by a team of senior executives reporting to Duffy, indicating his significant influence on these areas. In summary, Terrence Duffy’s tenure is marked by strategic flexibility, global expansion, a focus on innovation, and strong oversight of financial and risk management practices, though the specific details of his direct actions in these areas are not explicitly outlined in the provided context."
393901ee,Q4 2023 PAYCOM share repurchase total & avg monthly prices.,"115092,117957,118069,115320,139990,117924,22056,68620,38527,118001","416,353,67,199,114,344,345","During the fourth quarter of 2023, Paycom (PAYC) repurchased an aggregate of 1,495,752 shares of its common stock at an average cost of $200.93 per share. The available context does not provide a breakdown of average monthly prices for Q4 2023; only the annual average price for 2023 is given."
c371959c,Current liab & liquidity/capital allocation impact of BKNG legal/reg accruals.,"19030,19033,19364,19362,19154,98300,19155,161413,19266,86357","482,59,292,255","Based on the provided context, there is no specific mention of material legal or regulatory accruals impacting Booking Holdings Inc.'s (BKNG) current liabilities or liquidity/capital allocation as of the latest annual report. - Current liabilities as of December 31, 2023, are detailed as $2,316 million, consisting of payables to subsidiaries, accrued expenses and other current liabilities, and short-term debt (Chunk 4). - There is no breakdown in the context provided that specifically identifies legal or regulatory accruals within ""accrued expenses and other current liabilities."" - Regarding capital allocation, the company adopted a dividend policy in January 2024 and declared a quarterly cash dividend of $8.75 per share, indicating sufficient liquidity and confidence in ongoing cash flows (Chunks 5 and 7). - There are references to legal proceedings and commitments, but no indication in the provided context that any such accruals have had a material adverse effect or have required significant capital allocation for settlement or reserves (Chunk 5). In summary, while legal proceedings are referenced, the context does not provide evidence of a material impact from legal or regulatory accruals on BKNG’s current liabilities or liquidity/capital allocation as of the reporting period. If you need more specific detail about legal/regulatory accrual amounts or their direct impact, I cannot find sufficient information in the provided documents to answer this question."
2d6bd68d,Impact of litigation cost disclosure on capital allocation for SCHW.,"102255,136687,110377,136801,136877,136688,136472,136800,158577,136657","304,473,331,407","The provided documents indicate that Charles Schwab Corporation (SCHW) is subject to claims, lawsuits, and regulatory matters as part of its ordinary business operations. While the company acknowledges the potential for substantial or unspecified damages from such litigation, it emphasizes that predicting the outcome and potential liability of these matters is inherently difficult. Reserves are established or adjusted as more information becomes available and as matters progress toward resolution. In terms of capital allocation, Schwab seeks to manage capital at a level sufficient to absorb unanticipated losses, including those that could result from litigation or declines in asset values. The company conducts regular capital stress testing to assess the potential impact of adverse events—including legal contingencies—on both capital and liquidity. Schwab maintains internal guidelines to ensure it remains well capitalized, even in stressed scenarios, and reviews capital forecasts regularly at committee and board meetings. Early warning indicators are monitored to identify potential developments that could negatively impact capital. Thus, the disclosure of litigation costs and contingencies informs Schwab’s capital allocation by prompting the maintenance of sufficient capital buffers, ongoing stress testing, and the adjustment of reserves as necessary. This approach ensures that the company can absorb potential adverse financial impacts from litigation without compromising its overall capital strategy or regulatory requirements."
a52d7320,Legal challenges in risk management for DLR.,"96269,135368,33382,91342,116022,74462,84920,67216,74043,87684","288,195,260,101,219,271,251,404,218,347",I cannot find sufficient information in the provided documents to answer this question.
342ebcce,AJG's oversight of CIO/CISO cybersecurity risk mgmt. impacts profitability.,"145396,44579,100250,41768,156427,41769,92590,5024,33972,152264","132,103,455,299,18,435,467,275,123",I cannot find sufficient information in the provided documents to answer this question.
7c196481,"TJX Companies, for Q4 FY24, reported repurchased shares, with the ticker (TJX) reflecting the count and avg price by period.","142757,142778,142744,142764,99037,142694,149397,142777,83451,142793","426,247,446,295","For the fourth quarter of fiscal 2024, TJX Companies (ticker: TJX) reported the following share repurchase activity: - October 29, 2023 through November 25, 2023: 1,772,684 shares repurchased at an average price of $89.41 per share. - November 26, 2023 through December 30, 2023: 3,639,686 shares repurchased at an average price of $89.98 per share. - December 31, 2023 through February 3, 2024: 3,296,892 shares repurchased at an average price of $94.42 per share. In total, 8,709,262 shares were repurchased during Q4 FY24."
0da0b592,Equity awards dilution's impact on EPS for META.,"26268,17298,132805,124937,153966,45255,102935,124936,102963,78413","134,231,459,396,78,306,51,374","For Meta (META), equity awards such as restricted stock units (RSUs) impact diluted earnings per share (EPS) by increasing the denominator—the number of shares used in the calculation. When calculating diluted EPS, the effect of dilutive RSUs is included: for example, in 2024, 80 million additional shares were included in the diluted EPS denominator due to RSUs, raising the total shares used from 2,534 million (basic) to 2,614 million (diluted). This increase in the number of shares results in a lower diluted EPS compared to basic EPS (e.g., $24.61 basic EPS vs. $23.86 diluted EPS in 2024), reflecting the dilution effect of equity awards."
38aeac1d,Impact on margins from shipping fee cost acct for LULU.,"93735,59055,93693,126302,93681,93806,93680,93577,93687,59007","376,173,278","Shipping fee costs are not explicitly broken out in the provided Lululemon (LULU) financial statements, but related costs such as distribution costs, packaging costs, and freight are discussed as components impacting margins. Lululemon reported that gross margin increased by 290 basis points in 2023, primarily due to a net increase in product margin from lower freight costs (due to rate reductions and reduced air freight) and lower duty costs, which were only modestly offset by higher inventory provisions and shrink. The reduction in freight costs (which are closely related to shipping fees) contributed positively to the product margin and thus improved overall gross margin (Chunk 5). On the expense side, increases in distribution costs and packaging costs—likely related to shipping—are cited as contributing to higher selling, general, and administrative expenses (SG&A). Specifically, there was an increase in variable costs (including distribution costs and credit card fees) as a result of increased net revenue (Chunk 5). However, the positive impact from lower freight costs outweighed these increases, resulting in an overall improvement in margins. In summary: Lower freight (shipping) costs helped increase Lululemon's gross margin in 2023, while increased distribution and packaging costs (partially related to shipping) contributed to higher SG&A expenses, but did not outweigh the positive margin impact from reduced freight costs."
badac135,Q4 2023 ADM share repurchase volume & pricing trends analysis.,"2380,2159,2103,2204,149397,2348,44153,2285,153473,2350","9,130,446,458",I cannot find sufficient information in the provided documents to answer this question.
bd626d7c,Triggers for UBER share repurchase initiatives.,"149659,152869,165715,152977,51417,78408,42830,30914,149809,93350","448,231,456,493,277,150,93,126,447",I cannot find sufficient information in the provided documents to answer this question.
7188513d,Cash strategy for HST & refinancing of 2024 senior notes.,"77334,77332,77024,77180,126125,77291,77290,78016,77293,152950","376,227,230,456","Host Hotels & Resorts (HST) maintains a capital structure and liquidity profile that balances cash, debt, and equity to provide financial flexibility, particularly given the volatility of the lodging industry. The company aims to keep a balanced debt maturity schedule and minimize assets encumbered by mortgage debt. Their strategy has allowed them to lower leverage, reduce debt service obligations, and increase their fixed charge coverage ratio, placing them in a strong position to handle economic downturns and capitalize on investment opportunities. Regarding the refinancing of the 2024 senior notes: HST has $400 million of senior notes due in April 2024. The company states that it has sufficient liquidity to repay these notes at maturity with available cash, or alternatively, it may refinance the notes through access to the capital markets. Historically, HST has refinanced long-term senior notes and credit facility obligations prior to maturity by issuing new senior notes or entering new credit facility agreements. The decision to refinance the April 2024 notes with new senior notes will depend on market conditions at the time (see Chunk 4). In summary, HST’s cash strategy emphasizes maintaining ample liquidity and financial flexibility, using cash from operations, asset sales, and capital markets for obligations such as debt repayment, acquisitions, and distributions. The company is prepared to either repay or refinance its 2024 senior notes as circumstances dictate."
08999a5a,"Repurchases, dividends, or debt repayment for capital allocation, INCY?","84291,84399,84246,84018,8703,110377,84281,139990,126771,137027","416,331,378,408,250,28","Based on the provided context, Incyte Corporation (INCY) has never declared or paid dividends on its capital stock and does not anticipate paying any dividends in the foreseeable future. There is no information in the provided documents indicating that Incyte engages in share repurchases or has made debt repayment a focus of its capital allocation strategy. Their financial resources appear to be primarily allocated toward business operations, such as developing and commercializing therapeutics. Therefore, Incyte does not currently allocate capital to repurchases, dividends, or notable debt repayment."
24e0d0ce,The impact of competitive factors (DHR) on FP and risk varies across segments.,"14956,165578,153486,165529,47449,34837,83396,96768,168783,114168","289,104,458,140,493,47,497,341,247",I cannot find sufficient information in the provided documents to answer this question.
7fdb1fc6,ACGL net premiums CAGR vs total rev growth 2021-23.,"13793,13964,48390,13613,8268,13609,13791,13735,73437,13611","216,41,27,142","Based on the provided information: Net premiums earned (from 2021 to 2023): - 2021: $8,082 million - 2022: $9,679 million - 2023: $12,440 million Total revenues (from 2021 to 2023): - 2021: $9,248 million - 2022: $9,613 million - 2023: $13,634 million To calculate the compound annual growth rate (CAGR) for both net premiums earned and total revenues over the 2021–2023 period: CAGR Formula: CAGR = (Ending Value / Beginning Value)^(1/Number of Years) - 1 Net premiums earned CAGR: = ($12,440 / $8,082)^(1/2) - 1 = (1.539)^(0.5) - 1 = 1.24 - 1 = 0.24, or 24.0% per year Total revenues CAGR: = ($13,634 / $9,248)^(1/2) - 1 = (1.474)^(0.5) - 1 = 1.214 - 1 = 0.214, or 21.4% per year Summary: - Net premiums earned CAGR (2021–2023): ~24.0% per year - Total revenues CAGR (2021–2023): ~21.4% per year"
06c09d44,"YoY change in DTE Energy EPS vs op & net income, ticker DTE.","51228,51226,51319,51386,51521,51387,51460,51320,51243,51522",150,"For DTE Energy (ticker: DTE), the year-over-year (YoY) changes in earnings per share (EPS), operating revenues, and net income are as follows: - **Diluted EPS (from continuing operations):** - 2023: $6.76 - 2022: $5.52 - 2021: $4.10 - **YoY change in Diluted EPS:** - 2023 vs 2022: Increase of $1.24 per share - 2022 vs 2021: Increase of $1.42 per share - **Net Income Attributable to DTE Energy Company (continuing operations, in millions):** - 2023: $1,397 - 2022: $1,083 - 2021: $796 - **YoY change in Net Income:** - 2023 vs 2022: Increase of $314 million - 2022 vs 2021: Increase of $287 million - **Operating Revenues:** - 2023: $12.7 billion The increase in 2023 net income and EPS was primarily due to higher earnings in the Energy Trading, DTE Vantage, and Gas segments, partially offset by lower earnings in the Electric and Corporate and Other segments. The 2022 increase was mainly due to higher earnings in the Electric, Gas, and Corporate and Other segments, partially offset by lower earnings in DTE Vantage and Energy Trading segments. In summary, DTE Energy experienced consistent YoY growth in both EPS and net income from 2021 to 2023, supported by segment performance and operational improvements. The ticker symbol for DTE Energy is ""DTE""."
f7208e9f,"Breakdown of Assurant board & exec roles, ticker in the mid-sentence.","6827,6647,6650,6669,120582,6571,18414,6381,150378,6431","361,450,22,57","Assurant, Inc. (ticker: AIZ) is a global business services company that operates through two main segments: Global Lifestyle and Global Housing. The company's common stock is traded on the NYSE under the symbol ""AIZ."" While the provided context includes significant detail about the company's business operations, retirement and employee benefits, and equity plans, it does not include a detailed breakdown of the current Assurant board of directors and executive roles. The context does mention that the Board and the Compensation & Talent Committee annually review succession plans for the CEO and senior executives, but it does not list specific individuals or their roles. Therefore, I cannot find sufficient information in the provided documents to answer this question."
0ed7397a,"Impact of Marathon Oil's DEI & talent mgmt on risk mitigation & sustainable execution, MRO.","104162,85918,103921,104161,103922,38047,103925,28040,103919,27829","113,85,86,310,254","Marathon Oil’s approach to Diversity, Equity, and Inclusion (DEI) and talent management plays a significant role in risk mitigation and sustainable execution. The company emphasizes fostering an inclusive culture and making employment decisions based on qualifications, merit, and performance, which enhances its ability to attract and retain a diverse workforce. This diversity is seen as a business advantage, contributing to resilience and collaborative problem-solving (Chunk 3). Marathon Oil conducts annual proactive risk analyses as part of its Enterprise Risk Management process, including identifying potential talent risks, to ensure preparedness for changing business conditions and long-term success (Chunk 5). The Board of Directors oversees human capital management as an integral part of enterprise risk management, receiving updates on topics like employee engagement, diversity and inclusion, and succession planning (Chunk 9). DEI initiatives such as expanded training, Employee Resource Groups, and support for mental well-being help foster a collaborative and inclusive environment, further mitigating risks related to workforce engagement and retention (Chunks 3, 5). Additionally, Marathon Oil links safety and environmental metrics, such as GHG intensity and injury rates, directly to compensation, aligning employee incentives with risk reduction and sustainable operational outcomes (Chunk 7). In summary, Marathon Oil’s DEI and talent management strategies strengthen risk mitigation by enhancing workforce engagement, adaptability, and safety, supporting the company’s ability to execute its strategy sustainably."
de3d67a5,"CAG's diluted shares, net income, and correlation with earnings growth from 2022-2024 in regard to cap structure.","21965,48390,21854,8266,21897,21973,21947,81487,21713,70649","66,142,207,241,27","From 2022 to 2024, Conagra Brands, Inc. (CAG) reported the following figures: Diluted Shares Outstanding: - 2022: 482.2 million - 2023: 480.7 million - 2024: 480.0 million Net Income Attributable to Conagra Brands, Inc.: - 2022: $888.2 million - 2023: $683.6 million - 2024: $347.2 million Earnings per Share (Diluted): - 2022: $1.84 - 2023: $1.42 - 2024: $0.72 Correlation with Earnings Growth and Capital Structure: Over these three years, the diluted share count decreased slightly, while net income saw a significant decline each year—falling from $888.2 million in 2022 to $347.2 million in 2024. Despite the reduction in share count, the drop in net income was much greater, resulting in a substantial decrease in diluted earnings per share (from $1.84 in 2022 to $0.72 in 2024). The capital structure, in terms of share count, was relatively stable, so the earnings per share decline is primarily attributable to the decrease in net income rather than changes in the number of shares outstanding. In summary, CAG's earnings growth was negative from 2022 to 2024, with a stable capital structure, and the decrease in diluted shares had a minimal offsetting effect compared to the much larger decline in net income."
6bafaeb5,Risk mgmt for incremental share repurchase SYF.,"144119,144365,144413,144382,144412,33382,144230,144063,44153,144228","130,101,431","Synchrony Financial manages risk for its incremental share repurchase programs by adhering to regulatory requirements and internal policies. Share repurchases are subject to market conditions, legal and regulatory restrictions, and required approvals. The Federal Reserve Board assesses the appropriateness of repurchases, considering factors such as the company's ability to meet Basel III capital ratio requirements, potential asset deterioration, and the ability to raise additional capital if needed. Synchrony must submit formal capital plans to the Federal Reserve, as it has average total consolidated assets of $100 billion or more, which may result in increased capital requirements and potential limitations on dividends or repurchases. Before declaring or executing repurchases, Synchrony consults with the Federal Reserve to ensure no supervisory concerns arise, and it is expected to make distributions only if earnings retention remains consistent with safe and sound banking practices. In summary, risk management for incremental share repurchases at Synchrony Financial involves compliance with regulatory capital requirements, ongoing consultation with regulators, and consideration of market and financial conditions to ensure repurchases do not negatively impact the company's capital position or regulatory standing."
e37688c5,TROW revenue comp. trend stability 2021-2023.,"145587,48390,145588,8268,145622,169168,145647,169167,145630,33512","101,142,497,436,27",I cannot find sufficient information in the provided documents to answer this question.
f5fdadad,Liquidity impact from McKesson's off-balance sheet obligations.,"77799,99898,100101,99900,125326,100055,76463,99925,32644,100041","224,100,229,298,375",I cannot find sufficient information in the provided documents to answer this question.
5f0fab9c,Q4 2023 DTE repurchase monthly breakdown.,"51319,51226,149397,51228,145514,51387,1104,51258,159769,51452","5,436,150,477,446","In the fourth quarter of 2023, DTE Energy repurchased the following number of shares each month: - October 2023: 1,125 shares at an average price of $101.71 per share - November 2023: 851 shares at an average price of $109.23 per share - December 2023: 759 shares at an average price of $113.15 per share The total number of shares repurchased in Q4 2023 was 2,735. These repurchases primarily represent shares withheld to satisfy income tax obligations upon the vesting of restricted stock."
be713b4a,"AAL's cybersecurity integration into ERM, ticker AAL, and its impact on ops/financial stability.","12282,12281,12332,12841,12478,113621,12290,14962,12284,72190","212,340,47,39","Based on the provided context, there is no direct or detailed information about American Airlines Group Inc. (AAL) specifically integrating cybersecurity into its enterprise risk management (ERM) framework. However, the documents do discuss the broad impact of regulatory requirements, including cybersecurity and data privacy, on the company’s operations and financial condition. AAL acknowledges that evolving cybersecurity and data privacy requirements can increase costs and that significant incidents could disrupt operations, harm reputation, expose the company to legal risks, and otherwise materially adversely affect its business, results of operations, and financial condition (see Chunk 3). These risks are considered as part of the company’s overall risk factors, as referenced in its annual reporting and risk disclosures (Chunk 9). The ticker symbol for American Airlines Group Inc. is AAL. In summary: While AAL recognizes cybersecurity as a significant risk that could impact its operations and financial stability, there is no explicit mention of how cybersecurity is specifically integrated into its ERM processes in the provided context. The company does identify cybersecurity as a material risk with potential operational and financial consequences."
33c70b75,"HAS 2023 op perf vs. 2022: non-cash impairments, asset disposals, prod disruptions.","134206,163232,134925,12136,8267,75155,78561,25624,101034,140660","418,38,486,232,76,301,400,402,27,221",I cannot find sufficient information in the provided documents to answer this question.
aaa2a2aa,Catherine R. Clay's role transition in innovation derivatives at Cboe Global Markets Inc. (CBOE) showcases its competitiveness.,"30583,30611,30492,30491,30504,30490,30580,30582,30579,119265","356,93","Catherine R. Clay was appointed as Executive Vice President, Global Head of Derivatives at Cboe Global Markets Inc. in October 2023. Before this, she served as Executive Vice President, Global Head of Data and Access Solutions from March 2021 to October 2023, and previously held several senior leadership positions since 2015, including roles focused on business development and information solutions. Her transition into the role of Global Head of Derivatives demonstrates Cboe’s focus on leveraging experienced leadership to drive innovation and competitiveness in derivatives markets. The company emphasizes its competitive strengths in providing cutting-edge trading, clearing, and investment solutions across global markets, which is supported by strategic leadership transitions like Ms. Clay’s. This aligns with Cboe’s strategy to maintain and enhance its position as a leading provider in the market infrastructure and tradable products space, particularly in derivatives, by ensuring effective leadership and expertise in key growth areas."
56d5c493,"One-time adjustments to NI are common, impacting future earnings quality & valuation for ticker.","38535,40893,37859,164962,27870,111486,148592,20576,27666,65996","191,491,333,112,114,84,85,120,444,63","One-time adjustments to net income (NI) are indeed common, as highlighted by several companies in the provided context. These adjustments, which may include items such as goodwill impairments, restructuring costs, gains or losses on asset sales, mark-to-market effects, and other infrequent or nonrecurring items, are excluded by companies to present non-GAAP performance measures like adjusted net income or adjusted earnings. These adjustments can impact the perceived quality of future earnings and the valuation of a company's stock. For example: - CTLT details a reconciliation between net loss and adjusted net income, removing items like goodwill impairments, restructuring costs, and other special items, with the intent to give a clearer picture of ongoing profitability. - NEE excludes the effects of non-qualifying hedge activity, investment gains, and impairment charges to calculate adjusted earnings, aiming to provide a more meaningful representation of fundamental earnings power and to facilitate period-to-period comparison. - GIS presents both reported and adjusted effective income tax rates, removing the impact of items such as goodwill impairments, legal recoveries, and divestiture gains to show a year-to-year comparable rate. - ZTS and BLK similarly adjust for purchase accounting impacts, nonrecurring transactions, and certain tax items to calculate adjusted net income, which they believe provides a better measure of ongoing profitability. Investors and analysts often rely on these adjusted figures to assess the company’s core earnings potential, as recurring items are more indicative of sustainable future performance. However, frequent or large one-time adjustments can be a red flag, signaling lower earnings quality and potentially affecting valuation, since such adjustments might mask underlying business volatility or risks. In summary, while one-time adjustments are common and useful for understanding core profitability, they are critical to consider when evaluating the quality and sustainability of a company’s future earnings and its valuation."
5171593a,"The impact of RL cybersecurity risk mgt on financials, particularly for the ticker, shows a significant correlation.","77133,154655,80500,124657,83396,149225,111012,54981,118945,105818","162,227,356,332,237,462,373,247,316,445",I cannot find sufficient information in the provided documents to answer this question.
4b858e58,The impact of risk governance on S&P's (SPGI) CAPEX and M&A strategies is crucial.,"140418,125272,140432,140416,140424,140343,91071,140344,43670,67169","129,418,195,270,375","Risk governance at S&P Global (SPGI) plays a significant role in shaping its capital expenditure (CAPEX) and M&A strategies. The company emphasizes disciplined organic capital allocation and the use of inorganic and partnership strategies to drive growth and innovation. Risk management, compliance, and control are highlighted as ongoing priorities, with efforts to continuously strengthen these areas across the organization. This risk-aware approach ensures that decisions regarding CAPEX and M&A are made with careful consideration of potential risks, compliance requirements, and the need for business resiliency. The company also notes that various factors, including changes in the regulatory environment and global credit markets, could unfavorably impact the success of these strategies, underlining the importance of robust risk governance in their execution and oversight (see [Chunk 3]). In summary, S&P Global’s risk governance framework directly influences its CAPEX and M&A by promoting disciplined investment, prioritizing risk management, and embedding compliance into strategic decision-making processes."
8b65a4ac,"Cybersecurity framework AMT enhances competitive positioning, boosting investor confidence.","162264,162263,164645,150879,145535,149226,41568,151704,105361,93925","451,484,454,492,314,436,279,122,445",I cannot find sufficient information in the provided documents to answer this question.
b1790bf5,Timing predictability for revenue recognition of EQT variable consideration vs fixed pricing.,"160760,141137,115673,110160,56233,40933,83942,56197,29354,2536","480,89,420,165,330,10,120,249,346","Based on the provided context, EQT's agreements generally include fixed pricing and span multiple years. For fixed pricing, the amount of future revenue to be earned is relatively predictable, with the majority of this revenue expected to be recognized within 2 years, and the timing is influenced by the schedule of releases and content availability. This fixed pricing revenue is based on existing third-party agreements and is not subject to significant variability except for the timing of releases and contract renewals (Chunk 9). In contrast, for agreements with variable pricing—such as those based on the number of subscribers to a streaming service sold by EQT’s customers—revenue is recognized as customers sell to their subscribers. This introduces less predictability in timing, as the recognition depends on the actual sales activity and subscriber counts, which can fluctuate and are not set in advance (Chunk 9). Therefore, EQT’s revenue recognition from fixed pricing arrangements is more predictable in terms of timing compared to variable consideration arrangements, where timing is less predictable due to dependency on customer sales activity."
e7ebd4b5,Cybersecurity risk & disruption mitigation efforts by the AAPL InfoSec team.,"135476,68,91548,42,13,63200,56047,9113,78921,135230","1,165,233,271,403,404,184,29","Apple’s Information Security (InfoSec) team leads a dedicated group of highly skilled professionals who are responsible for a range of cybersecurity risk and disruption mitigation efforts. These efforts include: - Developing and distributing information security policies, standards, and procedures. - Engaging in employee cybersecurity training and awareness programs. - Implementing security controls and monitoring compliance. - Assessing security risks and monitoring the company’s risk posture. - Monitoring and responding to security events, including executing security testing and assessments. - Coordinating with teams across Apple to prevent, respond to, and manage security incidents. - Engaging third parties, when necessary, to assist with security processes and incident response. - Managing information security risks in supplier relationships through a dedicated Supplier Trust team. - Maintaining processes to log, track, address, and escalate cybersecurity incidents within Apple and with its suppliers to senior management and the Audit Committee of the Board. Apple also uses encryption and other security measures to protect its systems and data, though it acknowledges that absolute security is not possible and that losses or unauthorized access may still occur. The company recognizes that disruptions or breaches could have significant adverse impacts on business operations, reputation, and financial condition, and it devotes substantial resources to minimizing such risks through both technical and procedural measures (Chunks 2 and 4)."
0a11d21c,KDP's repurchase program has seen varied outcomes concerning the authorization period vs. progress.,"86310,86401,86173,86175,86416,86256,86177,86415,86257,86350",255,"Keurig Dr Pepper Inc. (KDP) has a share repurchase program authorized by its Board on October 1, 2021, allowing for up to $4 billion of its outstanding common stock to be repurchased over a four-year period from January 1, 2022, through December 31, 2025. As of the end of the fourth quarter of 2023, KDP had repurchased a total of 8,131,698 shares during that quarter at an average price of $30.57 per share. After these repurchases, $2,915,165,022 remained available under the program for future share repurchases. The authorization does not require KDP to purchase any minimum number of shares during the period, giving the company flexibility in executing the program."
2862dac2,Cash outflows from JKHY investmnts impact growth & competitive positioning.,"83999,71487,83902,83903,83830,83854,154698,83827,19481,83835","249,209,462,60","Jack Henry & Associates, Inc. (JKHY) pursues a business strategy focused on generating organic revenue and earnings growth, which is supplemented by strategic acquisitions. The company aims to expand relationships with existing clients by cross-selling complementary products and services, as well as delivering specialized solutions to financial institutions and other corporate entities. Additionally, Jack Henry invests in technology modernization to provide cloud-native solutions that offer greater flexibility and speed to market (Chunk 10, Chunk 4). Cash outflows from these investments—whether in internal product development, acquisitions, or technology upgrades—are intended to help JKHY maintain high service standards, foster long-term client relationships, and capture substantial market share. This approach enhances its competitive positioning by enabling the company to offer a comprehensive suite of solutions, keep pace with evolving client needs, and differentiate itself through continuous innovation and high client retention (Chunk 4, Chunk 8, Chunk 10). Overall, these cash outflows support growth by expanding product offerings and client base, while strengthening Jack Henry’s ability to compete effectively in a rapidly evolving financial technology market (Chunk 4, Chunk 10)."
096db711,"The Hartford's operational efficiency, workforce size, cost mgmt, and risk.","85006,85007,84418,154343,84422,155788,84419,209,84452,42492","2,461,466,251,125","Based on the provided context, here’s what is available regarding The Hartford’s operational efficiency, workforce size, cost management, and risk: Operational Efficiency: The Hartford is focused on optimizing organizational efficiency as one of its core strategic priorities. The company invests in digital capabilities, process improvement, and technological enhancements to improve customer experience and strengthen its competitive advantages. Efforts include advancing data, analytics, and digital capabilities across the organization (Chunks 3, 5, and 7). Workforce Size: There is no specific information provided about the number of employees or workforce size for The Hartford in the retrieved documents. Cost Management: While there is no explicit mention of specific cost management strategies or details, The Hartford’s strategy to maximize value creation includes optimizing organizational efficiency and leveraging digital transformation to improve processes, which typically aligns with cost management initiatives (Chunks 3 and 7). Risk: The Hartford manages a broad range of risks, including insurance, operational, and financial risks. It employs enterprise risk management practices, including asset allocation limits, credit issuer allocation limits, and portfolio quality constraints. The company is subject to regulation by state insurance departments, which oversee solvency, capital and surplus requirements, invested asset requirements, and other measures to protect policyholders and ensure stability. The Hartford’s investment portfolio and risk management practices are discussed in greater detail in its Management’s Discussion and Analysis (Chunk 9). In summary, The Hartford emphasizes operational efficiency and risk management as strategic priorities and is investing in technology to support these goals. However, specific data on workforce size or detailed cost management tactics are not provided in the available context."
40ad07e9,Updates on Baker Hughes' cost estimate drivers: historical cost vs ticker observed cost improvements in long-term SA and custom eqpt.,"18641,18522,152881,18381,9818,18377,118946,18388,49689,18547","356,456,146,57,31","Baker Hughes recognizes revenue for sales of customized equipment and long-term construction projects using cost inputs to assess progress toward completion. The estimation of total costs to fulfill customer contracts relies primarily on their history of manufacturing similar assets, and this process is updated routinely to reflect changes in the quantity or cost of inputs. In projects where the underlying technology or customer promise is unique, estimating total costs requires significant judgment. Adjustments to cost or billing estimates can impact the total estimated profitability of product services agreements, leading to earnings adjustments. For the three years ended December 31, 2023, 2022, and 2021, such adjustments generated earnings of $15 million, $20 million, and $14 million, respectively. Baker Hughes provides for probable losses as soon as they become evident. The company’s approach indicates that historical cost experience is a primary driver for cost estimation, but it is supplemented by continuous updates for observed changes in costs and project-specific factors. There is no mention in the provided context of ""ticker observed cost improvements"" as a formal metric or driver. Instead, the focus is on routine updates to estimates based on both historical experience and current, objectively verifiable information, especially when projects differ from past norms or involve unique technologies (Chunk 2). In summary, Baker Hughes’ cost estimates for long-term service agreements and customized equipment are driven by historical costs and continually adjusted for observed cost changes, but there is no explicit reference to improvements tied directly to ticker (market) metrics in the provided information."
32dc737a,"Investments by Alphabet (GOOGL) in security, availability, and innovation vs emerging players in AI/cloud/digital video.","68869,68870,68872,68803,69008,154698,73168,68791,117799,68797","200,353,462,215","Alphabet (GOOGL) has made significant investments in security, availability, and innovation, particularly in the areas of AI, cloud computing, and digital video: - Security & Availability: Alphabet prioritizes privacy and security by continuously investing in building products that are secure by default and by upholding responsible data practices. The company has implemented features such as anti-malware, anti-phishing, and password security, along with user controls like auto-delete and My Ad Center for managing ad experiences. Internal Audit maintains a dedicated cybersecurity auditing team that independently tests the company's cybersecurity controls. Senior management and the Audit and Compliance Committee have structured oversight for cyber risks and incidents, ensuring robust compliance and response frameworks (Chunks 1, 10). - Innovation: Alphabet has invested more than $150 billion in research and development over the last five years. This commitment supports innovation across its core products and services, with a strong focus on AI. The company describes itself as an ""AI-first"" organization, integrating AI into products like Google Search, YouTube, and Google Assistant, and developing platforms such as Vertex AI and Duet AI for Google Cloud. These innovations help users and organizations increase productivity, reduce costs, and unlock new growth engines. Alphabet also pursues high-risk, high-reward ""moonshot"" projects, including advancements in quantum computing (Chunks 8, 10, 4). - Digital Video & Cloud: YouTube, acquired as a ""moonshot,"" is now a major platform for digital video. Google Cloud continues to expand its offerings, providing AI-driven solutions and secure, scalable cloud infrastructure for businesses (Chunks 8, 10, 4). Compared to emerging players in AI, cloud, and digital video, Alphabet's approach is characterized by large-scale, long-term investments, established infrastructure, and a strong emphasis on security and responsible data practices. The company faces intense competition in all these areas but leverages its scale, experience, and history of innovation to maintain a leading position (Chunk 4). In summary, Alphabet’s substantial investments in security, availability, and innovation—especially in AI, cloud, and digital video—set it apart from emerging players by combining robust infrastructure, strong governance, and a focus on transformative technologies."
dbf3ddb8,ACGL manages underwriting control governance & risk mgmt.,"13961,125277,9731,24370,136360,24371,33382,125276,98753,152284","101,294,455,73,41,406,375,31","Based on the provided context, Arch Capital Group Ltd. (ACGL) manages underwriting control and risk management in several ways: - ACGL utilizes reinsurance to reduce exposure to catastrophe risk, manage capital, support statutory surplus, and maintain the insurance financial strength ratings of subsidiaries. They purchase significant reinsurance to manage aggregate countrywide exposure and consider the price, terms, and credit quality of reinsurers in their decision process. Reinsurance is also used to mitigate exposures in long-tail liability lines and commercial lines (Chunk 3). - ACGL participates in various indemnification mechanisms, including state-based industry pool or facility programs and the federal National Flood Insurance Program, to further manage risk (Chunk 3). - Intercompany reinsurance transactions are conducted to maintain underwriting control and manage insurance risk among legal entities. These agreements are approved by regulatory authorities (Chunk 3). - All significant intercompany transactions are eliminated in consolidation to ensure proper governance (Chunk 3). In summary, ACGL’s governance and risk management for underwriting involve strategic use of reinsurance (both external and intercompany), participation in risk-sharing mechanisms, regulatory oversight, and consolidation controls."
a316af4a,Impact on diluted EPS for NCLH if anti-dilutive exch. notes are included.,"119507,137653,109405,12568,109402,127127,105647,109449,162432,109399","484,357,39,328,315,409,379","If the anti-dilutive exchangeable notes for Norwegian Cruise Line Holdings Ltd. (NCLH) were included in the calculation of diluted earnings per share (EPS), the effect would be to artificially lower (dilute) the diluted EPS figure. However, because these notes are anti-dilutive—meaning that including them would actually increase the loss per share or decrease the earnings per share—they are excluded from the diluted EPS calculation. In the years ended December 31, 2023, 2022, and 2021, NCLH specifically excluded the exchangeable notes from the calculation of diluted weighted-average shares outstanding because their effect would have been anti-dilutive (Chunk 3). Including such anti-dilutive securities would result in a lower diluted EPS (or a greater loss per share), which does not reflect the economic reality for shareholders. Therefore, the impact of including anti-dilutive exchangeable notes in the diluted EPS calculation would be a reduction in diluted EPS (or an increased diluted loss per share). However, standard accounting practice is to exclude them for this reason, as reflected in NCLH's reported results."
4a20b020,Update on WBA repurchase: June 2018 program total vs $10bn cap as of 8/31/24 for ticker WBA.,"78408,161376,161644,161604,161375,161233,149397,161603,143139,161463","482,427,446,231","As of August 31, 2024, Walgreens Boots Alliance (WBA) had approximately $2.0 billion remaining under its June 2018 stock repurchase program, which authorized the repurchase of up to $10.0 billion of common stock and has no specified expiration date. This means that WBA has repurchased about $8.0 billion of stock under the program as of that date. No shares were repurchased under this program in fiscal 2023 or 2024 due to its suspension since July 2020."
76507368,The impact of TMUS cybersecurity incidents on operating results & profitability; steps for mgmt to mitigate risks.,"147903,147557,147522,147558,82633,147854,150874,147856,21751,147519","66,443,245,451","T-Mobile US (TMUS) has experienced significant cybersecurity incidents, notably the August 2021 and January 2023 cyberattacks. These incidents resulted in substantial costs related to responding to and resolving mass arbitration claims, multiple class action lawsuits, and an FCC investigation. Specifically, TMUS paid $350 million to settle a consolidated class action lawsuit stemming from the August 2021 breach and invested an additional $150 million in 2022 and 2023 in data security and related technology. These costs have had a material impact on TMUS’s operating results and profitability due to legal settlements, technology investments, and increased management attention and resources dedicated to cybersecurity. To mitigate cybersecurity risks, TMUS has implemented several measures, including: - Immediate investigation and engagement of cybersecurity experts following incidents. - Notifying impacted customers as required by law and coordinating with law enforcement. - Enhancing procedures and safeguards to prevent unauthorized access and defend against cyberattacks, which requires ongoing investment of significant resources and management time. - Investing in technology and process improvements for data privacy and protection. - Continually evaluating and improving cybersecurity practices to address the evolving threat landscape and regulatory requirements. Despite these efforts, TMUS acknowledges ongoing risks, including the limitations of controlling third-party providers’ cybersecurity measures and the increasing sophistication of threat actors. The company expects to remain a target for cyberattacks and continues to allocate resources to strengthen its defenses and response protocols."
70f76191,Impact of exec appointments' ages on long-term strategy & financial stability for Conagra (CAG).,"21970,21965,21974,6391,21959,35032,21958,37234,21874,21875","105,66,22,111",I cannot find sufficient information in the provided documents to answer this question.
e1ecd128,2024 NIKE short-term inv. liquidity strat. comparison.,"108982,108981,108876,108972,106906,108971,125316,109010,141920,108970","423,375,319,327",I cannot find sufficient information in the provided documents to answer this question.
af66df54,Contractual pricing terms of HUM affect cash flow & liquidity.,"20306,82045,82026,81797,81677,81874,45742,81829,125316,81810","136,242,62,375",I cannot find sufficient information in the provided documents to answer this question.
c8f8592c,Amphenol Corp's impact on SG&A & acquisition expenses on op. income and net income trends.,"10892,23874,11031,10799,129830,10800,34071,10803,154678,10798","34,388,103,72,462","For Amphenol Corporation in 2023, Selling, General and Administrative (SG&A) expenses and acquisition-related expenses both impacted operating income and net income trends: - SG&A expenses increased to $1,489.9 million in 2023 from $1,420.9 million in 2022, representing a modest increase. As a percentage of net sales, SG&A expenses rose to 11.9% in 2023 from 11.3% in 2022. - Acquisition-related expenses were $34.6 million in 2023, up from $21.5 million in 2022. Despite these increases, operating income in 2023 was $2,559.6 million, a slight decrease of 1% from $2,585.8 million in 2022. Net income from continuing operations attributable to Amphenol Corporation was $1,928.0 million in 2023, a 1% increase from $1,902.3 million in 2022. The increase in SG&A and acquisition-related expenses contributed to the slight decrease in operating income. However, the impact on net income was offset by other factors, such as excess tax benefits from stock-based compensation and a gain on a bargain purchase acquisition. Therefore, while higher SG&A and acquisition-related expenses put downward pressure on operating income, net income still increased slightly due to these offsetting items. In summary, increases in SG&A and acquisition-related expenses modestly reduced operating income, but net income increased slightly in 2023 due to positive tax and acquisition impacts."
1533c65a,"Net inc. decline driven by op. mkts, factors impacting cost mgmt & pricing for CHRW.","26389,26390,117245,44505,26306,149809,26426,161388,26440,60186","448,482,132,79,177,351",I cannot find sufficient information in the provided documents to answer this question.
5bec8125,"Repurchase methods by LHX affect timing, liquidity, and mkts' perception.","91934,92102,91908,92140,32031,4018,151669,128660,112486,125316","384,98,454,14,336,273,375",I cannot find sufficient information in the provided documents to answer this question.
9a66fd43,"Impact of Warner Bros. Discovery's int'l leadership on global comp. positioning & reg. risk, WBD.","157696,157866,157991,158000,157700,51126,157795,43288,20133,157868","128,149,62,471",I cannot find sufficient information in the provided documents to answer this question.
da2f7e8b,"Impact of intangibles & goodwill on BS for Honeywell, HON, and associated future impairment risks.","6766,73188,25754,73189,110767,73232,73324,78355,73058,77450","228,231,76,332,22,215","For Honeywell International Inc. (HON), intangible assets and goodwill have a significant impact on the balance sheet (BS): - As of December 31, 2023, Honeywell reported $3,231 million in net other intangible assets, consisting of both definite-life and indefinite-life intangibles. Definite-life intangibles (such as patents, technology, customer relationships, and trademarks) are amortized over their estimated useful lives, ranging from 2 to 20 years. Indefinite-life intangibles (such as certain trademarks) are not amortized (Chunk 6). - Amortization expense for intangible assets was $292 million in 2023, with estimated annual amortization of $287 million in 2024, decreasing modestly in the following years (Chunk 6). Goodwill and indefinite-lived intangibles are subject to annual impairment testing. Honeywell performs this test as of the first day of the fourth quarter each year, or sooner if a triggering event occurs. If the carrying value exceeds fair value, the asset is written down to fair value, but not below the carrying value of goodwill (Chunk 2, Chunk 4). Honeywell is not aware of any events indicating additional impairment risk as of its most recent assessment, and there was no impairment reported at the last testing date (Chunk 2). However, as with all companies, there remains an ongoing risk that future adverse changes in business conditions or market factors could trigger impairment of goodwill or intangible assets, which would negatively impact the balance sheet and reported earnings. In summary, intangibles and goodwill represent substantial assets for Honeywell, contribute to annual amortization expenses, and are regularly assessed for impairment, with future impairment risk tied to changes in business performance or broader economic conditions."
aea9d9e5,"Marriott's sustainability & emissions targets, with the ticker in the mix, could significantly impact growth.","95891,95716,79197,95715,23498,77098,118945,95709,168060,74690","227,356,71,234,496,220,286","Marriott (ticker: MAR) has set significant sustainability and emissions targets as part of its broader strategy, which could influence its growth trajectory. The company is committed to reducing its environmental impact and driving climate action through several initiatives: - Marriott has committed to set a near-term science-based emissions reduction target and a long-term science-based target to achieve net-zero value chain greenhouse gas (GHG) emissions by no later than 2050. - In September 2023, Marriott submitted its emissions reduction targets to the Science Based Targets initiative (SBTi) and is awaiting validation, expected later in 2024. - The company’s Vision 2030 goal includes reducing Scope 1, 2, and 3 GHG emissions by 35% from 2019 to 2030, a target that has been approved by SBTi as consistent with the goals of the 2015 Paris Agreement. - Marriott’s sustainability efforts cover designing resource-efficient hotels, implementing technologies to reduce energy and water use, increasing renewable energy, and focusing on responsible sourcing and ecosystem restoration. These ambitious sustainability and emissions targets may increase Marriott’s capital and operational costs and require additional investment to meet regulatory and stakeholder expectations. Successfully achieving these targets can enhance Marriott’s reputation and stakeholder relationships, potentially driving growth. However, failure to meet these goals or perceptions that the goals are insufficient or too costly could negatively impact the company’s reputation and business performance. In summary, Marriott’s sustainability and emissions targets are a central part of its growth strategy and could significantly impact its operations, costs, and market perception (MAR)."
e428c7bc,2023 op margin trend for NXPI vs. historical cost mgmt.,"91980,115090,115249,115092,114972,115089,140226,115091,44480,115097","344,273,417,131","In 2023, NXP Semiconductors (NXPI) reported an operating margin that was impacted by increased operating expenses, particularly in research and development (R&D) and selling, general, and administrative (SG&A) costs. R&D costs rose by 12.6% due to higher personnel-related expenses and restructuring costs, while SG&A expenses increased by 8.7% (Chunk 10). Despite higher costs, the gross profit percentage for 2023 remained flat at 56.9%, as increased input costs were largely passed on to customers (Chunk 2, Chunk 10). Historically, NXPI has managed to maintain a stable gross margin by passing input cost increases to customers. However, in 2023, the rise in operating expenses, especially due to restructuring and personnel costs, put some pressure on the operating margin compared to prior years, where expense increases were less pronounced. In summary, while NXPI's gross margin stayed consistent year-over-year due to effective cost pass-through, the operating margin trend in 2023 showed pressure from increased operating expenses, reflecting higher costs in personnel and restructuring compared to historical levels of cost management."
a703a667,Effects of relative SSP allocation on performance obligations and rev rec for ON Semiconductor.,"89555,89624,89625,115673,136246,331,146621,84312,26866,136196","2,265,250,81,406,439,346",I cannot find sufficient information in the provided documents to answer this question.
ca75d4b8,Indemnification from AMETEK affects valuation models and potential future liabilities.,"102966,4476,4303,89699,9802,5505,44131,149656,47980,68975","130,200,265,447,141,16,306,19,31","Based on the provided context, there is no indication that indemnification from AMETEK affects valuation models. The context from AMETEK discusses indemnification obligations in relation to acquisition and divestiture transactions, as well as indemnification of directors and officers. It notes that the maximum amount of such indemnifications generally cannot be specifically stated and cannot be reasonably estimated. Historically, any costs incurred to settle claims related to these indemnifications have been minimal for the company. There is no mention of these indemnification obligations having a direct impact on valuation models. Regarding potential future liabilities, AMETEK acknowledges that obligations for indemnifications are sometimes recorded as liabilities where appropriate, but overall future payments related to these indemnifications are believed to be minimal. In summary: AMETEK’s indemnification obligations relate to acquisitions, divestitures, and officer/director protections, and while they may result in liabilities, they are not considered significant and there is no mention of them affecting valuation models."
24df0d32,Future payment scheds for COO's operating lease will impact cash flow expenses.,"149250,115437,123500,31095,63781,60088,152594,19888,55135,43735","129,162,345,456,176,371,61,185,445,94","For Costco Wholesale Corporation (COO), the future payment schedules for operating leases, as of September 1, 2024, are as follows (in millions): - 2025: $242 - 2026: $247 - 2027: $226 - 2028: $209 - 2029: $183 - Thereafter: $2,205 The total future operating lease payments amount to $3,312 million, before deducting interest. After deducting $758 million in interest, the present value of operating lease liabilities is $2,554 million. These scheduled payments will impact Costco's future cash flow expenses as the company makes these payments over the coming years. The amounts are reflected in operating cash flows as the payments are made. Additionally, it is noted that operating lease payments have not been reduced by expected future sublease income of $98 million, and there are $1,080 million in lease payments for leases that have been signed but not commenced as of the reporting date."
74605f5f,ISO certs impact on NIST reg risk & cash flow.,"56270,117915,23184,67473,88771,33382,150528,45742,135894,47980","353,450,196,101,166,263,70,136,141,405","ISO certifications and the use of NIST frameworks both play significant roles in managing regulatory and cybersecurity risk, though the provided documents do not make a direct connection to cash flow impacts. Impact on NIST Regulatory Risk: - ISO certifications such as ISO 27001 and ISO 9001 focus on information security management and quality management processes, respectively. Organizations use these standards, along with NIST frameworks, to identify, assess, and manage cybersecurity risks (see ISRG.pdf, PAYC.pdf, SNPS.pdf). - Companies often integrate ISO standards and NIST frameworks (like the NIST Cybersecurity Framework and NIST RMF) into their risk management programs to ensure a comprehensive approach to cybersecurity and regulatory compliance (see EVRG.pdf, ISRG.pdf, TTWO.pdf, SNPS.pdf). - Maintaining ISO certifications may also be a regulatory requirement in some regions or industries, and failure to comply can result in fines, production delays, or other penalties (see BSX.pdf). Impact on Cash Flow: - While the documents do not quantify the direct impact of ISO certifications on cash flow, they suggest that robust risk management (including ISO certifications and NIST frameworks) can help avoid costly incidents such as cybersecurity breaches, regulatory fines, or operational disruptions (see BSX.pdf, PAYC.pdf, SNPS.pdf). - Effective risk and compliance programs (supported by ISO and NIST frameworks) can thus protect cash flow by reducing the likelihood of adverse financial impacts from security incidents or compliance failures. In summary, ISO certifications support NIST-based risk management by providing recognized standards for security and quality, which can help reduce regulatory risk. While the documents do not specify a direct financial impact, maintaining these certifications and frameworks can indirectly protect cash flow by minimizing risks of costly disruptions and penalties."
4cd5cbe7,PSEG exposure drivers for 2022-2023.,"48390,123568,123598,123588,122520,123581,20089,123597,160582,123577","480,142,368,371,62","PSEG’s exposure drivers for 2022-2023 include several key factors: 1. Interest Rate Risk: Higher interest rates driven by Federal Reserve policy have increased PSEG’s interest expense on both variable-rate debt and future long-term financing. To manage this risk, as of December 31, 2023, PSEG entered into floating-to-fixed interest rate swaps totaling $1.4 billion, covering $900 million of a PSEG Power variable rate term loan due March 2025 and a $500 million PSEG variable rate term loan due April 2024. PSE&G’s interest rate risk is somewhat moderated due to annual transmission rate filings and distribution recoveries through base rate filings and clause-based investment programs (Chunk 6). 2. Regulatory and Legislative Developments: PSEG is exposed to potential changes in federal and state tax legislation, particularly regarding the Inflation Reduction Act (IRA), which introduced a new 15% corporate alternative minimum tax, production tax credits for existing nuclear generation, and transferability of energy tax credits. Many aspects of the IRA remain unclear and are being analyzed for their impact on financial results (Chunk 6). 3. Environmental and Policy Risks: PSEG faces exposure to outcomes of New Jersey executive orders and regulatory proceedings aimed at accelerating clean energy, building decarbonization, and reducing natural gas emissions. The results of these proceedings could materially impact PSEG’s business, operations, and cash flows. Additionally, PSEG is subject to liabilities under environmental laws, particularly related to historic contamination in the Passaic River/Newark Bay Complex (Chunk 10). 4. Capital Investment Program: For 2024-2028, PSEG plans $18 billion to $21 billion in regulated capital investments, with the expectation of a 6-7.5% compound annual growth rate in its regulated rate base. These investments and related financing activities are significant exposure drivers (Chunk 2). 5. Pension and OPEB Volatility: In August 2023, PSEG transferred assets to an insurer, reducing future volatility from pension assets and liabilities (Chunk 6). 6. Market and Operational Factors: PSEG’s financial performance is also influenced by operating revenues, energy costs, and non-operating pension and OPEB credits, which showed significant variances between 2022 and 2023 (Chunks 4, 10). Overall, the main exposure drivers for PSEG in 2022-2023 were interest rate risk, regulatory and legislative uncertainty, environmental compliance, significant capital investment requirements, and pension liability management."
ce5ac850,Investment decision mgmt. background in Aon capital allocation.,"11559,123279,11407,110377,11413,11714,11426,161737,11412,98753","483,36,294,331,370","Aon makes investment and capital allocation decisions based on return on invested capital. The company's Chief Operating Decision Maker (CODM) assesses performance and allocates resources using a single-segment approach called Aon United. Aon operates as a global professional services firm providing risk and human capital solutions through four main solution lines: Commercial Risk, Reinsurance, Health, and Wealth. In terms of investment decision management, Aon's approach includes comprehensive analytics and insights to support risk advice for clients. The company also provides investment consulting services to public and private companies, helping them develop and maintain investment programs across a range of plan types, such as defined benefit and defined contribution plans, endowments, and foundations. Aon's delegated investment solutions offer ongoing management of investment programs and fiduciary responsibilities, either partially or fully discretionary, for multiple asset owners. The company partners with clients to deliver scale and experience, aiming to help them manage investments, risk, and governance while potentially lowering costs. The focus on connecting participants to experts is intended to support better-informed investment decisions and smarter wealth management. Additionally, major acquisitions, such as the planned acquisition of NFP for a combination of cash and Aon shares funded by new debt, demonstrate Aon's capital allocation strategy, which involves balancing new investments with the company's financial resources and return expectations (see Chunk 3 and Chunk 9)."
e1170463,How does CT&O integration on cybersecurity impact investor sentiment and market valuation for ARE?,"76732,16750,60823,31677,32504,53611,17964,17023,17169,17193","225,97,100,178,51,55,157",I cannot find sufficient information in the provided documents to answer this question.
c50e6c64,Ticker REGN faces litigation related to loss contingencies disclosures impacting the firm.,"130110,129863,130175,129966,130172,130189,130158,129965,153931,130275","459,389","Based on the provided context, Regeneron Pharmaceuticals, Inc. (ticker REGN) is involved in litigation that could result in loss contingencies impacting the firm. Specifically, the company is facing legal proceedings related to allegations of violations of the federal Anti-Kickback Statute and the federal False Claims Act, as well as related state law claims. Key details include: - In January 2017, Regeneron received a subpoena from the U.S. Attorney's Office for documents relating to its support of 501(c)(3) organizations and financial assistance to patients for its products. - In June 2020, a civil complaint was filed against Regeneron alleging violations of the Anti-Kickback Statute and the False Claims Act. - Motions to dismiss and for summary judgment have been filed by both parties, with some motions denied and others granted in part. The litigation is ongoing, with aspects of the case proceeding on appeal as of December 2023. These legal proceedings represent significant risks and uncertainties that could affect Regeneron’s business, operating results, and financial condition, as discussed in their risk factors and notes to the financial statements. The company’s disclosures indicate that actual outcomes and potential financial impacts from these matters are not certain and may differ from management’s current estimates. No specific dollar amounts or probability estimates regarding potential losses are provided in the given context, but the disclosures make clear that litigation and related contingencies are an area of material risk for REGN."
acd60300,Impact on timing & predictability of revenue recognition under Topic 606 & 842 for United Rentals (URI).,"115673,62250,97472,151806,131928,151810,39158,6953,97471,151811","290,454,393,115,182,23,346","For United Rentals (URI), the impact on timing and predictability of revenue recognition differs between ASC Topic 606 and Topic 842: Under Topic 842 (Leases): - The majority of URI’s revenue (77% for the year ended December 31, 2024) comes from equipment rentals, which are accounted for as operating leases under Topic 842. - Revenue from these leases is recognized on a straight-line basis over the lease term, which can be hourly, daily, weekly, or monthly. For example, monthly rates are prorated to a daily rate for consistent recognition, assuming the equipment will be on rent for the full period. - When equipment is returned, any difference between the contractually required payment and the cumulative recognized revenue is recorded as incremental revenue. - This straight-line method provides predictability in revenue recognition during the rental period, but the exact timing can be influenced by when the equipment is returned, which may add some variability. Under Topic 606 (Revenue from Contracts with Customers): - Revenues under Topic 606 include delivery and pick-up services, sale of equipment and supplies, and service revenues (such as repairs and maintenance). - Revenue is generally recognized at a point-in-time: for example, delivery and pick-up revenue is recognized when the service is performed, and product sales are recognized upon delivery or pick-up by the customer when collectibility is probable. - Service revenue is recognized as the services are performed. - This leads to less predictability compared to straight-line lease revenue, as recognition depends on the timing of when services are delivered or goods are transferred. In summary, lease revenues under Topic 842 are more predictable due to straight-line recognition, while revenues under Topic 606 are recognized at specific points in time, resulting in timing that is more dependent on when services or products are delivered. Both standards require judgment, but Topic 842 generally provides more consistent revenue timing, whereas Topic 606 is driven by the satisfaction of distinct performance obligations."
e5087f13,Impact on timing accuracy for revenue recognition related to XEL meter readings.,"115673,164630,105941,164629,164493,164663,88087,164631,147698,165348","261,490,492,346,443,316","For Xcel Energy (XEL), the timing accuracy of revenue recognition is closely tied to the reading of customer meters, which occurs systematically throughout the month. At the end of each month, Xcel Energy estimates the amount of energy delivered to customers since the last meter reading and recognizes the corresponding unbilled revenue. This approach ensures that revenue is matched to the actual delivery of energy, but because a portion is based on estimates until the next meter reading, there may be minor timing differences or estimation adjustments in the revenue recognized each period. However, this method is standard in utility industries to align revenue recognition with energy delivery even when meter readings do not coincide exactly with month-end."
80a834eb,WMT EDLP EDLC margin impact from omni-channel competition.,"158027,158028,158019,158020,158036,158022,158150,158023,158026,158170",472,"Walmart’s EDLP (Everyday Low Price) and EDLC (Everyday Low Cost) strategies are central to how it competes in a highly competitive omni-channel environment. EDLP is Walmart’s pricing philosophy, offering consistently low prices so customers trust that prices won’t fluctuate with frequent promotions. EDLC is the company’s commitment to controlling expenses, allowing cost savings to be passed along to customers through lower prices (Chunks 1, 3, 4). The margin impact from omni-channel competition is managed through these strategies. As Walmart faces strong competition from both brick-and-mortar and eCommerce retailers, its ability to maintain price leadership (EDLP) and operational efficiency (EDLC) is critical. Walmart’s gross profit rate in fiscal 2024 increased by 20 basis points, attributed to managing prices in line with competitive historic price gaps, even as product mix shifts into lower-margin categories and omni-channel fulfillment (like store pickup and delivery) became more significant (Chunk 10). In summary, omni-channel competition puts pressure on margins due to factors like product mix shifts and fulfillment costs, but Walmart’s EDLP and EDLC strategies help offset some of these pressures by focusing on price consistency and cost control, which support its ability to deliver value to customers while managing profitability."
cb2c3d34,Revenue timing by channel for NIKE (NKE) and its cash flow impact.,"108981,80649,136156,108972,108876,108971,108860,108977,115673,109044","346,239,406,327","NIKE recognizes revenue based on the transfer of control to the customer, and the timing of this recognition varies by sales channel: - Wholesale Channel: Revenue is recognized when control transfers to wholesale customers, which can occur either upon shipment or upon receipt, depending on the country of sale and the agreement with the customer. Payment terms for wholesale transactions generally require payment within 90 days or less of shipment to or receipt by the wholesale customer. - Retail Store Channel: For sales through NIKE-owned retail stores, revenue is recognized at the time of sale. Payment is due at the point of sale. - Digital Commerce Channel: For digital sales, revenue is recognized when control transfers to the customer, which is substantially upon shipment. Payment is also due at the time of sale. The timing of revenue recognition affects NIKE's cash flow as follows: - Retail and Digital Channels: Since payment is collected at the time of sale, these channels provide immediate cash inflow, resulting in faster cash conversion. - Wholesale Channel: There is a lag between revenue recognition (at shipment or receipt) and cash collection (up to 90 days), which means cash flow from these sales is realized later. Overall, direct-to-consumer channels (retail and digital) improve cash flow timing compared to wholesale, as cash is collected immediately rather than on delayed terms."
6ec351e2,"$FOXA $800M settlement impact on short-term profitability, cash flow, long-term financial profile.","61896,61781,39104,62006,133076,61959,45742,61957,63276,62021","136,397,115,181,184","Based on the provided context, there is no explicit mention of a specific ""$800M settlement"" for FOX Corporation (FOXA). However, the documents do discuss the general impact of legal settlements and contingencies on Fox's financials: - Fox recognizes an accrued liability for legal claims when a loss is both probable and can be reasonably estimated. The actual loss could be higher or lower than what is accrued, and legal fees, settlements, or fines could affect the company's results of operations and financial condition (Chunk 4). - In 2024, Fox reported net income of $1,554 million and comprehensive income of $1,596 million (Chunk 6), with a strong cash and cash equivalents position of $4,319 million as of June 30, 2024 (Chunk 6). - The company has faced significant legal matters, such as allegations against FOX News, but specific settlement figures and their direct financial impact are not itemized in the provided excerpts (Chunk 4). - Fox's auditor has procedures in place to evaluate the probability and potential range of loss for litigation, including defamation and disparagement claims, and ensures that financial disclosures are adequate (Chunk 8). Impact Assessment (based on provided context and typical accounting treatment): Short-term profitability: - A large settlement (such as $800 million, if incurred) would likely be recorded as an expense in the period in which it is probable and reasonably estimable, reducing net income and operating profit for that fiscal year. Cash flow: - If the settlement is paid in cash, it would reduce cash from operating activities in the period of payment, but Fox's strong liquidity position (over $4.3 billion in cash as of June 2024) suggests the company could absorb a significant cash outflow without immediate liquidity concerns. Long-term financial profile: - While a large settlement would negatively impact short-term earnings and cash flow, Fox's sizable equity base ($10.8 billion) and ongoing profitability suggest its long-term financial profile would remain stable, barring multiple or recurring settlements of similar magnitude. - The company's ability to continue repurchasing shares, paying dividends, and servicing debt would depend on future cash flow, but a one-time settlement is unlikely to fundamentally alter its long-term financial health given current balance sheet strength. In summary, while a hypothetical $800 million settlement would have a material negative impact on Fox's short-term profitability and cash flow, the company's strong balance sheet and liquidity indicate it could withstand such a charge without significant long-term financial impairment, provided there are no ongoing similar liabilities. If you need details about a specific settlement or its exact accounting, please provide more context or refer to a document section with that information."
5ecdc65a,TDG pauses share buyback due to op/market factors FY23-24.,"143157,32275,44153,19334,1539,101083,132083,105575,19478,147833","130,99,7,394,428,301,315,443,59,60",I cannot find sufficient information in the provided documents to answer this question.
59274b9d,"WBD’s fixed licensing offers more predictable rev growth vs. royalties, providing earnings predictability for investors, WBD.","157914,157697,157916,157866,157700,157929,157912,157794,158000,157868",471,"WBD’s fixed price or minimum guarantee licensing contracts provide more predictable revenue growth compared to royalty-based arrangements. In fixed fee distribution contracts, revenue is recognized on a regular, scheduled basis (such as one twelfth of annual license fees per month or pro-rata fees), which creates a steady and predictable revenue stream. In contrast, royalty-based arrangements recognize revenue as royalties are earned, which can fluctuate depending on performance. Therefore, fixed licensing arrangements offer greater earnings predictability for investors."
1f0cf87e,CPT leadership structure influences strategic financial decision-making significantly.,"31671,124848,102090,124851,47980,124850,44832,131607,92786,21799","97,66,133,393,141,304,276,374",I cannot find sufficient information in the provided documents to answer this question.
a9ad9aac,Initial vs subsequent delivery breakdown for EW ASR Dec23 shares.,"1424,155520,140649,140650,140651,56341,56464,1423,140648,53223","418,166,6,465,155","For the Edwards Lifesciences (EW) December 2023 accelerated share repurchase (ASR) agreement, the breakdown is as follows: - Initial delivery: 4.6 million shares were received on December 12, 2023, representing approximately 80% of the total contract value. - Final settlement: An additional 0.7 million shares were received on December 29, 2023. In total, 5.3 million shares were received under the December 2023 ASR (4.6 million initial + 0.7 million final settlement)."
18ea0563,"Regeneron's differentiation strategy focuses on efficacy, safety, and IP vs. pharma and biosimilar competitors.","129868,8498,129869,8612,129957,72013,40703,94228,94166,63137","280,389,211,120,28,184",I cannot find sufficient information in the provided documents to answer this question.
e9524e66,The impact of litigation on CDD cash flows and financial health.,"153931,143708,165240,140673,85448,99199,101614,141408,125316,48510","418,421,295,490,459,429,142,303,375,253",I cannot find sufficient information in the provided documents to answer this question.
caa865da,"Impact of Hasbro's brand segmentation on long-term rev & profit growth, HAS.","75356,75338,75353,75461,58417,75345,164653,75459,86287,75458","172,492,222,255","Hasbro’s brand segmentation strategy divides its brands into categories such as Franchise Brands, Partner Brands, and Portfolio Brands. This segmentation allows Hasbro to focus on its most valuable and profitable franchises, while also nurturing brands with growth potential and leveraging popular licensed properties. The impact of this approach on long-term revenue and profit growth includes: - Focused Investment: By concentrating investments on its most valuable and profitable franchises across games, toys, licensing, and entertainment, Hasbro aims to drive sustainable growth and profitability (Chunk 2, Chunk 4). - Diversified Revenue Streams: Hasbro earns revenue from developing, marketing, licensing, and selling products based on both its owned brands and partner brands, as well as through digital gaming and entertainment. This diversification supports long-term stability and growth (Chunk 4, Chunk 6). - Brand Extension and Engagement: The ability to activate brands across multiple platforms—such as toys, games, digital gaming, entertainment, and direct-to-consumer channels—enhances brand awareness, deepens fan engagement, and creates multiple revenue opportunities (Chunk 3, Chunk 6). - Operational Efficiency: The segmentation supports operational savings initiatives and supply chain improvements, allowing Hasbro to reinvest in its business and further strengthen key brands (Chunk 2, Chunk 4, Chunk 6). - Licensing and Partnerships: By licensing out non-core brands and leveraging partnerships, Hasbro can generate additional, often higher-margin, revenue streams without significant incremental investment (Chunk 4, Chunk 6). Overall, Hasbro’s brand segmentation strategy is designed to optimize resource allocation, maximize profitability, and support long-term revenue growth by focusing on core strengths, expanding digital and entertainment offerings, and leveraging partnerships."
c555ca68,"At IFF, board age & innovation risk are critical factors.","79139,78837,79078,78811,20927,78928,19213,78812,20337,78826","64,233,59,62",I cannot find sufficient information in the provided documents to answer this question.
9f644173,2023 PP&E & infra inv. trends for EOG Resources.,"61597,53631,142476,53632,128461,53749,35648,53625,35166,53654","425,106,105,180,157,383","In 2023, EOG Resources invested $6.6 billion (with $195 million of that being non-cash) in exploration, development, and other property, plant, and equipment (PP&E) expenditures, excluding asset retirement obligations. This investment was primarily funded by net cash from operating activities and cash on hand. Additionally, EOG paid $144 million for property acquisitions, mainly for a gathering and processing system in the Powder River Basin, and recognized $95 million in net gains from asset dispositions, receiving $140 million in proceeds from asset sales, including gathering and processing assets. EOG's 2023 strategy emphasized maintaining a low operating cost structure, efficient operations, and robust environmental stewardship. The company continued to focus on drilling internally generated prospects to develop low-cost reserves and improve well performance, particularly in plays like the Delaware Basin, Eagle Ford, Dorado gas play, and Utica play. EOG also invested in gathering and processing infrastructure, transportation infrastructure, and environmental projects as part of its capital expenditures. In summary, EOG's 2023 PP&E and infrastructure investment trends show a strong focus on exploration and development, infrastructure (gathering/processing), efficiency improvements, and a disciplined approach to capital allocation, primarily funded through internal cash flows."
d02dfd6a,BIO: LT debt valuation impact from lower unamortized discounts & issuance costs in 2022-2023.,"48390,75978,59845,1685,5110,3060,80846,5030,17697,70004","7,12,205,142,175,239,18,54,223",I cannot find sufficient information in the provided documents to answer this question.
f566afe7,"Calculation method for the DTE unionization % gap, with ticker placed last.","51320,59443,51480,153322,51226,127917,51147,51319,51227,96465","288,457,174,150,382",I cannot find sufficient information in the provided documents to answer this question.
0ca21392,LRCX's cust acquisition & upgrade incentives strategy.,"92160,92230,92279,92265,92193,1316,85297,92356,165556,92415","493,274,253,6",I cannot find sufficient information in the provided documents to answer this question.
d952409e,Impact of PSX HCM strat on ops risks & long-term perf.,"647,37019,46913,114217,166806,152350,72418,37005,648,37133","4,455,139,110,495,341,213",I cannot find sufficient information in the provided documents to answer this question.
12ba240d,"Op eff, mkt response, and employee dist. for McKesson.","99855,99993,154343,99748,88825,99767,154277,99833,100101,99743","298,460,461,263","Here is a summary addressing operational efficiency (op eff), market response (mkt response), and employee distribution (employee dist.) for McKesson based on the provided context: Operational Efficiency (Op eff): McKesson offers several solutions aimed at improving operational efficiency for its customers, such as Central Fill (enabling quicker, more accurate prescription refills and reduced inventory costs), Strategic Redistribution Centers for optimized inventory management, and ExpressRx Track™ for pharmacy automation. They also provide inventory management solutions with forecasting software and automated replenishment to reduce inventory-carrying costs (Chunk 4). Market Response (Mkt response): McKesson tracks its market performance via stock price comparisons to major indices like the S&P 500 and S&P 500 Health Care Index. Over the five-year period ending March 31, 2024, McKesson’s cumulative total stockholder return significantly outperformed these benchmarks, indicating a positive market response (Chunk 8). Employee Distribution (Employee dist.): Specific employee distribution numbers are not provided. However, McKesson highlights its commitment to employee engagement and satisfaction through regular surveys and feedback mechanisms. They also emphasize safety, security, and ongoing training for employees, as well as compliance with various regulations. Most employees can view pay ranges for roles, and McKesson posts external job pay ranges on its website (Chunk 6). In summary: McKesson drives operational efficiency through technology and service solutions, has experienced strong market response as reflected in its stock performance, and maintains a focus on employee engagement and transparency, though detailed employee distribution data is not included in the provided context."
a03a23e0,Impacts on fin health and risk profile from target litig. risk provisions; TKR.,"96770,101614,148184,42267,148185,69923,148197,148632,46622,145873","289,139,205,303,437,444,125",I cannot find sufficient information in the provided documents to answer this question.
02204e09,Impact of capex segmentation on auto risk and growth for Aptiv PLC.,"138245,11364,134914,11162,131071,11246,34000,11365,131070,11146","35,103,392,402,411",I cannot find sufficient information in the provided documents to answer this question.
bf2c4db1,Board finance expertise at Alphabet – focused on risk mgmt & capital allocation impact.,"68931,69008,35990,41651,68859,104192,69010,33382,68868,118998","356,101,200,106,311,122","Alphabet's board demonstrates significant finance expertise, particularly in risk management and capital allocation, through the experience of its key executives and directors. Ruth Porat, Alphabet's President, Chief Investment Officer, and Chief Financial Officer, brings extensive financial leadership experience. She oversees corporate investments and investment vehicles, including GV and CapitalG, the Other Bets investment portfolio, and infrastructure assets. Her role encompasses responsibility for risk management, capital allocation, and engagement with policymakers on economic growth and competitiveness. Before joining Alphabet, she held senior finance roles at Morgan Stanley, including CFO and Vice Chairman of Investment Banking, giving her a strong background in risk oversight and capital deployment (Chunk 3, Chunk 7). The board also includes members with diverse financial and risk management expertise, supporting robust oversight of Alphabet's financial strategies and risk controls. This collective expertise ensures informed decision-making on capital allocation and effective management of financial risks, aligning with the company’s long-term strategic goals."
c5e163ca,Purchase commitments schedule for HBAN and its impact on cash flow/cap allocation.,"77873,77611,77720,77617,77980,77625,77809,77657,77810,77663",229,I cannot find sufficient information in the provided documents to answer this question.
1ac4c8e6,Volatility in revenue recognition timing for Booking Holdings (BKNG).,"19030,19362,81318,19155,106900,3656,19033,19036,19266,15468","14,48,241,59,319","The provided documents do not specifically discuss volatility in revenue recognition timing for Booking Holdings (BKNG). While there is mention of the company's business operations, brands, and financial performance, there is no detailed discussion of the timing or volatility of revenue recognition. I cannot find sufficient information in the provided documents to answer this question."
db445d39,"Analysis of non-op items for TMO: impact of interest income, interest expense, and other income/expense.","38280,147700,129445,133659,64795,147701,147894,147865,63261,147704","387,398,113,184,443,188","For T-Mobile US, Inc. (TMO), the analysis of non-operating items—specifically interest income, interest expense, and other income/expense—for the years ended December 31, 2024, 2023, and 2022 is as follows: - Interest Expense, Net: TMO incurred significant net interest expense each year: $(3,411) million in 2024, $(3,335) million in 2023, and $(3,364) million in 2022. This net figure is after accounting for any interest income, but the context does not provide a separate line item for gross interest income. - Other Income (Expense), Net: TMO reported positive other income (expense), net of $113 million in 2024, $68 million in 2023, and a net expense of $(33) million in 2022. These amounts are included in total other expense, net. - Total Other Expense, Net: Combining interest expense and other income/expense, the total other expense, net was $(3,298) million in 2024, $(3,267) million in 2023, and $(3,397) million in 2022. Impact Summary: - The largest impact on TMO's non-operating results comes from net interest expense, which substantially reduces pre-tax income. - Other income (expense), net had a smaller, but positive impact in 2023 and 2024, partially offsetting the interest expense. - The overall effect of these non-operating items is a consistent reduction in income before income taxes each year by over $3.2 billion. No detailed breakdown of interest income specifically is available in the provided context, but the effect of all non-operating items is to decrease TMO’s pre-tax income substantially, with the primary driver being interest expense."
9d57e365,"Trends in DLR equity for 2022-23: APC, divs, comp losses, and overall fin health, dist. - DLR","49351,48390,49350,49568,49352,49567,49354,84920,49197,102056","304,145,251,142","Based on the provided context, here is a summary of trends for Digital Realty Trust, Inc. (DLR) equity during 2022-2023, focusing on annualized per common share (APC), dividends (divs), comprehensive losses, overall financial health, and distributions: Annualized Per Common Share (APC): - There is no direct reference to APC (annualized per common share) values for 2022-2023 in the provided context. Therefore, I cannot provide specific APC trends. Dividends (divs): - DLR operates as a REIT and aims to maximize cash flow and returns to shareholders through the payment of distributions. - The company intends to continue regular quarterly distributions, with any future distributions dependent on cash flow, financial condition, capital requirements, REIT requirements, and other factors as determined by the Board of Directors. - While the context does not provide exact dividend amounts for 2022-2023, it confirms the ongoing intent to make regular distributions in line with REIT requirements and financial performance. (Chunks 1, 3, 7) Comprehensive Losses: - There is no explicit mention of comprehensive losses for 2022-2023 in the provided context. Therefore, I cannot comment on trends in comprehensive losses. Overall Financial Health: - As of June 30, 2023, the aggregate market value of DLR's common equity held by non-affiliates was approximately $34 billion. (Chunk 9) - DLR’s business objectives focus on sustainable long-term growth in earnings and funds from operations per share and unit, and maximizing returns to shareholders through distributions. - The company remains a leading global provider of data center, colocation, and interconnection solutions, and continues to pursue growth through superior risk-adjusted returns, prudent capital allocation, and expanding its global reach and scale. (Chunk 7) - There is no indication in the provided context of material adverse legal proceedings or financial distress as of the end of 2023. (Chunk 3) Distributions: - DLR has a policy to make regular quarterly distributions to common stockholders and unitholders, subject to Board discretion and REIT requirements. (Chunks 1, 3, 7) - The number of outstanding common shares as of February 21, 2024, was 312,293,563. (Chunk 9) In summary, DLR maintained regular distributions in 2022-2023, with a strong market value and ongoing focus on financial health and long-term growth. There is no information indicating significant comprehensive losses or financial distress during this period, although specific figures for APC and comprehensive losses are not provided in the context."
f49d2918,"The expertise of BorgWarner's board/executives significantly influences mkt challenges & shareholder value, BWA.","21998,22016,22006,120582,22066,135757,22070,112467,71933,22067","67,361,336,211,404","BorgWarner’s board and executive expertise play a significant role in addressing market challenges and delivering shareholder value. The company’s leadership team includes experienced executives with backgrounds in engineering, finance, strategy, and general management, many of whom have held key positions within BorgWarner or at major industry players (see Chunk 2). Their collective experience supports effective decision-making in areas such as product innovation, integration of acquisitions, and execution of growth strategies, including electrification. The company’s approach to diversity, equity, and inclusion, led by the CEO and monitored by the Board of Directors, also strengthens its talent pipeline and leadership effectiveness (see Chunk 3). This focus on cultivating a diverse and respectful culture is a strategic asset in responding to evolving market dynamics. In terms of shareholder value, BorgWarner’s disciplined capital allocation—including continued dividend payments, share repurchase authorizations, and investments in strategic growth areas—reflects the leadership’s commitment to balancing near-term returns with long-term competitiveness (see Chunks 5 and 10). The executive team’s expertise in these areas enables the company to navigate challenges and capitalize on opportunities, supporting sustained value creation for shareholders."
6ed546b1,"Measures for legal/regulatory risk strategy at Rollins include compliance audits, risk assessment protocols, and ongoing training programs, <ticker> ROL.","152266,128552,152264,128578,144528,128550,72417,128748,128614,128566","384,213,432,455",I cannot find sufficient information in the provided documents to answer this question.
a4d1490c,Trend in EPS vs margin shifts & future cap allocation in Weyerhaeuser (WY),"159831,159693,159842,159845,159781,159863,159690,159767,159642,159667",477,"I cannot find sufficient information in the provided documents to answer this question. The context includes details about Weyerhaeuser's net sales by product line, general business overview, ethical practices, and market conditions, but does not provide specific trends in earnings per share (EPS), margin shifts, or details about future capital allocation."
f0e35cd1,exec role dist. strat. supp. MSFT op. eff.,"105694,18414,105737,70450,105739,79452,154343,105709,106011,105732","235,461,207,57,316,317","Microsoft's executive roles oversee distribution strategy and support operational efficiency through several approaches: - The company distributes products and services via OEMs, direct sales, and a global network of distributors and resellers. The sales organization works directly with commercial and public-sector organizations to meet technology needs and supports partners who engage in sales, consulting, and fulfillment (Chunks 3, 5). - Microsoft offers direct sales programs for various customer sizes and uses a large network of partner advisors to support these sales. Indirect sales are handled mainly through licensing solution partners, distributors, value-added resellers, and retailers, with specific programs for cloud services (Chunk 5). - Operational efficiency is supported by a significant workforce in operations, product research and development, and sales and marketing (Chunk 8). - The company coordinates research and development across operating segments to leverage innovation and improve efficiency (Chunk 3). - Microsoft provides programs to attract and retain talent, fosters continual learning, and gathers employee feedback to inform operational decisions (Chunk 8). In summary, Microsoft's executives ensure distribution strategy and operational efficiency by managing a multi-channel distribution network, coordinating R&D and sales efforts globally, and investing in employee programs that support productivity and innovation."
aa629e1a,AMGN's exp. strategy globally and its growth in biotech driven by key market insights.,"8875,8508,45684,8483,34740,8542,140325,8676,26615,8507","418,136,104,80,28","Amgen’s global expansion strategy is centered on leveraging its presence in approximately 100 countries and focusing on areas of high unmet medical need to deliver innovative medicines. The company seeks to address critical health challenges and improve lives, while also reducing the social and economic burden of disease. Amgen’s global growth in biotechnology is driven by several key factors and market insights: 1. Strategic Acquisitions: Amgen completed the acquisition of Horizon Therapeutics in October 2023 for $27.8 billion. This acquisition strengthens Amgen’s rare disease portfolio by adding first-in-class, early-in-lifecycle medicines, expanding its reach in rare, autoimmune, and severe inflammatory diseases (Chunk 4). 2. Investment in R&D: Amgen invests billions of dollars annually in research and development to drive innovation and bring breakthrough treatments to market, which is a core part of its strategy for global growth (Chunk 2, Chunk 10). 3. Pricing and Access: The company focuses on responsible pricing that reflects the value its medicines provide and works to ensure patient access to needed medicines. Amgen also develops affordable biosimilars as more accessible therapeutic choices (Chunk 2, Chunk 10). 4. Partnerships and Collaboration: Amgen partners with payers to share risk and accountability for health outcomes and works with policy makers, healthcare providers, and patients to foster a sustainable healthcare system (Chunk 2, Chunk 10). 5. Manufacturing Capabilities: Amgen considers its advanced manufacturing capabilities, especially in biologics, as a competitive advantage, enabling reliable production and supply of complex medicines globally (Chunk 2). 6. Adaptation to Regional Dynamics: The company recognizes ongoing changes in regulatory and reimbursement environments, such as potential revisions to pharmaceutical legislation in the EU, and adapts its strategies to maintain growth despite pricing and access pressures in different markets (Chunk 10). 7. Focus on Innovation: Amgen’s robust pipeline, including potential first-in-class medicines, positions the company to address evolving needs in the biotechnology sector (Chunk 4). In summary, Amgen’s global expansion and growth in biotechnology are driven by a combination of strategic acquisitions, significant investment in R&D, advanced manufacturing, responsible pricing, partnerships, and adaptation to dynamic regional markets. These efforts are guided by a commitment to delivering innovative therapies for serious diseases worldwide."
cda3f039,Risk oversight analysis of News Corp board composition.,"61885,61884,136647,15405,102044,118219,120582,118138,152322,118318","354,455,361,47,304,181,407","News Corp’s Board of Directors is responsible for overseeing the company’s processes for identifying, assessing, and managing significant risks. The Board delegates primary responsibility for overseeing cybersecurity risks to the Audit Committee, which receives regular reports from the CTO and CISO on the company’s cybersecurity program, incident reporting, risk assessments, and other related topics. The Audit Committee then updates the full Board as appropriate. In addition to risk oversight, the Board evaluates ethics, compliance, and ESG objectives, incorporating performance in these areas when determining executive compensation payouts. The Board also reviews and approves the company’s Standards of Business Conduct, which promote a culture of compliance and legal and ethical awareness. News Corp demonstrates a commitment to diversity and inclusion within its Board composition. As of December 31, 2023, women represented 43% of the Board. The Nominating and Corporate Governance Committee maintains a policy to include women and minorities in the candidate pool for new Directors, supporting diversity in governance. Overall, News Corp’s Board structure incorporates standing committees (like the Audit Committee) with delegated risk oversight responsibilities, regular reporting from management, and policies promoting ethical conduct and diversity among its members."
953a9efe,YoY insider trading & ownership for Conagra Brands (CAG).,"21973,21971,21965,24146,21713,100092,3217,21957,87579,21807","66,259,72,298,12",I cannot find sufficient information in the provided documents to answer this question.
2d7be62a,WDC's legal risks impact on cap alloc. & financials.,"158592,158416,149361,158304,110377,158412,46376,158415,47980,158480","137,331,141,473,446",I cannot find sufficient information in the provided documents to answer this question.
4bb77ba6,FRT's trends in CIP & lease ROU for 2022-23 impact growth/assets strategy.,"60866,60868,60954,48390,60953,61016,61012,60877,60873,29964","91,179,142",I cannot find sufficient information in the provided documents to answer this question.
a2e421e0,Rockwell Automation's (ROK) cybersecurity track record impacts profitability & investor sentiment significantly.,"127775,127604,127571,127603,158679,127566,21751,127562,32504,127602","474,66,100,381",I cannot find sufficient information in the provided documents to answer this question.
99f4169e,Q4 2023 DOW buyback vol. & avg. price.,"82692,49953,49877,139990,49675,128660,134784,153473,147833,110304","416,384,458,331,401,146,245,443","In Q4 2023, Dow Inc. repurchased 2,561,161 shares of its common stock at an average price of $48.81 per share."
15c80065,"Evolving capital allocation in EA's repurchase program, EA.","48777,48776,48778,48637,110377,48638,48635,48591,37408,149397","331,111,446,143","Electronic Arts (EA) has evolved its capital allocation strategy regarding share repurchases over recent years. In August 2022, EA’s Board of Directors authorized a stock repurchase program of up to $2.6 billion. Under this program, EA repurchased approximately 10 million shares for about $1.3 billion during the fiscal year ended March 31, 2024. This program was terminated in May 2024 and replaced by a new, larger repurchase program. In May 2024, EA’s Audit Committee (delegated by the Board) authorized a new stock repurchase program allowing for up to $5.0 billion in share repurchases, set to expire on May 9, 2027. Repurchases may occur in the open market or through privately negotiated transactions, depending on factors such as price, capital availability, regulatory requirements, alternative investment opportunities, and other market conditions. The company is not obligated to repurchase a specific number of shares, and the program can be modified, suspended, or discontinued at any time. This progression reflects EA’s increasing commitment to returning capital to shareholders and flexibility in managing its capital allocation based on market and business conditions."
1152079d,Impact of INCY competition on revenue growth & profitability in the short vs long-term.,"84291,84390,84399,84246,84018,84281,61167,19502,84247,21751","250,180,66,60","Based on the provided information, Incyte's revenue growth and profitability are highly dependent on the continued sales of its commercialized products, particularly JAKAFI, which is a substantial source of product revenue. The company recognizes that it must develop and commercialize new products to achieve revenue growth and to offset losses that could occur when products lose exclusivity or when competing products are launched. In the short term, competition—especially from new or generic entrants—could impact Incyte’s revenue growth and profitability by reducing sales of its leading products as exclusivity periods end or as alternative therapies become available. This could create immediate pressure on revenues and profit margins. In the long term, Incyte's ability to sustain or increase revenue growth and profitability will rely on its capacity to successfully develop and commercialize new products. If it cannot offset the revenue lost to competition with new products or if competitive pressures intensify, the company may experience slower growth or declining profitability over time. In summary: Competition poses a risk to Incyte’s revenue growth and profitability both in the short and long term, with the short term affected by immediate loss of exclusivity or product competition, and the long term dependent on the success of new product development and commercialization to replace lost revenues."
f5ae5eff,"Acquisitions, jobber/multi-store integr., consolid., div., pos. for ORLY.","114611,36388,114533,36387,114629,71663,114659,8911,114634,30643","108,210,29,342,93","O’Reilly Automotive, Inc. (ORLY) has pursued acquisitions as part of its growth and consolidation strategy. As of December 31, 2023, O’Reilly operated 6,095 stores in 48 U.S. states and Puerto Rico, and 62 stores in Mexico. In December 2023, O’Reilly announced a definitive stock purchase agreement to acquire Groupe Del Vasto, an auto parts supplier headquartered in Montreal, Quebec, Canada; this acquisition was completed in January 2024. This move demonstrates O’Reilly’s ongoing efforts in consolidation and expansion through acquiring multi-store operators and jobber businesses. O’Reilly’s business model is positioned to serve both do-it-yourself (DIY) and professional service provider customers, leveraging its dual market strategy. The company’s stores offer an extensive range of automotive parts and services, supported by a robust distribution system capable of same-day or overnight delivery of hard-to-find items. In terms of positioning, O’Reilly is managed as a single operating segment focused on product sales. The company’s capital strategy supports store enhancement, new store openings, strategic acquisitions, and distribution expansion, positioning it strongly in the automotive aftermarket industry for continued consolidation and growth (see Chunks 3, 7, and 9)."
ef08b83f,Legal risk mgmt BRK insurance reinsurance.,"90059,99325,23617,23847,23455,105362,23612,39814,23613,155266","71,296,267,464,118,314","Berkshire Hathaway's insurance and reinsurance businesses are subject to significant legal risk management requirements. These businesses operate globally and are regulated by authorities in each jurisdiction where they are licensed. In the U.S., state regulators primarily focus on monitoring the financial condition of insurers, which includes oversight of legal and compliance risks (Chunk 5). Berkshire Hathaway's insurance companies must manage risks related to potential adverse legal and judicial rulings, particularly because they write significant levels of workers’ compensation, commercial, and professional liability insurance, which are subject to high severity and long claim-tails (Chunk 7, Chunk 9). This means that ultimate claim liabilities could be greater than anticipated due to changes in the legal environment. The company competes on the basis of reliability, financial strength, financial ratings, underwriting consistency, service, business ethics, price, and policy terms, all of which are influenced by effective legal risk management practices (Chunk 5). Regulatory oversight and compliance with applicable laws are ongoing aspects of their legal risk management framework. In summary, Berkshire Hathaway manages legal risks in its insurance and reinsurance operations through regulatory compliance, monitoring and managing claim liabilities, and maintaining strong underwriting and business ethics practices."
aa94d53c,HD's legal proceedings impact on financials mgmt. justification.,"72137,72139,72140,72038,52671,71931,134399,72121,47980,72060","400,154,211,141",I cannot find sufficient information in the provided documents to answer this question.
8ac481e8,ServiceNow InQuisient litigation fin. impact.,"108376,108375,108194,99200,39464,153931,158577,115220,108193,88949","324,295,263,459,116,344,473","The litigation between ServiceNow and InQuisient was resolved in December 2024 through a confidential settlement agreement for an immaterial amount. ServiceNow does not believe the ultimate resolution of this or other similar proceedings is likely to result in a material loss, and the settlement had no material financial impact on the company."
0d6a8f28,Impact of FAST repurchase auth non-expiring as of 12/31/23 - ticker in last position.,"58400,58402,58399,58401,58298,61813,58297,76875,105741,86570","256,226,171,181,316","As of December 31, 2023, Fastenal Company (ticker: FAST) had a remaining authority to repurchase 6,200,000 shares of its common stock under the share repurchase authorization dated July 12, 2022. This authorization does not have an expiration date, meaning the company can repurchase shares at its discretion without a time constraint. During the last three months of 2023, no shares were repurchased, and the full amount of the authorization remained available. The non-expiring nature of the authorization gives Fastenal flexibility in timing and executing share buybacks based on market conditions and corporate priorities."
33a82061,"EAT liquidity facilities in funding ops, capex, M&A.","66088,12631,119761,12738,47221,12513,89863,23225,91071,110830","358,39,70,266,139,332,270,191",I cannot find sufficient information in the provided documents to answer this question.
a1340975,"Constellation Brands manages dilution from share repurchases effectively in its equity comp plans, STZ.","140002,139948,140139,140058,139991,38480,139896,88158,140052,139938","416,114,261","The provided documents do not contain sufficient information to determine whether Constellation Brands specifically manages dilution from share repurchases in its equity compensation plans. The documents discuss the company's equity compensation plans, including the types of awards granted and vesting schedules, as well as general information about share repurchase programs and their potential impact on shareholder value. However, there is no direct information on how the company manages or offsets dilution resulting from equity compensation through share repurchases."
c9c85bc0,Match Group's ops discontinuation impacts diluted EPS & earnings consistency over 3 yrs.,"105678,105645,63160,105646,286,105567,102935,105592,87470,105616","2,259,306,184,315","Over the three years ended December 31, 2021 to 2023, Match Group reported some impact from discontinued operations on diluted earnings per share (EPS) and earnings consistency: - In 2021, there was a small positive contribution from discontinued operations: diluted EPS from discontinued operations was $0.00. - In 2022, there was a minor negative impact: diluted EPS from discontinued operations was $(0.01). - In 2023, there was no impact: diluted EPS from discontinued operations was $0.00. This indicates that the effect of discontinued operations on diluted EPS was negligible in 2021 and 2023, and only slightly negative in 2022. In terms of overall earnings consistency, net earnings attributable to Match Group, Inc. shareholders and diluted EPS have increased over the three-year period: - 2021: Net earnings $277.7 million, diluted EPS $0.93 - 2022: Net earnings $361.9 million, diluted EPS $1.24 - 2023: Net earnings $651.5 million, diluted EPS $2.26 Thus, the operations discontinuation had only a minor effect on diluted EPS, and overall earnings and EPS have shown consistent growth and improvement over the period."
8fa98b3b,Non-op impact on margins risk growth FY24 MDT.,"99085,47980,99037,63261,15782,30515,99038,19481,23873,99083","295,72,141,49,184,60,93",I cannot find sufficient information in the provided documents to answer this question.
91d50c4f,Distribution sales reliance at Builders FirstSource (BLDR) raises op risk & cash flow implications stemming from low installation rev.,"17773,17548,17554,17549,17677,17643,152306,17589,45742,17595","136,54,455","Builders FirstSource (BLDR) recognizes a majority of its $17.1 billion in consolidated net sales for 2023 from distribution sales, which primarily involve the sale and resale of building products rather than the provision of installation services. Revenue from these distribution sales is recognized at the point of delivery, and payment is generally received shortly after the sale (Chunk 5). This reliance on distribution sales, as opposed to higher-margin installation or value-added services, introduces certain operational risks and cash flow implications: - Operational risk arises because distribution sales are heavily influenced by external factors such as the volatility of building product prices, intense industry competition, cyclical demand in homebuilding, and customer production schedules (Chunk 8). These factors make it difficult to project consistent operating results and cash flows, increasing the unpredictability of the business. - The industry’s competitive pricing pressures, particularly from large homebuilders, can limit BLDR’s ability to pass on price increases, potentially squeezing margins when relying mainly on distribution sales (Chunk 10). - Because payment terms are generally short, cash flow is not significantly delayed after sales, but the variability in sales volumes and margins—due to factors like fluctuating demand and pricing pressure—can lead to inconsistent cash flows over time (Chunks 5, 8, 10). In summary, BLDR’s significant reliance on distribution sales, with comparatively lower installation revenue, exposes the company to greater variability in operating results and cash flows due to external market pressures, competitive pricing, and product price volatility, all of which are key components of operational risk."
03b6872f,Impact on risk mgmt. & financial rptng from NCLH TESS/Audit oversight & CISO updates.,"109295,109296,109294,109392,33382,44907,150239,108694,109387,85954","449,101,133,326,328,254","Norwegian Cruise Line Holdings Ltd. (NCLH) has established oversight of data protection and cybersecurity through its Technology, Environmental, Safety and Security (TESS) Committee and the Audit Committee of its Board of Directors. The TESS Committee oversees programs and policies related to data protection and cybersecurity, receiving updates from the Chief Information Security Officer (CISO) at least annually, or more frequently as needed. The Audit Committee also receives at least annual updates from the Chief Information Officer and/or CISO regarding cybersecurity and other information system compliance matters that could pose risks to financial reporting or operations. This governance structure integrates cybersecurity into the company's risk management framework by ensuring that key committees are regularly informed about risks and compliance issues. The CISO, who has extensive experience and relevant certifications, leads overall data security and risk reduction efforts, including compliance, training, and the security of applications, networks, and systems. NCLH reports that it is not aware of any risks from cybersecurity threats, including from past incidents, that have materially affected or are reasonably likely to materially affect its business strategy, results of operations, or financial condition. Expenses from cybersecurity incidents have been immaterial. This suggests that the oversight and regular updates provided by the TESS and Audit Committees, as well as the expertise of the CISO, contribute to effective risk management and help minimize any adverse impacts on financial reporting."
a40b3fb0,Impact of high common stock holder count on liquidity and market dynamics for JKHY.,"83999,104310,83902,125316,83901,161305,83854,83822,83830,83864","249,482,375,311","Jack Henry & Associates, Inc. (JKHY) reported approximately 344,699 holders of its common stock as of August 15, 2024 (Chunk 5). A high number of stockholders typically contributes positively to liquidity, as it often leads to a larger pool of potential buyers and sellers, making it easier to transact shares without significantly affecting the stock price. This can result in tighter bid-ask spreads and more stable pricing. Regarding market dynamics, a broad stockholder base can make the stock less susceptible to price manipulation by any single investor or small group, fostering a more stable and efficient market for the shares. Furthermore, high liquidity may attract institutional investors and can support consistent trading volumes on the Nasdaq Global Select Market, where JKHY is listed (Chunk 5, Chunk 8). However, the provided documents do not discuss any negative impacts or detailed specific effects of high common stockholder count on JKHY's liquidity or market dynamics beyond these general implications."
0dbaf98d,"2023 op exp breakdown for Westinghouse Air Brake: SG&A, engineering, ticker, amortization.","156826,32534,156747,61597,156746,114834,156745,129830,156714,32535","100,388,180,468,343","For the year ended December 31, 2023, the operating expense breakdown for Westinghouse Air Brake Technologies Corporation (Wabtec) is as follows (in millions): - Selling, General and Administrative (SG&A) expenses: $1,139 - Engineering expenses: $218 - Amortization expense: $321 The ticker for Westinghouse Air Brake Technologies Corporation is WAB. (Source: Chunk 5)"
efe884cc,"Transparency in finance roles at Invitation Homes impacts profitability, INVH.","80910,80911,80660,80653,80700,80659,80656,37294,80913,109558","329,111,239",I cannot find sufficient information in the provided documents to answer this question.
63d1f728,Legal contingencies trends & future impact analysis for NetApp.,"122110,110088,35166,110090,111821,110089,109983,110048,134843,110058","105,330,334,367,402",I cannot find sufficient information in the provided documents to answer this question.
bec34c30,Tech/mobility investments by PAYX drive competitive edge & cost efficiencies.,"4814,36636,115306,115264,11280,115320,49618,36635,69400,83837","35,249,203,109,18,146,345","Paychex (PAYX) drives its competitive edge and cost efficiencies through significant investments in technology, particularly in advanced data analytics, artificial intelligence (AI), and its proprietary Paychex Flex® platform and mobility applications. These investments enable the company to maximize efficiency and functionality for clients, help small-to-medium sized businesses with integrated HR, payroll, benefits, and insurance solutions, and set Paychex apart from competitors. Leveraging large and growing data sets for AI and data analytics further strengthens their offerings, supporting both client growth and operational cost efficiency. Over half of Paychex's revenues come from solutions beyond payroll processing, reflecting the impact of their tech and mobility investments on expanding their market share and share of wallet with clients."
02037b95,"Diversity in TT execs drives strategic value creation for the company, TT.","24183,110446,73086,154987,90105,57872,63607,129150,147020,87625","387,260,73,170,267,332,441,464,215,185",I cannot find sufficient information in the provided documents to answer this question.
73531f36,Leadership roles at TROW impact profit & cap allocation.,"145506,145491,94208,145509,21751,145622,110377,145502,50291,145492","66,331,147,436,280","The provided documents do not specify the individual leadership roles at T. Rowe Price (TROW) or directly connect specific leadership actions to profit and capital allocation. However, they do indicate that T. Rowe Price’s leadership focuses on maintaining a strong corporate culture, delivering long-term investment performance, and world-class client service, which collectively contribute to strong operating results and profitability (Chunk 2, 4, 10). In terms of capital allocation, the documents state that T. Rowe Price has a disciplined approach, using liquidity for regular dividends and share repurchases, funded by cash balances and operating cash flow (Chunk 6). The company also reviews acquisition and venture opportunities to maintain and enhance its competitive position (Chunk 4). While human capital and leadership are described as central to the firm's success—through talent development, succession planning, and diversity initiatives (Chunk 4)—the documents do not provide details on how specific leadership roles directly impact profit or capital allocation decisions. In summary: Leadership at T. Rowe Price fosters a culture that supports strong financial performance and prudent capital allocation, but there is no detailed description of how individual roles specifically impact profit and capital allocation in the provided documents."
632f159a,Contract progress input metrics for Jabil.,"85161,85039,85038,85162,5567,85117,82529,85118,85198,15309","19,252,244,47","Based on the provided context, Jabil uses several key performance indicators (KPIs) to assess contract progress and operational performance. These include: - Sales cycle: Measures how quickly manufacturing services are converted into cash through sales. It is calculated as the sum of days in accounts receivable and days in inventory, less days in accounts payable. - Inventory turns (annualized): Calculated as 360 days divided by days in inventory, indicating how frequently inventory is sold and replaced over a year. - Days in accounts receivable: The average number of days it takes to collect payment after a sale. - Days in inventory: The average number of days inventory is held before being sold or used. - Days in accounts payable: The average number of days it takes to pay suppliers. These metrics help Jabil track contract progress by monitoring liquidity, working capital requirements, and the efficiency of converting manufacturing activities into revenue and cash flow."
31184bc1,"Segmentation of LT debt interest & maturity for NSC, ticker at the end.","116230,116229,85759,52001,137098,116290,84835,113104,116320,112783","408,337,338,152,251,348,253","Based on the provided context, the segmentation of long-term debt (LT debt) interest rates and maturities for ON Semiconductor Corporation (formerly National Semiconductor Corporation, NSC; ticker: ON) as of December 31, 2023, is as follows (all amounts in millions): - Revolving Credit Facility due 2028: $375.0 at 6.71% interest - 0.50% Notes due 2029: $1,500.0 at 0.50% interest (interest payable March 1 and September 1) - 0% Notes due 2027: $804.9 at 0% interest (interest payable March 1 and September 1) - 3.875% Notes due 2028: $700.0 at 3.875% interest (interest payable March 1 and September 1) Recently terminated/paid off (2023): - Revolver due 2024: $0 (previously $500.0 at 5.67%) - Term Loan ""B"" Facility due 2026: $0 (previously $1,086.0 at 6.42%) - 1.625% Notes due 2023: $0 (previously $137.3 at 1.625%, repaid in 2023) Net long-term debt (after discounts and issuance costs, including current maturities): $3,336.6 Net long-term debt (excluding current maturities): $2,542.6 Ticker: ON If you need a detailed maturity schedule or further breakdown, please specify."
9cd38954,Net inc. & rev. % change from 2021-2023 reflects profitability & cost efficiency for Aon (AON).,"48390,11521,11714,11531,11559,11522,11716,11527,11557,11528","36,142","From 2021 to 2023, Aon's financial results show both revenue growth and relatively stable net income, with some indicators of strong profitability but also rising costs that have moderated operating margins. - Revenue increased by 7% in 2023 compared to 2022, rising by $897 million to $13.4 billion. The organic revenue growth rate was 7% in 2023, compared to 6% in the prior year period. While the documents do not specify the 2021 revenue, the consistent growth trend is indicated. - Net income was $2.6 billion in 2023, which is a decrease of $18 million (1%) from 2022, and a decrease of $25 million attributable to Aon shareholders. This suggests that net income has remained essentially flat over the 2022-2023 period, with only a slight decline. - Operating expenses increased by 9% ($781 million) in 2023 compared to 2022, driven by growth-related expenses, legal settlement charges, and restructuring costs. - Operating margin decreased from 29.4% in 2022 to 28.3% in 2023, indicating a modest decline in profitability relative to revenue due to higher costs. - Diluted earnings per share increased by 3% to $12.51 in 2023, up from $12.14 in 2022, showing improvement in per-share profitability despite flat net income, likely due to share repurchases. In summary, Aon demonstrated strong revenue growth and maintained high net income from 2021 to 2023, but increasing operating expenses have led to a slight decrease in operating margin. This reflects solid topline growth and cost efficiency efforts, but also highlights the impact of rising costs on overall profitability."
93c46d80,"Judgment calls on ICE revenue recognition estimates affect FP during contract renewals/restructuring, ICE.","83473,83215,83413,83366,108533,55788,50631,83216,83396,81465","164,325,241,148,247",I cannot find sufficient information in the provided documents to answer this question.
3aeadfbc,"MTCH's litigation exp., contingent liabs. affect profitability & cap allocation.","105479,117074,81811,103157,32644,83034,21751,88946,110377,94313","66,100,263,331,242,307,246,280,315,351",I cannot find sufficient information in the provided documents to answer this question.
72265591,"Impact of AVY sanction order on legal costs & risk profile, with RFID alternatives considered.","12228,12225,5072,12100,42267,71298,161014,12229,47980,71297","481,38,141,209,18,125","The sanction order against Avery Dennison (AVY) in the Adasa litigation was revised by the district court on January 25, 2024, lowering the sanction from approximately $20 million to approximately $5.2 million, which aligned with the amount already accrued by AVY. As of December 30, 2023, AVY’s total contingent liability for this matter stood at $82.9 million, and the company continues to appeal recent decisions. The legal costs associated with this case are significant, but AVY believes that, based on current information, the resolution of legal proceedings—including this sanction—would not be material to its overall financial position, results of operations, or cash flows, either individually or in aggregate. In terms of risk profile, the company acknowledges the uncertainties of litigation and the possibility that future expenses could exceed current accruals; however, it is unable to reasonably estimate a potential range of additional expenses at this time. AVY also notes that additional lawsuits and claims could arise in the future, but any impact would be assessed as they occur. To mitigate risk related to the disputed RFID technology, AVY has largely completed its migration to alternative encoding methods for its RFID tags. This shift should reduce future exposure to similar legal risks associated with the Adasa patent dispute, potentially lowering future legal costs and improving its risk profile regarding RFID intellectual property litigation."
0afad95e,CNC impact & classification of state tax & payment revenue.,"25965,31851,97635,74065,47980,20695,152630,112768,20781,42604","98,291,456,77,141,337,218,125,63",I cannot find sufficient information in the provided documents to answer this question.
94d9c7ca,Employee growth multiplier for PAYC vs expected target.,"34349,115320,118009,115321,141831,117933,147972,117934,34351,115325","353,423,103,345,444","Based on the provided context, Paycom Software, Inc. (PAYC) has experienced significant employee growth as a result of its revenue growth and geographic expansion. Specifically, from January 1, 2020, through December 31, 2023, PAYC reports a compound annual growth rate (CAGR) of 23% in total revenues. This growth has driven increases in employee headcount, as stated: ""Specifically, our revenue growth and geographic expansion drive increases in our employee headcount, which in turn precipitates increases in (i) salaries and benefits, (ii) stock-based compensation expense and (iii) facility costs..."" ([Chunk 6]/[Chunk 8]) However, there is no explicit ""employee growth multiplier"" or specific numerical target for employee growth mentioned in the provided context. The information clearly establishes a strong correlation between PAYC's revenue growth and employee growth, but does not state an expected target multiplier for employee growth. I cannot find sufficient information in the provided documents to answer this question with a specific employee growth multiplier or expected target for PAYC."
c7efd5b0,"Impact on valuation risk from Genuine Parts liability estimate uncertainty is significant, GPC.","69214,11211,155199,84503,9668,155188,47980,131518,90038,103141","35,201,393,267,141,464,307,251,31",I cannot find sufficient information in the provided documents to answer this question.
a8b1f59c,12/31/23 vs COP LTD 2022,"169168,39321,169167,30722,33512,128627,138643,67080,33513,145417","384,195,101,497,435,116,93,414",I cannot find sufficient information in the provided documents to answer this question.
329da134,Audit cmte overseeing cybersecurity at LRCX to mitigate financial risks.,"167707,154370,92279,12112,75100,151197,84678,93929,152264,92274","452,38,455,461,495,274,279,251,221","At Lam Research Corporation (LRCX), the Audit Committee plays a key role in overseeing cybersecurity to help mitigate financial risks. The Audit Committee is responsible for reviewing and monitoring the company’s cybersecurity and information security policies, as well as its internal controls relating to cybersecurity and information security. The Committee receives regular reports from the Chief Information Security Officer (CISO) on information security risks—at least quarterly to the Audit Committee and at least annually to the Board. The Audit Committee also reports to the Board on the substance of its reviews and recommends actions as necessary. Through this oversight structure, the Audit Committee helps ensure that cybersecurity threats and incidents are managed appropriately, thereby supporting the mitigation of potential financial risks to the company (Chunk 10)."
8b020fa8,"Allegion plc, analyze LT debt trend for 2022-2023 & assess leverage impact.","2761,48390,2804,2803,85759,2799,163025,2724,8267,2802","485,11,142,27,253","From the provided information, Allegion plc’s long-term debt (after deducting the current portion) was $2,081.9 million at the end of 2022 and decreased to $1,602.4 million at the end of 2023. This represents a reduction in long-term debt of approximately $479.5 million over the year. The total borrowings outstanding (before discounts and debt issuance costs) were $2,106.7 million in 2022 and $2,025.1 million in 2023, indicating the company has been paying down its debt. This decline in long-term debt reduces Allegion’s leverage, which generally improves its credit profile and reduces risk for lenders and investors. Additionally, the company remained in compliance with all debt covenants as of December 31, 2023. In summary, Allegion plc’s long-term debt decreased significantly from 2022 to 2023, reducing leverage and potentially strengthening its financial position."
2a44ae07,VTRS directors' backgrounds impact on growth & comp positioning.,"160511,160520,160715,160692,28593,160658,14406,160727,129587,160734","480,388,44,87",I cannot find sufficient information in the provided documents to answer this question.
037b46e9,Liquidity safety for FDIC insured deposits SCHW.,"125316,136727,168871,136492,145801,136510,136890,136670,114111,136671","497,341,437,407,375","Charles Schwab manages liquidity safety for FDIC insured deposits through several measures: - Schwab’s primary funding source for interest-earning assets is uninvested client cash balances, which are held on the balance sheet or swept to deposit accounts at partner depository institutions (such as TD Bank entities) under insured deposit agreements. These sweep arrangements qualify for the FDIC’s “primary purpose exception,” ensuring continued FDIC insurance coverage for client funds placed in these accounts (Chunks 4, 6, 7). - To support liquidity, Schwab maintains cash and highly liquid investments—including money market funds, U.S. Treasury securities, and overnight cash deposits—to meet daily and unexpected funding needs (Chunks 2, 10). - Schwab also conducts regular liquidity stress testing and maintains contingency funding plans to ensure sufficient liquidity under both normal and stressed conditions, helping to safeguard the safety of client assets, including insured deposits (Chunks 8, 10). - The company is subject to regulatory requirements, including those from the FDIC, which oversees the rules related to deposit insurance and brokered deposits, and monitors compliance to protect client deposits (Chunks 4, 6). Overall, Schwab’s approach is designed to maintain liquidity and regulatory compliance, thereby providing safety for FDIC insured deposits."
1023e5b0,DexCom’s intl workforce % and global talent diversity stats.,"52882,52884,52887,52812,458,52881,52811,52885,53085,53131","3,155","As of December 31, 2023, DexCom had approximately 9,600 employees globally, with 3,800 of those employees located internationally. This means about 40% of DexCom's workforce is international (3,800 out of 9,600). Regarding talent diversity, among DexCom’s full-time U.S. employees, approximately 64% are ethnically diverse. The company also emphasizes fostering a diverse, inclusive, and engaging culture, with ongoing diversity, equity, and inclusion (DEI) initiatives and support for global and local employee resource groups to promote a sense of belonging throughout the organization."
5039b6f2,"How does IVZ's global team along with its investment capabilities ensure consistent cash flow and long-term growth for its portfolio, IVZ?","83048,82822,148012,82830,40207,82821,162798,82819,114800,82823","485,118,246,444,343","Invesco (IVZ) leverages its globally diverse team and broad investment capabilities to drive consistent cash flow and long-term growth for its portfolio in several ways: 1. Global Presence and Diverse Talent: With approximately 8,500 employees across more than 20 countries, Invesco can meet the diverse needs of investors worldwide and respond effectively to global market opportunities and challenges. The company emphasizes attracting and developing high-performing, diverse talent aligned with business outcomes, fostering an inclusive culture that supports better decision-making and innovation (Chunk 8, Chunk 10). 2. Broad Investment Capabilities: Invesco manages investments across a wide range of asset classes, including equity, fixed income, balanced, alternatives, and money market products. This breadth allows the firm to offer multiple investment objectives and adapt to changing client demands and market conditions, which supports stable and diversified revenue streams (Chunk 8, Chunk 10). 3. Focus on Long-Term Performance and Client Outcomes: The company prioritizes long-term investment performance and high-quality client service, aiming to generate competitive investment results, positive net flows, and increased assets under management (AUM) and revenues. By monitoring performance against industry benchmarks and client objectives, Invesco ensures its offerings remain relevant and attractive (Chunk 8). 4. Unified and Efficient Operations: Invesco operates as a single, integrated investment management segment, allowing for efficient resource allocation and streamlined decision-making. This unified approach enhances the firm’s ability to maintain well-performing investment capabilities and consistent cash flow (Chunk 10). 5. Risk Management: The company embeds risk management into day-to-day operations and strategic planning, supporting resilience during market volatility and ensuring disciplined stewardship of firm resources (Chunk 4). 6. Innovation and Adaptation: Invesco invests in new technologies, data analytics, and product innovation to stay ahead of industry trends, address client needs, and access high-growth markets. This adaptability is key to sustaining long-term growth (Chunk 6, Chunk 2). In summary, Invesco’s global team, diverse investment capabilities, disciplined risk management, and client-focused strategy collectively support consistent cash flow and long-term growth for its portfolio."
caf1835d,Mgt confident in Q4 buyback strategy for CTSH.,"36285,39240,39229,37407,39236,39314,37435,104546,62337,39363","107,111,116,182,312",I cannot find sufficient information in the provided documents to answer this question.
0de4513f,"Investor sentiment, stock performance, and UHG's Q4 share repurchase strategy.","32504,149782,64767,149791,149905,81971,10503,149790,14778,78408","448,33,100,231,46,242,188","Based on the provided context: - Investor sentiment can be influenced by unfavorable ESG ratings, diversion of resources, increased costs related to ESG metrics, and adverse impacts on stock price (Chunk 1). - UnitedHealth Group (UHG) stock performance over the five-year period ending December 31, 2023, shows a cumulative total return that outperformed the S&P Health Care Index and the Dow Jones US Industrial Average Index, and was comparable to the S&P 500 Index (Chunk 2). Specifically, an investment of $100 in UNH stock in December 2018 would have grown to $227.65 by December 2023, compared to $172.99 for the S&P Health Care Index and $207.21 for the S&P 500 Index. - UHG reported strong financial performance in 2023, with a 15% increase in consolidated revenues, 14% higher earnings from operations, and a 13% increase in diluted earnings per share to $23.86. Return on equity was 27.0% (Chunks 4 and 8). - Regarding share repurchase strategy for Q4, there is no specific mention of UnitedHealth Group’s Q4 2023 share repurchase activity or strategy in the provided context. The available excerpts discuss share repurchase strategies and authorizations for other companies (such as Humana and HWM), but do not contain details about UHG’s Q4 share repurchases. In summary: Investor sentiment and ESG factors can impact UHG’s stock price. UHG’s stock performance has been strong over the last five years, with significant growth in shareholder value and key financial metrics in 2023. However, there is not enough information in the provided documents to describe UHG’s specific Q4 share repurchase strategy."
19366a7d,PHM's legal risk disclosure may influence analysts' outlook.,"120510,120399,41224,120455,120533,120563,120578,120544,120406,120395","361,121","PulteGroup (PHM) discloses that it is involved in various legal and governmental proceedings incidental to its ongoing business operations, many of which involve claims related to construction defects. The company states that, after consulting with legal counsel and considering insurance and reserves, it does not expect these matters to have a material adverse impact on its results of operations, financial position, or cash flows. However, it also notes that if the liability from resolving any matter exceeds its estimates and recorded reserves, additional charges could occur and may be significant. This disclosure of potential but currently unquantified legal risks may influence analysts' outlook by introducing some uncertainty regarding future financial outcomes, especially if any legal liabilities were to significantly exceed reserves. Nonetheless, PHM asserts that at present, these risks are not expected to materially affect its financial health."
8d382a39,"Total non-op income for Jan 28, 2024, & its impact on financial resilience for NVDA.","111901,111926,111899,111979,111933,145110,111934,111766,111888,111796","434,334","For the year ended January 28, 2024, NVIDIA reported total non-operating income, net, of $846 million. This figure is derived from interest income of $866 million, interest expense of $(257) million, and other income, net, of $237 million (see Chunk 5). The positive non-operating income contributes to NVIDIA's financial resilience by increasing overall net income. It reflects effective management of investments and financing activities, providing the company with additional earnings beyond its core operations, which can help buffer against operational risks and support ongoing investments or shareholder returns."
0cd962f2,HST luxury/upper upscale mix vs lower-tier margin impact.,"74804,74665,77068,77075,74664,74803,74670,77050,74687,77089","227,220","Host Hotels & Resorts (HST) primarily owns upper upscale and luxury hotels, with properties under brands such as Marriott, Ritz-Carlton, St. Regis, W, Luxury Collection, Curio by Hilton, Embassy Suites by Hilton, Hilton, Hyatt Regency, and more. According to the portfolio breakdown, approximately 99% of HST’s revenues come from hotels considered upper upscale or luxury, with only about 1% of revenues from lower-tier hotels (Chunk 3). The focus on upper upscale and luxury hotels means that HST’s performance and margins are best understood in comparison to these categories, rather than the entire hotel industry (Chunk 8). Typically, luxury and upper upscale hotels have higher margins compared to lower-tier hotels, as they can command premium rates, offer enhanced amenities, and attract a customer base less sensitive to economic downturns. Therefore, HST’s minimal exposure to lower-tier hotels supports higher overall margins for the company, as the luxury and upper upscale mix generally allows for better pricing power and profitability relative to lower-tier properties."
b7959052,Impact of Booking Holdings revenue mix on competitive positioning vs integrated search/mobile players TICKER.,"19033,95706,68661,3597,164645,58548,29147,58547,105483,19038","199,492,172,14,315,89,59,286","Booking Holdings’ revenue mix, which is heavily weighted toward agency revenues from accommodation reservations (mainly through Booking.com), as well as advertising and other revenues from KAYAK (metasearch/referral) and OpenTable (restaurant reservations), is central to its competitive positioning. This diversified revenue base allows Booking Holdings to focus on innovation, comprehensive consumer choice, and seamless user experience across devices, including mobile apps—which are increasingly important as more room nights are booked via mobile. The company’s commitment to technology and platform integration, including personalized and easy-to-use online services, strengthens its ability to compete with integrated search and mobile players like Google, which prioritize their own travel search products and metasearch offerings (see Chunks 8 and 10). By combining direct booking, metasearch (KAYAK), and ancillary services (OpenTable), Booking Holdings can offer a more comprehensive and seamless travel experience, providing value through competitive prices, loyalty programs, and informative content. This multi-channel approach helps Booking Holdings defend its market position against integrated search/mobile players that leverage large user bases and sophisticated mobile/search technologies to attract travelers (Chunk 8). In summary, Booking Holdings’ revenue mix supports its strategy to provide end-to-end travel solutions and robust digital experiences, which is key to maintaining a strong competitive position against integrated search and mobile-first competitors."
114821a1,Difference in comp-to-rev ratio for AJG: brokerage vs. risk mgmt.,"5043,5041,4941,4816,4817,4934,4801,5036,5176,4802",18,"For Arthur J. Gallagher & Co. (AJG) in 2023, the compensation-to-revenue (comp-to-rev) ratio was 55% for the brokerage segment and 60% for the risk management segment. This means that, relative to segment revenues, the risk management segment had a higher proportion of compensation expenses compared to the brokerage segment."
d2d0a22b,Details on share repurchase for Hess (HES) in 2023.,"149397,73435,149457,73371,68757,73370,105574,43668,27667,73567","129,199,84,216,315,446","In 2023, Hess Midstream completed two underwritten public equity offerings totaling approximately 24.3 million Hess Midstream Class A shares held by affiliates of Hess and GIP. These Class A shares were obtained by Hess and GIP through the exchange of 24.3 million of their Class B units of HESM Opco. During the year, HESM Opco repurchased an aggregate of approximately 13.6 million HESM Opco Class B units in multiple transactions from affiliates of Hess and GIP for total proceeds of $400 million. The unit repurchases were financed by borrowings under HESM Opco's revolving credit facility."
8d384918,Impact of TT cybersecurity integration on strategic planning & capex for long-term growth.,"146976,146978,144806,158871,116688,131070,109612,114800,144529,168060","392,329,432,433,496,343,441,474,350","The integration of cybersecurity at TT (as described in the provided context) has a direct impact on strategic planning and capital expenditures (capex) for long-term growth in several ways: - Cybersecurity requirements are embedded into the operating environments of business and corporate groups, which influences business strategies, budgeting, and related processes. - Senior and executive management, along with the Board of Directors, regularly review financial planning processes, including those for cybersecurity programs. This ensures that cybersecurity considerations are factored into long-term strategic and financial decisions. - The Enterprise Risk Intelligence Committee (ERIC) and the Enterprise Cybersecurity Governance Committee provide oversight and guidance, integrating cybersecurity risk intelligence into key business processes such as strategic planning, business forecasting, operational management, and investment allocation. This ensures that risks, including cybersecurity, are consistently considered in decision-making processes related to long-term growth. - Regular internal assessments, independent audits, and enhancements to the cybersecurity program ensure the company remains resilient to threats, which protects the business and supports sustainable growth. In summary, TT’s integration of cybersecurity into its organizational structure and processes ensures that cybersecurity is a key factor in strategic planning and capital allocation, supporting the company’s long-term growth objectives."
e5cb20c7,"APD: plant efficiency, tech perf, & svc impact on global comp?","10115,10181,10398,10106,10114,10107,168891,10178,129984,10270","32,497,389","In Air Products and Chemicals, Inc.'s global equipment business, competition is driven primarily by plant efficiency, technological performance, service, technical know-how, and price, along with schedule and plant performance guarantees. These factors are crucial in differentiating their offerings to customers worldwide, particularly in industries such as chemical and petrochemical manufacturing, oil and gas recovery and processing, and steel and primary metals processing. High plant efficiency and strong technological performance enhance the attractiveness of their equipment, while service quality and technical expertise contribute to customer satisfaction and loyalty, all of which impact their competitive position globally (see Chunks 1, 3, and 5)."
72397c9c,"Employee satisfaction (ESS) significantly impacts ops efficiency, growth, & risk.","153091,165967,56695,144989,154343,82364,168060,89426,33382,81038","101,167,457,265,461,494,496,240,434,244","Employee satisfaction (often measured through employee engagement and satisfaction surveys) is closely linked to operational efficiency, growth, and risk management in several organizations, as demonstrated in the provided context: - Organizations monitor employee sentiment and satisfaction through regular surveys, which provide valuable insights for management to improve the health, well-being, and satisfaction of employees (VICI, IQV, KLAC, TAP). - High levels of employee engagement and satisfaction help support a positive organizational culture, leading to better retention, reduced turnover, and increased average tenure, which in turn positively impacts operational efficiency (IT, IQV). - Open channels of dialogue and feedback from employees help organizations develop initiatives and action plans targeting key areas such as leadership effectiveness, business process improvement, and risk management (IT, KLAC, IQV). - Employee satisfaction initiatives, such as comprehensive benefits, development opportunities, and open Q&A sessions with executives, contribute to employees feeling supported, which enhances their productivity and commitment to the organization’s goals (VICI, TAP, KLAC, IQV). - Maintaining employee satisfaction and engagement helps reduce risks related to turnover, poor morale, and workplace safety, as organizations proactively address concerns and continually improve health and safety practices (KLAC, IQV). In summary, strong employee satisfaction enhances operational efficiency, supports organizational growth, and reduces risks by fostering a committed, healthy, and productive workforce."
9ddbe73b,Impact of Fifth Third's borrowing capacity on future growth potential: FITB.,"74043,73824,74243,73818,73748,73789,138195,73786,28013,73850","218,411,86","Fifth Third’s borrowing capacity is a key factor in supporting its future growth potential. The bank relies primarily on customer deposits as a stable and low-cost source of funding, but it also maintains access to other liquidity sources, including secured borrowing facilities through the Federal Home Loan Bank (FHLB) and the Federal Reserve Bank (FRB), as well as the ability to raise funds in the money and capital markets. This access to multiple funding channels provides flexibility to support operations, fund outstanding liabilities, and meet regulatory requirements, all of which are essential for growth. However, Fifth Third's growth potential could be adversely affected if it is unable to fund assets through deposits or access capital markets on favorable terms. If borrowing costs increase, or if the bank fails to manage liquidity effectively, it may need to raise additional capital, potentially diluting existing shareholders or reducing dividends and share repurchases to preserve capital and liquidity. Additionally, unfavorable credit ratings could further limit access to capital markets and increase borrowing costs, negatively impacting profitability and growth prospects. In summary, Fifth Third’s borrowing capacity is crucial for maintaining liquidity, supporting business operations, and enabling future growth. Any limitations or disruptions in access to funding could restrict growth opportunities and negatively impact financial performance."
e0d34d6b,Veralto Corp's (VLTO) global labor dist. union influence on op. flexibility and cost risk.,"147234,147233,154303,154048,154034,154140,93623,154063,154053,157413","442,460,470,278","Veralto Corporation employs approximately 16,000 people worldwide, with about 6,000 in North America, 5,000 in Western Europe, fewer than 500 in other developed markets, and 5,000 in high-growth markets. In the United States, fewer than 10 employees are hourly-rated, unionized employees. However, outside the U.S., particularly in Europe, many employees are represented by unions and/or works councils due to government-mandated collective bargaining arrangements and union contracts. Union influence is therefore more significant in Veralto’s operations outside the U.S., particularly in Europe. This can affect operational flexibility, as collective bargaining agreements may impose constraints on labor practices, require negotiations for changes, and potentially limit the company’s ability to rapidly adjust workforce levels or terms. Additionally, labor cost increases and labor availability constraints—such as those experienced during ongoing global supply chain disruptions—can increase operational costs and pose risks to profitability. While Veralto has managed to largely mitigate these pressures recently through operational strategies, the company acknowledges that ongoing labor cost increases and supply chain challenges could have adverse impacts on its business and financial statements in the future. The presence of unions and collective bargaining arrangements outside the U.S. thus remains a factor that can influence both operational flexibility and cost risk for Veralto."
d20a5e4e,PACCAR's interest inc. recognition on extended payment rec. boosts profitability.,"116374,116449,47037,116497,135067,116428,21751,116460,116543,116453","66,402,139,349","PACCAR recognizes interest income on finance and contract receivables (including extended payment receivables) using the interest method. Certain loan origination costs are deferred and amortized to interest income over the expected life of the contracts, typically using the straight-line method, which approximates the interest method. This interest income is included in the Financial Services segment's revenue and contributes to overall profitability, as it represents earnings from the financing of trucks, parts, and related equipment in addition to sales revenue from the core Truck and Parts segments. Therefore, interest income recognition on extended payment receivables does provide a boost to PACCAR's profitability."
01142856,$23.9B in demand deposits against short-term liabilities impacts liquidity for Ameriprise.,"15415,15295,137341,15423,78572,15004,85764,15355,125606,775","4,232,47,375,408,253",I cannot find sufficient information in the provided documents to answer this question.
17fb67b7,Geographic dist. of Northern Trust emp. indicates regional risk exp. & growth.,"125691,122251,122347,122250,18845,122468,34063,122439,50936,122476","103,368,149,375,58","Northern Trust employed approximately 23,100 full-time equivalent employees as of December 31, 2023, with a regional distribution of 42% in Asia-Pacific, 41% in North America, and 17% in Europe, Middle East, and Africa. This geographic distribution of employees can indicate both the company’s regional risk exposure and areas of growth. A higher concentration of employees in a particular region often reflects greater business activity, client base, or operational focus there, which can correlate with increased exposure to regional economic, regulatory, and operational risks. Simultaneously, it can also signify targeted growth strategies or expanding markets in those regions."
cabb6a48,2023 & 2022 loan commitments segmentation for KeyCorp (KEY); credit exposure data.,"48390,96932,97228,97120,96842,96853,19799,96925,138245,97181","289,411,61,142",I cannot find sufficient information in the provided documents to answer this question.
70b252aa,"Uncertainty from Medtronic's legal loss could affect forecasts and valuations, MDT.","99085,99083,99012,63123,99030,90151,99205,16890,99038,98926","184,51,267,295","Uncertainty from Medtronic's legal loss, particularly regarding the unresolved U.S. tax litigation with the IRS over the allocation of income between Medtronic, Inc. and its Puerto Rico subsidiary, could materially and adversely affect the company's business, results of operations, financial condition, and cash flows. If the outcome is unfavorable, it may lead to additional charges or payments that are significantly different from current estimates, impacting financial forecasts and company valuations (see Chunks 3 and 7). The company acknowledges that an adverse outcome could have a material adverse impact, and because the final amount is uncertain, this risk introduces potential volatility in future financial performance and investor valuations."
f6a68c16,"Linde's cap allocation strategy focuses on higher ST borrowing and structured LT debt, LIN.","91680,91681,91753,91754,91658,91813,91812,91739,91814,91740",272,I cannot find sufficient information in the provided documents to answer this question.
9e2ed88d,"Litigation details for RealPage, with ticker in focus, clarify MAA's owner/operator role.","10644,10463,57936,57903,58135,38243,97513,97298,27666,10645","33,290,170,113,84","MAA (Mid-America Apartment Communities) is currently a defendant, along with other multifamily residential lessors, in lawsuits alleging that RealPage, Inc. and lessors of multifamily residential real estate, including MAA, conspired to artificially inflate multifamily residential rents above competitive levels. These cases are in the early stages and have been centralized in the Middle District of Tennessee for coordinated or consolidated pretrial proceedings. MAA is involved in these lawsuits specifically in its capacity as an owner and operator of multifamily apartment communities, which utilized RealPage’s revenue management systems. The company does not believe the litigation will have a material adverse effect on its financial condition but cannot rule out a material impact on its results of operations."
9852f9f6,Impact of DPZ on capex eff. & segment perf. via transfer pricing.,"47968,125205,5883,122986,54205,94115,70218,128500,47857,48039","383,141,206,369,20,375,279,159",I cannot find sufficient information in the provided documents to answer this question.
7520e2d6,HAL 2023 product sales rev w/ ticker vs services rev gap.,"69649,69691,69631,69635,61597,69628,111939,69695,91924,69626","273,180,204,334","I cannot find sufficient information in the provided documents to answer this question. The context does not include the specific breakdown of Halliburton's (ticker: HAL) 2023 product sales revenue versus services revenue, nor the gap between them."
ef13377c,"Multiplicative net profit margin factor for Pentair plc in 2023, TKR: PNR.","28637,121552,121712,121609,121484,121575,61597,121571,88057,121570","180,261,366,87","To calculate the multiplicative net profit margin factor for Pentair plc (ticker: PNR) in 2023, we use the formula: Net Profit Margin = Net Income / Net Sales From the context: - Net Income for 2023: $622.7 million - Net Sales for 2023: $4,104.5 million Net Profit Margin = $622.7 million / $4,104.5 million ≈ 0.1517 Therefore, the multiplicative net profit margin factor for Pentair plc in 2023 is approximately **0.152** (rounded to three decimal places)."
55574941,PG's effective tax impact on EBT & future profit in 2023.,"120012,119884,131387,119960,136215,119858,105285,119881,63253,119963","359,392,406,184,314","For fiscal year 2023, Procter & Gamble's (PG) effective income tax rate was 19.7%. This tax rate was slightly lower than the U.S. federal statutory rate of 21%, primarily due to excess tax benefits from the exercise of stock options and the foreign derived intangible income deduction, partially offset by state income taxes and other factors. The effective tax rate directly impacts Earnings Before Tax (EBT) by determining the portion of EBT that is paid as income tax, thus affecting net earnings and future profit. In 2023, PG reported earnings before income taxes of $18.4 billion and total income tax expense of $3.6 billion, resulting in net earnings of $14.8 billion. The lower effective tax rate contributed to higher net earnings and, consequently, a positive impact on profit available to shareholders. Looking forward, changes in the effective tax rate—due to geographic mix, tax benefits from share-based compensation, and other factors—will continue to influence the portion of EBT that translates into net profit, affecting PG's future profitability."
4e8f7acc,Capex in 2023 vs D&A and asset reinvestment strategy (CARR),"35751,83625,35750,91070,35711,45740,159157,149644,113233,149643","136,106,270,339,248,475,447",I cannot find sufficient information in the provided documents to answer this question.
a8371daa,Long-term valuation impact of AON regarding cybersecurity threats.,"11714,11511,139607,87703,16890,11492,91899,142018,82633,11512","36,260,424,273,51,245,415","Based on the provided information, Aon has experienced cybersecurity incidents from time to time, including computer viruses, unauthorized access, ransomware, and data loss, but these incidents have not had a material impact on its business strategy, results of operations, or financial condition to date. Aon employs a risk-based approach to cybersecurity, with oversight from its Board of Directors and Audit Committee, and has dedicated security personnel and incident response systems in place. However, the documents note that if Aon is unable to efficiently and effectively maintain and upgrade its system safeguards, it may incur unexpected costs and become more vulnerable to attacks. Incidents affecting Aon or its third-party vendors could result in regulatory scrutiny, legal liability, reputational harm, and financial loss. Additionally, the increasing sophistication of cyber threats and Aon’s global, acquisitive nature may expose it to unexpected liabilities. While no material long-term valuation impact has occurred so far due to cybersecurity threats, the risk remains that future significant incidents could negatively affect Aon's valuation through reputational damage, regulatory actions, legal costs, and operational disruptions. There is an ongoing risk that cybersecurity threats could have a negative impact on Aon's reputation, operations, sales, and operating results, which in turn could affect its long-term valuation."
cf5e5a7f,Status of legal proceedings for EPAM and potential disclosures.,"53400,52671,53270,48946,53269,52672,53230,104682,52153,100529","300,144,312,153,154,156","Based on the provided information, there are references to EPAM Systems, Inc.'s legal proceedings and related disclosures, but the specific status or details of any ongoing legal proceedings are not included in the retrieved documents. The documents mention that EPAM is subject to various U.S. and international laws and regulations, including export restrictions, economic sanctions, anti-corruption laws, and data privacy regulations, and that non-compliance could result in civil or criminal penalties (Chunk 3, Chunk 5). However, there is no explicit discussion of current legal proceedings or their status. Additionally, the table of contents from EPAM’s annual filings lists an ""EPAM Insider Trading Policy"" and various agreements and policies but does not provide details on legal proceedings (Chunk 1). In summary, I cannot find sufficient information in the provided documents to answer this question regarding the current status of legal proceedings for EPAM and any specific disclosures related to them."
25b69bd3,2023 capex for Marsh & McLennan vs historical trends & long-term asset inv. drivers; ticker at the end.,"104201,104527,104525,104520,43670,104468,43669,104467,43671,104311","129,311",I cannot find sufficient information in the provided documents to answer this question.
ad3f06e1,The impact of leadership diversity at Dayforce Inc. on talent retention and competitive positioning.,"117006,41429,41673,41522,69408,41430,55454,24183,164645,92467","163,73,203,492,275,122,351",I cannot find sufficient information in the provided documents to answer this question.
bdc4a35a,KIM faces alt retail comp for rental income profitability.,"89169,89013,164145,89207,60961,89112,21751,139198,89167,89236","66,264,489,179,413","Yes, Kimco Realty Corporation (KIM) faces competition from alternative retail channels that can impact the profitability of its rental income. As a major owner and operator of open-air, grocery-anchored shopping centers, KIM competes with other shopping centers, malls, outlet centers, and community/lifestyle centers, as well as with online retailing and catalogs. The presence of these competitive alternatives can affect the company’s ability to lease space and the rental rates it can achieve, which in turn can impact the overall profitability of its rental income. This dynamic is common across the retail real estate industry, as noted in the context provided."
61e6ea70,ARE: turnover diff & departures impact for 568 workforce.,"146748,40735,38395,58819,85290,47980,21784,127613,47662,47903","66,140,173,141,114,381,440,120,253",I cannot find sufficient information in the provided documents to answer this question.
5ca6e368,PAREM: ad rev recognition timing for audience ratings guarantees.,"157894,119427,119494,118157,81318,157844,163562,157843,114110,157893","354,357,487,241,341,471","For advertising contracts that include a guarantee to deliver a targeted audience rating or number of impressions, revenue is recognized over time based on the proportion of the audience rating or impressions delivered to the total guaranteed in the contract. If the amounts billed exceed the amount of revenue recognized, the excess is deferred until the guaranteed audience ratings or impressions are delivered. Audience ratings and impressions are determined using data from independent third-party companies. For contracts without such guarantees, revenue is recognized as each advertising spot airs and is based on the standalone selling price of each spot (see Chunk 2 and Chunk 3)."
07308ac3,Repurchase capacity for Dec23 & cap alloc impact for xyL.,"25418,108720,90027,130142,118998,164589,164489,98152,25286,116305","356,389,326,292,267,75,492,348","As of December 31, 2023, Xylem (XYL) had $182 million remaining in its share repurchase authorization. No shares were repurchased during the fourth quarter of 2023 under this program. The share repurchase program was originally authorized on August 24, 2015, allowing up to $500 million in share repurchases with no expiration date. Regarding capital allocation impact, the context notes that the program’s objective is to deploy capital in a manner that benefits shareholders and maintains a focus on growth. However, since no shares were repurchased in Q4 2023, there was no direct impact from share repurchases on capital allocation during that period. Future capital allocation decisions—including share repurchases—will depend on the company’s assessment of profitability, financial condition, capital needs, future prospects, and other relevant factors."
80465551,"HP has a significant human capital impact, driving growth & enhancing competitive positioning.","74615,74383,86835,74384,168060,74382,164645,74386,16571,151949","257,455,492,496,52,219","HP's human capital strategy is indeed a significant driver of its growth and competitive positioning. The company employs approximately 58,000 people across 59 countries, leveraging their diverse skills and perspectives to power innovation and deliver transformative solutions. HP focuses on attracting and retaining exceptional talent by offering engaging work experiences, comprehensive compensation and benefits, and prioritizing employee health, safety, and well-being. The company emphasizes ongoing learning and development, with programs tailored to critical skills such as software development, artificial intelligence, data science, and strategic thinking. HP also strives to create an inclusive workplace, regularly collecting feedback to improve employee engagement, and maintaining strong performance in internal and external engagement benchmarks. Leadership accountability for diversity, inclusion, and leadership development further supports HP’s commitment to a high-performing workforce. These efforts collectively help HP drive business growth and strengthen its competitive position in the market."
1ecb9579,UPS's investments in cybersecurity pose cost mgmt. liabilities.,"153583,153452,121275,153453,162950,129200,158577,106725,104174,87701","387,260,485,458,365,311,473,319",I cannot find sufficient information in the provided documents to answer this question.
38e0b21f,"High-growth end-use % for Eastman revenue and peer positioning, ticker at the end.","143887,52181,154141,52078,52332,52077,4933,52075,17409,52157","460,430,18,53,153",I cannot find sufficient information in the provided documents to answer this question.
7d0f1bd6,PSEG FY23 energy cost ratio vs FY22/21.,"132089,123588,136364,123589,132083,123593,132090,123692,132084,123597","394,371,406","For PSEG (Public Service Enterprise Group), the energy cost ratios for the years 2023, 2022, and 2021 are as follows: - **2023**: Energy Costs were $3,260 million on Operating Revenues of $11,237 million, yielding an energy cost ratio of approximately **29%**. - **2022**: Energy Costs were $4,018 million on Operating Revenues of $9,800 million, giving a ratio of approximately **41%**. - **2021**: Energy Costs were $3,499 million on Operating Revenues of $9,722 million, resulting in a ratio of approximately **36%**. So, the energy cost ratio decreased from 41% in FY22 to 29% in FY23, after being 36% in FY21."
7108882a,Expedia's impact on intl mkt share growth is driven by its global supply & product diff. strategies.,"47980,58432,58621,54709,424,54708,39812,58546,23140,58430","161,3,70,172,141,118","Yes, Expedia's impact on international market share growth is influenced by its strategies focused on global supply and product differentiation. The company differentiates itself from competitors through its breadth and depth of global supply, dedicated partner and traveler support, and market-leading travel technology, such as its Rapid API, white label or co-branded offerings, and Expedia TAAP agent booking tool. These strategies enable Expedia to negotiate competitive pricing with suppliers and add value for travelers, helping to grow its business in international markets. Additionally, Expedia sees international markets as large opportunities and emphasizes building a global travel marketplace, further supporting its international market share growth through these product and supply strategies."
eeda4426,TDY EPS trend analysis adj for WAS & implications on SH value.,"153966,124936,164950,48758,140225,48059,2205,39161,129830,117376","417,388,9,459,491,141,143,115,374,351",I cannot find sufficient information in the provided documents to answer this question.
2b8cb791,"Liquidity mgmt, WC changes, risk, & benefits for Lennar.","90632,125316,90392,90500,20504,90620,115893,84678,90563,128589","384,268,347,375,251,63","Liquidity Management: Lennar manages its liquidity primarily through cash generated from operations, debt issuances, investor funds, and borrowing under warehouse lines of credit and its unsecured revolving credit facility. As of November 30, 2024, Lennar had $5.0 billion in cash and cash equivalents and restricted cash, with $4.7 billion attributed to Homebuilding and no outstanding borrowings under its $2.9 billion credit facility, providing approximately $7.6 billion in available capacity (Chunk 4). Working Capital (WC) Changes: In 2024, cash provided by operating activities was $2.4 billion, positively impacted by net earnings and an increase in accounts payable and other liabilities of $380 million. However, this was offset by an increase in inventories due to Lennar's growth strategy (Chunk 4). Risk Management: Lennar manages risks through diversified activities, including homebuilding, financial services, multifamily, and investments in technology and other entities. The company reviews changes in estimated cash flows for its securities to assess impairment and ensure no other-than-temporary impairment occurs. Lennar also utilizes its vertically integrated platform to manage multifamily development and associated risks (Chunks 4 & 6). Benefits: Lennar benefits from its strong liquidity position, which allows it to finance operations, invest in growth, and respond to market opportunities. Its diversified operations generate revenues from multiple sources, including home sales, management fees, and investment gains. Strategic investments and fund interests provide additional earnings and realized/unrealized gains, supporting the company’s financial stability and capacity for future growth (Chunks 4 & 6)."
