"original_row","query_id","query","tickers","routed_documents","routing_status","chunk_ids","document_ids","final_answer","error"
"9","1377d233","Cost structure for cybersecurity at Mohawk Industries, along with its op. profitability and projected long-term impact, focusing on ticker MHK.","MHK","data\10k\converted\MHK.pdf","filename_fallback","99406,99426,99324,99372,99371,99408,99427,99396,99381,99262,99463,99304,99378,99251,99337,99393","296","I cannot find sufficient information in the provided documents to answer this question. \n\nWhile the documents mention that Mohawk Industries (ticker: MHK) maintains a robust cybersecurity program led by a Senior Director of Cybersecurity (acting as CISO) and that the program interfaces with other functions, there are no details regarding the specific cost structure for cybersecurity, its direct impact on operating profitability, or projections for long-term impact. The documents focus on financials, restructuring, and general risk management, but do not break out cybersecurity costs or quantify their effect on profitability or long-term projections.",""
"8","08d88344","Historically, inputs for variable consideration in EW rev rec include data relevant to ticker performance.","EW","data\10k\converted\EW.pdf","filename_fallback","56372,56401,56468,56440,56398,56469,56454,56399,56342,56374,56403,56453,56404,56465,56450,56464,56422","166","I cannot find sufficient information in the provided documents to answer this question. \n\nThe context describes the inputs for variable consideration in Edwards Lifesciences' (EW) revenue recognition--such as historical payment experience, historical relationship to revenues, estimated customer inventory levels, and current contract sales terms--but there is no mention of data relevant to ticker performance being used as an input for variable consideration.",""
"7","1c19438e","Capital allocation for Intuitive Surgical (ISRG) focuses on R&D & innovation vs new robotic entrants.","ISRG","data\10k\converted\ISRG.pdf","filename_fallback","88562,88561,88980,88926,88619,88560,88521,88825,88618,88886,88979,88556,88559,88541,88824,88542","263","Intuitive Surgical (ISRG) places significant emphasis on research and development (R&D) and innovation as core elements of its capital allocation strategy. The company employs engineering and R&D staff to drive future innovations and sustain improvements that align with its mission of advancing minimally invasive care (Chunks 6, 13). R&D expenses are a notable part of its operating expenses, with $1,145.3 million allocated in 2024 alone (Chunk 10).\n\nThis focus on innovation is essential for ISRG to maintain its competitive edge, as it faces increasing competition from both established companies like Johnson & Johnson and Medtronic, as well as numerous new entrants in the field of robotic-assisted medical procedures (Chunks 1, 5, 8, 9, 15). The presence of these competitors validates the market for minimally invasive surgery (MIS) and robotic-assisted surgery, but also puts pressure on ISRG to continuously innovate to demonstrate superior clinical and economic value.\n\nIn summary, ISRG allocates substantial capital towards R&D and innovation as a strategic response to the growing competition from new and established robotic entrants, aiming to sustain its leadership in the market through ongoing technological advancements and product development.",""
"3","a6960aa5","LULU's cash equivalents impact liquidity.","LULU","data\10k\converted\LULU.pdf","filename_fallback","93729,93706,93735,93732,93736,93708,93709,93705,93707,93782,93723,93734,93722,93730,93765","278","Lululemon's cash equivalents play a significant role in supporting its liquidity. The company holds substantial balances in cash and cash equivalents--$2,243,971,000 as of January 28, 2024--which are kept in interest-bearing accounts, money market funds, and term deposits with original maturities of three months or less. These highly liquid investments ensure that lululemon has readily available funds to meet its short-term working capital requirements, capital expenditures, and other strategic investments. The company believes its cash and cash equivalents, along with cash generated from operations and available borrowing capacity, are adequate to meet its liquidity needs and capital expenditure requirements for at least the next 12 months.",""
"4","d11d1cfd","The impact of TJX's cybersecurity integration on investor confidence and valuation is significant, especially concerning ticker TJX.","TJX","data\10k\converted\TJX.pdf","filename_fallback","142612,142690,142756,142613,142694,142689,142606,142779,142764,142763,142791,142687,142794,142668,142688,142747,142790","426","The provided documents do not directly discuss the impact of TJX's cybersecurity integration on investor confidence or the company's valuation. However, there is information about TJX's comprehensive cybersecurity program, including oversight by senior management and the Board of Directors, regular risk assessments, incident response plans, and ongoing training and testing. The documents also note that, aside from a significant incident in 2006, TJX is not aware of any cybersecurity incidents that have had a material effect on its business strategy, results of operations, or financial condition.\n\nWhile these strong cybersecurity practices may generally be viewed positively by investors--potentially supporting confidence and valuation--there is no explicit statement or quantitative analysis in the provided context linking TJX's cybersecurity efforts to changes in investor confidence or stock valuation for ticker TJX.\n\nTherefore, I cannot find sufficient information in the provided documents to answer this question.",""
"10","074679b1","Valuation of Tractor Supply's vendor partnerships cost structure.","TSCO","data\10k\converted\TSCO.pdf","filename_fallback","144711,144858,144937,144814,144840,144713,144712,144813,144816,144833,144815,144719,144736,144735,144720,144732","433","Tractor Supply Company sources its products from approximately 1,000 vendors, with around 400 core vendors accounting for 90% of merchandise purchases in fiscal 2023. No single vendor represented more than 10% of total purchases, indicating a diversified vendor base. The company has not experienced significant difficulty in obtaining alternative sources, even amid global supply chain disruptions, but notes that alternative sources may sometimes come at higher costs, including increased transportation expenses.\n\nTractor Supply employs dedicated teams for merchandise procurement, vendor line reviews, inventory management, assortment planning, and market-specific pricing optimization. These efforts are aimed at improving inventory productivity and maintaining a strong in-stock position. The company also sells a significant portion of products under exclusive brands, which can help manage costs and provide value alternatives to national brands.\n\nOverall, while the company has a diverse and robust vendor network that helps control supply costs, external factors such as supply chain disruptions can impact the cost structure, particularly by increasing sourcing or transportation costs when alternate vendors are needed.",""
"2","cf11a6d6","Chubb Ltd's cap allocation, divs, and share repurchases show net cash outflow, CB.","CB","data\10k\converted\CB.pdf","filename_fallback","40384,39929,40333,40332,39930,40063,40327,40331,39931,40349,40073,40075,40068,39886,40070","118","Based on the provided context, Chubb Limited's capital allocation activities--including dividends and share repurchases--resulted in a net cash outflow.\n\n- Dividends: Chubb paid dividends totaling $1.394 billion in 2023, $1.375 billion in 2022, and $1.401 billion in 2021 (Chunk 1). The annual dividend approved for 2023 was up to $3.44 per share, paid in four quarterly installments (Chunks 7, 12).\n- Share Repurchases: Chubb repurchased $2.478 billion in shares in 2023, $3.014 billion in 2022, and $4.861 billion in 2021 (Chunk 3). For the three months ended December 31, 2023, the company repurchased 3,191,000 shares for an aggregate value of $720 million, with $3.62 billion in authorization remaining as of February 22, 2024 (Chunk 5).\n- Net Cash Flows: For 2023, net cash flows used for financing activities (which include dividends and share repurchases) were an outflow of $3.232 billion (Chunk 1). This outflow is primarily due to the cash paid for dividends and share repurchases.\n\nIn summary, Chubb's capital allocation actions in recent years--specifically, the payment of dividends and repurchase of shares--have resulted in significant net cash outflows.",""
"5","d2be826a","Impact on earnings and valuation from MA pending litigation, specifically for the ticker.","MA","data\10k\converted\MA.pdf","filename_fallback","96164,96165,96203,96169,96039,96170,96171,96168,96204,96163,96173,96167,96038,96166,95904,95903","287","Pending litigation has had and may continue to have a material impact on Mastercard's (ticker: MA) earnings and valuation.\n\n- In 2023, Mastercard recorded pre-tax charges of $539 million ($376 million after tax, or $0.40 per diluted share) related to litigation provisions, including $344 million for claims from merchants who opted out of the U.S. merchant class litigation and $195 million for settlements with U.K. and Pan-European merchants. In previous years, similar charges were also significant, indicating ongoing financial exposure (Chunks 5, 6, 7).\n- As of December 31, 2023, Mastercard had accrued a liability of $596 million for the U.S. MDL Litigation Cases, down from $894 million at the end of 2022, due to settlement finalizations. However, unresolved damages claims remain, particularly in Europe and the U.K., amounting to approximately £1 billion (around $1.3 billion) (Chunks 4, 6, 7).\n- Mastercard notes that, while it does not believe any individual legal proceeding will have a material adverse effect on its operations, an adverse judgment or settlement in ongoing cases could result in significant fines, payments, or required changes to business practices, potentially affecting results of operations, financial condition, and overall business (Chunks 1, 10).\n- The company cautions that regulatory, legislative, and litigation activity around interchange rates and surcharging are among the main risks that could materially impact its earnings and valuation (Chunks 15, 16).\n- Mastercard's reported and adjusted earnings figures regularly exclude litigation-related charges to provide a clearer picture of underlying operating performance, but these charges still affect GAAP earnings and can influence investor valuation metrics (Chunks 5, 13).\n\nIn summary, pending litigation has resulted in substantial charges to earnings, ongoing accruals for potential future liabilities, and continuing risks that could materially affect Mastercard's valuation and financial results.",""
"6","950a63af","KO's pricing strategy in digital mktg enhances profitability, with a competitive edge.","KO","data\10k\converted\KO.pdf","filename_fallback","92945,92858,92806,92857,92808,92981,92807,92837,92803,92805,92798,92785,92863,92938,92853,92784","276","Coca-Cola's pricing strategy in digital marketing supports enhanced profitability and competitive advantage through several key approaches:\n\n1. **Dynamic Pricing and Channel Mix**: The company implements pricing actions tailored to different markets and channels, including e-commerce, which has shown favorable impacts on net operating revenues. For example, in North America and other regions, favorable pricing initiatives and channel, package, and product mix have contributed positively to consolidated net operating revenues (Chunk 6).\n\n2. **Digital Channel Fit**: Coca-Cola is increasing investments in e-commerce, offering more package sizes designed specifically for online sales and shifting more consumer and trade promotions to digital platforms. This allows the company to better meet evolving consumer shopping habits and maintain competitiveness as more consumers shop via mobile apps and e-commerce sites (Chunk 1).\n\n3. **Incidence-Based Concentrate Pricing Model**: The company uses an incidence-based concentrate pricing model in most markets, where the price charged is influenced by factors such as bottler pricing, sales channels, and package mix. This flexible model enables Coca-Cola and its bottling partners to grow together, aligning financial objectives and adapting to consumers' changing needs (Chunk 11).\n\n4. **Promotion and Marketing Support**: Coca-Cola provides promotional and marketing support funds to bottlers and retailers, often tailored to digital channels, to drive sales and brand engagement. This includes digital marketing, in-store displays, and point-of-sale marketing, helping to support both profitability and competitive positioning (Chunk 9, Chunk 5).\n\n5. **Personalized Consumer Experiences**: The company is digitalizing its system to create more relevant and personalized experiences for consumers across digital environments. Enhanced digital tools and data-driven strategies support stronger engagement, contributing to increased sales and improved margins (Chunk 2, Chunk 4).\n\nTogether, these strategies enable Coca-Cola to adapt to a rapidly evolving digital landscape, leverage dynamic pricing, and deliver targeted digital promotions, all of which help to enhance profitability and maintain a competitive edge.",""
"13","2916277a","FE ratio of earnings to revs for 2023.","FE","data\10k\converted\FE.pdf","filename_fallback","70457,70460,70649,70458,70459,70795,70648,70605,70700,70467,70472,70702,70462,70463,70473","207","For 2023, FirstEnergy (FE) had earnings attributable to continuing operations of $1,123 million and total revenues of $12,870 million.\n\nThe ratio of earnings to revenues for 2023 is:\n\n$1,123 \div 12,870 \approx 0.0873$ or 8.7%.",""
"1","670f69f2","Impact of Healthpeak NCI redemption on balance sheet, valuation & cash flows, PEAK.","PEAK","","fallback_no_files_on_disk","49017,49104,49008,49052,49015,49107,48792,49475,48950,20694,49476,49188,49021,49185,49049,48952","144,145,63","Based on the provided context, here is a summary of the impact of Healthpeak's noncontrolling interests (NCI) redemption on the balance sheet, valuation, and cash flows:\n\n**Balance Sheet:**\n- Noncontrolling interests are presented on the balance sheet as either permanent equity or redeemable noncontrolling interests (temporary equity), depending on the rights and redemption features.\n- OP Units (issued to certain employees) are classified in permanent equity since Healthpeak, as managing member, can elect to settle redemptions in shares rather than cash, which is within the company's control. Thus, redemption of OP Units does not reduce cash or increase liabilities, but rather reclassifies equity from NCI to common stockholders' equity upon conversion (Chunks 2, 4).\n- DownREIT units are classified as redeemable noncontrolling interests (temporary equity). Upon redemption/exchange for Healthpeak common stock, the carrying amount of the DownREIT units is reclassified from redeemable NCI to stockholders' equity (Chunk 2, 4).\n\n**Valuation:**\n- The carrying value of redeemable noncontrolling interests (such as DownREIT units) is subject to change at each reporting period based on the estimated redemption value. As of December 31, 2023, there were 5 million DownREIT units with carrying and market values of $199 million and $143 million, respectively (Chunk 2).\n- Changes in the estimated redemption value are reflected as adjustments in equity, not through the income statement, but they do impact total equity and thus the book value of the company (Chunk 1).\n\n**Cash Flows:**\n- If Healthpeak settles a redemption by issuing shares, there is no direct cash outflow. If the company chooses to settle in cash, this would result in a cash outflow equal to the fair value of the shares at the time of redemption (Chunk 2, 4).\n- The company has the discretion to choose the settlement method for OP Units and DownREIT units, which provides flexibility to manage cash flows (Chunk 2, 4).\n- Distributions to noncontrolling interests (such as dividends or allocations of income) are reflected as cash outflows in the financing section of the cash flow statement (Chunk 1).\n\n**Summary Table Example (from Dec 31, 2023):**\n- Total equity attributable to noncontrolling interests: $525.6 million (permanent equity) and $48.8 million (redeemable NCI) (Chunk 1).\n\n**Key Takeaways:**\n- Redemption of NCI typically results in reclassification within equity rather than impacting liabilities.\n- Cash flow impact depends on whether redemptions are settled in cash or shares; Healthpeak usually can choose to issue shares, thus conserving cash.\n- Regular revaluation of redeemable NCI affects equity valuation but not income.\n\nIf you need more detail on a specific aspect (e.g., accounting entries, recent redemptions, or cash flow statement line items), please clarify!",""
"11","27127193","Amazon's (AMZN) cybersecurity assessments enhance risk mgmt, bolstering investor confidence.","AMZN","data\10k\converted\AMZN.pdf","filename_fallback","6229,6230,6231,6178,6188,6221,6220,6233,6371,6276,6181,6272,6355,6302,6171,6294","21","Amazon conducts a range of cybersecurity assessments, including application security assessments, vulnerability management, penetration testing, security audits, and ongoing risk assessments. These processes help Amazon assess, identify, and manage material risks from potential cybersecurity threats, thereby enhancing overall risk management. The company also maintains incident response plans and requires annual data protection and cybersecurity training for employees with system access.\n\nOversight is provided by a centrally-coordinated team led by the chief security officer, supported by experienced information security officers and professionals. Senior leadership and the Board of Directors, including the Audit Committee and the Security Committee, are involved in reviewing cybersecurity risks and mitigations. This comprehensive approach to cybersecurity risk management can bolster investor confidence by demonstrating Amazon's commitment to protecting its information systems and business operations from cyber threats.",""
"15","b1390dd8","Impact of revenue recognition criteria on Kimberly-Clark (KMB)","KMB","data\10k\converted\KMB.pdf","filename_fallback","86888,86886,86964,86887,86890,86864,86847,86963,86958,86856,86959,86950,86898,86939,86909,86787","257","Based on the provided context, the specific impact of revenue recognition criteria on Kimberly-Clark (KMB) is not directly detailed. The provided documents discuss the financial results, accounting policies, and audit opinions, but they do not explicitly address how revenue recognition criteria have impacted the company's financial statements or results.\n\nTherefore, I cannot find sufficient information in the provided documents to answer this question.",""
"12","315642bb","Net inc. % change vs. diluted EPS for Chubb (CB) 2022-23.","CB","data\10k\converted\CB.pdf","filename_fallback","40135,40375,40136,39986,39931,39984,40185,40068,40011,40342,40031,40262,40333,40091,39929","118","For Chubb (CB), from 2022 to 2023:\n\n- Net income attributable to Chubb increased from $5,246 million in 2022 to $9,028 million in 2023. This is a percentage increase of approximately 72.2%.  \n  Calculation: ((9,028 - 5,246) / 5,246) x 100 ≈ 72.2%\n\n- Diluted earnings per share (EPS) rose from $12.39 in 2022 to $21.80 in 2023, a percentage increase of about 75.9%.  \n  Calculation: ((21.80 - 12.39) / 12.39) x 100 ≈ 75.9%\n\nIn summary, Chubb's net income rose by about 72.2% and diluted EPS by about 75.9% from 2022 to 2023.",""
"14","a316af4a","Impact on diluted EPS for NCLH if anti-dilutive exch. notes are included.","NCLH","data\10k\converted\NCLH.pdf","filename_fallback","109405,109406,109399,109128,109402,109318,109126,109231,109458,109232,109454,109470,109400,109309,109453","328","If the anti-dilutive exchangeable notes were included in the calculation of diluted EPS for NCLH, the diluted weighted-average shares outstanding would increase. However, since these notes are considered anti-dilutive, including them would actually decrease (improve) the reported diluted EPS or reduce the reported loss per share in loss years. This is because the additional shares from conversion would dilute the earnings across a larger share base, but the company's net income (or loss) would remain the same.\n\nFor the years ended December 31, 2023, 2022, and 2021, NCLH explicitly excluded the exchangeable notes from diluted weighted-average shares outstanding because their inclusion would have been anti-dilutive (Chunks 1 and 2). This means that, had these notes been included, the diluted EPS would have been lower (i.e., earnings per share would decrease, or losses per share would be less negative).\n\nIn summary: Including the anti-dilutive exchangeable notes in the diluted EPS calculation would result in a lower diluted EPS (or a smaller loss per share), but because they are anti-dilutive, accounting standards require their exclusion.",""
"16","250330d5","AI investments by Intuit impact operational efficiency margin.","INTU","data\10k\converted\INTU.pdf","filename_fallback","79911,79908,79909,79988,79990,79989,80033,79967,80028,79956,79953,80047,79999,80093,80092,80208","236","Based on the provided context, Intuit's investments in artificial intelligence (AI), including generative AI, are aimed at enhancing customer experiences, driving innovation, and maintaining competitiveness. These investments are intended to help automate work, deliver personalized insights, and increase operational efficiency by eliminating manual tasks and enabling ""done for you"" experiences for customers (Chunk 1, Chunk 2, Chunk 3).\n\nHowever, developing, testing, and deploying AI systems are resource-intensive and may require additional investment and increase costs (Chunk 5, Chunk 6). These increased costs can impact operational margins if not offset by corresponding productivity gains or revenue growth. Intuit acknowledges that higher compensation costs to attract and retain skilled employees for AI initiatives may not always be offset by improved productivity or revenue (Chunk 4).\n\nIn summary, while AI investments are designed to improve operational efficiency, they also increase operational costs in the short term. The net impact on operational efficiency margin depends on whether the productivity and revenue gains from AI exceed the additional costs of development and implementation.",""
"17","8e621ede","FS Snap-on rev/exp impact on op earnings & segment growth.","SNA","data\10k\converted\SNA.pdf","filename_fallback","134844,135053,134940,135137,134941,135135,134944,134951,134942,134945,135136,134938,134957,134954,134946","402","Financial Services (FS) at Snap-on had the following impacts on operating earnings and segment growth for 2023:\n\nRevenue and Expenses:\n- Financial Services revenue was $378.1 million in 2023, up $28.4 million or 8.1% from $349.7 million in 2022.\n- Financial Services expenses were $107.6 million in 2023 (28.5% of segment revenue), up from $83.7 million in 2022 (23.9%), mainly due to higher provisions for credit losses reflecting both portfolio growth and a return to pre-pandemic rates.\n\nImpact on Operating Earnings:\n- Segment operating earnings for Financial Services were $270.5 million in 2023, an increase of $4.5 million or 1.7% from $266.0 million in 2022.\n- The growth in operating earnings was lower than revenue growth due to the increased expenses, particularly credit loss provisions.\n\nSegment Growth:\n- Financial Services segment revenue grew by 8.1% in 2023, driven by increased originations and slightly higher average yields on receivables.\n- Operating earnings grew by 1.7%, reflecting the impact of higher expenses.\n- As a percentage of the average portfolio, expenses increased from 3.7% in 2022 to 4.5% in 2023.\n\nIn summary, Financial Services contributed positively to Snap-on's overall operating earnings and showed revenue growth, but expense growth--mainly from higher credit loss provisions--tempered the increase in segment operating earnings.",""
"18","f3e43dc3","Trust balance L rate volatility vs guarantee liabilities.","","","fallback_no_tickers","95844,124435,124004,106900,124283,34358,167898,133472,167896,40096,106901,123951,147795,87230,40294,168259,147776","258,103,397,496,372,118,443,286,319","Based on the provided context, there is no explicit reference to a ""Trust balance L rate volatility"" in relation to guarantee liabilities. However, there is extensive discussion of how volatility assumptions (particularly equity market volatility, interest rate volatility, and policyholder behavior such as lapse rates) impact the fair value measurement of guarantee liabilities, such as those related to market risk benefits (MRBs), guaranteed minimum benefits, and other insurance liabilities.\n\nKey points from the context:\n\n- Guarantee liabilities (like MRBs) are sensitive to assumptions about interest rates, equity volatilities, lapse rates, mortality rates, and nonperformance (credit) risk (Chunks 2, 3, 5, 6, 8, 10, 15, 16).\n- Changes in these rates can significantly increase or decrease the estimated fair value of guarantee liabilities (Chunks 2, 3, 8, 10, 15, 16).\n- For example, higher lapse rates generally decrease the fair value of guarantee liabilities, as fewer policyholders persist to collect benefits (Chunks 6, 15).\n- Increased equity or interest rate volatility can result in significant fluctuations in the estimated fair value of the guarantees (Chunks 3, 8, 10).\n- The fair value of guarantee liabilities is commonly calculated using discounted cash flow or option pricing models that are highly sensitive to these volatility assumptions (Chunks 2, 4, 5, 14, 16).\n\nIn summary: The volatility of lapse rates and market rates (interest and equity) are significant assumptions in the valuation of guarantee liabilities. Higher volatility in these inputs can materially affect the measured liability, but there is no direct mention of a ""Trust balance L rate"" or its specific volatility in relation to guarantee liabilities in the provided context.\n\nIf you meant to refer to ""lapse rate volatility,"" then the answer is: Volatility in lapse rates impacts the fair value of guarantee liabilities--higher lapse rates typically reduce liability values, while lower lapse rates increase them, as more policyholders are expected to persist and claim guaranteed benefits. Similarly, volatility in market rates (interest and equity) also directly affects the valuation of these liabilities.",""
"21","7bc5a9bc","Agilent governance, insider trading setups, & ownership trends impact cap allocation.","A","data\10k\converted\A.pdf","filename_fallback","3217,3216,3228,2851,3167,3227,3219,3226,3070,2914,2852,3124,3123,3222,2913","12","Agilent Technologies has established a robust governance framework, including Standards of Business Conduct and a code of ethics that apply to senior financial officers, with amendments or waivers posted on its investor website. The company maintains an Insider Trading Policy governing the purchase, sale, and disposition of Agilent securities by directors, officers, employees, and the company itself. This policy is designed to promote compliance with insider trading laws, SEC rules, and NYSE listing standards, and is available as Exhibit 19.1 in the Annual Report on Form 10-K (Chunks 1, 2, 3, 15).\n\nRegarding ownership trends, information about security ownership of certain beneficial owners and management is disclosed in the Proxy Statement under ""Beneficial Ownership."" The company also ensures compliance with Section 16(a) of the Exchange Act, which relates to reporting of insider transactions (Chunks 1, 2).\n\nThese governance and insider trading policies, together with transparent reporting of ownership by executives and major shareholders, are intended to ensure integrity in internal decision-making and capital allocation. By promoting ethical conduct and compliance with regulations, Agilent aims to safeguard shareholder interests and support prudent capital allocation decisions. However, specific recent trends in ownership and their direct quantitative impact on capital allocation are referenced in the Proxy Statement, which is incorporated by reference but not detailed in the provided excerpts. \n\nIn summary, Agilent's governance and insider trading policies are structured to foster transparency and compliance, supporting responsible capital allocation, while details of ownership trends and their effects on capital allocation require direct reference to the Proxy Statement.",""
"22","514c405e","AMETEK (AME) determines rev rec timing & control transfer indicators based on the terms of the sale, shipping terms, & transfer of risks & rewards.","AME","data\10k\converted\AME.pdf","filename_fallback","4416,4427,4417,4418,4298,4425,4420,4428,4326,4306,4305,4449,4423,4405,4355,4318","16","AMETEK determines the timing of revenue recognition and indicators of control transfer primarily based on when the customer obtains control of the product. The transfer of control is typically evidenced by factors such as the customer having legal title to the product, AMETEK's present right to payment, the customer's physical possession of the product, the customer accepting the product, or the customer having the benefits of ownership or risk of loss. For a small percentage of sales where title and risk of loss transfer at the point of delivery, revenue is recognized upon delivery to the customer, provided all other revenue recognition criteria are met.\n\nFor certain contracts, especially those involving custom-made equipment or service repairs, revenue is recognized over time if the product does not have an alternative use and AMETEK has an enforceable right to payment for performance completed to date. The extent of progress towards completion is typically measured using the cost-to-cost input method, or labor hours if more appropriate.\n\nShipping terms, payment terms, and the specific transfer of risks and rewards all play a role in determining when control transfers and thus when revenue is recognized. Payment terms are generally 30-60 days from shipment or customer acceptance, and in contracts where revenue is recognized over time, a contract asset or liability may be recorded depending on the timing of payments relative to revenue recognized.",""
"20","710aefd3","Impact of growth on supply chain resiliency for EXPD.","EXPD","data\10k\converted\EXPD.pdf","filename_fallback","54729,54709,54752,54693,54696,54697,54712,54692,54678,54687,54681,54691,54682,54723,54710,54730","161","Expeditors' growth strategies directly influence its supply chain resiliency in several ways:\n\n1. Focus on Organic Growth: Expeditors primarily emphasizes organic growth rather than growth through acquisitions. This approach allows the company to maintain control over its processes, systems, and relationships, which is vital for supply chain resiliency, as it reduces integration risks and maintains consistency across operations (Chunks 1, 2, 16).\n\n2. Investment in Technology and Innovation: To support growth and meet evolving customer needs, Expeditors devotes significant resources to maintaining and enhancing its technology and digital solutions. These investments help the company adapt to changes and disruptions in the supply chain, thus strengthening resiliency (Chunk 2).\n\n3. Flexible, Tailored Solutions: As a non-asset-based provider, Expeditors can tailor solutions to customer needs, which improves agility and the ability to respond to supply chain disruptions (Chunk 8).\n\n4. Dependence on Service Providers: Growth requires maintaining strong relationships with a variety of service providers. Expeditors' ability to select and manage these providers effectively is a critical factor in supply chain resiliency. However, disruptions--such as those seen during the COVID-19 pandemic--can stress these relationships and impact service capacity, potentially reducing resiliency if not well managed (Chunks 1, 2, 15, 16).\n\n5. Customer Demand and Strategy Shifts: As Expeditors grows and serves more customers, it must adapt to shifts in customer supply chain strategies, such as increased focus on resiliency, agility, and inventory optimization in response to global disruptions (Chunk 2).\n\nIn summary, Expeditors' growth, particularly its focus on organic development, investment in technology, and tailored solutions, supports supply chain resiliency. However, this resiliency is also dependent on maintaining effective partnerships with service providers and adapting to shifts in customer and market demands.",""
"19","01e84425","MRO's legal/regulatory impact on growth & competitive positioning.","MRO","data\10k\converted\MRO.pdf","filename_fallback","103944,103960,103978,103908,103881,103958,103911,103910,103953,103970,103959,103889,103928,103927,103916,103890","310","Marathon Oil Corporation (MRO) operates in a highly regulated and competitive industry, and legal/regulatory factors significantly affect its growth and competitive positioning:\n\n1. Regulatory Compliance Costs and Risks: MRO is subject to numerous federal, state, and local laws and regulations related to environmental protection, health, safety, and facility security. Compliance with these regulations often requires substantial capital, operating, maintenance, and remediation expenditures. If these costs are not reflected in product prices, they can adversely impact operating results and cash flows. Non-compliance can lead to civil penalties, criminal fines, and enforcement actions (Chunks 2, 6, 7, 11).\n\n2. Climate Change and Environmental Regulations: Increasing regulation focused on climate change--such as emissions controls, restrictions on oil and gas activities (including possible bans or stricter regulation of hydraulic fracturing), and mandates for lower-carbon energy--poses direct risks to MRO's growth. These measures can reduce demand for MRO's products, potentially leading to asset write-downs, increased compliance costs, and operational restrictions (Chunks 1, 2, 4, 6, 7, 11, 15).\n\n3. Regulatory Uncertainty and Policy Changes: The current U.S. administration has implemented or proposed wide-ranging policies to increase regulation of the oil and gas sector, including more stringent emissions rules, barriers to accessing federal lands, and increased environmental justice initiatives. States where MRO operates could also introduce stricter regulations, adding uncertainty and potentially increasing costs (Chunks 2, 4, 6, 8, 11).\n\n4. Impact on Competitive Positioning: MRO competes with larger oil and gas companies that may have greater resources to manage regulatory changes and absorb compliance costs. This competitive disadvantage could affect MRO's ability to acquire leases, attract talent, and secure equipment, impacting its ability to grow and compete effectively (Chunk 1).\n\n5. Legal Proceedings: MRO has faced enforcement actions, such as Notices of Violations from the EPA related to the Clean Air Act, which may result in monetary sanctions and the need for additional environmental projects or operational changes (Chunk 2).\n\nIn summary, legal and regulatory requirements present ongoing challenges for MRO, affecting its growth prospects and competitive positioning by increasing costs, introducing operational uncertainties, and potentially disadvantaging it relative to larger competitors.",""
"27","4dfd5440","R&D vs ops employee ratio at NVDA.","NVDA","data\10k\converted\NVDA.pdf","filename_fallback","111798,111797,111799,111802,111800,111801,111898,111907,111992,111897,111810,111804,111805,111803,111780,111967","334","As of the end of fiscal year 2024, NVIDIA had approximately 29,600 employees, with 22,200 engaged in research and development and 7,400 engaged in sales, marketing, operations, and administrative positions. This results in a ratio of R&D to operations (including sales, marketing, and admin) employees of about 3:1.",""
"26","f425eda2","Revenue recognition, specifically shipments and delivery timing for Valero, impacts cash flows and contributes to earnings volatility.","VLO","data\10k\converted\VLO.pdf","filename_fallback","154736,154735,154737,154774,154789,154788,154732,154741,154746,154804,154677,154730,154595,154676,154740,154723","462","Valero recognizes revenue primarily when it satisfies its performance obligation to transfer products to customers, which typically occurs at a point in time upon shipment or delivery of the products. Control transfers at this point because Valero has a present right to payment, the customer obtains legal title and physical possession, and assumes significant risks and rewards of ownership.\n\nThe transaction price for most contracts is based on commodity market pricing, which is variable and may not be known at contract inception but is recognized based on the market price at the time of transfer. Payment terms are typically due within two to ten days from the date of invoice.\n\nThis revenue recognition approach impacts cash flows because cash is typically received shortly after shipment or delivery, aligning cash inflows closely with revenue recognition. However, since the transaction price is often based on volatile commodity market prices, this can contribute to earnings volatility. Changes in market prices between contract inception and product transfer directly affect the recognized revenue and, consequently, the reported earnings.",""
"23","303b76f5","2023 combined R&D & S&M expense for ABNB vs 2021/22.","ABNB","data\10k\converted\ABNB.pdf","filename_fallback","3912,3878,3879,3875,3874,3877,3980,3945,3957,3981,3968,3881,3857,3882,4019","14","For Airbnb (ABNB), the combined Research & Development (R&D, referred to as ""Product Development"") and Sales & Marketing (S&M) expenses for the years 2021, 2022, and 2023 are as follows (in millions):\n\n- 2021:\n  - Product Development: $1,425\n  - Sales & Marketing: $1,186\n  - Combined: $2,611\n\n- 2022:\n  - Product Development: $1,502\n  - Sales & Marketing: $1,516\n  - Combined: $3,018\n\n- 2023:\n  - Product Development: $1,722\n  - Sales & Marketing: $1,763\n  - Combined: $3,485\n\nSummary table:\n\n| Year | Product Development | Sales & Marketing | Combined |\n|------|---------------------|-------------------|----------|\n| 2021 | $1,425              | $1,186            | $2,611   |\n| 2022 | $1,502              | $1,516            | $3,018   |\n| 2023 | $1,722              | $1,763            | $3,485   |",""
"28","dcc915af","HP Inc.'s employee engagement & talent strategy (HPQ) impact on long-term competitiveness.","HPQ","data\10k\converted\HPQ.pdf","filename_fallback","74424,74383,74395,74479,74478,74384,74382,74649,74394,74366,74380,74379,74482,74387,74370,74544","219","HP Inc.'s employee engagement and talent strategy significantly contribute to its long-term competitiveness. The company places strong emphasis on attracting, retaining, developing, and motivating key employees, recognizing that failure in these areas could seriously harm the business (Chunk 1). HP fosters a culture of engagement by regularly collecting employee feedback through annual surveys and pulse polls, leading to high participation rates and strong engagement scores that exceed top quartile benchmarks (Chunks 2, 7).\n\nThe talent development approach at HP is multi-faceted, prioritizing diversity in its senior talent pipeline, leadership development, and continuous growth for all employees. The company provides enterprise-wide skill development resources, with targeted learning in areas such as software development, artificial intelligence, data science, product management, and strategic thinking (Chunks 2, 6). These initiatives ensure employees are equipped with critical and future-facing skills, which is particularly important in the rapidly evolving technology industry.\n\nAdditionally, HP's compensation practices are designed to be fair and equitable, regularly reviewed with the support of independent experts, and supplemented by comprehensive benefits and wellness programs to support employee well-being (Chunk 14). Senior leaders are held accountable for progress in employee engagement, diversity and inclusion, and leadership development through management by objective (MBO) goals (Chunks 2, 7).\n\nBy investing in employee engagement and talent development, HP is better positioned to innovate, adapt to changing market conditions, and maintain a strong competitive edge in technology and related sectors.",""
"31","68b60a49","BA intl workforce growth: 2023 vs. 2022, ticker at end.","BA","data\10k\converted\BA.pdf","filename_fallback","18359,18181,18160,18143,18358,18145,18180,18186,18187,18324,18183,18149,18327,18142,18184,18150","56","I cannot find sufficient information in the provided documents to answer this question.",""
"25","36f27611","LYB rev mix evol trade vs related parties 3yr div dependency.","LYB","data\10k\converted\LYB.pdf","filename_fallback","98191,98192,98238,98237,98301,98025,98128,98248,98212,98306,98165,98247,98127,98327,98197","292","Based on the information provided from the retrieved documents:\n\n1. Revenue Mix Evolution (Last 3 Years)\n- LYB's total sales and other operating revenues over the past three years were:\n  - 2023: $41,107 million\n  - 2022: $50,451 million\n  - 2021: $46,173 million\n\n- By key product lines, the top contributors to revenue in 2023 were:\n  - Refined products: $9,179 million\n  - Polyethylene: $7,587 million\n  - Polypropylene: $5,642 million\n  - Oxyfuels and related products: $5,640 million\n  - Olefins & co-products: $3,508 million\n  - Compounding and solutions: $3,686 million\n\n- By geography, the largest market was the United States ($20,003 million in 2023), with Germany, China, Japan, and Mexico among the other significant contributors.\n\n2. Trade vs. Related Parties (Last 3 Years)\n- Sales to related parties (mainly joint venture partners) for the last three years were:\n  - 2023: $614 million\n  - 2022: $1,012 million\n  - 2021: $1,038 million\n\n- Purchases from related parties were significantly higher:\n  - 2023: $3,673 million\n  - 2022: $4,837 million\n  - 2021: $4,348 million\n\n- Sales to related parties represent a small fraction of total revenues (about 1.5% in 2023), indicating that LYB's revenue mix is heavily dependent on trade with non-related parties.\n\n3. Dividend Dependency (Dividends Paid vs. Net Income and Cash Flow)\n- Dividends paid to common shareholders:\n  - 2023: $1,610 million\n  - 2022: $3,238 million (includes a $1.7 billion special dividend)\n  - 2021: (not directly provided, but context suggests regular quarterly dividends)\n\n- Net income attributable to shareholders:\n  - 2023: $2,121 million\n  - 2022: $3,889 million\n  - 2021: $5,617 million\n\n- In 2023, dividends represented about 76% of net income; in 2022, the payout exceeded net income due to the special dividend. The company intends to continue regular quarterly dividends but notes that future dividends depend on financial condition, earnings, and cash flow.\n\nSummary:\nOver the past three years, LYB's revenue mix by product and geography has remained diversified, with the vast majority of revenues from trade with non-related parties. Sales to related parties are a minor portion of total revenues. Dividend payments are substantial and, especially in 2022, can exceed net income (when including special dividends), indicating a strong dividend focus but not an over-dependency, as these are guided by cash flow and financial conditions.",""
"32","bde569b9","Risk oversight in cybersecurity by SCHW boosts investor confidence.","SCHW","data\10k\converted\SCHW.pdf","filename_fallback","136650,136562,136647,136561,136649,136563,136519,136520,136651,136564,136652,136648,136653,136646,136641,136471","407","Schwab's robust oversight and management of cybersecurity risks play a significant role in bolstering investor confidence. The company has a comprehensive enterprise risk management program, with oversight by the Board of Directors and its Risk Committee, specifically including cybersecurity risks. Schwab's cybersecurity program is led by an experienced Chief Information Security Officer (CISO) and supported by a large team of certified professionals. The company employs advanced monitoring systems, collaborates with government agencies and external experts, and maintains strict policies and procedures to protect client data and systems.\n\nRegular reporting to senior management and the Board, ongoing testing and assessment, and a well-established incident management and escalation process further reinforce Schwab's risk oversight. This proactive approach to identifying, assessing, and managing cybersecurity risks helps minimize potential business interruptions and protects client assets, which in turn supports trust and confidence among investors.",""
"24","9d57e365","Trends in DLR equity for 2022-23: APC, divs, comp losses, and overall fin health, dist. - DLR","DLR","data\10k\converted\DLR.pdf","filename_fallback","49521,49522,49395,49523,49352,49429,49508,49428,49534,49427,49514,49435,49409,49193,49351","145","From 2022 to 2023, Digital Realty Trust, Inc. (DLR) saw several trends in its equity and related financial indicators:\n\nAccumulated Paid-in Capital (APC)\n- APC increased year-over-year. As of December 31, 2022, additional paid-in capital was $22,142,868,000, up from $21,075,863,000 as of December 31, 2021, showing continued equity inflows, including proceeds from stock issuances (Chunks 6, 8).\n\nDividends and Distributions\n- DLR continued to pay regular dividends on both its common and preferred stock. Common stock dividends increased from $1,314,736,000 in 2021 to $1,403,344,000 in 2022, and further to $1,472,448,000 in 2023. The annual dividend rate per common share also increased from $4.64 (2021) to $4.88 (2022-2023) (Chunk 1).\n- The increase in dividend and distribution payments was driven by an increased number of common shares and units outstanding (Chunk 3).\n\nComprehensive Losses\n- DLR experienced significant other comprehensive losses, primarily from foreign currency translation adjustments and declines in the fair value of derivatives. Other comprehensive loss was $(478,720,000) in 2022 and $(264,168,000) in 2023 (Chunk 10).\n- These comprehensive losses reduced total equity, even as net income was positive.\n\nOverall Financial Health\n- Net income available to common stockholders increased sharply, from $336,960,000 in 2022 to $908,114,000 in 2023 (Chunk 7).\n- The company raised significant additional capital: About $2.2 billion in net proceeds from the issuance of approximately 20 million shares of common stock in 2023 (Chunk 3).\n- Despite increased dividends and comprehensive losses, equity increased due to strong net income and capital raises.\n- Cash provided by operating activities has generally been sufficient to fund all distributions, although DLR notes it may need to utilize borrowings in the future to fund distributions if needed (Chunk 4).\n\nDistributions (DLR.LP)\n- Digital Realty Trust, L.P. maintained regular distributions, mirroring the patterns and rates of the parent company's dividends (Chunks 2, 4).\n\nSummary\n- DLR's equity position strengthened in 2023 due to higher net income and equity raises, outpacing the negative effects of higher comprehensive losses and growing dividend obligations. The company's financial health appears robust, with sufficient cash flows to support distributions and continued shareholder returns.",""
"29","5d752537","Impact of $14M off-market liability amortization on rev & earnings trends for LHX.","LHX","data\10k\converted\LHX.pdf","filename_fallback","92094,92093,91988,91921,92078,91927,91849,92029,92028,92031,91993,91909,91908,92140,92102,92128","273","The $14 million from amortization of off-market contract liabilities was recognized as an increase to revenue as L3Harris incurred costs to satisfy the associated performance obligations. This recognition of revenue is not offset by any corresponding cost, so it provides a direct boost to reported revenue. However, the context does not specify a direct or material impact on overall earnings trends, only that this amortization increased revenue during the period from the acquisition date through December 29, 2023. Given the scale of L3Harris's total annual revenue (over $19 billion in 2023), the $14 million increase represents a relatively small contribution and is unlikely to have significantly affected overall earnings trends for the company.",""
"33","930c4b78","deferred rev impact on inc timing and predictability for subscriptions in pay TV, News Corp (NWSA).","NWSA","data\10k\converted\NWSA.pdf","filename_fallback","118356,118368,118093,118355,118367,118238,118361,118146,118096,118370,118236,118111,118271,118250,118095,118451","354","Deferred revenue for subscriptions, such as those in pay TV and News Corp's other subscription-based services, represents payments received in advance from customers for services that will be delivered over time. For pay TV and digital subscriptions, revenue is recognized over the subscription term as the services are provided, rather than when payment is received. Payments are typically due at the beginning of the month and initially recorded as deferred revenue; these amounts are then recognized as revenue as the services are delivered (Chunk 1).\n\nThis approach affects both income timing and predictability:\n\n- Income Timing: Recognizing subscription revenue over the delivery period (rather than upfront) results in a smoother revenue stream, aligning revenue recognition with the actual provision of services. This defers some revenue recognition to future periods, even though cash may already have been received.\n- Predictability: Deferred revenue provides a clear indication of future revenue to be recognized, enhancing predictability. The balance of deferred revenue (e.g., $551 million at June 30, 2024) reflects future revenue tied to already received payments (Chunk 2). This allows for more consistent and predictable financial results, as the company can anticipate revenue recognition based on deferred revenue balances and subscription terms.\n\nIn summary, deferred revenue practices in News Corp's subscription businesses smooth out revenue recognition and improve the predictability of reported income from subscriptions, as revenue is matched to the period when services are actually delivered.",""
"30","e4f33ef2","Impact on op risk & growth from Bristol-Myers Squibb's workforce dist. BMY.","BMY","data\10k\converted\BMY.pdf","filename_fallback","25090,25219,25178,25220,25241,25175,25505,25134,25091,25228,25248,25332,25167,25487,25330,25172","75","Bristol-Myers Squibb (BMS) operates with a global workforce distributed across various regions and emphasizes the importance of its employees in achieving its mission to discover, develop, and deliver innovative medicines. The company acknowledges that attracting, developing, and retaining talented individuals is critical to its operations and ongoing growth. BMS faces increasing competition for skilled talent from other pharmaceutical and biotechnology companies, universities, government entities, and even companies outside the healthcare industry. This competition can increase costs to retain quality talent and potentially impact morale, which may present operational risks if not managed effectively [Chunk 2].\n\nBMS's workforce strategy is centered on fostering an inclusive, engaging, and collaborative environment, which it believes drives innovation and supports the company's growth objectives. Efforts such as employee engagement surveys, competitive compensation, well-being programs, and development opportunities are used to enhance satisfaction, reduce voluntary turnover, and ensure a motivated workforce [Chunks 13, 16]. These initiatives are also linked to executive performance metrics, reflecting the company's recognition of their importance to operational success.\n\nHowever, the distributed and international nature of BMS's operations introduces additional operational risks, such as exposure to currency fluctuations, political instability, and local regulatory constraints, which can affect both workforce stability and business continuity abroad [Chunk 6]. Events like pandemics or geopolitical conflicts can also lead to staffing shortages or disruptions, further impacting operations and growth [Chunk 4].\n\nIn summary, while BMS's global workforce distribution supports its growth and innovation strategies, it also presents operational risks related to talent competition, retention, international instability, and potential workforce disruptions. Managing these risks through strong human capital strategies is vital to sustaining the company's operational performance and growth trajectory.",""
"35","ca304972","Investing cash flow drivers for Fair Isaac Corp (FICO) in 2024 and the impact of mktble sec. on strategy.","FICO","data\10k\converted\FICO.pdf","filename_fallback","60304,60323,60309,60269,60305,60268,60352,60362,60249,60355,60327,60324,60307,60348,60248","177","In 2024, the main drivers of investing cash flow for Fair Isaac Corp (FICO) were:\n\n- Capitalized internal-use software costs: Increased by $16.7 million compared to the prior year.\n- Purchases of property and equipment: Increased by $4.6 million compared to the prior year.\n- Proceeds from sales and purchases of marketable securities: There was a $3.2 million increase in proceeds from sales, net of purchases, of marketable securities.\n- Absence of cash transferred from product line asset sales/divestitures: Decreased by $6.1 million compared to the prior year.\n\nOverall, net cash used in investing activities in 2024 was $28.0 million, up from $16.0 million in 2023, mainly due to higher spending on internal-use software and property and equipment, partially offset by changes in marketable securities activity and divestitures (Chunks 1, 4, 5, 6).\n\nRegarding the impact of marketable securities on strategy:\nMarketable securities held by FICO are primarily long-term equity securities, used in a supplemental retirement and savings plan for certain officers and senior management. These are treated as trading securities and recorded at fair value. The company's policy is to place cash and marketable securities with high-quality institutions to limit credit exposure and maintain diversification, supporting financial flexibility (Chunk 2, 3).\n\nMarketable securities do not appear to be a primary source of strategic investment or operational funding. Instead, FICO relies on cash flows from operating activities to fund growth and operations, while marketable securities support employee benefit plans and risk management, rather than driving core business strategy (Chunks 2, 3, 6).",""
"36","aff2b681","Nontraditional lodging risk in MAR can be mitigated through quality guest svc.","MAR","data\10k\converted\MAR.pdf","filename_fallback","95748,95718,95719,95707,95740,95760,95700,95741,95705,95724,95743,95709,95725,95761,95715,95701","286","Yes, the risk posed by nontraditional lodging competitors (such as Airbnb and Vrbo) can be mitigated through the delivery of quality guest service. Marriott emphasizes that its ability to remain competitive and attract and retain business, group, and leisure travelers depends on its success in distinguishing and driving preference for its lodging products and services. Factors such as guest satisfaction, quality of service, amenities, and safety and security are cited as key areas of competition with both traditional and nontraditional lodging options. Marriott believes that strong brand recognition and a focus on guest service contribute to guest preference across its brands, which helps to offset risks from alternative lodging platforms (Chunks 4, 7, 9, 12).",""
"38","bdaebbc2","The impact of cybersecurity-ERM integration on stability & continuity for Realty Income (O) is significant.","O","data\10k\converted\O.pdf","filename_fallback","113225,113305,113304,113504,113303,113248,113226,113492,113306,113424,113493,113230,113286,113362,113374,113366","339","Realty Income's integration of cybersecurity into its enterprise risk management (ERM) system significantly enhances the company's stability and continuity. The cyber risk management program is designed and assessed based on the National Institute of Standards and Technology Cybersecurity Framework (NIST CSF), and is embedded within the broader ERM system. This integration ensures that cybersecurity risks relevant to the business are proactively identified, assessed, managed, and mitigated, supporting the essential IT networks and systems that underpin business operations.\n\nThe company maintains controls and procedures--including annual cybersecurity training for all employees and third-party oversight--to ensure prompt escalation and response to cybersecurity incidents. A dedicated Cybersecurity Risk Committee, comprised of functional leaders and chaired by the Head of IT, provides oversight and guidance on risk management decisions, further strengthening the company's preparedness and response capabilities.\n\nRealty Income has not identified any cybersecurity risks or incidents that have materially affected its operations, business strategy, results, or financial condition. However, it acknowledges that significant risks from cybersecurity threats could potentially have a material impact if realized.\n\nOverall, the integration of cybersecurity with ERM provides a structured, responsive approach that helps protect Realty Income's business continuity and operational stability in the face of evolving cyber threats.",""
"39","fdf63f2e","Mosaic Co. (MOS) faces raw material purchase obligations impacting supply chain and working capital risks.","MOS","data\10k\converted\MOS.pdf","filename_fallback","109848,109952,109951,109799,109899,109813,109811,109543,109502,109568,109830,109503,109898,109498,109510,109903","329","Mosaic Co. (MOS) faces significant raw material purchase obligations that impact its supply chain and working capital risks. The company has long-term agreements for essential raw materials such as sulfur, ammonia, and natural gas, which are critical for its production processes. As of December 31, 2023, Mosaic had future minimum long-term purchase commitments totaling $4.1 billion, with $3.0 billion due in 2024 alone (Chunk 2). These purchase obligations are the company's largest contractual cash obligations, covering raw materials for both domestic and international operations (Chunk 4).\n\nThe need to carry substantial inventory due to seasonality in crop nutrient demand also results in seasonal peaks in working capital requirements. If Mosaic overestimates demand, it may be left with excess inventory and higher liquidity needs; if it underestimates, it could face product shortages (Chunks 1 and 10). Additionally, changes in the costs or availability of raw materials and transportation can further affect inventory levels, supply chain continuity, and working capital (Chunk 1).\n\nThese risks are heightened by market fluctuations in raw material prices, potential supply chain disruptions, and transportation challenges, all of which can impact Mosaic's cost structure and ability to meet customer demand efficiently (Chunks 1 and 4).",""
"34","e9e6207f","Debt terms, interest exp., & proj. for Molson Coors.","TAP","data\10k\converted\TAP.pdf","filename_fallback","145167,145165,145238,145349,145346,145340,145343,144949,145239,145172,145348,145342,145254,145339,145241,145253","434","Here is a summary of Molson Coors' debt terms, interest expense, and related projections based on the provided context:\n\nDebt Terms\n\n- As of December 31, 2023, Molson Coors had total long-term debt (including current portion) of $6.2 billion, with $5.3 billion classified as long-term and $0.9 billion as current portion (Chunk 3).\n- Major outstanding debt includes:\n  - EUR 800 million 1.25% notes due July 2024 ($883.1 million)\n  - CAD 500 million 3.44% notes due July 2026 ($377.6 million)\n  - $2.0 billion 3.0% notes due July 2026\n  - $1.1 billion 5.0% notes due May 2042\n  - $1.8 billion 4.2% notes due July 2046\n- Short-term borrowings at year-end 2023 were $21.5 million (Chunk 3).\n- The company has a $2.0 billion multi-currency revolving credit facility (maturing June 26, 2028), with no borrowings outstanding as of December 31, 2023 (Chunk 15).\n- Commercial paper program allows up to $2.0 billion borrowing, reducing the revolving credit facility capacity; $150 million is available for letters of credit (Chunk 15).\n\nInterest Expense\n\n- Interest expense for the year ended December 31, 2023, was $234.0 million (Chunk 2).\n- The company also reported $25.4 million in interest income for 2023 (Chunk 2).\n- Certain debt carries incremental costs due to amortized losses from hedging activities; for example, the CAD 500 million 3.44% notes' effective borrowing cost is increased by 0.4% from swap amortization (Chunk 3, 9, 13, 16).\n\nProjections\n\n- The company uses its revolving credit facility for working capital, general purposes, and refinancing maturing debt (Chunk 15).\n- No borrowings were outstanding on the revolving facility or commercial paper as of December 31, 2023, indicating strong liquidity (Chunk 15).\n- Debt issuance costs are being amortized over the terms of the respective notes (Chunk 3).\n\nSummary Table (as of Dec 31, 2023):\n\n| Instrument                    | Maturity     | Principal (in millions) | Interest Rate (%) |\n|-------------------------------|--------------|------------------------|-------------------|\n| EUR 800M Notes                | July 2024    | $883.1                 | 1.25              |\n| CAD 500M Notes                | July 2026    | $377.6                 | 3.44 (+0.4% eff.) |\n| USD 2.0B Notes                | July 2026    | $2,000.0               | 3.00              |\n| USD 1.1B Notes                | May 2042     | $1,100.0               | 5.00              |\n| USD 1.8B Notes                | July 2046    | $1,800.0               | 4.20              |\n\nThe company's debt profile consists of a mix of USD, EUR, and CAD denominated notes, with staggered maturities and mostly fixed rates, supported by a sizable undrawn revolving credit facility. Interest expense is expected to continue being influenced by the existing debt structure and any future refinancing or new borrowings.",""
"41","2ed1fc2b","Impact of pricing mitigation & cash flow on valuation ratios vs industry for Arthur J. Gallagher (AJG).","AJG","data\10k\converted\AJG.pdf","filename_fallback","5037,5199,5039,5043,4801,5036,5040,4926,4789,5021,5035,4814,4800,4788,5193,5070","18","Arthur J. Gallagher & Co. (AJG) operates in an industry where insurance premiums are cyclical and can impact commission revenues. When markets harden (premiums rise), clients may seek to mitigate price increases, which can put downward pressure on commission revenue growth. Conversely, in soft markets, lower premiums also compress commission revenues. This cyclical pattern in pricing directly affects AJG's cash flows from operations, which are primarily driven by commissions and fees tied to premium volumes. (Chunk 8)\n\nAJG's cash flows from operating activities have remained strong and growing, reaching $2,031.7 million in 2023, up from $1,390.0 million in 2022, despite fluctuations in premium pricing and client mitigation efforts. This robust cash generation supports the company's ability to fund acquisitions, pay dividends, and manage debt, which in turn strengthens its financial position and valuation ratios. (Chunk 1)\n\nCompared to the industry, AJG's strong and growing operating cash flows--despite pricing pressures--help maintain favorable valuation ratios such as price-to-earnings (P/E) and enterprise value-to-EBITDA (EV/EBITDA). The ability to generate cash consistently, even as clients attempt to mitigate premium increases, suggests operational resilience and enhances investor confidence in sustainability of earnings and dividends. This positions AJG well relative to peers who may be more exposed to market cycles or have less diversified revenue streams. (Chunks 1, 5, 8)\n\nIn summary, client efforts to mitigate pricing do put pressure on commission revenues and thus on cash flows, but AJG's operational scale and efficiency have allowed it to maintain strong cash flow and competitive valuation ratios compared to industry peers. This resilience is a positive factor in its market valuation.",""
"43","744f9512","SLB board exp. & risk mgmt. strategy alignment.","SLB","data\10k\converted\SLB.pdf","filename_fallback","130684,130683,130712,130656,130648,130730,130729,130767,130649,130776,130657,130655,130634,130777,130653,130742","391","SLB's Board of Directors has significant experience relevant to energy, finance, and innovation, with members who have served as CEOs and CFOs of major energy and technology companies such as Woodside Petroleum, TotalEnergies, Vista, Ørsted Wind Power, Wintershall Dea, IBM India, ConocoPhillips, and others (Chunks 10, 14). This collective expertise supports effective oversight and guidance of SLB's risk management strategies.\n\nIn terms of risk management strategy alignment, the Board--specifically its Audit Committee--oversees SLB's risk exposures, including cybersecurity, and reviews the effectiveness of the company's risk management programs. The cybersecurity team briefs the Audit Committee quarterly, and the Board reviews cybersecurity risks at least annually as part of the enterprise risk management process (Chunks 1, 2). The Board's oversight ensures alignment of SLB's risk management practices with the company's overall strategic objectives, leveraging both internal expertise and external partnerships to address and mitigate risks in areas such as cybersecurity, market fluctuations, and operational challenges.",""
"42","dd96e4e1","2023 restructuring asset charges by Dow Inc. impact profitability - operational vs one-off.","DOW","data\10k\converted\DOW.pdf","filename_fallback","49710,49679,49924,49925,49678,49819,49691,49680,49707,49817,49818,49706,49918,49690,49704","146","In 2023, Dow Inc. recorded restructuring and asset related charges totaling $528 million, primarily as part of its 2023 Restructuring Program. These charges consisted mainly of severance and related benefit costs ($344 million) and asset write-downs and write-offs ($191 million), affecting various segments and primarily classified under Corporate. The restructuring actions included global workforce reductions and rationalization of manufacturing and office assets, with most activities expected to be completed by the end of 2024 (Chunks 6, 7, 10, 11, 14).\n\nThe impact of these charges on profitability is considered one-off (non-recurring), as they are associated with structural cost improvement initiatives in response to economic conditions, rather than ongoing operational performance. These charges are excluded from Dow's ""Operating EBIT,"" which is a non-GAAP metric used to reflect the company's core operational profitability without the influence of such significant, infrequent items (Chunks 1, 3, 4). As such, while they reduce reported net income for 2023, they are not expected to impact ongoing operational profitability in future periods once the restructuring is complete.",""
"37","ef0930ec","Net PPE vs Op Inc capex efficiency of Diamondback Energy (FANG).","FANG","data\10k\converted\FANG.pdf","filename_fallback","64579,64456,64455,64460,64522,64578,64388,64428,64510,64413,64589,64202,64521,64480,64591","187","Based on the provided context, here is an analysis of Diamondback Energy's (FANG) net property, plant, and equipment (PPE) and operating income (Op Inc) for capital efficiency:\n\nNet Property, Plant, and Equipment (Net PPE):\n\n- As of December 31, 2023: Net PPE is $26,674 million (Chunk 3, Chunk 5).\n- As of December 31, 2022: Net PPE is $23,759 million.\n\nOperating Income (Op Inc):\n\n- For the year ended December 31, 2023: Operating income is $4,570 million (Chunk 2).\n- For the year ended December 31, 2022: Operating income is $6,508 million.\n\nCapital Expenditures (Capex):\n\n- Capital expenditures (excluding acquisitions and equity method investments) for 2023: $2,429 million for drilling, completions, and non-operated additions to oil and natural gas properties (Chunk 10).\n\nCapex Efficiency (Op Inc / Capex and Op Inc / Net PPE):\n\n1. Operating Income to Net PPE (2023):\n   - $4,570 million / $26,674 million ≈ 17.1%\n\n2. Operating Income to Capex (2023):\n   - $4,570 million / $2,429 million ≈ 1.88\n\nThis means that for every dollar of capital expenditures in 2023, Diamondback generated about $1.88 in operating income. Additionally, the operating income as a percentage of net PPE was about 17.1%.\n\nSummary Table:\n\n| Year | Net PPE ($M) | Op Inc ($M) | Capex ($M) | Op Inc / Net PPE | Op Inc / Capex |\n|------|--------------|-------------|------------|------------------|----------------|\n| 2023 | 26,674       | 4,570       | 2,429      | 17.1%            | 1.88           |\n\nThis reflects a strong capital efficiency for Diamondback Energy in 2023, with substantial returns on both existing asset base and new capital invested.",""
"40","5c8dc168","Proj duration impacts cash flow, profitability, & capex strategy for The Southern Company (SO).","SO","data\10k\converted\SO.pdf","filename_fallback","168814,169370,169118,168892,169055,169133,168852,168961,168857,169116,168863,169137,169115,168862,168910,168851","497","Project duration significantly impacts cash flow, profitability, and capital expenditure (capex) strategy for The Southern Company (SO) in several ways:\n\n1. Cash Flow: Longer project durations can delay the receipt of revenues from new assets, requiring SO to fund ongoing construction and associated costs for extended periods. This can increase net cash used for investing activities, as seen in the company's substantial annual capital expenditures and construction programs (Chunks 1, 3, 6, 13). For example, SO anticipates that from 2024 through 2026, projected stock dividends, capital expenditures, and debt maturities will exceed operating cash flows, necessitating external financing to meet cash requirements (Chunks 10, 13).\n\n2. Profitability: Delays or prolonged project durations can increase costs and reduce profitability, especially if there are construction delays, contractor performance shortfalls, or unexpected expenditures. The company cites Plant Vogtle Unit 4 as an example, where cumulative pre-tax charges of $3.2 billion were recorded to reflect revised estimates for completion, directly impacting earnings (Chunk 4). Additionally, if increased costs cannot be fully recovered through regulated rates or are disallowed by regulators, profitability can be further affected (Chunks 9, 11).\n\n3. Capex Strategy: Project duration influences SO's capital planning and allocation. Longer projects require careful phasing of capital outlays and may necessitate periodic review and revision of construction budgets due to changing costs, regulations, or market conditions (Chunk 1). SO's capex strategy accounts for large, multi-year projects in its forward-looking estimates and includes mechanisms to finance expenditures in excess of operating cash flows, such as issuing debt, equity, or commercial paper (Chunks 3, 10, 13). The company also anticipates ongoing capital needs for maintaining existing assets, environmental compliance, and system upgrades, further shaping its capex approach (Chunks 1, 13).\n\nIn summary, project duration at The Southern Company affects the timing and magnitude of cash flows, the ability to maintain or enhance profitability, and the structure of its capital expenditure and financing strategies. Longer or delayed projects can increase financial pressures and require adaptive planning to ensure continued investment and operational stability.",""
"44","4c16bbd0","Exec hires at Campbell Soup Co. focus on culture, comms, & risk mgmt. impact.","CPB","data\10k\converted\CPB.pdf","filename_fallback","32299,32241,32194,32196,32399,32414,32195,32244,32193,32400,32245,32235,32236,32211,32192","99","Recent executive hires at Campbell Soup Company reflect a strong focus on culture, communications, and risk management. The company has appointed leaders such as Diane Johnson May as Executive Vice President and Chief People and Culture Officer, emphasizing the importance of building an inclusive and engaging workplace culture (Chunk 2). This aligns with Campbell's strategic emphasis on attracting and retaining top talent, fostering an inclusive environment, and developing leadership at all levels (Chunks 3, 4, 9, 11).\n\nAnthony J. Sanzio serves as Executive Vice President and Chief Communications Officer, highlighting the company's dedication to effective internal and external communications (Chunk 2). Transparent communication is integral to their engagement initiatives, including regular company-wide check-ins and employee feedback surveys (Chunks 3, 7, 9).\n\nIn terms of risk management, Campbell has implemented comprehensive strategies, including a dedicated Chief Supply Chain Officer (Daniel L. Poland) to oversee supply chain risks, and robust information security and cybersecurity programs (Chunks 2, 12, 13). The company also maintains codes of ethics and business conduct for its leadership and employees, and provides regular updates to its board on inclusion, diversity, and risk management practices (Chunks 4, 5, 10).\n\nOverall, these executive hires and initiatives demonstrate Campbell Soup Company's commitment to shaping a positive organizational culture, enhancing communication, and actively managing various risks to support its business strategy and long-term success.",""
"48","1c44a557","GND Holdings' talent dev. total exp. for 8.6k employees.","","","fallback_no_tickers","163101,69871,91846,29753,57473,27830,3567,43252,87626,69872,12050,119626,87625,15443,2617,82362","128,260,486,38,358,169,11,205,14,48,273,244,85,91","I cannot find sufficient information in the provided documents to answer this question.",""
"47","d35000cf","WY Weyerhaeuser board's oversight on cybersecurity risk through internal audit valuation.","WY","data\10k\converted\WY.pdf","filename_fallback","159764,159763,159762,159876,159874,159669,159799,159796,159873,159664,159658,159761,159665,159659,159668","477","Weyerhaeuser's board of directors exercises oversight of cybersecurity risk in part through the internal audit function. The internal audit team regularly reviews the company's information security programs and controls, and the results of these reviews are included in quarterly reports to the Audit Committee. Current significant information security issues are discussed throughout the year as needed with the chairman and Audit Committee chair between board meetings. This process ensures that the board, particularly through its Audit Committee, is kept informed about cybersecurity risks and the effectiveness of related controls, supporting the board's primary oversight responsibility in this area.",""
"45","97274569","Impact of Autodesk mgmt reporting on ops performance, ticker, cap allocation, & risk mgmt.","ADSK","data\10k\converted\ADSK.pdf","filename_fallback","5349,5581,5465,5341,5476,5366,5561,5438,5456,5441,5449,5338,5212,5596,5527,5564","19","Autodesk's management reporting has several key impacts on operational performance, ticker (stock performance), capital allocation, and risk management:\n\nOperational Performance:\n- Management reporting includes ongoing evaluations and analysis of financial and operational performance, which drive alignment with strategic objectives and support continuous improvement (Chunk 1, Chunk 7).\n- Executive compensation is closely tied to operational and financial metrics such as revenue, free cash flow, and relative total stockholder return (TSR), motivating leadership to focus on both short- and long-term performance (Chunk 2, Chunk 5, Chunk 7).\n\nTicker (Stock Performance):\n- The use of TSR as a performance metric in executive compensation aligns management incentives with stockholder interests and helps drive stock performance relative to peers in the North American Technology Software Index (Chunk 2, Chunk 5, Chunk 16).\n- Regular stockholder outreach and feedback inform management decisions, supporting stockholder confidence and potentially contributing to positive say-on-pay votes and market perception (Chunk 7, Chunk 16).\n\nCapital Allocation:\n- Management makes assumptions and estimates on various financial aspects, including revenue recognition, fair value of assets, and investments, which influence capital allocation decisions (Chunk 12).\n- The compensation committee considers capital allocation as part of discussions with stockholders, and management reporting informs decisions on equity grants, investments, and resource deployment (Chunk 7, Chunk 16).\n\nRisk Management:\n- The board and management have established robust risk oversight processes, including cybersecurity risk management, with regular updates and assessments to identify, prioritize, and mitigate risks (Chunk 4, Chunk 12).\n- The Chief Trust Officer leads cybersecurity initiatives and reports regularly to the Audit Committee and the board, ensuring informed oversight and effective response to risk (Chunk 4).\n- Annual evaluations of compensation-related risks ensure that pay programs do not create incentives likely to have a material adverse effect on Autodesk (Chunk 14, Chunk 16).\n\nIn summary, Autodesk's management reporting supports operational excellence, aligns management incentives with stockholder value, guides prudent capital allocation, and ensures robust risk management through structured oversight and continuous assessment.",""
"49","3e71f318","ALB's exec age/tenure mix, with ticker positioned centrally, impacts decision-making.","ALB","data\10k\converted\ALB.pdf","filename_fallback","7938,7946,7941,7939,7940,8235,8245,8234,8236,7744,8238,8237,8223,7954,7757,8220","26","Albemarle Corporation (NYSE: ALB) has an executive team with a mix of ages and tenures, which can influence its decision-making processes:\n\n- J. Kent Masters (63), Chairman, President, and CEO, has served as CEO since April 2020 and joined the board in 2015.\n- Neal R. Sheorey (47), Executive Vice President and CFO, joined in November 2023 after over 20 years at Dow.\n- Melissa Anderson (59), Senior VP and Chief Human Resources Officer, joined in January 2021.\n- John C. Barichivich III (56), VP, Corporate Controller, and Chief Accounting Officer, has been with Albemarle since 2007 and held his current role since November 2019.\n- Kristin M. Coleman (55), Executive VP, General Counsel and Corporate Secretary, joined in November 2022.\n- Other executives, such as Jacobus G. Fourie (48), Netha Johnson (53), Cynthia Lima (62), Eric Norris (57), and Michael Simmons (60), bring additional experience from within and outside the company.\n\nThis blend of seasoned leaders with significant industry experience and newer members with fresh perspectives creates a balance. The presence of both long-tenured and recently appointed executives likely encourages a combination of stability and innovation in decision-making. The team's broad age range (from 47 to 63) and varying tenures support diverse viewpoints and adaptability, aiding ALB's ability to respond to challenges and opportunities in the specialty chemicals industry.",""
"46","45f99eae","YoY rev growth trends from 2022-2024 & key drivers, BR.","BR","data\10k\converted\BR.pdf","filename_fallback","19492,19502,19493,19491,19488,19489,19508,19499,19563,19498,19570,19500,19589,19494,19480","60","From fiscal years 2022 to 2024, Broadridge (BR) experienced consistent year-over-year (YoY) revenue growth, with the following trends and key drivers:\n\nRevenue Growth Trends:\n\n- Fiscal Year Ended June 30, 2024: Total revenues increased by $445.9 million, or 7%, to $6,506.8 million from $6,060.9 million in 2023. Recurring revenues grew by $235.9 million, or 6%. Event-driven revenues rose by 35% and distribution revenues by 7% (Chunks 5, 6).\n- Fiscal Year Ended June 30, 2023: Although specific 2022 figures are not detailed in the provided context, the consistent pattern of growth is highlighted, with recurring revenue and total revenue increasing each year (Chunk 5).\n\nKey Revenue Growth Drivers (2022-2024):\n\n- Recurring revenue growth was primarily driven by Net New Business and Internal Growth, with little to no impact from acquisitions or foreign exchange in 2024 (Chunks 1, 5).\n- By segment and product line (2024):\n  - Investor Communication Solutions (ICS): Recurring revenue growth of 5%, driven by growth in regulatory, data-driven fund solutions, issuer, and customer communications products (Chunk 1, 2, 4).\n  - Global Technology and Operations (GTO): Recurring revenue growth of 8%, with capital markets up 9% and wealth and investment management up 7%, all due to net new business and internal growth (Chunks 1, 2, 3, 14).\n- Event-driven revenues saw significant increases in 2024 (up 35%), attributed to higher activity in mutual fund proxy, equity proxy contests, and corporate action communications (Chunks 1, 6).\n- Distribution revenues rose, mainly due to postage rate increases and higher event-driven mailings (Chunks 1, 6).\n- The growth was organic, with no material impact from acquisitions or foreign exchange fluctuations during this period (Chunks 1, 2, 3, 5).\n- Operating expenses also increased, primarily reflecting higher distribution, technology, and selling expenses (Chunk 1).\n\nIn summary, from 2022 to 2024, Broadridge delivered steady revenue growth, led by recurring revenues from net new business and internal growth, with an additional boost from strong event-driven activity and increased distribution revenues. The growth was largely organic and driven by core business expansion across key product lines and segments.",""
"50","2bed47cb","Dec vs Nov '23 WAB repurchase price trend & market timing.","WAB","data\10k\converted\WAB.pdf","filename_fallback","156692,156748,156709,156767,156747,156780,156773,156691,156781,156711,156759,156710,156614,156693,156803,156804","468","In November 2023, Wabtec (WAB) repurchased 819,918 shares at an average price of $111.55 per share. In December 2023, the company repurchased 565,029 shares at an average price of $115.92 per share. This indicates that the average repurchase price increased from November to December 2023, suggesting that Wabtec was buying back shares at higher market prices in December compared to November. This upward trend in the repurchase price could reflect a rising stock price or market valuation during that period, indicating that Wabtec's buybacks were executed at progressively higher prices as the quarter ended.",""
"53","a4285e41","Impact of third-party cybersecurity risk mgt on Enphase Energy.","ENPH","data\10k\converted\ENPH.pdf","filename_fallback","53882,53943,53945,53886,53942,53802,53860,53881,53941,53878,53905,53869,53891,53809,53833,53814","158","Third-party cybersecurity risk management has a significant impact on Enphase Energy. The company relies on various third-party providers for business-critical functions, security-related services, SaaS platforms, managed services, cloud infrastructure, data centers, and more. While these third parties take steps to secure data and prevent security incidents, Enphase's ability to monitor their information security practices and potential security incidents is limited, and not all third parties may have adequate measures in place.\n\nIf a third-party provider experiences a significant data security breach, it could detrimentally affect Enphase's business, ability to provide products and services, results of operations, and financial condition. Enphase includes cybersecurity evaluations and contractual obligations in its vendor management process for certain providers, but acknowledges these risks remain. Additionally, future or past business transactions, like acquisitions or integrations, could expose Enphase to new cybersecurity vulnerabilities through acquired systems and technologies.\n\nOverall, third-party cybersecurity risks represent a material concern, as breaches or failures by vendors could lead to reputational damage, significant costs, litigation, regulatory responses, and operational disruptions for Enphase Energy (see Chunks 1, 2, 4, 5, and 8).",""
"56","1a71ecb0","Ticker MRO impact on EPS from dilutive securities is vs. WA vs. diluted shares.","MRO","data\10k\converted\MRO.pdf","filename_fallback","104047,104068,104067,104050,104153,104152,104109,104048,104111,104116,104103,103990,103991,104069,104106","310","For Marathon Oil Corporation (ticker MRO), the impact of dilutive securities on earnings per share (EPS) is minimal. Here's a clear comparison:\n\n- For the year ended December 31, 2023:\n  - Weighted average common shares outstanding (basic): 607 million\n  - Effect of dilutive securities: 1 million additional shares\n  - Weighted average common shares (diluted): 608 million\n\n- Net income per share:\n  - Basic EPS: $2.56\n  - Diluted EPS: $2.56\n\n- For the year ended December 31, 2022:\n  - Weighted average common shares outstanding (basic): 685 million\n  - Effect of dilutive securities: 2 million additional shares\n  - Weighted average common shares (diluted): 687 million\n\n- Net income per share:\n  - Basic EPS: $5.27\n  - Diluted EPS: $5.26\n\n- For the year ended December 31, 2021:\n  - Weighted average common shares outstanding (basic): 787 million\n  - Effect of dilutive securities: 1 million additional shares\n  - Weighted average common shares (diluted): 788 million\n\n- Net income per share:\n  - Basic EPS: $1.20\n  - Diluted EPS: $1.20\n\nSummary:  \nThe addition of dilutive securities (such as stock options) increases the weighted average share count by only 1-2 million shares per year, resulting in a negligible difference between basic and diluted EPS for MRO in recent years.",""
"54","a54fecf0","Cboe (CBOE) allocates capital primarily towards dividends/share buybacks vs growth investments.","CBOE","data\10k\converted\CBOE.pdf","filename_fallback","30760,30703,30804,30915,30707,30759,30490,30505,30704,30754,30916,30708,30571,30668,30756,30506","93","Based on the provided context, Cboe (CBOE) allocates significant capital toward both dividends/share buybacks and growth investments.\n\n- Dividends and Share Buybacks: In 2023, Cboe paid $223.5 million in cash dividends and repurchased $83.9 million of common stock. The company has a long-standing share repurchase program, with $384 million of authorization remaining as of December 31, 2023. The expectation is to continue paying dividends, subject to board discretion and various financial considerations (Chunks 2, 3, 4, 9, 11).\n\n- Growth Investments: Cboe also actively invests in growth, as evidenced by initiatives such as expanding product offerings, completing acquisitions, integrating new platforms (e.g., Cboe Australia, Cboe Japan, Cboe Canada), and developing new trading and clearing services. In 2023, the company used cash for purchases of property, equipment, investments, and contributions to investments (Chunks 5, 6, 8, 16).\n\nIn summary, Cboe allocates capital both to returning value to shareholders through dividends and share buybacks, and to growth investments through organic initiatives and acquisitions. The company emphasizes a balanced approach to capital allocation, supporting both shareholder returns and business expansion.",""
"52","bc5c0e96","Divisional structure, risk mgmt, & competitive positioning of Nasdaq.","NDAQ","data\10k\converted\NDAQ.pdf","filename_fallback","112178,112179,112098,112099,112017,112006,112044,112068,112286,112202,112045,112419,112011,112059,112038,112082","335","Nasdaq's Divisional Structure:\nFollowing the acquisition of Adenza in November 2023, Nasdaq refined its organizational structure into three reportable segments: Capital Access Platforms, Financial Technology, and Market Services. This structure aligns with the foundational shifts driving the evolution of the global financial system, and all prior periods have been restated to conform to the current period presentation. Each segment operates as a separate business with resources allocated and performance assessed individually (Chunks 1, 2, 5).\n\nRisk Management:\nNasdaq applies robust risk management across its operations, including an AI governance framework that oversees AI-related product development and business use. This framework incorporates responsible AI principles and aligns with the U.S. National Institute of Standards and Technology AI Risk Management Framework, implemented through company-wide policies and controls (Chunk 7). Additionally, Nasdaq's broker-dealer subsidiaries are subject to regulatory oversight and must comply with financial soundness and liquidity requirements (Chunk 8). The company also maintains system integrity and performance as a key risk management priority, addressing potential technology, cybersecurity, and operational risks (Chunk 4).\n\nCompetitive Positioning:\nNasdaq faces intense competition from other exchanges, alternative trading systems, multilateral trading facilities, and both traditional and non-traditional execution venues globally. The company competes on product, price, and technology, often needing to adjust pricing or increase rebates to maintain or gain market share, especially in the trading industry where price competition is significant. The regulatory environment in the U.S. and Europe promotes competition, and industry consolidation has led to greater concentration among major customers. Nasdaq seeks to differentiate itself through technological innovation (including cloud migration and AI), proprietary data, and a comprehensive suite of platforms and services designed to improve liquidity, transparency, and integrity in the financial system. Its competitive strengths include global reach, client focus, technological expertise, and complementary business segments that position it for sustained growth (Chunks 3, 4, 7, 11).\n\nIn summary, Nasdaq's refined divisional structure, strong risk management frameworks, and technology-driven, client-centric approach underpin its competitive positioning in a rapidly evolving and highly competitive global financial marketplace.",""
"58","8a8cd2e9","Utilization timeline criteria for repurchase program by Regency Centers (REG).","REG","data\10k\converted\REG.pdf","filename_fallback","132596,132413,132601,132412,132415,132662,132599,132602,132654,132249,132250,132248,132647,132411,132469,132468","395","Regency Centers' Board has authorized a two-year common stock repurchase program, allowing the company to repurchase up to a maximum of $250 million of its outstanding common stock through open market purchases and/or privately negotiated transactions. The authorization for this repurchase program will expire on February 7, 2025, unless modified, extended, or earlier terminated by the Board. The timing and price of stock repurchases under the program are dependent upon market conditions and other factors.",""
"55","15cf0974","The impact of APA on profitability, with the ticker in play, brings into question the allocation of capital.","APA","data\10k\converted\APA.pdf","filename_fallback","9556,9557,9375,9470,9381,9513,9270,9405,9374,9496,9342,9471,9284,9446,9494,9382","30","APA Corporation, trading under the ticker ""APA"" on the Nasdaq, has implemented several strategic measures to enhance profitability and optimize capital allocation:\n\n1. Share Repurchase Program: APA has actively repurchased its own shares, which can positively impact earnings per share and return capital to shareholders. For example, during 2023, the company repurchased 8.7 million shares at an average price of $37.81 per share, with a remaining authorization to repurchase 43.9 million shares as of December 31, 2023. This ongoing program signals confidence in the company's value and is a direct allocation of capital to benefit shareholders (Chunks 1, 8).\n\n2. Dividend Increases: APA has steadily increased its quarterly dividend over recent years, reaching $0.25 per share in the third quarter of 2022, which marked a return to pre-pandemic levels. For 2023, the company declared dividends totaling $1.00 per share, demonstrating a commitment to direct capital returns to shareholders (Chunks 1, 2, 8).\n\n3. Strategic Acquisitions and Divestitures: APA continuously reviews its asset portfolio to enhance profitability. Recent actions include the pending acquisition of Callon Petroleum Company in an all-stock transaction valued at approximately $4.5 billion. This acquisition is expected to add scale and high-quality opportunities, particularly in the Permian Basin, improving the company's long-term capital efficiency and growth prospects. Additionally, APA has sold non-core assets and reduced its ownership in Kinetik Holdings, monetizing investments and reallocating capital to higher-impact opportunities (Chunks 5, 15, 16).\n\n4. Debt Management: APA manages its capital structure by retiring and refinancing debt, as seen with the planned retirement of Callon's existing debt upon acquisition and its replacement with APA term loan facilities, which can reduce interest expenses and strengthen the balance sheet (Chunks 5, 15, 16).\n\nIn summary, APA leverages its capital through share repurchases, increased dividends, targeted acquisitions, and portfolio optimization. These measures are designed to improve profitability and ensure that capital is deployed in ways that enhance shareholder value and sustain long-term growth.",""
"51","0f941d3e","CNP's exec leadership strengths & gaps impact future growth, profitability.","CNP","data\10k\converted\CNP.pdf","filename_fallback","50043,50037,50538,50143,50396,50171,50142,49957,50044,50532,50530,50100,50090,50033,49976,50082","147","Based on the provided context, CenterPoint Energy's executive leadership team brings a variety of strengths that can positively impact the company's future growth and profitability, but there are also potential gaps and associated risks to consider.\n\n**Strengths:**\n\n- The executive team has significant experience in the energy sector, including leadership in operations, finance, regulatory services, and legal/risk management (Chunks 1, 2, 4).\n- Leadership transitions have brought in individuals with proven track records, such as Jason P. Wells (President and CEO), Christopher A. Foster (EVP and CFO), and Lynnae Wilson (SVP, Electric Business), each with experience in both operational and financial roles (Chunks 2, 6).\n- The company places importance on risk management, diversity, and a robust benefits package, which are designed to attract and retain high-performing talent (Chunks 2, 14).\n- The executive management team's compensation is partly tied to diversity metrics, aligning leadership incentives with broader company goals (Chunk 2).\n- There is strong oversight of cybersecurity and risk, with experienced legal and governance professionals guiding these areas, which is critical for operational resilience (Chunks 4, 7).\n\n**Gaps and Risks:**\n\n- CenterPoint's future growth depends on successful execution of strategic goals, including a ten-year capital plan and ambitious net zero emission targets by 2035. These rely on accurate assumptions and effective execution by leadership; failure to do so could hinder growth and damage reputation (Chunks 12, 16).\n- The company is exposed to external risks such as supply chain disruptions, inflation, and regulatory changes, which require agile and proactive leadership. If not managed effectively, these could impact the ability to execute capital plans and meet financial targets (Chunks 13, 15).\n- The company's structure as a holding company means financial health is closely tied to subsidiary performance. Any gaps in leadership or management at the subsidiary level could directly impact CenterPoint's ability to grow and remain profitable (Chunks 13, 15).\n- Achieving carbon emissions reduction goals involves operational and financial risks; leadership must manage technology transitions, regulatory compliance, and stakeholder expectations, all of which present challenges (Chunk 16).\n\n**Summary:**\nCenterPoint Energy's executive leadership strengths--deep sector expertise, focus on risk management, and alignment of incentives--support its future growth and profitability. However, leadership must continue to address external economic, regulatory, and operational risks, and execute complex strategic initiatives to ensure these strengths translate into sustained success. Failure to manage these risks or to deliver on strategic goals could negatively impact future growth and profitability.",""
"57","f6cd7e21","$12M accruals collateral impact on cash flows, balance sheet stability for Amcor plc.","AMCR","data\10k\converted\AMCR.pdf","filename_fallback","4177,4176,4262,4274,4133,4247,4138,4127,4033,4157,4263,4149,4261,4232,4281,4234","15","As of June 30, 2024, Amcor plc recorded accruals of $12 million related to contingencies in Brazil, which are included in other non-current liabilities on the consolidated balance sheet. To continue defending these cases, the company also provided letters of credit of $16 million, judicial insurance of $1 million, and deposited $12 million in cash with the courts (Chunk 3).\n\nThe company states that the level of cash or collateral already pledged or potentially required to be pledged would not significantly impact its liquidity (Chunk 3). This indicates that while the $12 million accrual and related collateral are reflected as a liability and a reduction in cash, they are not material enough to threaten Amcor's balance sheet stability or overall cash flow position. The company's total current assets were $4,965 million as of June 30, 2024, and total cash and cash equivalents were $588 million, so the $12 million represents a small proportion of available liquidity (Chunk 1).\n\nIn summary, the $12 million accrual and associated collateral requirements have a limited and non-material impact on Amcor plc's cash flows and do not significantly affect the company's balance sheet stability.",""
"61","8d9a0f37","Constellation Energy's Rev Recog. performance obligation criteria relates closely to its operational metrics.","CEG","data\10k\converted\CEG.pdf","filename_fallback","38649,38349,38650,38343,38705,38381,38829,38841,38576,38840,38347,38648,38577,38519,38832,38607","114","Constellation Energy recognizes revenue from contracts with customers when performance obligations are satisfied, which generally occurs when power, natural gas, and other energy-related commodities and services are provided to the customer. The timing and method of revenue recognition are closely tied to the actual delivery or progress of these goods and services:\n\n- For power and natural gas sales, revenue is recognized over time as the commodity is delivered to the customer, aligning with operational delivery metrics.\n- For products like capacity, CMCs, ZECs, RECs, or other ancillary services, revenue is generally recognized at a point in time when the specific performance obligation is fulfilled.\n- For construction and installation of energy efficiency assets and new power generating facilities, revenue and associated costs are recognized throughout the contract term using an input method that measures progress toward completion, such as costs incurred and labor hours expended, which directly reflect operational progress.\n\nThis approach ensures that revenue recognition aligns closely with the value delivered to customers and the company's operational performance in fulfilling contract obligations.",""
"59","b0196c5b","Long-term financial impact of RCL if major judgment reversal fails on appellate.","RCL","data\10k\converted\RCL.pdf","filename_fallback","127007,127013,127121,127040,126991,127006,127017,126998,126997,126999,126990,127203,127204,127025,127038,126985,127016","379","If Royal Caribbean Cruises Ltd. (RCL) fails to overturn the judgment in the Havana Docks litigation on appeal, the company will be required to pay approximately $112 million in damages and attorneys' fees, as awarded by the court. RCL has already recorded a charge of approximately $130 million in the fourth quarter of 2022 to account for the judgment, including post-judgment interest, related legal defense costs, and bonding fees.\n\nGiven that this expense has already been recognized in the company's financial statements, the immediate financial impact has largely been accounted for. However, the actual cash payment of the judgment, if the appeal is unsuccessful, would reduce RCL's cash flows and liquidity by that amount.\n\nAside from this specific case, RCL notes that it is routinely involved in claims typical within the cruise vacation industry, most of which are covered by insurance and are not expected to have a material adverse impact on its financial condition or results of operations.\n\nIn summary, if RCL's appeal fails, the long-term financial impact should be limited to the already recognized charge and the cash outflow for the payment. This is not expected to have a material adverse effect on the company's overall financial condition or results, since the loss has already been provisioned and the company does not anticipate similar claims to materially affect its operations in the future.",""
"62","bf7f45c3","HII analysis of Ingalls segment stability, capex trends, and asset drivers.","HII","data\10k\converted\HII.pdf","filename_fallback","75183,75236,75148,75146,75313,75314,75321,75233,74990,75144,75149,75187,75235,75325,75311","221","Here is an analysis of the Ingalls segment's stability, capital expenditure (capex) trends, and asset drivers based on the provided information:\n\nStability:\n- Ingalls demonstrates stable and gradually increasing sales and service revenues: $2,528 million (2021), $2,570 million (2022), and $2,752 million (2023), a 7% increase from 2022 to 2023.\n- Segment operating income also rose from $281 million (2021) to $292 million (2022), reaching $362 million in 2023 (a 24% increase from 2022 to 2023).\n- Operating margin improved from 11.1% (2021) to 11.4% (2022), and up to 13.2% (2023), indicating enhanced profitability and operational performance.\n- The increase in income for 2023 was mainly driven by higher volumes in surface combatants and amphibious assault ships, the sale of a court judgment for recovering unpaid receivables, and a contract incentive, partially offset by lower risk retirement on recently delivered ships (Chunk 4).\n\nCapex Trends:\n- Ingalls' capital expenditures have been relatively stable but slightly declining: $72 million (2021), $69 million (2022), and $65 million (2023) (Chunk 2).\n- This slight downward trend suggests continued investment in infrastructure and assets, but at a somewhat reduced rate year-over-year.\n\nAsset Drivers:\n- Ingalls' total assets have remained steady: $1,659 million (2021), $1,633 million (2022), and $1,619 million (2023) (Chunk 2).\n- Major revenue and asset drivers are the higher volumes in surface combatants and amphibious assault ships, as Ingalls is the sole builder of amphibious assault ships and a major builder of surface combatants for the U.S. Navy (Chunk 9).\n- Ingalls' business is underpinned by long-term contracts with the U.S. Government, primarily the Department of Defense, ensuring a reliable and predictable revenue and asset base (Chunk 9, Chunk 13).\n\nIn summary, the Ingalls segment shows strong stability with increasing revenues and margins, stable asset levels, and steady but slightly decreasing capital expenditures. Its performance is driven by continued demand for surface combatants and amphibious assault ships, underpinned by longstanding government contracts.",""
"66","efbe6f3a","Impact on DLTR valuation & outlook due to litigation loss estimates.","DLTR","data\10k\converted\DLTR.pdf","filename_fallback","42941,42935,42879,42876,42831,42893,42830,42842,42896,42967,42889,42832,42875,42882,42881,42903","126","Dollar Tree (DLTR) faces multiple ongoing personal injury lawsuits, including talc product and acetaminophen-related cases, as well as general liability claims. The company acknowledges that the outcome and potential losses from these litigations are highly uncertain and could be material. While previous talc lawsuits were resolved without material loss, the company cannot assure that future cases will not have a significant impact. For many legal proceedings, DLTR is unable to reasonably estimate the amount or range of possible losses due to litigation uncertainties, which adds complexity to its financial outlook (Chunks 1, 2, 8).\n\nLegal expenses and adverse judgments could materially and negatively affect DLTR's reputation, financial condition, and results of operations. Even unsuccessful claims or negative publicity could harm customer perception and increase litigation-related expenses, impacting financial performance (Chunk 8).\n\nRecent financial statements reflect increased general liability accruals due to claims developing and paying out at higher amounts than anticipated, as well as substantial impairment charges (Chunk 6, 12). Litigation costs and outcomes could be significant enough to alter DLTR's valuation, especially if reserves for legal proceedings prove inadequate or if major adverse judgments occur.\n\nIn summary, litigation loss estimates contribute to uncertainty and downside risk in DLTR's valuation and outlook. Potential material losses, increased litigation costs, and reputational harm could adversely affect the company's financial position and market value.",""
"60","70130d76","Impact of share buybacks on EPS & valuation for Dexcom, Inc. (DXCM).","DXCM","data\10k\converted\DXCM.pdf","filename_fallback","53141,53090,53221,53088,53225,53140,52813,52806,53224,53200,53198,53199,53177,53034,53176,53131","155","Dexcom, Inc. has conducted share buybacks through authorized share repurchase programs, notably the $700 million 2022 Share Repurchase Program (which concluded in 2023) and the ongoing $500 million 2023 Share Repurchase Program (Chunks 3, 4). Share repurchases reduce the number of outstanding shares, which can have the following impacts:\n\n1. Earnings Per Share (EPS):  \nBecause EPS is calculated as net income divided by the weighted average number of shares outstanding, reducing the share count through buybacks increases EPS, assuming net income remains constant. For example, in 2023, Dexcom reported net income of $541.5 million, basic EPS of $1.40, and diluted EPS of $1.30, with shares used in the diluted EPS calculation decreasing from 427.5 million in 2022 to 425.5 million in 2023 (Chunk 1). The buybacks contributed to this reduction in share count and thus supported EPS growth.\n\n2. Valuation:  \nA higher EPS, resulting from share buybacks, can make the company appear more attractive on a per-share profitability basis, potentially supporting a higher share price or price/earnings (P/E) ratio if the market views the buybacks positively. Buybacks can also signal management's confidence in the business and may increase shareholder value by returning excess capital.\n\nIn summary, Dexcom's share buybacks have contributed to reducing the number of outstanding shares, thereby increasing EPS and potentially enhancing the company's valuation metrics.",""
"63","73531f36","Leadership roles at TROW impact profit & cap allocation.","TROW","data\10k\converted\TROW.pdf","filename_fallback","145649,145509,145647,145733,145511,145520,145506,145592,145587,145491,145512,145619,145502,145503,145508,145588","436","Leadership roles at T. Rowe Price (TROW) have a significant impact on both profit and capital allocation. The company's success is closely tied to its ability to attract, develop, and retain key personnel and leaders. The knowledge, insight, enthusiasm, and creativity of associates, especially those in leadership, are viewed as critical drivers of both client success and the firm's overall excellence and future growth (Chunks 2, 5).\n\nLeadership decisions influence the firm's strategy, including business expansion, expense management, and the pursuit of key strategic priorities, all of which directly affect profitability (Chunk 1). For example, variations in compensation expense, the pace and level of spending to support priorities, and the effectiveness of succession planning and talent development are all shaped by leadership, impacting both operating costs and profit margins.\n\nRegarding capital allocation, leaders play a vital role in reviewing acquisition and venture opportunities, which can lead to acquisitions or financial relationships with other entities as part of efforts to maintain and enhance the company's competitive position (Chunks 2, 15). Leadership decisions also influence the allocation of discretionary investments, technology spending, and other capital expenditures necessary to maintain and enhance TROW's administrative and operating infrastructure (Chunk 1).\n\nIn summary, leadership at TROW is central to setting strategic direction, managing expenses, making capital allocation decisions, and maintaining a high-performing and diverse workforce--all of which are key factors in driving profitability and effective use of capital.",""
"70","2cdda180","Dedicated lead independent director for board oversight boosts investor confidence in TTWO.","TTWO","data\10k\converted\TTWO.pdf","filename_fallback","150726,150613,150605,150592,150596,150529,150530,150400,150595,150601,150598,150533,150556,150403,150402,150374","450","Yes, Take-Two Interactive Software, Inc. has a Lead Independent Director on its Board, Michael Dornemann, as indicated by his signature and title in the company's official filings. Having a dedicated Lead Independent Director for board oversight is a recognized governance practice that can help boost investor confidence by ensuring strong independent oversight and balanced decision-making at the board level.",""
"67","ec654929","Impact on short-term CF and profitability from CF Industries EHS capex, CF.","CF","data\10k\converted\CF.pdf","filename_fallback","29743,29905,29742,29774,29820,29807,29923,29809,29903,29744,29754,29904,29968,29845,29889,29957","91","Based on the provided context, CF Industries' environmental, health, and safety (EHS) capital expenditures were approximately $36 million in 2023 and are estimated to be about $47 million in 2024. These EHS expenditures are a subset of total capital expenditures, which were $499 million in 2023 and are projected to be around $550 million in 2024.\n\nThe company notes that environmental, health, and safety laws and regulations are complex, tend to become more stringent over time, and may require increased future spending. CF Industries expects that continued government and public emphasis on environmental issues will result in higher future expenditures for environmental controls at its manufacturing and distribution facilities. Such expenditures could have a material adverse effect on the company's business, financial condition, results of operations, and cash flows, especially if significant additional spending is required or if there are substantial liabilities for non-compliance or remediation (Chunks 1, 3, 6, 10).\n\nIn the short term, these EHS capex requirements represent a predictable, though increasing, cash outflow, which may reduce available cash for other uses and slightly impact profitability. However, historically, these costs have not been material enough to significantly disrupt operations or profitability, but the company cautions that future requirements could become more burdensome and have a more significant adverse effect if regulations tighten or unexpected liabilities arise.\n\nIn summary: In the short term, CF Industries' EHS capital expenditures modestly reduce cash flow and profitability, but have not been material enough to significantly impact overall financial results. However, the risk of higher future costs or liabilities remains, which could have a more pronounced effect on both cash flow and profitability if environmental regulations become more stringent or if significant remediation is required.",""
"65","7d96081d","Strategic priorities analysis on cybersecurity vs R&D spend at Adobe (ADBE)","ADBE","data\10k\converted\ADBE.pdf","filename_fallback","1328,1231,1174,1230,1173,1176,1191,1233,1197,1228,1192,1216,1319,1180,1303,1172","6","Based on the provided context, Adobe places a strong strategic emphasis on both research and development (R&D) and cybersecurity, but the nature of their investments and priorities differs between these areas.\n\nR&D Spend and Strategic Priorities:\n- In fiscal year 2024, Adobe spent $3.944 billion on R&D, representing 18% of total revenue--a 14% increase from the prior year. This investment is critical for the timely development of new and enhanced offerings, particularly in areas like artificial intelligence (AI), machine learning, and deep learning. Adobe emphasizes the importance of R&D to remain competitive, develop cutting-edge technologies, and expand offerings across Creative Cloud, Document Cloud, and Experience Cloud (Chunks 1, 2).\n- R&D expenses focus on compensation, hosting services, and data center costs, including AI training. Adobe continues to invest heavily to strengthen existing products and create next-generation AI-driven tools for content creation, personalization, and customer experience (Chunks 1, 2, 4).\n\nCybersecurity Strategic Priorities:\n- Adobe maintains a robust cybersecurity strategy, including a risk management framework, regular security reviews, penetration testing, and vulnerability assessments. A cybersecurity risk steering committee regularly evaluates and responds to risks (Chunk 15).\n- Employee training, vendor security reviews, and an incident response plan are in place to address and mitigate cybersecurity threats. Senior management, including the Chief Security Officer, is directly involved in cybersecurity oversight.\n- While cybersecurity is clearly a high operational priority and risk management focus, there is no specific dollar amount or percentage of revenue allocated to cybersecurity spending mentioned in the provided context. The emphasis is on maintaining secure processes and compliance, rather than innovation or product development as in R&D (Chunk 15).\n\nSummary:\n- Adobe's R&D investments are substantial and directly tied to its strategic growth and product innovation, especially in AI and digital experiences.\n- Cybersecurity, while critically important for risk management and operational continuity, is addressed through comprehensive policies and practices rather than through disclosed large-scale direct expenditures like R&D.\n\nIn summary, R&D represents a core strategic investment area for growth and innovation at Adobe, with significant and increasing financial commitment. Cybersecurity, by contrast, is treated as an essential operational and risk management priority with structured frameworks and executive oversight, but without a specified spend comparable to R&D in the provided documents.",""
"64","68f0cf9d","Comp risks, opps & impacts on performance & growth for Equity Residential (EQR).","EQR","data\10k\converted\EQR.pdf","filename_fallback","57880,57864,57862,57865,57921,57886,57873,57885,57879,57847,57889,57875,57878,57848,57874,57941","170","Equity Residential (EQR) faces several competition-related risks, opportunities, and impacts on its performance and growth:\n\nRisks:\n\n- EQR's properties are located in developed areas with multiple housing choices, including other multifamily properties, single-family homes, and condominiums, which can affect the ability to lease units and set rents (Chunks 2, 4).\n- Competitors may have greater resources or more experienced managers, which could give them an advantage in attracting residents (Chunks 2, 4).\n- Oversupply or reduced demand in local markets, particularly those where EQR has geographic concentration, can negatively impact operations and cash flows (Chunks 1, 9).\n- EQR also faces risks from changes in social preferences, demographics, and migration patterns, which may impact demand for its properties (Chunks 1, 9).\n- If EQR's competitors or other third parties adopt new technologies, such as artificial intelligence, more quickly or effectively, it could impair EQR's ability to compete (Chunk 5).\n\nOpportunities:\n\n- EQR's markets attract high-quality jobs, especially in knowledge-based sectors (STEM, finance, medical, legal), leading to a strong presence of affluent renters who are less rent-burdened and more able to absorb rent increases (Chunk 3).\n- High costs and limited inventory of single-family homes make renting more attractive, supporting long-term rental demand in EQR's markets (Chunk 3).\n- EQR's focus on operating efficiency, innovation, and technology (such as online leasing, self-guided tours, data analytics, and smart home features) helps drive superior margins and enhance customer experience, positioning the company well against competitors (Chunk 4).\n- Expansion into new markets and redevelopment of properties provide growth opportunities, though these come with additional risks (Chunks 2, 8).\n\nImpacts on Performance & Growth:\n\n- Competition can materially affect EQR's ability to lease units and achieve desired rental rates, directly impacting revenue and cash flow (Chunks 2, 4).\n- EQR balances occupancy and rental rates to maximize revenue while controlling costs, which is key to generating strong cash flow (Chunks 2, 4).\n- Technological innovation and operational efficiency are important for maintaining strong occupancy, renewal rates, and margin performance (Chunk 4).\n- EQR's ability to identify and respond to market trends, regulatory climates, and resident preferences is critical for sustaining long-term returns and mitigating risk from competition (Chunk 3).\n\nIn summary, competition poses both risks and opportunities for EQR. The company's performance and growth depend on its ability to differentiate through location, operational excellence, technology, and strategic market expansion, while navigating the challenges of competitive pressures and changing market dynamics.",""
"69","ac05d469","AES operating margin % of rev and impact of rev/cost trends on margin variations, AES.","AES","data\10k\converted\AES.pdf","filename_fallback","16395,16507,16396,16397,16422,16423,16424,16178,16661,16647,16407,16508,16406,16710,16476","52","For the year ended December 31, 2023, AES had:\n\n- Total revenue: $12,668 million  \n- Total operating margin: $2,504 million\n\nThe operating margin as a percentage of revenue is calculated as:\n\nOperating margin % = (Operating margin / Revenue) x 100  \nOperating margin % = ($2,504 million / $12,668 million) x 100 ≈ 19.8%\n\nImpact of Revenue and Cost Trends on Margin Variations:\n\n- In 2023, consolidated revenue increased by $51 million compared to 2022, primarily due to higher revenues from Renewables (driven by higher spot sales and new projects) and New Energy Technologies (mainly the sale of the Fallbrook project). However, there were decreases in Energy Infrastructure (lower LNG transactions, lower contract energy sales, lower generation, and currency devaluation) and Utilities (lower demand from milder weather in Indiana and Ohio).\n- The consolidated operating margin decreased by $44 million (or 2%) in 2023 compared to 2022. Key drivers for the decrease included lower margins in Energy Infrastructure (due to lower LNG transactions, lower energy sales, lower dispatch, and higher fixed costs), partially offset by increases in Utilities (mainly from deferral of purchased power costs, higher transmission revenues, and higher demand in El Salvador).\n\nSummary:  \nAES's operating margin as a percentage of revenue in 2023 was approximately 19.8%. Margin variations were mainly influenced by changes in revenue streams and cost trends across SBUs, including shifts in market demand, commodity prices, weather impacts, and specific project or transaction outcomes. Lower revenue or higher costs in major segments such as Energy Infrastructure reduced the margin, while improved revenue and cost management in Utilities partially offset these declines.",""
"73","fb44fe92","CHRW's legal disclosures include info on consolidated fin'l statements & risk factors.","CHRW","data\10k\converted\CHRW.pdf","filename_fallback","26387,26305,26498,26428,26439,26493,26308,26494,26506,26487,26425,26414,26432,26424,26423","79","C.H. Robinson Worldwide, Inc. (CHRW) discloses that it is not subject to any pending or threatened litigation other than routine litigation arising in the ordinary course of business operations. For some legal proceedings, the company has accrued amounts reflecting probable and estimable aggregate liabilities, but these are not material to its consolidated financial position, results of operations, or cash flows. The company further notes that, due to the preliminary nature and complexity of many of these proceedings, it is not able to estimate an amount or range of any reasonably possible losses. However, based on historical experience, the resolution of these proceedings is not expected to have a material adverse effect on its consolidated financial position, results of operations, or cash flows.\n\nAdditionally, the company's consolidated financial statements are prepared in accordance with U.S. GAAP and require management to make estimates and assumptions that affect reported amounts. Significant accounting policies and risk factors are discussed in the relevant sections of its annual report, including considerations regarding revenue recognition and other critical estimates (see context chunks 1, 12).",""
"71","57b7708b","AEE's rev rec involves analyzing both billed & unbilled components, plus the investment implications.","AEE","data\10k\converted\AEE.pdf","filename_fallback","5954,5973,5971,6151,6124,5989,6000,5988,5875,5907,5812,6004,5819,5803,5937,5977","20","AEE (Ameren) recognizes revenues from contracts with customers for electric and natural gas services, including both billed and unbilled components. Revenues are primarily earned when the commodity is delivered, and an estimate is accrued for service provided but not yet billed at the end of each accounting period. Customers are billed at least monthly, with payments due in less than a month after goods and/or services are provided. This approach ensures that both billed and unbilled revenues are captured in the financial statements (see Chunk 3).\n\nAdditionally, AEE's revenue recognition process incorporates regulatory recovery mechanisms and alternative revenue programs. For certain regulatory programs (such as revenue requirement reconciliations and energy-efficiency incentives), revenues are recognized when authorized for rate recovery, are objectively determinable and probable of recovery, and are expected to be collected from customers within two years. These are initially recognized as alternative revenues and then reclassified as revenues from contracts with customers once billed (see Chunk 2).\n\nFrom an investment perspective, Ameren Illinois' revenue requirements for certain programs are based on recoverable costs, year-end rate base, and capital structure, earning a return at the applicable weighted average cost of capital (WACC). Regulatory assets related to these programs accrue a return, and the company recognizes the carrying cost of debt in revenue, with the difference recognized once recovery is reflected in customer rates (see Chunks 6 and 8).\n\nIn summary, AEE's revenue recognition process closely analyzes both billed and unbilled revenue components, with regulatory and investment considerations influencing the timing and amount of revenue recognized.",""
"68","68e2cfdf","Seasonal workforce risk & NRG Energy cost stability.","NRG","data\10k\converted\NRG.pdf","filename_fallback","113560,113618,113532,113521,113594,113637,113619,113603,113555,113568,113580,113602,113579,113631,113581,113578","340","NRG Energy faces specific risks related to its seasonal workforce and cost stability:\n\nSeasonal Workforce Risk:\nNRG employs a significant number of seasonal workers, particularly in its smart home direct sales and installation operations. As of December 31, 2023, 5,187 of NRG's 18,131 employees were active smart home direct sales and installation individuals, which are largely seasonal. The company also faces risks from unionized employees (about 4% of its workforce), with potential for labor disruptions such as strikes or work stoppages. Additionally, a portion of NRG's workforce is nearing retirement, raising concerns about knowledge gaps and challenges in replacing retiring workers, which could affect operations and financial performance (Chunk 5, Chunk 9).\n\nCost Stability:\nNRG's cost stability is influenced by several factors:\n- The sale of power and natural gas is highly seasonal, with demand for power peaking in summer and natural gas in winter, leading to increased net working capital requirements and higher revenues during peak periods, but also greater cost volatility (Chunk 3).\n- Weather, including extreme conditions, can materially impact operating results and costs (Chunks 2, 3, 6).\n- NRG's costs are also affected by fluctuations in commodity prices (natural gas, coal, oil), supply disruptions, transportation constraints, and changes in regulatory or market dynamics (Chunks 1, 2, 4, 10).\n- NRG uses hedging strategies to manage commodity price risks, but cannot fully eliminate exposure to market volatility (Chunk 4).\n- The company's reliance on third-party suppliers for critical components and fuel means that disruptions or failures can increase costs and impact financial performance (Chunks 10, 15, 16).\n\nIn summary, NRG faces risks from its seasonal workforce related to labor availability, potential disruptions, and knowledge retention, while its cost stability is challenged by seasonal demand fluctuations, commodity price volatility, weather impacts, and reliance on external suppliers.",""
"72","7c486343","VICI's lease capex impact on future capex allocation & cash flow planning.","VICI","data\10k\converted\VICI.pdf","filename_fallback","153283,153288,153072,153338,153342,153305,153343,153069,153073,153233,153302,153308,153226,153232,153231,153299","457","VICI's lease agreements impose specific capital expenditure (capex) requirements on its tenants, particularly in its gaming portfolio. These requirements are structured to ensure that tenants invest in ongoing maintenance, restoration, and improvements of the leased properties. For example, leases with Caesars require annual building and improvement capex to be at least 1% of the prior year's net revenues, with an aggregate annual floor of $107.5 million across certain properties. Additionally, there are multi-year rolling minimums (e.g., $380.3 million over three years for certain Caesars properties).\n\nThe impact of these lease capex provisions on VICI's future capex allocation and cash flow planning is significant:\n\n1. **Tenant-Borne Capex Reduces VICI's Direct Capex Needs:** Because tenants are responsible for property-level capex, VICI itself does not need to allocate significant cash flows for property maintenance or improvements. This structure limits VICI's own future capex outflows related to its real estate assets.\n\n2. **Stable and Predictable Cash Flows:** The triple-net lease structure, combined with mandatory tenant capex, helps preserve asset quality and value while providing VICI with predictable rental income. This predictability supports VICI's ability to plan for future cash distributions, debt service, and growth investments.\n\n3. **Cash Flow Planning Focuses on Debt, Dividends, and Strategic Investments:** VICI's principal cash flow planning needs revolve around servicing its debt, paying dividends, and funding occasional strategic investments or loan commitments, rather than ongoing property capex.\n\n4. **Long-Term Asset Value Protection:** The required tenant capex helps maintain and potentially enhance the long-term value of VICI's properties, supporting future leasing and refinancing opportunities and reducing risks of asset obsolescence.\n\nIn summary, VICI's lease capex provisions shift the burden of property-level capital investments to tenants, allowing VICI to plan its own capex needs and cash flows with greater certainty and focus on shareholder returns, debt management, and external growth rather than recurring property improvements.",""
"74","586ba9c8","Eval ZBH cybersecurity protocols & assess future fin risk, ZBH.","ZBH","data\10k\converted\ZBH.pdf","filename_fallback","165996,165997,165995,166073,165943,165993,165935,166012,166033,165939,166218,165992,166031,166032,166083,166034","494","Zimmer Biomet Holdings, Inc. (ZBH) has implemented a comprehensive cybersecurity program designed to protect the confidentiality, integrity, and availability of its systems, data, and products. The program aligns with industry best practices and the NIST Cybersecurity Framework, and certain parts of its ecosystem (e.g., surgery planning) are ISO 27001 certified. ZBH uses a variety of processes, including:\n\n- Customized annual training, simulation exercises, and threat monitoring (including AI and machine learning tools)\n- Threat containment methods, risk assessments, third-party penetration testing\n- Security requirements and questionnaires for suppliers and third parties, with security/privacy addenda in contracts\n- Ongoing program enhancements to address evolving threats\n\nZBH's cybersecurity governance includes oversight by the Audit Committee of the Board of Directors, regular reporting from the Chief Information Security Officer (CISO), and periodic third-party independent assessments. The CISO, with over 20 years of experience, leads a dedicated Cybersecurity, Risk and Compliance team.\n\nDespite these robust protocols, ZBH acknowledges ongoing risks:\n\n- The company regularly experiences cyber attacks (e.g., phishing, ransomware, state-sponsored attacks) and expects this to continue.\n- Remote work arrangements have increased exposure to cyber risks.\n- ZBH's cybersecurity, incident response, and disaster recovery planning may not be sufficient for all scenarios.\n- Potential impacts of a significant cyber incident include operational disruptions, loss of confidential information, compliance difficulties, regulatory penalties, financial losses, reputational damage, and increased operating expenses.\n\nTo date, ZBH has not experienced any cybersecurity incidents that have materially affected its business or financial condition. However, the company warns that future incidents could materially impact its business, results of operations, or financial condition.\n\nIn summary, ZBH has established strong cybersecurity protocols and governance, but due to the increasing sophistication and frequency of cyber threats, there remains a risk that future incidents could have a material adverse financial impact.",""
"75","cc8084aa","Risk of timing reversal in revenue recognition for performance milestones at Amgen.","AMGN","data\10k\converted\AMGN.pdf","filename_fallback","8782,8783,8781,8483,8676,8813,8825,8538,8816,8724,8663,8883,8742,8784,8847,8664","28","At Amgen, revenue associated with at-risk substantive performance milestones is recognized only when it is probable that a significant reversal of the cumulative revenue recognized will not occur. This means that if there is a risk of timing reversal--where revenue might need to be reversed in the future--revenue is not recognized until the risk of reversal is considered unlikely. The company evaluates each performance obligation to ensure that the recognition criteria are met, and consideration is recognized as revenue when control of the related goods or services is transferred, mitigating the risk of timing reversal in revenue recognition for performance milestones.",""
"78","893fb199","KeyCorp exec sees growth in valuation amid regulatory comp. (KeyCorp Ticker) competition.","KEY","data\10k\converted\KEY.pdf","filename_fallback","96711,96830,96700,96701,96707,96709,97228,96708,96720,97229,96929,96716,96717,96811,96722,96721","289","Based on the provided context, KeyCorp operates in a highly competitive industry, facing competition from national and super-regional banks, community banks, and various other financial institutions, including nonbanks enabled by advances in technology (Chunks 2, 3, 4). The competitive environment is further intensified by industry consolidation due to mergers and acquisitions, as well as evolving customer preferences and industry standards.\n\nKeyCorp's strategic priorities include growing profitability, acquiring and expanding client relationships, managing risk, maintaining financial strength, and retaining a high-performing workforce (Chunk 2). The ability to achieve these objectives--and thus drive growth in valuation--is dependent on successful execution of these strategic initiatives, which can be affected by macroeconomic conditions and regulatory changes.\n\nAdditionally, the regulatory environment is complex and evolving, with requirements primarily aimed at protecting consumers and the banking system rather than shareholders (Chunk 1). Regulatory capital requirements (based largely on Basel III) set minimum capital and leverage ratios for KeyCorp, and ongoing or proposed regulatory changes may impact KeyCorp's ability to allocate resources to growth opportunities, potentially affecting profitability and valuation (Chunks 9, 14, 15, 16).\n\nIn summary, KeyCorp recognizes both opportunities and challenges for growth in valuation amid strong regulatory compliance requirements and intense industry competition. The company's ability to realize this growth will depend on its success in executing strategic initiatives, adapting to regulatory changes, and maintaining competitiveness in its markets.",""
"76","ba1aba9e","Inventory turnover efficiency calc for JBHT.","JBHT","data\10k\converted\JBHT.pdf","filename_fallback","80598,80563,80599,80601,80602,80552,80586,80640,80511,80521,80514,80520,80523,80591,80581","238","To calculate inventory turnover efficiency for J.B. Hunt Transport Services, Inc. (JBHT), we need:\n\n1. Cost of Goods Sold (COGS) or an equivalent operating expense (since COGS is not explicitly provided, we can use total operating expenses as a proxy).\n2. Average inventory for the period.\n\nFrom the provided context:\n\n- Inventories at December 31, 2023: $42,186,000\n- Inventories at December 31, 2022: $40,602,000\n\nAverage inventory = (42,186 + 40,602) / 2 = $41,394,000\n\nTotal operating expenses for 2023: $11,836,469,000 (from Chunk 3)\n\nInventory turnover ratio = Operating Expenses / Average Inventory\n= $11,836,469,000 / $41,394,000 ≈ 286\n\n**Conclusion:**  \nJBHT's inventory turnover efficiency for 2023 is approximately 286 times. This extremely high turnover reflects the nature of JBHT's business, which is transportation and logistics, where inventory levels are low compared to total expenses.",""
"79","43a045d3","Long-term profitability stemming from McKesson's innovative tech investments; MCK.","MCK","data\10k\converted\MCK.pdf","filename_fallback","99799,99856,99836,99800,99809,99746,99748,99857,99755,99752,99993,99838,99846,99855,99762,99744","298","McKesson's long-term profitability related to its innovative technology investments is influenced by several factors:\n\n1. Strategic Growth and Technology Investments: McKesson's business strategy includes investing in new technologies and capabilities, such as data analytics, machine learning, and AI, particularly to support its integrated oncology service business and biopharma services business. However, the company acknowledges that new technologies may not always provide the anticipated benefits or maintain competitive advantage, as the field is rapidly evolving and competitors may have more experience in enabling technologies (Chunk 1, Chunk 4).\n\n2. Segment Performance:\n   - The Prescription Technology Solutions (RxTS) segment, which is heavily focused on technology-enabled solutions, saw significant growth in profitability. For the year ended March 31, 2024, RxTS operating profit increased by 48% to $835 million, with the operating profit margin rising to 17.51% from 12.90% the prior year, due to higher technology service revenues and increased volumes in logistics and distribution (Chunk 2, Chunk 8).\n   - The U.S. Pharmaceutical segment invests in technology and automation at distribution centers and offers digital solutions such as McKesson Connect, inventory management, and pharmacy automation, all aiming to improve efficiency, accuracy, and customer service (Chunk 6, Chunk 7).\n\n3. Risks and Challenges: McKesson recognizes risks associated with technology investments, including the possibility that technologies may become obsolete, might not deliver expected returns, or could face competition from more technologically advanced entrants. Failure to achieve acceptable sales and profitability in strategic growth areas could have a materially adverse impact on future business prospects and financial results (Chunk 1, Chunk 4).\n\n4. Overall Profitability Trends: While McKesson's innovative tech investments have driven growth in certain segments, the company's overall profitability is also affected by external factors like customer bankruptcies (e.g., Rite Aid), industry consolidation, and fluctuations in operating expenses (Chunk 8, Chunk 13, Chunk 14).\n\nIn summary, McKesson's innovative technology investments, particularly in the RxTS segment, have contributed to increased segment profitability and are a key part of its long-term strategy. However, the company faces ongoing risks and must continue to adapt to maintain and grow long-term profitability from these investments.",""
"84","3874598c","FY24 capex vs tech inv. obj. for PTC.","PTC","data\10k\converted\PTC.pdf","filename_fallback","124864,124855,124870,124830,124831,124934,124824,124912,124935,124822,124918,124848,124814,124839,124847,124840","374","In FY24, PTC's capital expenditures (capex) were $14.4 million, which was lower than in FY23 ($23.8 million). This decrease reflects PTC's strategic shift toward investing more in cloud-based rather than on-premises software. The lower capex aligns with PTC's technology investment objective of supporting the transformation to SaaS solutions and cloud infrastructure, rather than spending on traditional on-premises assets.",""
"83","e1759e5e","TSCO share repurchase vol. & cash outlay for FY22 and FY23.","TSCO","data\10k\converted\TSCO.pdf","filename_fallback","144918,144841,144842,144835,144917,144809,144856,144810,144836,144855,144812,144857,144796,144838","433","For fiscal year 2022, Tractor Supply Company (TSCO) repurchased approximately 3.4 million shares of common stock, with a total cash outlay of $700.1 million.\n\nFor fiscal year 2023, TSCO repurchased approximately 2.7 million shares of common stock, with a total cash outlay of $602.9 million (including the 1% excise tax that became effective in 2023).",""
"77","77f398d5","Net inc, EPS drivers for MA, examining sust. ops vs non-ops exp. for 2021-23.","MA","data\10k\converted\MA.pdf","filename_fallback","96078,96035,96123,96053,96042,96052,96043,96034,96036,96044,96189,96039,95907,96031,96038","287","For Mastercard (MA), the key drivers of net income and earnings per share (EPS) from 2021 to 2023, considering sustainable (operational) versus non-operational expenses, are as follows:\n\n**Sustainable (Operational) Drivers:**\n- **Net Revenue Growth:** Net revenue grew each year: $18,884M (2021), $22,237M (2022), $25,098M (2023), driven by increases in payment network activities and value-added services.\n- **Operating Expenses:** Operating expenses also increased, primarily due to higher personnel costs, continued business investment, and service delivery. Operating expenses were $8,802M (2021), $9,973M (2022), and $11,090M (2023).\n- **Operating Income and Margin:** Operating income rose from $10,082M (2021) to $12,264M (2022) and $14,008M (2023). Operating margin improved from 53.4% (2021) to 55.2% (2022) and 55.8% (2023).\n- **Tax Expense:** Income tax expense increased each year, partially due to valuation allowance changes, with the effective income tax rate moving from 15.7% (2021) to 15.4% (2022), and up to 17.9% (2023).\n\n**Non-Operational (Non-Recurring/Special) Drivers:**\n- **Gains/Losses on Equity Investments:** These fluctuated significantly:\n    - 2021: $645M net gain (boosted net income/EPS)\n    - 2022: $(145)M net loss (reduced net income/EPS)\n    - 2023: $(61)M net loss (minor reduction)\n- **Litigation Provisions (Special Items):** Significant and variable each year:\n    - 2021: $94M\n    - 2022: $356M\n    - 2023: $539M\n  These charges reduced reported net income and EPS and are excluded in adjusted (non-GAAP) numbers.\n- **Other Non-Recurring Items:** Russia-related impacts and certain tax matters had some effect in 2022 and 2021.\n\n**Impact on Net Income and EPS:**\n- **GAAP Net Income:** $8,687M (2021), $9,930M (2022), $11,195M (2023)\n- **GAAP Diluted EPS:** $8.76 (2021), $10.22 (2022), $11.83 (2023)\n- **Adjusted (Non-GAAP) Net Income/EPS:** Excludes non-operational impacts (gains/losses on equity investments, litigation, Russia-related, and tax items). For example, adjusted diluted EPS was $8.40 (2021), $10.65 (2022), $12.26 (2023).\n\n**Summary of Drivers:**\n- **Sustainable (Operational) drivers**--net revenue growth and operational expense management--were the primary sources of consistent net income and EPS growth.\n- **Non-operational items**--litigation provisions and equity investment gains/losses--created year-to-year fluctuations in reported net income and EPS, but are excluded from non-GAAP (adjusted) metrics to reflect core business performance.\n\nIn summary, Mastercard's net income and EPS growth from 2021 to 2023 were mainly driven by strong, sustainable operational performance. Non-operational (non-recurring) expenses, such as litigation and equity investment mark-to-market, caused some volatility in reported results, but these effects are separately disclosed and removed in adjusted performance measures.",""
"81","7b795372","SYY's cybersecurity integration, strategic planning, and capital allocation strategies aim to enhance investor confidence.","SYY","data\10k\converted\SYY.pdf","filename_fallback","142832,142841,142836,142966,143001,143083,142917,143002,142916,143082,142894,143136,142826,142920,143139,143087","427","Sysco (SYY) integrates cybersecurity risk management into its overall strategic planning process. The company's dedicated cybersecurity team collaborates across functions and regions, with oversight from senior leadership and the Board's Technology Committee, to assess and manage material cybersecurity risks. This integration includes regular discussions of key risks, development of action plans, and periodic reviews and tabletop exercises to test preparedness. Sysco has not identified cybersecurity risks that have materially affected its business, but remains vigilant due to the evolving threat landscape.\n\nIn terms of capital allocation, Sysco prioritizes continuous investment in its business, funded primarily by cash from operations. Capital is allocated toward working capital investments, capital expenditures (facilities, systems, fleet, technology), acquisitions, debt repayments, dividends, and share repurchases. Any remaining cash may be invested in high-quality, short-term instruments. Sysco maintains a strong financial position, with substantial cash and available liquidity, and believes it can continue to access capital markets as needed.\n\nThese strategies--robust cybersecurity oversight, integration of risk management into strategic planning, and disciplined capital allocation--support the company's financial strength and operational resilience, helping to enhance investor confidence.",""
"82","6d5817b7","Labcorp Holdings Inc. (LH) can improve investor confidence and long-term performance via enhanced cybersecurity training for senior IT staff.","LH","data\10k\converted\LH.pdf","filename_fallback","92473,92591,92420,92474,92513,92600,92670,92438,92472,92476,92448,92592,92444,92525,92630,92484","275","Labcorp Holdings Inc. (LH) can improve investor confidence and long-term performance by enhancing cybersecurity training for senior IT staff. The company already places significant emphasis on cybersecurity, with oversight from experienced leaders such as the Chief Information Technology Officer (CITO) and Chief Information Risk Officer (CIRO), both of whom have over 30 years of experience in their respective fields. The Office of Information Security (OIS) manages policies and control procedures to identify, detect, protect against, respond to, and recover from cybersecurity threats and incidents, and also oversees the company's cybersecurity training program for employees.\n\nBy further enhancing cybersecurity training, especially for senior IT staff, LH can strengthen its ability to manage cyber risks, respond to incidents more effectively, and protect its information assets. This proactive approach can help mitigate risks that could adversely affect the company's business, reputation, and financial performance, thus improving investor confidence and supporting long-term success.",""
"85","04a8b1c4","Impact of cybersecurity spend on profitability, cash flow, and risk profile for ADI.","ADI","data\10k\converted\ADI.pdf","filename_fallback","889,1073,1042,1067,1038,1098,1144,959,895,1046,917,955,1064,892,991,886","5","Based on the provided context, Analog Devices, Inc. (ADI) invests in comprehensive cybersecurity measures as part of its enterprise security program, which includes risk assessments, detection and remediation practices, incident response planning, regular updates to antivirus software, and workforce training (Chunk 15). The company also notes that responding to cybersecurity breaches and implementing remediation measures could lead to significant costs and operational consequences (Chunk 8, Chunk 12).\n\nWhile ADI acknowledges that cybersecurity spending is necessary to protect its information systems and comply with evolving regulations, it does not specifically quantify the impact of these expenditures on profitability or cash flow in the provided documents. However, it is clear that:\n\n- Profitability: Increased cybersecurity spending can result in higher operating expenses, potentially impacting profitability. ADI states that the cost of responding to and remediating breaches could be significant, which could adversely affect financial results if major incidents occur (Chunk 8).\n- Cash Flow: Investments in cybersecurity, including technology, training, and compliance with regulations, require cash outflows. If cyber incidents occur, additional cash may be needed for response and remediation, possibly impacting cash flow (Chunk 8, Chunk 12).\n- Risk Profile: Robust cybersecurity measures help reduce the risk of material business disruptions, regulatory penalties, and reputational harm. ADI emphasizes that despite past cyberattacks not having a material impact, the risk of future incidents remains, and failure to prevent or mitigate these could materially and adversely affect the company's business and reputation (Chunk 8, Chunk 12, Chunk 15).\n\nIn summary, while cybersecurity spending increases operating costs and affects cash flow, it is essential for mitigating significant business and financial risks. ADI recognizes the balance between these expenditures and the reduction of its risk profile, but the exact financial impact is not detailed in the provided context.",""
"80","50d36179","Unresolved legal matters with BDX may have long-term financial implications on profitability & growth.","BDX","data\10k\converted\BDX.pdf","filename_fallback","15707,15671,15747,15849,15852,15734,15813,15706,15751,15800,15858,15678,15760,15812,15859,15814","49","Unresolved legal matters with BD (Becton, Dickinson and Company) may indeed have long-term financial implications on profitability and growth. The company is involved in various legal proceedings, including product liability claims, regulatory investigations, and environmental matters. For example:\n\n- BD is defending thousands of product liability claims involving its hernia repair devices, pelvic mesh products, and IVC filter products. While some settlements have been reached, many claims remain pending, and future settlements could result in significant charges exceeding current accruals (Chunks 4, 15).\n- BD is subject to investigations and subpoenas from regulatory bodies such as the SEC and Department of Justice. The company has already accrued an estimated $175 million in liability related to SEC reporting issues, but the ultimate resolution, including potential penalties or remedial actions, is uncertain and could exceed current estimates (Chunk 5).\n- The company faces potential liabilities from environmental proceedings under U.S. Superfund and similar laws in other countries. The outcomes and financial impacts of these cases are difficult to predict (Chunk 11).\n- BD notes that some settlements and judgments may be covered by insurance, but coverage may be inadequate or unavailable for certain claims (Chunk 6).\n\nManagement acknowledges that litigation is inherently uncertain, and charges related to legal matters could have a material adverse effect on BD's results of operations, financial condition, and/or cash flows. The company also warns that these risks, if realized, could impact its ability to achieve its growth objectives (Chunks 10, 16).\n\nTherefore, unresolved legal matters present ongoing risks that could negatively affect BD's profitability and growth in the long term.",""
"89","534e77e4","The impact on organic growth of recurring rev for IDEXX (IDXX) is of interest.","IDXX","data\10k\converted\IDXX.pdf","filename_fallback","81447,81487,81488,81535,81638,81536,81451,81490,81489,81486,81477,81454,81539,81341,81323","241","The organic growth of recurring revenue for IDEXX (IDXX), specifically within its Companion Animal Group (CAG) Diagnostics, was strong in 2023. The CAG Diagnostics recurring revenue grew organically by 10.5%. This growth was mainly driven by higher realized prices and increased volumes across modalities, primarily in the U.S., with international growth being constrained by macroeconomic conditions. The recurring revenue includes IDEXX VetLab consumables, rapid assay products, reference laboratory diagnostic and consulting services, and related services and accessories. These recurring revenues are a significant part of the company's business, accounting for approximately 80% of consolidated revenue and are described as both highly durable and profitable.\n\nIn summary, the impact on organic growth of recurring revenue for IDEXX in 2023 was a 10.5% increase, supported primarily by higher prices and increased testing volumes.",""
"86","a29b7204","Impact of Netflix's cybersecurity initiatives on risk mgmt & valuation, NFLX.","NFLX","data\10k\converted\NFLX.pdf","filename_fallback","107179,107342,107240,107293,107294,107242,107283,107284,107347,107241,107243,107330,107287,107187,107345,107290","321","Netflix has implemented a comprehensive enterprise-wide information security program to manage cybersecurity risks. Key elements include:\n\n- Use of various security tools for prevention, detection, escalation, investigation, resolution, and recovery from vulnerabilities and incidents, such as internal monitoring, detection tools, and a bug bounty program.\n- Regular risk assessments using a widely-adopted risk quantification model to identify, measure, and prioritize cybersecurity and technology risks.\n- Ongoing evaluation and improvement of security measures through internal audits, tabletop exercises, penetration and vulnerability testing, red team exercises, simulations, and annual external audits of payment card industry data security standards.\n- Oversight by the Board of Directors and Audit Committee, with regular reporting on risk assessments, mitigation strategies, incidents, and industry trends.\n- Leadership by a Vice President of Security and Privacy Engineering with over 30 years of industry experience.\n\nThese initiatives contribute to risk management by enabling Netflix to proactively identify and address cybersecurity threats, thus reducing the likelihood and impact of security incidents. While Netflix has experienced some incidents, these have not materially impacted its service, systems, or business to date. However, significant disruptions or breaches could result in financial, regulatory, litigation, and reputational risks that may negatively affect its business and valuation.\n\nTherefore, strong cybersecurity initiatives support Netflix's risk management framework, helping protect its assets and reputation, which in turn can have a positive impact on its valuation by maintaining investor confidence and reducing potential liabilities.",""
"87","5fc0425d","Teradyne, Dec 2023 liquidity current ratio indicates short-term health.","TER","data\10k\converted\TER.pdf","filename_fallback","141633,141635,141632,141640,141631,141647,141683,141641,141613,141656,141612,141692,141578,141644,141645","422","Based on the provided information, as of December 31, 2023, Teradyne's liquidity appears strong, indicating good short-term financial health.\n\nKey figures from the context:\n- Cash and cash equivalents: $757,571,000\n- Marketable securities (current): $62,154,000\n- Other current assets (including derivative assets): $18,746,000\n- Total current assets (from above): $757,571,000 + $62,154,000 + $18,746,000 = $838,471,000 (Note: this is a partial sum; actual total current assets may be higher if inventories, receivables, and other items are included).\n\nCurrent liabilities provided:\n- Derivative liabilities: $2,545,000\n- Other current liabilities (not fully specified in provided context)\n\nWhile the exact total of current liabilities is not detailed in the provided context, the available data show that Teradyne holds a substantial amount of highly liquid assets relative to its short-term obligations. For example, cash and cash equivalents alone far exceed the derivative liabilities.\n\nTherefore, the current ratio--calculated as current assets divided by current liabilities--would be well above 1, indicating a strong ability to meet short-term obligations and reflecting good short-term financial health as of December 31, 2023.\n\nIf you need the precise current ratio, the total current liabilities would need to be specified, but based on the available figures, Teradyne's liquidity position at the end of 2023 is robust.",""
"88","7e8e5eca","Impact on cash flow/credit risk in the payer cycle at Quest Diagnostics.","DGX","data\10k\converted\DGX.pdf","filename_fallback","45019,45000,45020,45016,44949,44788,44809,45023,45043,44927,44947,44936,45053,44787,44989,44764","133","At Quest Diagnostics, the impact on cash flow and credit risk in the payer cycle varies by payer type:\n\n- Government payers (Medicare and Medicaid): Reimbursements are based on fee schedules set by government authorities. Cash flow from these payers is relatively stable, as collection generally occurs within 30 days of billing, provided complete and correct billing information is submitted on time. Historically, there has been little to no credit risk associated with government payers, as these programs are funded by federal and state governments (Chunks 1, 2, 5, 11).\n\n- Healthcare insurers: Payments are primarily under negotiated fee-for-service arrangements, with collections typically occurring within 30 to 60 days of billing. Provided accurate and timely billing, credit risk is minimal. Capitated payment arrangements generally result in no significant outstanding receivables, further reducing credit risk (Chunk 11).\n\n- Client payers (physicians, hospitals, employers, etc.): These are billed on negotiated fee schedules. Collections usually occur within 60 to 90 days of billing. Credit risk is more significant with client payers compared to government and healthcare insurers, so the company estimates allowances for credit losses based on historical collection experience, customer creditworthiness, economic conditions, and the age of receivables. If a client payer's credit quality deteriorates, specific allowances are established (Chunks 1, 3, 5, 11).\n\n- Patients: Patient receivables represent the largest portion of credit risk. As of December 31, 2023, patient receivables accounted for about 20% of consolidated net accounts receivable. Collections generally occur within 30 to 60 days, but Quest applies significant allowances for credit losses, especially as balances age (fully reserved at 210 days outstanding and written off when sent to collections). Collection experience and other factors, such as market conditions, influence the estimated recoverable amount (Chunks 2, 3, 11).\n\nOverall, cash flow is strongest and credit risk is lowest with government payers and healthcare insurers, while client payers and especially patients present higher credit risk and slower collections, impacting both cash flow and the need for credit loss allowances. The company mitigates overall credit risk through payer diversification, regular credit assessments, and reserving policies (Chunk 2).",""
"92","ba09b711","Projected employee count for NG next FY.","NG","","fallback_no_files_on_disk","78037,138457,129659,60096,85915,127613,59715,267,25539,7550,106635,39318,5716,111254,43373,43348","128,2,388,230,76,332,175,176,116,20,25,412,381,254,319","I cannot find sufficient information in the provided documents to answer this question.",""
"91","99f4169e","Q4 2023 DOW buyback vol. & avg. price.","DOW","data\10k\converted\DOW.pdf","filename_fallback","49675,49902,49722,49901,49876,49877,49679,49680,49721,49784,49720,49874,49678,49683,49586","146","In the fourth quarter of 2023, Dow Inc. repurchased 2,561,161 shares of its common stock at an average price of $48.81 per share.",""
"90","96d467e2","Franchise fees & gross rec tax influences on rev rec & profitability for TX/MS ATO.","","","fallback_no_tickers","8357,8319,8318,60604,163557,163558,48045,48043,161842,8358,48047,97498,55793,163569,115673,169363","290,483,164,487,141,497,178,346,27","In Atmos Energy Corporation's (ATO) Texas and Mississippi jurisdictions, franchise fees and gross receipts taxes are paid to operate in these service areas and are required to be paid regardless of customer collections. These fees and taxes are accounted for on a gross basis in revenue, with the associated tax expense recorded as a component of taxes, other than income.\n\nThe franchise fees and gross receipts taxes are calculated as a percentage of revenue, which includes gas costs. Therefore, the amount of these taxes included in revenues is influenced by both the cost of gas and the level of gas sales volumes. Although increases in the cost of gas lead to corresponding increases in revenues (and thus in franchise fees and gross receipts taxes), the cost of gas itself is generally recovered through purchased gas cost adjustment mechanisms and does not directly impact operating income.\n\nHowever, higher gas costs can lead to increased accounts receivable and potentially higher bad debt expense, though this risk is partially mitigated by rate design that allows the company to recover the gas cost portion of bad debts from customers on most residential and commercial revenues.\n\nIn summary: Franchise fees and gross receipts taxes in Texas and Mississippi increase ATO's reported revenues (since they are included on a gross basis), but the associated tax expense offsets this, meaning there is no direct impact on operating income or profitability from these taxes themselves. The primary impact is on the gross presentation of revenues and expenses, not on net profitability, except insofar as higher gas costs may indirectly affect bad debts and required borrowings.",""
"93","f1f50f03","PSEG: exec multiplexing & its effect on competitive positioning & growth in the energy sector.","PEG","data\10k\converted\PEG.pdf","filename_fallback","123500,123812,123576,123455,123445,123644,123471,123797,123585,123487,123468,123452,123453,123536,123535,123469","371","Based on the provided context, ""exec multiplexing"" is not specifically defined or mentioned. However, if you are referring to PSEG's practice of having executive officers hold multiple roles across its subsidiaries (multiplexing executive responsibilities), the context does address this structure.\n\nSeveral PSEG executives hold overlapping leadership positions across different subsidiaries such as PSE&G, PSEG Power, Energy Holdings, and Services (see Chunk 1). This multiplexing of executive roles can have several effects on PSEG's competitive positioning and growth in the energy sector:\n\n1. Strategic Alignment and Efficiency: Having executives oversee multiple subsidiaries allows for unified strategic direction and can improve coordination across the company's regulated utility, clean energy investments, and competitive energy businesses. This could facilitate more efficient capital deployment and operational synergies, supporting growth initiatives such as investments in regulated transmission, clean energy, and modernization of infrastructure (Chunks 9, 16).\n\n2. Agile Decision-Making: Multiplexed executive leadership may enable faster and more consistent decision-making, which is important in responding to market changes, regulatory developments, and emerging opportunities in areas like offshore wind, energy efficiency, and electric vehicle infrastructure (Chunks 3, 4, 16).\n\n3. Regulatory and Governance Risks: This structure may also expose PSEG to increased scrutiny from regulators and stakeholders, especially regarding affiliate transactions between PSE&G and PSEG Power. Challenges or questions about these relationships can lead to additional oversight, which may affect retail rates, project approvals, or growth plans (Chunks 14, 15).\n\n4. Growth Opportunities: The integrated executive leadership helps PSEG pursue growth by modernizing its electric and gas systems, investing in clean energy, and expanding into new regulated transmission projects. However, success in these areas is also contingent on regulatory approval and market evolution (Chunks 3, 9, 16).\n\nIn summary, PSEG's executive multiplexing supports strategic consistency, operational synergies, and agile execution, strengthening its competitive position and growth prospects. However, it also requires careful management of regulatory relationships and stakeholder expectations to avoid potential conflicts or delays in project approvals.",""
"95","46ba6fb7","BXP board oversight mechanisms for growth, risk, and profitability.","BXP","data\10k\converted\BXP.pdf","filename_fallback","28135,28134,28027,28059,28061,28060,28033,28133,27990,28131,28156,28017,28058,28047,28039,28101","86","BXP's Board of Directors exercises oversight of growth, risk, and profitability through a structured committee system and established governance practices:\n\n1. **Committee Oversight**:\n   - The Board is supported by several committees, including Audit, Compensation, Nominating and Corporate Governance, and Sustainability Committees. Each committee has a specific charter and set of responsibilities, with details and charters available on BXP's website ([Chunk 4], [Chunk 5], [Chunk 6]).\n   - The Audit Committee oversees risk management processes, particularly regarding financial, accounting, and cybersecurity risks. It meets at least annually with the IS department to discuss risk trends, incidents, and defense strategies. The committee provides regular updates to the full Board ([Chunk 1], [Chunk 2], [Chunk 8]).\n   - The Sustainability Committee is responsible for monitoring and addressing environmental, sustainability, and climate-related risks and opportunities, supporting long-term value and resilience ([Chunk 3], [Chunk 7]).\n\n2. **Risk Management Framework**:\n   - BXP employs a top-down and bottom-up communication structure, where the Board and its committees provide oversight and direction, while management handles day-to-day risk management and regular reporting ([Chunk 1], [Chunk 2]).\n   - There is a dedicated risk management team, and risk management is integrated into strategic objectives, including areas such as cybersecurity, climate, and environmental risks ([Chunk 1], [Chunk 3], [Chunk 7], [Chunk 10]).\n\n3. **Growth and Profitability**:\n   - The Board's governance structure supports growth strategies through oversight of investment policies, acquisition strategies, and internal growth initiatives, such as high-quality property management and fostering long-term client relationships ([Chunk 12]).\n   - The Compensation Committee helps align executive incentives with profitability and strategic goals ([Chunk 4], [Chunk 6]).\n   - The Board reviews and approves major investments and regularly evaluates market conditions, organizational performance, and strategic opportunities to ensure the company's growth and profitability objectives are met ([Chunk 12], [Chunk 4]).\n\n4. **Corporate Governance Practices**:\n   - The Board has adopted Corporate Governance Guidelines, a Code of Business Conduct and Ethics, and policies on political spending and ethics reporting, further supporting oversight and accountability ([Chunk 5]).\n   - Directors stand for election annually, and the Board includes a Lead Independent Director and a Chairman to ensure effective governance and independence ([Chunk 4], [Chunk 6]).\n\nIn summary, BXP's Board provides oversight for growth, risk, and profitability through its committee structure, clear governance policies, regular management reporting, and a focus on aligning risk management with strategic objectives.",""
"94","194c8463","Impact of AVB's debt & capex strategy on new dev co vs large fin insts/RE, ticker at end.","AVB","data\10k\converted\AVB.pdf","filename_fallback","10693,10637,10696,10503,10636,10698,10599,10502,10638,10556,10453,10419,10454,10601,10505,10417","33","AvalonBay Communities, Inc. (AVB) funds its new development communities primarily through a combination of internal capital and external financing. The company's debt and capital expenditure (capex) strategy includes the use of fixed-rate mortgage loans, construction loans (sometimes guaranteed pro rata by venture partners), and redeployment of proceeds from asset sales into new developments (Chunks 2, 10, 15).\n\nKey points about the impact of AVB's debt & capex strategy:\n\n- AVB relies on external financing as a source of capital for construction and refinancing (Chunk 11). If cost-effective financing is unavailable, AVB may need to slow development, sell assets, reduce dividends, or issue new equity/debt--actions that could impact earnings and share value.\n- AVB's REIT status requires distributing at least 90% of taxable income as dividends, limiting the cash available for debt repayment and capex, thus increasing reliance on refinancing maturing debt (Chunk 13).\n- The company faces refinancing risk, especially if interest rates rise or market liquidity tightens, which could increase interest costs and affect the company's ability to fund new developments (Chunks 11, 13).\n- Proceeds from asset sales are redeployed into development, but there may be a lag before these proceeds generate revenue again (Chunk 10).\n- AVB's approach to capitalizing project costs (including indirect costs, interest, taxes, and overhead) and managing development expenditures is in line with real estate industry practices (Chunk 14).\n\nComparison to large financial institutions/real estate companies:\n\n- Unlike large financial institutions, which may have broader access to capital markets and more diversified income streams, AVB's REIT structure and focus on multifamily development make it more sensitive to real estate cycles, construction financing markets, and dividend payout requirements.\n- Compared to larger or more diversified real estate companies, AVB's relatively concentrated multifamily focus and dependence on external financing for development projects may increase its exposure to sector-specific or regional risks.\n- AVB does not guarantee most joint venture debt, limiting liability, but does provide some pro rata loan guarantees for unconsolidated developments (Chunk 15).\n\nIn summary, AVB's debt and capex strategy supports ongoing development but creates refinancing and liquidity risks, especially in rising interest rate environments or if access to capital tightens. These dynamics may be more pronounced for AVB than for larger, more diversified financial institutions or real estate companies.\n\nTicker: AVB",""
"100","08c5453b","Projection for UBER's emp count and its impact on cost structure?","UBER","data\10k\converted\UBER.pdf","filename_fallback","152817,152818,152913,152912,152914,152976,152656,152615,152815,152806,152977,152626,152616,152617,152807,152632","456","The provided documents indicate that as of December 31, 2023, Uber had approximately 30,400 global employees, up from 159 employees at the end of 2012, with around 17,500 located outside the United States. The context does not provide explicit projections for future employee count.\n\nRegarding the impact of employee count on Uber's cost structure:\n\n- Increased employee headcount has directly contributed to higher operations and support costs, as well as research and development expenses. For example, in 2023, operations and support expenses increased by $132 million due to increased headcount, and research and development expenses rose by $223 million for the same reason.\n- Conversely, Uber has also conducted workforce reductions in the past to optimize its organizational structure. The company recognizes that effective management of workforce size is critical to financial performance and operational efficiency. Poor management of employee growth or reductions can lead to unintended costs, attrition, and negative impacts on morale and reputation.\n- Compensation costs (including stock-based compensation) for employees are a significant component of expenses in areas such as operations, R&D, sales and marketing, and general and administrative functions.\n\nIn summary, while there is no specific projection for Uber's future employee count in the provided documents, it is clear that changes in headcount have a notable and direct impact on various aspects of Uber's cost structure.",""
"97","bfb899e0","Timing of ODFL's repurchase programs and interplay w/ new program start.","ODFL","data\10k\converted\ODFL.pdf","filename_fallback","112542,112513,112496,112512,112543,112530,112486,112582,112577,112585,112584,112514,112583,112578","336","Old Dominion Freight Line (ODFL) has had several stock repurchase programs with specific timing and interplay between them:\n\n- On May 1, 2020, ODFL announced a two-year repurchase program authorizing up to $700 million in share repurchases (the ""2020 Repurchase Program""), which became effective on May 29, 2020.\n- On July 28, 2021, ODFL announced a new program authorizing up to $2.0 billion in repurchases (the ""2021 Repurchase Program""). This program does not have an expiration date and began after the 2020 Repurchase Program was completed in January 2022.\n- On July 26, 2023, ODFL announced another new repurchase program authorizing up to $3.0 billion in share repurchases. This new program also does not have an expiration date and will become effective only upon the completion of the 2021 Repurchase Program.\n\nIn summary, each new repurchase program is set to begin only after the previous program is completed. As of December 31, 2023, $225.4 million remained authorized under the 2021 Repurchase Program, and the $3.0 billion program will not start until that amount is fully utilized.",""
"98","9293d700","Impact of historical dividends & regulatory constraints on future div policy and financial flex for PFG.","PFG","data\10k\converted\PFG.pdf","filename_fallback","133073,133072,133444,133037,133502,133342,133503,133445,133027,133127,133128,133256,133049,133522,133026","397","Principal Financial Group (PFG) has a history of paying cash dividends on its common stock. The decision to pay future dividends will depend on several factors, including PFG's financial results, capital requirements, and the impact of regulatory restrictions.\n\nA key regulatory constraint comes from Iowa insurance law, which limits the ability of Principal Life (PFG's primary subsidiary) to pay dividends or make distributions to its parent company. Principal Life can only pay dividends from earned surplus and must seek prior approval from the Iowa Commissioner of Insurance if the dividend exceeds certain statutory limits. Extraordinary dividends--those that, together with other distributions in the preceding twelve months, exceed the greater of 10% of statutory policyholder surplus at the previous year-end or the statutory net gain from operations from the previous calendar year--require this approval. For 2024, the ordinary stockholder dividend limitation for Principal Life is approximately $1,497.8 million; in 2023, the company paid $1,200 million in dividends, all classified as extraordinary and approved by the Commissioner (Chunks 3, 8, 10, 11).\n\nThese regulatory constraints directly affect PFG's financial flexibility. Since PFG is a holding company, its ability to pay dividends, repurchase shares, and meet other obligations depends largely on the dividends and distributions it receives from Principal Life. If regulatory limits restrict the flow of dividends from Principal Life, PFG's ability to return capital to shareholders or meet its own obligations could be constrained (Chunks 4, 10).\n\nIn summary, PFG's historical practice of paying dividends demonstrates a commitment to returning value to shareholders. However, future dividend policy and the company's financial flexibility are closely tied to regulatory requirements governing Principal Life's ability to distribute funds. These rules are designed to protect policyholders and ensure the financial stability of insurance operations, but they can also limit the amount and timing of dividends that PFG can ultimately pay to its own shareholders.",""
"99","5aeb00ec","Effectiveness of Caterpillar's cybersecurity risk mgmt. & the financial impact on supply chain; CAT.","CAT","data\10k\converted\CAT.pdf","filename_fallback","25592,25589,25558,25591,25531,25545,25594,25683,25595,25826,25542,25590,25681,25583,25700,25825","76","Caterpillar has implemented a comprehensive and robust cybersecurity risk management program that is integrated into its enterprise risk management system. This program covers both IT and operational technology environments, as well as customer-facing products. The company uses recognized industry frameworks such as the NIST Cybersecurity Framework and ISO 27001, and partners with third parties for assessments, incident response, and penetration testing. There is a 24/7 operations center dedicated to monitoring and responding to cybersecurity threats, and regular training and simulations for employees and contractors are conducted to maintain awareness and preparedness (Chunks 2, 4, 12).\n\nCaterpillar also operates a third-party cybersecurity program aimed at minimizing business disruptions, strengthening supply chain resilience, and supporting the integrity of its products and services. Third-party suppliers are assessed for cybersecurity controls, and any deficiencies are addressed through a risk remediation process. For select suppliers, Caterpillar engages third-party monitoring and alerting services (Chunks 1, 4, 12).\n\nTo date, Caterpillar reports that it has experienced cybersecurity threats and incidents, but none have materially affected its financial condition, results of operations, or supply chain. The company acknowledges that a significant future incident could result in reputational damage, operational disruptions, litigation, regulatory penalties, and increased costs, which could negatively impact competitiveness and financial results. However, as of the latest reporting, there have been no material financial impacts on Caterpillar's supply chain due to cybersecurity incidents (Chunks 1, 3, 4).\n\nIn summary, Caterpillar's cybersecurity risk management is well-established and considered effective so far, with no material financial impact on its supply chain reported as a result of cybersecurity threats or incidents. The company remains vigilant due to the evolving nature of cyber risks.",""
"96","cad4b4d8","STT liquidity capex bal & growth assess.","STT","data\10k\converted\STT.pdf","filename_fallback","152513,152297,152368,152299,152069,152355,152288,152290,152087,152516,152286,151927,152367,152353,151965,152289","455","Based on the provided context, here is an assessment of State Street Corporation's (STT) liquidity, capital expenditures (capex), balance, and growth:\n\n**Liquidity**\n- State Street manages liquidity through structural and tactical liquidity management, supplemented by regular stress testing and contingent funding planning (Chunks 7, 8, 16).\n- As of December 31, 2023, the average fair value of total unencumbered securities was $76.86 billion, compared to $78.25 billion for the prior year, serving as a key source of liquidity (Chunk 2).\n- Outstanding short-term borrowings included $1 billion from the Bank Term Funding Program, $2.5 billion from FHLB funding, and $1.87 billion in securities lent or sold under repurchase agreements (Chunks 2, 4).\n- The primary source of short-term funding is client deposits, predominantly transaction-based and held by institutional investors. These deposits are mostly in U.S. dollars (70% as of 2023), with the remainder in EUR, GBP, and other currencies (Chunk 4).\n- State Street maintains additional lines of credit and has access to central bank facilities, though utilization is subject to market conditions (Chunks 2, 4).\n\n**Capital Expenditures (Capex)**\n- There is no specific information provided in the context regarding State Street's capital expenditures (capex) amounts or details.\n\n**Balance**\n- Key balance sheet figures as of December 31, 2023, include:\n  - Common equity tier 1 (CET1) capital: $12,971 million (both Basel III advanced and standardized approaches) (Chunks 3, 10).\n  - Tier 1 capital: $14,947 million.\n  - Total capital: $16,817 million (advanced approaches), $16,967 million (standardized approach).\n  - Adjusted quarterly average assets: $269.8 billion (Chunk 10).\n- The CET1 capital decreased by $1.58 billion from the prior year, mainly due to share repurchases and dividends, partially offset by net income and improved accumulated other comprehensive income (AOCI) (Chunk 13).\n\n**Growth Assessment**\n- Total capital and CET1 capital decreased in 2023 compared to 2022, mainly driven by capital returns to shareholders (share repurchases and dividends) (Chunk 13).\n- Tier 2 capital increased due to net issuances of qualifying debt.\n- The company maintains strong capital ratios, above regulatory minimums. For example, as of year-end 2023, the CET1 ratio was 12.1% (advanced approaches) and 11.6% (standardized), versus a minimum requirement of 8.0% (Chunk 10).\n- State Street's approach to capital adequacy is comprehensive, considering regulatory requirements, risk exposures, stress testing, and contingency planning (Chunks 14, 6).\n- Liquidity and capital management are critical for supporting ongoing operations, meeting regulatory requirements, and enabling growth, but there was a modest decline in core capital balances in the most recent year due to capital returns.\n\n**Summary**\nState Street maintains strong liquidity through a diversified funding base and large unencumbered securities portfolio, with robust capital ratios above minimum requirements, despite a decrease in CET1 and total capital in 2023 due to share repurchases and dividends. There is no capex detail in the provided context, and growth in capital balances was negative over the period, reflecting returns to shareholders rather than organic capital accumulation.",""
"103","a5fcfe73","Chubb's operational stability and regional risks are influenced by its workforce metrics.","CB","data\10k\converted\CB.pdf","filename_fallback","39790,39791,39789,39862,39802,39851,39794,39792,39801,39863,39793,39853,39811,39923,40349,39931","118","Chubb's operational stability and regional risks are indeed influenced by its workforce metrics. The company has a global workforce of approximately 40,000 employees across 54 countries and territories, distributed as 40% in North America, 10% in Europe, Eurasia, and Africa, 37% in Asia (including the Huatai Group in China), and 13% in Latin America. The average age of Chubb's workforce is 41 years, with an average tenure of 7.8 years. Voluntary turnover in 2023 moderated and returned to pre-pandemic levels, indicating workforce stability.\n\nChubb actively manages its talent to support operational stability, focusing on attracting, retaining, and developing top insurance professionals. The company promotes an inclusive and supportive culture, striving for meritocracy and accountability in diversity efforts, including improvements in gender and racial diversity, especially within executive leadership. For example, as of December 31, 2023, underrepresented minorities made up 31% of Chubb's U.S. workforce.\n\nThese workforce metrics--geographic distribution, tenure, age, diversity, and turnover--directly impact Chubb's ability to manage regional risks and maintain operational stability, ensuring that their talent reflects the global diversity of their markets and is capable of responding to the unique challenges in each region.",""
"101","06a2f739","VMC vs SG&A impact OM 2021-23.","VMC","data\10k\converted\VMC.pdf","filename_fallback","154387,154402,154397,154451,154398,154495,154392,154494,154401,154403,154412,154404,154399,154411,154517","461","From 2021 to 2023, Vulcan Materials Company's Selling, Administrative and General (SAG, also referred to as SG&A) expenses had the following impact on operating margin (OM):\n\n- SAG expenses increased in absolute dollars each year: $417.6 million in 2021, $515.1 million in 2022, and $542.8 million in 2023.\n- However, as a percentage of total revenues, SAG expenses actually decreased over the period: 7.5% in 2021, 7.0% in 2022, and remained at 7.0% in 2023 (Chunks 2, 3, 4).\n- Despite higher absolute SAG costs, Vulcan's operating earnings (operating margin in dollars) improved significantly: $1,010.8 million in 2021, $951.4 million in 2022, and $1,427.4 million in 2023 (Chunk 3, 4).\n- The increase in operating margin in 2023 was driven by strong revenue growth and gross profit expansion, which more than offset the rise in SAG expenses.\n\nIn summary: SG&A/SAG expenses grew in dollar terms but declined as a percentage of revenue, resulting in improved operating margin, especially in 2023 when operating earnings rose sharply. This indicates that Vulcan managed to leverage higher revenues and gross profits to more than offset the increased SG&A costs, positively impacting operating margin over the period.",""
"102","6c41ae43","Cash flow risk from BMY rebate/discount estimate deviations.","BMY","data\10k\converted\BMY.pdf","filename_fallback","25416,25300,25299,25331,25400,25339,25467,25399,25297,25419,25468,25398,25469,25301,25391,25241","75","Bristol-Myers Squibb (BMY) faces cash flow risk related to deviations in the estimation of rebates and discounts, which are referred to as gross-to-net (GTN) sales adjustments. These adjustments include charge-backs, discounts, rebates, sales allowances, and product returns. The estimation process involves significant assumptions and judgments, such as legal interpretations, historical experience, payer channel mix, current contract prices, unbilled claims, processing time lags, and inventory levels in distribution channels (Chunks 7, 9, 11).\n\nIf actual rebates and discounts differ from the estimates, the company may need to adjust its liabilities for these items, which can affect the timing and amount of cash outflows. These liabilities are significant--for example, BMY reported $7,680 million in rebates and discounts as current liabilities at the end of 2023 (Chunk 1).\n\nThe risk is heightened because these estimates are inherently uncertain, and actual cash paid may differ from accruals if underlying assumptions or external factors change. As a result, deviations in rebate and discount estimates can lead to fluctuations in operating cash flows, as adjustments are made when more accurate information becomes available or claims are settled (Chunks 9, 11, 13).\n\nIn summary, if BMY's estimates of rebates and discounts are not accurate, the company could experience unexpected increases or decreases in cash outflows, which poses a risk to its cash flow stability.",""
"104","1d83c651","BHX competitive pressures, valuation multiples, and future returns.","BHX","","fallback_no_files_on_disk","165747,96280,79773,96279,42121,131531,28126,1366,147477,35457,58272,78327,28155,103734,28147,28115,28061","288,6,231,393,106,235,171,493,309,86,442,124","Based on the provided context, BHX (interpreted as BXP, Boston Properties, Inc.) faces competitive pressures in leasing premier workplace, retail, and residential spaces against numerous real estate companies, some of which may have greater marketing and financial resources. Key competitive factors include property quality, leasing terms, location, client services, amenities, and reputation as a premier workplace owner and operator (Chunk 17).\n\nRegarding valuation multiples, the market value of BXP's common stock is influenced by investor perceptions of growth potential, earnings, and dividend prospects. The stock may trade at prices above or below net asset value per share, depending on future earnings or dividends (Chunk 7, Chunk 11). Investors often use multiples such as price-to-earnings (P/E) ratios to value shares, and BXP's premium multiple is tied to its growth and performance. Changes in these factors or investor sentiment can impact valuation multiples and share price (Chunk 7, Chunk 11).\n\nFor future returns, the market price of BXP's common stock and its ability to pay dividends depend on cash from operations, financial condition, capital requirements, and REIT distribution requirements. Returns may also be affected by economic conditions, interest rates, and BXP's leverage, which as of February 2024 was approximately 57% consolidated debt to market capitalization. Further downgrades in credit ratings or changes in leverage could increase borrowing costs and impact future returns (Chunk 16, Chunk 15).\n\nIn summary, BXP's competitive pressures stem from strong industry competition and depend on property quality, leasing terms, and reputation. Valuation multiples are influenced by market perceptions and company performance, and future returns depend on operational results, leverage, and market conditions.",""
"105","e37688c5","TROW revenue comp. trend stability 2021-2023.","TROW","data\10k\converted\TROW.pdf","filename_fallback","145591,145592,145719,145625,145657,145630,145631,145634,145588,145609,145618,145599,145647,145633","436","From 2021 to 2023, T. Rowe Price's revenue and compensation trends showed notable fluctuations rather than stability:\n\nRevenue Trends:\n- Net revenues declined each year: $7,671.9 million in 2021, $6,488.4 million in 2022, and $6,460.5 million in 2023.\n- The year-over-year change was a decrease of $1,183.5 million (-15.4%) from 2021 to 2022, and a slight decrease of $27.9 million (-0.4%) from 2022 to 2023.\n- Investment advisory fees, the largest source of revenue, also decreased: $7,098.1 million (2021), $5,969.1 million (2022), and $5,747.7 million (2023).\n\nCompensation Expense Trends:\n- Compensation and related costs were $2,383.0 million in 2021, $2,320.8 million in 2022, and increased to $2,673.5 million in 2023.\n- This reflects a decrease from 2021 to 2022, followed by a notable increase in 2023.\n\nSummary:\nT. Rowe Price experienced a significant decline in revenues from 2021 to 2022, then a relatively flat trend from 2022 to 2023. Compensation costs dipped in 2022 but rose substantially in 2023, indicating some volatility rather than stability in both revenue and compensation over this period.",""
"106","03b929e0","Impact of Danaher's prog. rev. rec. on profitability & cash flow, DHR.","DHR","data\10k\converted\DHR.pdf","filename_fallback","47617,47492,47607,47453,47618,47841,47616,47608,47609,47493,47491,47838,47739,47706,47462,47603","140","Danaher's progressive revenue recognition policy impacts both profitability and cash flow in several ways:\n\n- Revenue is recognized when control of the promised products or services is transferred to customers, which typically occurs upon shipment (FOB Shipping Point) or when other performance obligations (like installation or customer acceptance) are fulfilled. If any obligations remain after shipment, revenue recognition is deferred until those are satisfied. Returns are estimated and recorded as a reduction of revenue at the time of sale (Chunk 14).\n\n- The timing of revenue recognition, billings, and cash collections results in various contract balances, including billed and unbilled receivables (contract assets) and deferred revenue (contract liabilities). Contract assets often arise when revenue is recognized before billing, while contract liabilities occur when cash is received in advance of performance (Chunk 13).\n\n- As of December 31, 2023, Danaher had approximately $1.7 billion in contract liabilities (advance payments from customers), and about $54 million in contract assets (revenue recognized before billing) (Chunk 13). The company expects to recognize revenue for about 51% of remaining performance obligations in the next 12 months, impacting short-term profitability and cash flow (Chunk 13).\n\nIn summary, Danaher's progressive revenue recognition aligns revenue and profit with the fulfillment of contractual obligations, which may lead to timing differences between when revenue/profit is recognized and when cash is collected. This can cause fluctuations in reported profitability and operational cash flow, depending on billing terms and the timing of contract performance.",""
"111","c06f0ed3","Historical comparisons reveal the risk impact of insider trading on CVX.","CVX","data\10k\converted\CVX.pdf","filename_fallback","43860,43675,43585,43674,43861,43859,43622,43856,43592,43810,43620,43515,43608,43580,43524,43609","129","I cannot find sufficient information in the provided documents to answer this question.",""
"112","dbd20d2d","Akamai's rationale for stock repurchase vs. growth strategy.","AKAM","data\10k\converted\AKAM.pdf","filename_fallback","2016,2015,1784,1875,1884,1868,1826,1788,1777,1773,2022,1820,1886,1825,1883,1772","8","Akamai's rationale for its stock repurchase programs is twofold: first, to offset the dilution created by its employee equity compensation programs over time; and second, to provide flexibility to return capital to shareholders as business and market conditions warrant, while still preserving the company's ability to pursue other strategic opportunities. This approach allows Akamai to balance returning value to shareholders with maintaining resources for potential growth initiatives and strategic investments (Chunks 1, 2, 6).",""
"114","be3b1c90","Rollins branch office employee concentration's impact on operational efficiency and customer retention.","ROL","data\10k\converted\ROL.pdf","filename_fallback","128564,128566,128556,128624,128567,128568,128563,128611,128701,128552,128557,128555,128553,128569,128579,128565","384","Rollins has a significant concentration of employees at its branch offices--approximately 15,420 out of 19,031 employees in the U.S. as of December 31, 2023. This strong branch presence supports operational efficiency by enabling effective service delivery close to customers, optimizing route density, and reducing miles driven, which lowers variable costs. The company's proprietary technologies, such as the Branch Operating Support System (BOSS), further enhance efficiency by providing real-time service tracking, virtual route management, and streamlined payment processing for technicians.\n\nThis operational structure also positively impacts customer retention. Having a large, well-trained workforce at branch offices allows Rollins to provide on-time, rapid response service, and personalized customer experiences. Their focus on high-quality talent, training, and customer-facing staff ensures a better customer experience, which is key to improved customer retention. Overall, the concentration of employees at branch offices enables Rollins to deliver exceptional, efficient service and maintain high customer loyalty.",""
"109","6cc91093","Impact on balance sheet for GM ASR and settlement due by Dec 2024, ticker GM.","GM","data\10k\converted\GM.pdf","filename_fallback","71313,71314,71335,71491,71334,71490,71341,71339,71340,71492,71487,71433,71338,71445,71348","209","The impact on General Motors' (GM) balance sheet from the Accelerated Share Repurchase (ASR) agreements and their settlement by December 2024 includes the following key effects:\n\n1. Reduction in Equity:\n- Upon entering and settling the ASR agreements, GM repurchased and immediately retired a substantial number of shares. In December 2023, GM advanced $10.0 billion under the ASR, initially receiving about 215 million shares (valued at $6.8 billion). By the end of December 31, 2024, GM received and retired approximately 29 million additional shares upon final settlement, with the total number of shares received determined by the average daily volume-weighted average price during the ASR period, less a discount.\n- The ASR and associated share retirements reduce Common Stock and Additional Paid-In Capital on the balance sheet, with the amount over par allocated pro-rata between Additional Paid-In Capital and Retained Earnings.\n\n2. Cash Outflow:\n- The cash outflow for the ASR was $10.0 billion in December 2023. In addition to shares received under the ASR, GM purchased approximately 140 million shares for $7.1 billion during 2024.\n\n3. Prepaid Forward Contract:\n- Because GM could settle the ASR in shares, the $3.2 billion prepaid forward contract associated with the ASR was classified as a reduction to Additional Paid-In Capital as of December 31, 2023. Upon settlement, the allocation of amounts over par was made between Additional Paid-In Capital and Retained Earnings.\n\n4. Remaining Authorization:\n- After these transactions, GM had $0.3 billion in capacity remaining under its share repurchase program as of December 31, 2024, with no expiration date.\n\nIn summary, the ASR and its settlement by December 2024 resulted in a significant reduction in cash, common stock, and equity balances, specifically reducing Additional Paid-In Capital and Retained Earnings, and led to the immediate retirement of the repurchased shares on GM's balance sheet.",""
"110","b6e7d0f1","Quantifying and mitigating legal risk disclosures for Garmin Ltd (GRMN) is essential for safeguarding investments.","GRMN","data\10k\converted\GRMN.pdf","filename_fallback","70093,70172,70211,70173,70170,70174,70095,70175,70102,70181,70121,70117,70098,70222,70210,70190","206","Garmin Ltd. addresses legal risk as part of its broader risk management and disclosure practices. The company integrates legal risks alongside operational and cybersecurity risks in its risk management processes. Material risks, including legal risks, are identified, analyzed, and prioritized based on their potential impact, and the necessary management actions are determined accordingly. These risks are communicated to management and the Board of Directors, who consider them when determining mitigating actions and allocating resources (Chunks 2, 4).\n\nAdditionally, Garmin's Board of Directors oversees risk management, including legal risks, with the Chief Executive Officer and other senior leaders regularly involved in discussions about risk mitigation strategies (Chunk 6). The company also involves its legal function in risk assessments, especially when evaluating regulatory and contractual requirements (Chunk 2).\n\nGarmin discloses that there are uncertainties regarding the enforcement of certain foreign civil liabilities in Switzerland and Taiwan, noting that it may be difficult to enforce U.S. court judgments in these jurisdictions (Chunk 5). This is an example of a specific legal risk that the company has identified and disclosed.\n\nIn summary, Garmin quantifies and mitigates legal risks through comprehensive risk assessments, involvement of legal experts in risk management, Board oversight, and transparent disclosures of specific legal uncertainties in its filings.",""
"115","9d605bd6","Ticker LOE: Exp items influence margins & profitability.","","","fallback_no_tickers","88311,56071,9390,25356,56072,88310,97776,93681,97777,94953,13313,14122,21751,97892,22160,89835","66,291,67,165,262,40,42,75,266,278,282,30","I cannot find sufficient information in the provided documents to answer this question.",""
"108","577f851c","LLY's new mfg capital allocation risks, opps, profitability, efficiency.","LLY","data\10k\converted\LLY.pdf","filename_fallback","94152,94323,94156,94325,94326,94324,94249,94328,94255,94205,94254,94248,94215,94439,94149,94203","280","Eli Lilly (LLY) is significantly expanding its manufacturing capabilities and investing heavily in long-term supply agreements to support current and anticipated product demand. This expansion includes new sites in Concord, North Carolina; Limerick, Ireland; Alzey, Germany; and two in Lebanon, Indiana, as well as the commencement of commercial production at the Research Triangle Park facility in Durham, North Carolina. They are also expanding third-party manufacturing arrangements for certain operations (Chunk 16).\n\n**Risks:**  \n- Pharmaceutical manufacturing is complex and highly regulated, and expanding or shifting capacity is a lengthy, capital-intensive process that requires regulatory approvals (Chunk 10, 16).\n- Manufacturing, quality, or supply chain difficulties at LLY's or contract facilities, or an inability of suppliers/contract manufacturers to meet demand, could cause delays, product shortages, lost revenue, or reduced market opportunities (Chunks 7, 10, 12, 16).\n- Supply disruptions may also arise from cost inflation, global logistics challenges, labor shortages, quality or regulatory issues, natural disasters, public health crises, geopolitical tensions, and reliance on single or regional suppliers (Chunks 7, 10, 12, 16).\n- Contract manufacturing and outsourcing introduce risks such as substandard performance, confidentiality breaches, cyber-attacks, and difficulties in alternative sourcing, especially outside the U.S. (Chunks 9, 11).\n\n**Opportunities:**  \n- The expanded manufacturing footprint positions LLY to better meet strong and growing demand, particularly for products where industry-wide supply is tight (Chunk 10, 16).\n- New facilities and increased capacity may help LLY respond more flexibly to supply and demand changes, reallocate manufacturing resources efficiently, and maintain reliable product supply (Chunk 16).\n\n**Profitability and Efficiency:**  \n- While capital allocation to manufacturing expansion is substantial and may increase short-term costs, it is intended to support long-term revenue growth by preventing supply constraints and capitalizing on market demand (Chunk 16).\n- Comprehensive quality systems, inventory management, and backup sites are employed to maintain efficient supply and mitigate risks of interruptions (Chunk 16).\n- However, if risks materialize--such as delays, cost overruns, or supply disruptions--profitability could be negatively impacted due to lost sales, higher costs, or market share erosion (Chunks 7, 10, 12).\n\nIn summary, LLY's manufacturing capital allocation is designed to seize opportunities from rising demand and improve supply reliability and efficiency, but it carries risks related to the complexity, costs, and potential disruptions inherent in pharmaceutical manufacturing and global supply chains. Successful execution could enhance long-term profitability and operational efficiency, while significant disruptions could adversely affect financial results.",""
"107","76ccac0d","assessing board's strategic impact on cash flow stability & inv. appeal for LYB.","LYB","data\10k\converted\LYB.pdf","filename_fallback","98312,98182,98127,98301,98330,98329,98317,98327,98320,98282,98194,98328,98193,98220,98112,98178","292","The board of LyondellBasell Industries N.V. (LYB) has taken several actions that impact both cash flow stability and investment appeal:\n\n1. Dividend Policy and Cash Flow Stability:\n- LYB has a consistent policy of declaring and paying quarterly dividends, with the stated goal of increasing the dividend over time, subject to considerations like cash balances and expected operational results. This ongoing commitment to dividends demonstrates a focus on returning value to shareholders and maintaining cash flow stability (Chunk 3).\n- The company has paid substantial dividends in recent years, including a special dividend in 2022. For 2023, total dividends paid were $4.94 per share, amounting to $1,610 million (Chunk 4).\n- The payment of dividends is at the discretion of the board and dependent on business conditions, financial health, and capital requirements, indicating prudent financial management.\n\n2. Share Repurchase Programs:\n- The board regularly seeks and receives shareholder approval for significant share repurchase authorizations. In May 2023, authorization was granted to repurchase up to 34 million ordinary shares through November 2024. Such buybacks can enhance shareholder value and signal board confidence in the company's financial position (Chunk 4).\n\n3. Financial Oversight and Controls:\n- The company maintains effective internal controls over financial reporting, as confirmed by independent auditors, which supports transparency and reliability of financial statements--key factors for investor confidence (Chunk 2).\n\n4. Risk Management:\n- The board oversees strategies to manage currency and interest rate risks through hedging activities, helping to minimize the impact of market fluctuations on cash flow (Chunks 14, 16).\n\n5. Investment Appeal:\n- The combination of stable and increasing dividends, share repurchase programs, strong internal controls, and proactive risk management makes LYB an attractive investment for those seeking consistent returns and prudent financial governance.\n\nIn summary, the board's strategic actions--sustained dividends, share buybacks, financial discipline, and risk mitigation--contribute positively to LYB's cash flow stability and its appeal to investors.",""
"113","371f05d9","AutoZone (AZO) marketable debt securities 3FY buy vs. sell cap allocation.","AZO","data\10k\converted\AZO.pdf","filename_fallback","14060,14098,14059,14054,14051,14052,14058,14044,14050,14043,14045,14096,14159,14057,14101","42","Over the last three fiscal years, AutoZone allocated the following amounts to the purchase and sale of marketable debt securities:\n\n- Fiscal 2024:\n  - Purchased: $38.8 million\n  - Sold (proceeds): $40.8 million\n\n- Fiscal 2023:\n  - Purchased: $66.9 million\n  - Sold (proceeds): $58.4 million\n\n- Fiscal 2022:\n  - Purchased: $56.0 million\n  - Sold (proceeds): $53.9 million\n\nIn each year, the amounts allocated to purchases and sales of marketable debt securities were relatively modest compared to the company's overall capital expenditures and treasury stock repurchases, indicating that marketable debt securities represent only a small portion of AutoZone's capital allocation strategy. The company's primary capital allocations have been toward capital expenditures (over $1 billion in fiscal 2024) and share repurchases (over $3 billion in fiscal 2024), far exceeding the amounts involved in marketable debt securities transactions.",""
"116","c8d8e505","Impact on cash flow & fin. health from WEC board expertise, ticker last.","WEC","data\10k\converted\WEC.pdf","filename_fallback","164032,164210,164390,164163,164166,164357,164152,164031,164265,164271,164379,164397,164151,164356,164276,164448","489","Based on the provided context:\n\n- The expertise of the WEC Energy Group Board of Directors and executive officers supports effective oversight of the company's financial management and risk controls. The Board and its committees, including the Audit and Oversight Committee (AOC), receive regular reports on risk management, including cybersecurity and compliance, and review key financial policies such as dividend decisions and financing activities (Chunks 4, 5, 13).\n- In 2023, the Board made key decisions impacting cash flow, such as increasing the quarterly dividend and approving significant financing activities, including increased borrowings and issuance of long-term debt (Chunk 2).\n- The company's financial health remains strong, with compliance maintained on key debt covenants (such as total funded debt to capitalization ratios), and with no current expectation that subsidiary restrictions will materially affect operations or dividend payments (Chunks 6, 14).\n- As of January 31, 2024, WEC Energy Group had approximately 36,000 registered shareholders, and its common stock is listed on the New York Stock Exchange under the ticker symbol ""WEC"" (Chunk 5).\n\nIn summary, the board's expertise ensures sound financial governance, supporting stable cash flow and financial health, while the company's stock trades under the ticker WEC.",""
"118","a012c83d","Operating margin trends for Chipotle (CMG) from 2021 to 2023.","CMG","data\10k\converted\CMG.pdf","filename_fallback","27912,27888,27885,27887,27889,27890,27884,27935,27974,27951,27886,27953,27949,27972,27833","85","From 2021 to 2023, Chipotle's operating margin showed a consistent upward trend:\n\n- In 2021, income from operations was $804.9 million on total revenue of $7,547.1 million, yielding an operating margin of approximately 10.7%.\n- In 2022, income from operations rose to $1,160.4 million on $8,634.7 million in revenue, for an operating margin of about 13.4%.\n- In 2023, income from operations increased further to $1,557.8 million on $9,871.6 million in revenue, resulting in an operating margin of approximately 15.8%. \n\nThis reflects a steady improvement in Chipotle's operating margin over these three years.",""
"119","4f40dd06","Impact of FY24 CapEx on revenue, productivity, and competitiveness for SMCI.","SMCI","data\10k\converted\SMCI.pdf","filename_fallback","136223,136222,136099,136213,136098,136234,136221,136204,136424,136131,136192,136262,136108,136189,136314,136141","406","SMCI anticipates capital expenditures (CapEx) in fiscal year 2024 to be in the range of $105.0 million to $115.0 million, primarily directed towards expanding manufacturing capabilities, investing in new product tooling, upgrading information technology, and facilities improvements. A significant portion of this CapEx includes $75.0 million for acquiring land and expanding manufacturing operations in Malaysia.\n\nThese investments are evaluated based on their expected strategic impacts, such as forecasted effects on revenue growth, productivity, expenses, service levels, and customer retention. By focusing CapEx on manufacturing expansion and IT upgrades, SMCI aims to support operational growth, improve productivity, and maintain or enhance competitiveness. The company expects these expenditures to enable it to meet increased demand, introduce new and enhanced offerings, and potentially enter new markets, all of which are intended to drive revenue growth and strengthen its market position.",""
"117","8b65a4ac","Cybersecurity framework AMT enhances competitive positioning, boosting investor confidence.","AMT","data\10k\converted\AMT.pdf","filename_fallback","12924,12980,12990,12981,13039,12989,13296,12942,12982,12993,12992,12994,12991,12885,13094,12933","40","American Tower Corporation (AMT) enhances its competitive positioning and boosts investor confidence through a comprehensive and robust cybersecurity framework. This framework includes:\n\n- Rigorous management oversight: AMT and its subsidiary CoreSite maintain management information security steering committees with experienced leaders in cybersecurity, IT, risk management, and legal compliance (Chunks 6, 13).\n- Industry-leading certifications: CoreSite's data center facilities maintain certifications such as SOC 1 and SOC 2 Type 2, ISO/IEC 27001, NIST 800-53, PCI DSS, and HIPAA, demonstrating adherence to high security standards (Chunk 13).\n- Ongoing employee training: All employees receive cybersecurity training at onboarding and three times a year, with over 16,000 training classes completed in 2023, live training sessions, and regular awareness campaigns (Chunk 13).\n- Regular testing and incident response: AMT conducts periodic penetration testing, annual incident response exercises (including simulations of ransomware and other cyber threats), and engages outside firms for independent security testing (Chunks 10, 11).\n- Third-party risk management: A dedicated program assesses the cybersecurity practices of third-party vendors and service providers with access to company systems (Chunks 10, 12).\n- Insurance coverage: AMT maintains cybersecurity insurance policies to help manage potential financial impacts from incidents (Chunk 13).\n- No material incidents: As of the latest reporting, AMT has not been materially impacted by cybersecurity threats or incidents, supporting stability and resilience (Chunks 10, 12).\n\nThese measures not only protect AMT's assets and operations but also enhance its reputation, support customer trust, and provide assurance to investors regarding the company's ability to manage cybersecurity risks effectively in a highly competitive industry.",""
"121","c4df6031","Q2 2024 EL share price variation, amidst mkt conditions, impacts repurchase timing.","EL","data\10k\converted\EL.pdf","filename_fallback","54634,54509,54636,54395,54650,54648,54646,54385,54649,54644,54645,54544,54399,54445,54444","160","Based on the provided information, Estée Lauder Companies (EL) suspended the repurchase of shares of its Class A Common Stock beginning in December 2022. As of June 30, 2024, the company had a remaining authorized share repurchase balance of 25.1 million shares, but no repurchases under the publicly announced program occurred during Q2 2024.\n\nAlthough some shares were repurchased in April, May, and June 2024, these transactions were solely to satisfy tax withholding obligations upon the payout of certain stock-based compensation arrangements, not as part of the broader share repurchase program. The average prices paid for these tax-related repurchases were $144.47 in April, $136.32 in May, and $107.36 in June, reflecting a declining share price during the quarter.\n\nThe company's repurchase activity is influenced by market conditions and other factors. The decline in share price during Q2 2024 could have made repurchases more attractive, but the ongoing suspension of the program meant that no repurchases were made for strategic capital allocation purposes. The company has stated it may resume such repurchases in the future, depending on market conditions and other considerations.\n\nIn summary, while EL's share price declined during Q2 2024 and market conditions could have favored repurchases, the timing and execution of buybacks were impacted by the company's ongoing suspension of its repurchase program.",""
"123","3f716e04","GenMills' (GIS) innovation & consumer insights vs competitors' rev growth impact.","GIS","data\10k\converted\GIS.pdf","filename_fallback","65924,65925,65911,65910,65909,66002,65956,66094,65921,66011,65918,66061,66013,65922,65920,66010","191","General Mills (GIS) emphasizes innovation and unique consumer insights as key strategies to compete in the highly competitive human and pet food categories. The company recognizes that competition is based on factors such as product innovation, product quality, price, brand recognition, marketing effectiveness, convenient ordering and delivery, and the ability to identify and satisfy consumer preferences. If General Mills is not successful in introducing innovative products that respond to changing consumer demands, or if competitors introduce new products more effectively, its market share and revenue growth could be negatively impacted.\n\nAdditionally, General Mills notes that its ability to build and sustain brand equity by offering superior product quality is critical for maintaining premium pricing over generic and private label products. If the company fails to do so, it may lose revenue and market share to competitors. Thus, innovation and consumer insights are directly linked to GIS's revenue growth and competitiveness in the market, with potential negative impacts if these areas are not effectively managed, especially in response to competitors' actions and changing consumer trends (Chunks 1, 2, 3).",""
"122","710e31a7","Evergy COLI deferred rev % of 2023 NI: EVRG.","EVRG","data\10k\converted\EVRG.pdf","filename_fallback","67493,67738,67498,67739,67518,67497,67628,67396,67543,67538,67545,67629,67397,67603,67611","196","In 2023, Evergy deferred $96.5 million of revenues related to corporate-owned life insurance (COLI) rate credits for future refund to customers (see Chunks 1, 5, and 7). Evergy's net income attributable to Evergy, Inc. for 2023 was $731.3 million (see Chunks 1 and 15).\n\nTo calculate the percentage of 2023 net income represented by the COLI deferred revenue:\n\nPercentage = ($96.5 million / $731.3 million) x 100 ≈ 13.2%\n\nSo, the COLI deferred revenue was approximately 13.2% of Evergy's 2023 net income.",""
"124","e49f0250","Boeing's 2023 rev rec, TICKER, shows a detailed breakdown.","BA","data\10k\converted\BA.pdf","filename_fallback","18213,18218,18216,18214,18217,18215,18069,18145,18153,18261,18219,18327,18356,18066,18352","56","For 2023, The Boeing Company (TICKER: BA) reported total revenues of $77,794 million. Here is a detailed breakdown of revenue by business segment and product/service type:\n\nBy Business Segment:\n- Commercial Airplanes: $33,901 million\n- Defense, Space & Security: $24,933 million\n- Global Services: $19,127 million\n- Unallocated items, eliminations and other: ($167) million\n\nBy Product/Service Type:\n- Sales of products: $65,581 million\n- Sales of services: $12,213 million\n\nFurther detail for Global Services (BGS) revenues in 2023:\n- Commercial: $11,020 million\n- Government: $7,751 million\n- Total BGS revenue from contracts with customers: $18,771 million (intersegment revenues eliminated on consolidation were $356 million, making total segment revenues $19,127 million)\n\nBoeing's revenue recognition for commercial aircraft is primarily at the point in time when the aircraft is completed and accepted by the customer (program accounting is used for cost of sales). For BGS, 51% of revenue was recognized at a point in time, and 87% was from fixed-price contracts. \n\n(Source: Chunks 1, 2, 8, 12)",""
"125","e610de90","Sysco's headcount YoY % change and its effect on capex/OPEX planning.","SYY","data\10k\converted\SYY.pdf","filename_fallback","142838,142950,142842,142964,142956,142839,142962,142938,142987,142931,142974,142925,142986,142957,142963,143070","427","Sysco's headcount increased from approximately 72,000 employees as of July 1, 2023, to approximately 76,000 employees as of June 29, 2024. This represents a year-over-year (YoY) increase of about 5.6%.\n\nRegarding the effect on capex (capital expenditures) and OPEX (operating expenses) planning:\n\n- Capex: Capital expenditures as a percentage of sales remained consistent at 1.0% in both fiscal 2024 and 2023, and Sysco expects this ratio to continue in fiscal 2025. Capex is financed primarily by internally generated funds and borrowings, and there is no indication in the provided context that the increase in headcount has driven a change in capex planning.\n\n- OPEX: The increase in operating expenses for fiscal 2024 compared to 2023 was primarily driven by increased volumes, severances, transformation projects, and acquisitions. While the documents do not explicitly link the headcount increase to higher OPEX, it is reasonable to infer that a larger workforce contributes to increased operating expenses, especially in the context of supporting higher volumes and business growth.\n\nIn summary, Sysco's headcount grew by about 5.6% YoY, and while capex planning remains stable as a percentage of sales, OPEX increased in part due to higher business activity, which likely includes the impact of a larger workforce.",""
"126","e7c39978","Impact of FICO leadership exp. on strategic positioning, ticker in last pos.","FICO","data\10k\converted\FICO.pdf","filename_fallback","60369,60367,60166,60236,60171,60170,60370,60165,60248,60169,60249,60164,60167,60172,60143,60307","177","FICO's leadership team brings extensive experience from diverse backgrounds, which has contributed significantly to the company's strategic positioning as a leader in applied analytics and credit scoring. For example, Chief Executive Officer William J. Lansing has held various CEO, president, and business development roles at major companies such as Infospace, ValueVision Media, NBC Internet, and Fingerhut Companies, as well as consulting roles at McKinsey & Company and General Atlantic LLC (Chunk 2). Other executives, such as Thomas A. Bowers (Executive Vice President, Corporate Strategy), have experience in corporate strategy, consulting (McKinsey), and banking (American Savings Bank), while Steven P. Weber (Chief Financial Officer) has deep financial and investor relations expertise within FICO and prior experience at Metris Companies (Chunks 1, 2).\n\nThis breadth of leadership experience has enabled FICO to drive innovation (such as new FICO Scores and expansion of the FICO Platform), achieve strong financial results (e.g., $1.7 billion in revenues and $512.8 million in net income for fiscal 2024), and maintain a competitive edge in analytics and software for financial institutions (Chunks 9, 11, 16).\n\nThe ticker symbol for Fair Isaac Corporation is NYSE: FICO (Chunk 16).",""
"120","0a6d7405","DTE non-utility eco legal risk mgmt. impacts long-term growth inv. returns.","DTE","data\10k\converted\DTE.pdf","filename_fallback","51258,51194,51289,51229,51199,51208,51207,51228,51233,51219,51236,51203,51222,51232,51170,51445","150","DTE Energy's non-utility businesses face various environmental (eco) and legal risks that can impact long-term growth and investment returns. These risks include:\n\n- Compliance with changing environmental regulations: DTE's non-utility segments, such as renewable natural gas, are subject to federal and state standards like the Renewable Fuel Standard and California's Low Carbon Fuel Standard. Changes to these standards may affect business operations and result in lower earnings (Chunk 5).\n- Potential disallowance or limitation of tax credits: DTE generates tax credits from renewable energy activities and gas production. If tax credits are disallowed due to IRS audits or changes in tax law, there could be significant additional tax liabilities, impacting earnings and cash flows (Chunk 5).\n- Exposure to environmental laws and regulations: DTE's non-utility businesses must comply with numerous environmental regulations. Costs to comply could vary, and increased costs from regulatory initiatives could impact the economic viability of certain non-utility projects (Chunk 11, Chunk 16).\n- Risk management strategies: DTE employs disciplined investment criteria for its non-utility segments, targeting markets aligned with its risk profile. The company's enterprise risk management program monitors and manages exposure to risks, such as commodity price changes and counterparty credit risk, to protect earnings and cash flow (Chunk 14, Chunk 9).\n- Uncertainty of performance: DTE acknowledges that non-utility investments may not always perform as expected. If these investments underperform, it could lead to diminished earnings and a decline in shareholder value (Chunk 6, Chunk 7).\n- Legal and regulatory risks: New or changing regulations may require DTE to make significant capital expenditures, increasing operating expenses and potentially affecting customer affordability and rate recovery (Chunk 5).\n\nOverall, DTE's approach to risk management--through monitoring, compliance efforts, disciplined investment, and diversification--aims to mitigate these risks. However, the inherent uncertainties and potential for increased costs or regulatory changes could impact the long-term growth prospects and returns on non-utility investments.",""
"130","56e7d468","2023 vs 2022 absolute & % for Centene system enhancements & hardware capex.","CNC","data\10k\converted\CNC.pdf","filename_fallback","32023,32030,32029,32147,32011,32034,32065,32000,31843,32066,32177,31842,32141,32152,32028,31847","98","In 2023, Centene spent $799 million on capital expenditures primarily for system enhancements and computer hardware, compared to $1.0 billion in 2022. This represents an absolute decrease of $201 million and a percentage decrease of approximately 20.1% from 2022 to 2023.",""
"128","ce5ac850","Investment decision mgmt. background in Aon capital allocation.","AON","data\10k\converted\AON.pdf","filename_fallback","11407,11677,11690,11630,11663,11444,11520,11704,11675,11413,11676,11445,11521,11549,11511,11408","36","Aon's capital allocation and investment decision management are centered around return on invested capital. The company operates as a single segment, ""Aon United,"" and management assesses performance and allocates resources based on overall company results. The Chief Operating Decision Maker (CODM) allocates resources and evaluates performance using four key metrics and by promoting collaborative behaviors that maximize value for Aon and its shareholders, regardless of the specific solution line.\n\nAon's investment decisions also involve prudent risk management, ensuring reasonable asset growth within established guidelines. For example, Aon's U.S. investment policy targets a balanced allocation across equities, fixed income, and other investments, with regular reviews and rebalancing to stay within policy targets. The investment policies for international plans are similarly designed to maintain the ability to meet liabilities and comply with local requirements.\n\nOverall, Aon's approach to investment decision management in capital allocation relies on disciplined evaluation of return on capital, risk management, and adherence to well-defined investment policies and guidelines.",""
"129","93cff071","Equifax's CEO has significantly influenced both strategy & risk mgmt, leading to robust frameworks for addressing challenges.","EFX","data\10k\converted\EFX.pdf","filename_fallback","50933,50942,50934,51124,50941,50849,50848,51139,50935,50938,50846,51123,50940,50936,51140,51138","149","Equifax's CEO, Mark W. Begor, has played a significant role in shaping the company's strategy and risk management practices. Under his leadership, Equifax has prioritized security and risk management as primary requirements in all business decisions, fostering a culture that values data and technology security. The senior leadership team, including the CEO, sets the tone for strategic growth and effective risk mitigation at the management level, supports the information security program through resource allocation, and is responsible for ensuring the program meets the company's needs.\n\nThe company has developed robust frameworks for cybersecurity and risk management, such as a unified security and privacy controls framework based on the National Institute of Standards and Technology's Cybersecurity Framework (NIST CSF), and has incorporated cybersecurity into its enterprise risk management program. The CEO is directly involved in oversight, as the Chief Information Security Officer (CISO) reports directly to him and is a member of the senior leadership team. Additionally, the Board of Directors, with input from management including the CEO, regularly reviews enterprise risk assessments, including cybersecurity as a principal risk category, and monitors steps taken to mitigate these risks.\n\nOverall, the CEO's influence is evident in Equifax's strategic focus on innovation, security, and risk management, resulting in comprehensive frameworks and governance structures to address both current and emerging challenges.",""
"127","d7d84659","Profitability trends in key segments of General Dynamics' recent fiscal performance; GD.","GD","data\10k\converted\GD.pdf","filename_fallback","66207,66256,66208,66280,66254,66206,66129,66209,66148,66232,66140,66200,66205,66152,66202","192","General Dynamics' recent fiscal performance shows the following profitability trends in its key segments:\n\nAerospace:\n- Operating margin increased from 13.2% in 2022 to 13.7% in 2023.\n- Operating earnings grew by 4.6% ($52 million increase), despite a slight revenue increase of 0.6%.\n- The improvement in operating margin was driven by higher demand for aircraft services and a favorable mix, though aircraft manufacturing revenue decreased due to fewer deliveries resulting from supply chain constraints.\n\nMarine Systems:\n- Operating margin decreased from 8.1% in 2022 to 7.0% in 2023.\n- Operating earnings declined by 2.6% ($23 million decrease) despite revenue growth of 12.9%.\n- Margin pressure was due to supply chain impacts on submarine schedules and cost growth on destroyer programs, partially offset by increased volume in submarine construction and engineering.\n\nCombat Systems:\n- Operating margin fell from 14.7% in 2022 to 13.9% in 2023.\n- Operating earnings increased by 6.7% ($72 million increase) with a 13.1% revenue increase.\n- The margin decline was primarily due to lower-margin artillery facility expansion work, even as revenues rose from higher volumes of international military vehicle sales and weapons systems.\n\nTechnologies:\n- Operating margin decreased from 9.8% in 2022 to 9.3% in 2023.\n- Operating earnings decreased by 2% ($25 million decrease) while revenue increased by 3.4%.\n- The segment experienced slight margin pressure despite revenue growth.\n\nOverall, while General Dynamics achieved record-high revenue in 2023, operating margins declined in most segments, mainly due to supply chain cost pressures and changes in the mix of contract work (with increased volumes in lower-margin or costlier projects). The Aerospace segment was the exception, with a modest margin improvement due to stronger services performance.",""
"134","ee4be85c","CTAS's long-term profitability and capital allocation impact from legal settlements.","CTAS","data\10k\converted\CTAS.pdf","filename_fallback","36210,36295,36252,36285,36301,36286,36205,36302,36272,36207,36239,36183,36128,36282,36133,36196","107","Legal settlements, including the recent $45.0 million accrual for the City of Laurel, Mississippi class action contract dispute, have not had a material impact on Cintas's consolidated results of operations or financial condition. Management has stated that aggregate liabilities from ordinary course litigation are not expected to have a material adverse effect on the company's financial position, results of operations, or cash flows. Even the $45.0 million settlement was specifically noted as not having a material impact on the consolidated statements of income for any period presented. Future investments related to the settlement, such as those in people and technology, are also not expected to be material.\n\nOverall, Cintas's approach and historical experience suggest that legal settlements have not significantly affected the company's long-term profitability or its ability to allocate capital toward other strategic objectives such as acquisitions, share repurchases, and dividends. The company maintains sufficient liquidity and cash flow generation to absorb such settlements without impacting its broader capital allocation plans or long-term financial health.",""
"135","c4e25437","FOX's revenue deferral impact on short vs. long-term visibility in guaranteed ad contracts.","FOX","data\10k\converted\FOX.pdf","filename_fallback","61930,61975,61929,61974,61861,61976,61906,61914,61902,61905,61903,61909,61847,61966,62006","181","FOX's advertising contracts sometimes include guarantees for a certain number of targeted audience views (impressions). When there are audience deficiencies--meaning the guaranteed impressions are not met--FOX defers the related revenues until the guaranteed number of impressions is delivered, typically by providing additional advertisements.\n\nBecause these advertising contracts are generally short-term, the deferral of revenue in these cases tends to impact short-term revenue visibility more than long-term. The deferred revenue is recognized once the obligations are fulfilled, usually within the current operating cycle. Therefore, while there may be some temporary uncertainty in short-term revenue recognition due to these deferrals, the impact on long-term revenue visibility is limited, as the contracts are not typically extended over multiple periods and the revenue is recognized once the guarantee is met within the short-term contract window (Chunks 1, 2, 3, 4).",""
"132","521debf4","Drivers of HIG operating income comps for 2022-2023, ticker at end.","HIG","data\10k\converted\HIG.pdf","filename_fallback","84655,84654,84638,84653,84988,84645,84534,84998,84953,84902,84972,84422,84903,84720,84989","251","The primary drivers of The Hartford Financial Services Group, Inc.'s (HIG) operating income (net income) change from 2022 to 2023 were:\n\n- A shift from net realized losses in 2022 to net realized gains in 2023, which had a positive impact on net income.\n- Higher net investment income in 2023 compared to 2022.\n- A decrease in fee income net of variable expenses, largely due to a decrease in daily average assets under management (AUM) in the Hartford Funds segment.\n- Lower interest expense and restructuring costs in 2023.\n- For certain lines, an increased underwriting gain contributed to higher net income, driven by earned premium growth and slightly lower catastrophe losses, although this was partially offset by lower favorable prior year reserve development.\n- Some segments, such as Personal Lines, saw an increase in underwriting loss, mainly due to higher current accident year losses, increased catastrophe losses, and a shift from favorable to unfavorable prior year development, which partially offset the positive drivers.\n\nIn summary, the improvement in operating income from 2022 to 2023 was mainly due to better investment performance and reduced realized losses, while underwriting results varied by business line.\n\nTicker: HIG",""
"136","84dcafd9","The impact on profitability trends due to a decline in GS EPS.","GS","data\10k\converted\GS.pdf","filename_fallback","110684,110685,111229,111230,110707,110721,110713,110944,110575,110722,110712,111206,111139,111244,110764,110709","332","A decline in Goldman Sachs' (GS) earnings per share (EPS) has had a notable negative impact on profitability trends. Specifically, diluted EPS dropped from $30.06 in 2022 to $22.87 in 2023. This decline coincided with a decrease in net earnings from $11.26 billion in 2022 to $8.52 billion in 2023, and a reduction in return on equity (ROE) from 10.2% to 7.5% over the same period. The overall profitability, as reflected by these metrics, declined due to lower net interest income, reduced investment banking revenues, and lower net revenues in Global Banking & Markets. Despite some offsetting gains in other areas, the decrease in EPS directly reflects this broader trend of reduced profitability for GS in 2023 compared to the prior year.",""
"139","3df10c71","SRT 2024 non-op exp impact on net margin drop.","SRT","","fallback_no_files_on_disk","129691,129677,139683,87409,129690,87408,129689,129676,1007,69094,139679,117630,8266,43085,117710","352,259,388,5,201,27,127,415","I cannot find sufficient information in the provided documents to answer this question.",""
"138","9f3a40f5","BB increased capex impact on comp. positioning & long-term profit across geogs & segments.","BB","","fallback_no_files_on_disk","158335,99299,80297,45740,11204,4373,113660,91070,95102,138715,108607,150456,49699,91071,21332,77824","65,450,35,325,229,296,136,237,270,16,146,340,473,283,414","I cannot find sufficient information in the provided documents to answer this question.",""
"131","cb2c3d34","Revenue timing by channel for NIKE (NKE) and its cash flow impact.","NKE","data\10k\converted\NKE.pdf","filename_fallback","109097,108979,108981,108980,108982,108860,108857,108987,108977,108856,108855,108852,108972,109044,109008","327","Revenue Timing by Channel for NIKE (NKE):\n\nNIKE recognizes revenue when control of the product transfers to the customer, which depends on the sales channel:\n\n- Wholesale Channel: Revenue is recognized upon shipment to or receipt by the wholesale customer, depending on the country and agreement terms. Payment is generally required within 90 days or less of shipment or receipt (Chunk 14).\n- NIKE Direct (Retail and Digital): Revenue is recognized at the time of sale in retail stores, and for digital commerce, upon shipment to the customer. Payment is due at the time of sale for both retail and digital channels (Chunk 14).\n\nCash Flow Impact:\n\n- Wholesale sales result in a time lag between revenue recognition and cash collection, since payment terms can be up to 90 days after delivery. This can temporarily increase accounts receivable and delay cash inflows.\n- NIKE Direct sales (both retail and digital) generate immediate cash inflow since payment is collected at the time of sale or shipment.\n- The mix between these channels affects working capital and cash flow. For example, a higher proportion of direct-to-consumer sales can accelerate cash inflows, while an increase in wholesale sales might increase accounts receivable and delay cash collection (Chunk 15, Chunk 14).\n\nRecent cash flow highlights from fiscal 2024 indicate a favorable change in working capital, primarily due to reduced inventory purchases and improved lead times, partially offset by timing of wholesale shipments impacting accounts receivable (Chunk 15).\n\nIn summary: NIKE recognizes revenue upon transfer of control--immediately for direct-to-consumer, and upon shipment or receipt for wholesale. Direct-to-consumer sales accelerate cash inflows, while wholesale sales introduce a delay between revenue recognition and cash collection, impacting working capital and overall cash flow timing.",""
"133","80d7a7c9","Analyzing the financials and growth of Fertilizantes Brazil post-integration: The Mosaic Co. impact on performance.","MOS","data\10k\converted\MOS.pdf","filename_fallback","109777,109776,109779,109543,109500,109525,109524,109894,109532,109498,109757,109866,109895,109769,109755","329","Post-integration, Mosaic Fertilizantes (the Brazilian segment of The Mosaic Company) has established itself as a significant player in Brazil's fertilizer market. The segment operates five phosphate mines, four chemical plants, and a potash mine, along with an extensive distribution network that includes blending and bagging facilities, port terminals, and warehouses in Brazil and Paraguay. Mosaic Fertilizantes is the largest producer and one of the largest distributors of blended crop nutrients for agricultural use in Brazil, accounting for approximately 20% of fertilizer shipments in the country and about 72% of annual concentrated phosphate crop nutrient production, as well as 100% of potash production in Brazil ([Chunk 5], [Chunk 6], [Chunk 7], [Chunk 10], [Chunk 11]).\n\nFinancially, the segment experienced notable fluctuations:\n- Net sales for the year ended December 31, 2023, were $5.7 billion, down from $8.3 billion in 2022. This decline was primarily due to lower finished product selling prices, which unfavorably impacted net sales by about $2.5 billion. This was partially offset by a $200 million increase from higher sales volumes ([Chunk 1], [Chunk 2]).\n- Gross margin decreased sharply to $211.6 million in 2023 from $1.0 billion in 2022, an 80% decrease. The decline was mainly due to lower average selling prices, though lower raw material costs (notably ammonia and sulfur) and reduced material purchases helped partially offset the impact ([Chunk 1], [Chunk 2], [Chunk 3]).\n- Sales volume increased to 9.7 million tonnes in 2023 from 9.4 million tonnes in 2022, reflecting resilience in demand despite price declines ([Chunk 1], [Chunk 2], [Chunk 6]).\n- The segment's average finished product selling price dropped from $878/tonne in 2022 to $587/tonne in 2023, aligning with global price trends ([Chunk 2]).\n- The cost of key raw materials like ammonia and sulfur also fell significantly, helping mitigate some margin pressure ([Chunk 1], [Chunk 3]).\n\nOperationally, Mosaic Fertilizantes benefits from vertical integration, proximity to customers, and a strong local brand, which provide competitive advantages in the Brazilian market. The segment also leverages its distribution network and production capacity to supply a wide variety of crop nutrients and animal feed ingredients ([Chunk 4], [Chunk 6], [Chunk 7]).\n\nIn summary, the integration of Fertilizantes Brazil into The Mosaic Company has positioned the segment as a market leader in Brazil with strong production and distribution capabilities. While 2023 saw financial pressures due to global fertilizer price declines, the segment managed to maintain or grow sales volumes, reduce raw material costs, and retain a significant market share, highlighting its operational strength and strategic importance within Mosaic's global portfolio.",""
"140","5a76da58","Impact of MTB revenue segmentation on analysis of recurring vs non-recurring income.","MTB","data\10k\converted\MTB.pdf","filename_fallback","117423,117422,117418,117184,117278,117301,117381,117354,117427,116939,117380,116938,117417,117192,117302,116937","351","M&T Bank Corporation (MTB) segments its revenue into business lines--Commercial Bank, Retail Bank, Institutional Services and Wealth Management--and an ""All Other"" category. This segmentation is crucial for analyzing recurring versus non-recurring income:\n\n- Recurring income is primarily reflected within the main business segments and consists of net interest income and noninterest income from ongoing activities such as loan interest, deposit services, trust income, brokerage services, and service charges. These are detailed in the segment reporting tables (see Chunk 3, Chunk 8), showing consistent sources like net interest income and fees.\n\n- Non-recurring income, by contrast, is often captured in the ""All Other"" category. This includes merger-related gains or expenses, gains on divestitures (such as the $225 million gain from the sale of the CIT business in 2023 and $136 million from MTIA in 2022--see Chunk 14), and other non-recurring transactions. These items can significantly impact total reported income for a period but do not represent the ongoing operations of the business.\n\n- The segmentation also helps by isolating the effects of internal allocations, eliminations between segments, and unusual, one-time transactions, making it easier for analysts to distinguish the core, sustainable earnings of the company from those that are unlikely to recur (see Chunks 1, 2, and 3).\n\nIn summary, MTB's revenue segmentation enhances transparency by separating recurring, operational income from non-recurring, exceptional items, enabling more accurate analysis of the company's ongoing performance versus one-time events.",""
"137","e789dcea","Competitors' margins vs CPB pricing strategy.","CPB","data\10k\converted\CPB.pdf","filename_fallback","32218,32217,32258,32259,32260,32189,32219,32264,32299,32249,32248,32247,32263,32262,32251,32288","99","Campbell Soup Company (CPB) operates in a highly competitive food and beverage industry, primarily in North America, where it faces significant competition in all product categories. Many of CPB's competitors are larger and have substantial financial and marketing resources, which enables them to spend more aggressively on advertising and promotional activities, potentially impacting CPB's ability to compete on visibility, shelf space, and pricing (Chunks 1, 2, 6).\n\nCPB's principal areas of competition are brand recognition, taste, nutritional value, price, promotion, innovation, shelf space, and customer service. Private label products, which are generally sold at lower prices than branded products, intensify price competition and can pressure CPB's margins (Chunks 1, 6, 7).\n\nTo address these challenges and protect its margins, CPB employs several pricing and cost management strategies:\n- CPB continuously pursues cost productivity initiatives in procurement, manufacturing, and logistics to manage costs and achieve efficiencies (Chunks 2, 12).\n- The company uses supply chain productivity improvements and net price realization (raising or maintaining prices) to offset cost inflation and other supply chain cost pressures (Chunks 4, 5, 15).\n- In 2024, gross profit margin decreased to 30.8% from 31.2% in 2023, primarily due to higher cost inflation, the impact of acquisitions, and unfavorable mark-to-market adjustments. However, productivity improvements and favorable net price realization partially offset these pressures (Chunk 15).\n- CPB expects ongoing cost inflation but plans to continue mitigating it through productivity improvements and previously implemented pricing actions (Chunks 10, 11, 12).\n\nIn summary, while CPB's margins are under pressure due to intense competition and cost inflation--conditions shared across the industry--CPB's pricing strategy focuses on productivity, cost savings, and selective price increases to maintain competitiveness. The company anticipates that these actions, along with supply chain efficiencies, will help offset inflationary and competitive pressures on margins. There is no direct data provided about competitors' specific margins, but the context makes clear that aggressive competition, especially from larger companies and private labels, is a key factor influencing CPB's pricing and margin strategies.",""
"142","c6feb525","Zimmer Biomet's exec structure includes regional roles, defining how GLBT strategies align with company objectives.","ZBH","data\10k\converted\ZBH.pdf","filename_fallback","165969,165971,165977,165968,166204,165975,165970,165965,165940,165974,165944,165966,165964,165935,166221","494","Zimmer Biomet's executive structure includes regional leadership roles such as President, Americas; Group President, Europe, Middle East and Africa (EMEA); and Group President, Asia Pacific. Each regional executive is responsible for overseeing commercial, marketing, and distribution activities within their respective regions, ensuring alignment with the company's broader objectives (Chunks 1, 4, 6, 7, 10, 11).\n\nWhile the provided context does not specifically mention ""GLBT strategies,"" it does detail the company's commitment to diversity, equity, and inclusion (DEI) as core to its values and business strategy. Zimmer Biomet has established representation goals for women and people of color at all levels, invests in cultural awareness and inclusion programming for its global workforce, and provides significant financial and executive support to programs and organizations dedicated to diversity, equality, and justice. This includes expanding internship programs to attract diverse talent and supporting nonprofit organizations addressing disparities and supporting inclusion (Chunks 8, 12).\n\nThe regional structure enables tailored implementation of these DEI initiatives to reflect local needs while supporting company-wide objectives of fostering inclusive, equitable workplaces and communities.",""
"146","ff2cf386","For GE, how to gauge the impact of discontinued ops on EPS for 2023 by comparing diluted net EPS vs. continuing EPS?","GE","data\10k\converted\GE.pdf","filename_fallback","67358,67325,67160,67235,67324,67084,67237,67085,67353,67271,67243,67162,67132,67079","195","To gauge the impact of discontinued operations on GE's EPS for 2023, compare the diluted net earnings per share (which includes both continuing and discontinued operations) with the diluted earnings per share from continuing operations only:\n\n- Diluted EPS from continuing operations (2023): $7.98\n- Diluted net EPS (including discontinued operations, 2023): $8.36\n\nThe difference between these two figures is $8.36 - $7.98 = $0.38 per share.\n\nThis $0.38 represents the positive impact that discontinued operations had on GE's diluted EPS for 2023. In other words, discontinued operations increased GE's diluted net EPS by $0.38 for the year.",""
"141","9bd37bfe","$ALGN $63M SDC arbitration impact in light of SDC BK.","ALGN,SDC","data\10k\converted\ALGN.pdf","filename_fallback","3507,3508,3506,3485,3486,3315,3405,3239,3450,3451,3522,3269,3235,3236,3452","13","Align Technology was awarded a $63 million judgment in arbitration against SmileDirectClub (SDC) due to SDC's breach of the Supply Agreement. However, on September 29, 2023, SDC and certain affiliates filed for bankruptcy under Chapter 11, and their cases were converted to Chapter 7 on January 26, 2024. Because of SDC's bankruptcy, it is currently unknown to what extent Align will be able to collect any or all of the $63 million judgment through the bankruptcy proceedings. Therefore, while Align has a legal judgment in its favor, the actual financial impact remains uncertain due to SDC's bankruptcy status.",""
"145","c2373adb","share repurchase triggers external and internal metrics, ticker COO, in the evaluation.","COO","data\10k\converted\COO.pdf","filename_fallback","31273,31260,31326,31297,31259,31296,31352,31364,31345,31302,31351,31295,31144,31346,31134,31359","95","I cannot find sufficient information in the provided documents to answer this question.",""
"151","1447cf8d","CenterPoint Energy's unionization ratio in the electric segment remains noteworthy.","CNP","data\10k\converted\CNP.pdf","filename_fallback","50395,50033,50182,50532,50529,50392,50036,49983,50179,50158,49982,50180,50393,50166,50156,50155","147","As of December 31, 2023, CenterPoint Energy's electric segment had 3,132 employees, with 1,659 of them represented by collective bargaining groups. This means approximately 53% of the electric segment's workforce is unionized, which is a significant unionization ratio.",""
"147","d7200d6b","impact on liquidity & financial health from adverse legal resolution for CSX Corp.","CSX","data\10k\converted\CSX.pdf","filename_fallback","37126,37074,37014,37016,37127,37128,37006,37052,37017,37003,37015,37005,37004,36992,37009,37053","110","An unexpected adverse resolution of one or more legal proceedings could have a material adverse effect on CSX Corporation's financial condition, results of operations, or liquidity in the period in which it occurs. While management currently believes that none of the pending items is likely to have such an effect, they acknowledge that future claims could exceed existing insurance coverage or reserves, and insurance may not always be available at commercially reasonable rates. For example, the company estimates a possible range of loss for certain matters to be $3 million to $55 million in aggregate as of December 31, 2023, but actual losses could vary significantly from these estimates. In particular, penalties for violating antitrust laws can be severe and could have a material adverse effect on the company's financial condition, results of operations, or liquidity if resolved unfavorably (Chunks 1, 5, 6, 12).",""
"148","63d1f728","Legal contingencies trends & future impact analysis for NetApp.","NTAP","data\10k\converted\NTAP.pdf","filename_fallback","110059,110058,110090,110027,110223,110089,110145,110048,110057,109978,110026,110010,109983,109987,109989,110222","330","NetApp is subject to various legal proceedings and claims that arise in the normal course of business, including patent litigation and potential claims of intellectual property infringement, particularly from non-practicing entities (Chunks 5, 16). Management currently believes that the ultimate outcome of these proceedings, individually and in the aggregate, will not materially harm the company's financial position, results of operations, cash flows, or overall trends. However, legal proceedings are inherently uncertain, and determining a meaningful estimate of potential loss or range of loss is often not practicable due to the unpredictable nature of third-party decisions and future events (Chunks 5, 16).\n\nAdditionally, NetApp faces legal and regulatory risks globally, including compliance with anti-corruption laws such as the Foreign Corrupt Practices Act, as well as complex legal environments in foreign jurisdictions, which could result in fines or penalties if violated (Chunk 11).\n\nLooking forward, while current management assessment is that legal contingencies are unlikely to have a material adverse impact, the risk remains due to the evolving legal landscape, especially around data privacy, intellectual property, and regulatory compliance. Any significant adverse outcome in future legal matters could result in financial liability, operational impacts, or reputational harm.\n\nIn summary, while no material impact is currently anticipated, the unpredictable nature of legal contingencies means that future impacts cannot be fully ruled out, and the company continues to monitor and defend against such claims vigorously.",""
"144","8a333641","Valuation of cash flow risk linked to JNJ antitrust biosimilar litigation, JNJ.","JNJ","data\10k\converted\JNJ.pdf","filename_fallback","85969,85937,86083,85931,86004,85894,86087,86038,85930,86132,86133,86141,86006,86089,85963,85903","254","Based on the provided context, Johnson & Johnson (JNJ) faces antitrust litigation related to biosimilars, notably involving its product STELARA. In December 2023, a putative class action lawsuit was filed alleging that JNJ delayed biosimilar competition with STELARA through enforcement of its patent rights (Chunk 11). The complaint seeks damages and other relief.\n\nFrom a cash flow risk and valuation standpoint:\n\n- JNJ acknowledges that adverse judgments or settlements related to such litigation could have a material adverse effect on its results of operations and cash flows for the affected period (Chunk 4, Chunk 6).\n- The company accrues for legal contingencies when losses are probable and estimable, but for many litigation matters, including those where a loss is possible or reasonably possible, JNJ is unable to estimate the possible loss or range of loss beyond amounts already accrued (Chunk 5, Chunk 14).\n- JNJ notes that amounts accrued for legal contingencies result from complex judgments and future uncertainties, and that the outcome of litigation, net of liabilities accrued, is not expected to have a material adverse effect on its financial position. However, the resolution of, or increase in accruals for, one or more matters in any reporting period may have a material adverse effect on its results of operations and cash flows for that period (Chunk 13).\n\nIn summary, JNJ recognizes a cash flow risk from antitrust biosimilar litigation, with the potential for significant impact in the period when any adverse judgment or settlement occurs. However, the company does not provide a quantifiable valuation of this risk due to the inherent uncertainties and the inability to estimate the possible loss or range of loss beyond the amounts already accrued.",""
"143","dd6f68f1","Insider practices in risk mgmt., profit & cap allocation outlook undergo changes by AWK board.","AWK","data\10k\converted\AWK.pdf","filename_fallback","21228,21288,21287,21225,21227,21390,21524,21685,21326,21327,21682,21489,21380,21434,21681,21249,21487","65","American Water Works Company, Inc. (AWK) maintains a robust system of board oversight and management involvement regarding risk management, profit, and capital allocation.\n\nThe Board of Directors exercises oversight through several standing committees, each with specific areas of responsibility:\n\n- The Audit, Finance and Risk Committee oversees risk assessment, enterprise risk management, financial statements, internal audit and controls, and ethics and compliance.\n- The Safety, Environmental, Technology and Operations Committee oversees operational matters, environmental and climate-related issues, and physical and cybersecurity.\n- The Executive Development and Compensation Committee supervises human capital management and executive compensation.\n- The Nominating/Corporate Governance Committee is responsible for corporate governance and board composition.\n\nChanges in insider practices related to these areas occur through regular review and updates of the company's policies, including annual completion of Code of Ethics training for employees, which is required for participation in performance-based compensation programs. The company also aligns its annual performance plan (APP) with ESG principles and business goals, including environmental compliance, customer satisfaction, and employee safety and diversity.\n\nFurthermore, the company has a disclosure committee made up of senior management and key employees who actively review and discuss SEC filings, ensuring transparency and alignment with current practices.\n\nIn terms of capital allocation outlook, the board and management continually assess and adjust strategies based on market conditions, regulatory changes, and internal risk assessments. For example, they have used financial tools such as treasury lock agreements and shelf registration statements to manage interest rate exposure and ensure access to capital markets. The board also responds to changes in laws, regulations, and enforcement practices, which can impact cost recovery, rates, and operational flexibility.\n\nIn summary, AWK's board and management regularly review and update their insider practices in risk management, profit oversight, and capital allocation to adapt to regulatory, economic, and business environment changes.",""
"150","29220345","Rev deferral impact on growth & cash flow for FTV.","FTV","data\10k\converted\FTV.pdf","filename_fallback","68053,67993,67960,67961,67943,67934,67936,68002,68030,67940,68015,67935,67822,68003,67924,67927","197","Based on the provided context, the impact of revenue deferral (deferred revenue) for Fortive Corporation (FTV) on growth and cash flow can be summarized as follows:\n\n**Impact on Growth:**\n- Deferred revenue is primarily related to subscription-based software contracts, post-contract customer support (PCS), and extended warranty sales, where Fortive generally receives upfront payment and recognizes revenue over the service or support term (Chunk 1).\n- The deferral of revenue means that, although cash is received upfront, the revenue is recognized gradually over the contract period. This timing difference can moderate reported revenue growth in periods when new contracts are signed, as the revenue recognition is spread over future periods rather than all at once.\n- Year-over-year increases in deferred revenue (contract liabilities) indicate increasing sales of products and services with longer-term obligations, which can be a positive indicator of future revenue streams (Chunk 1).\n\n**Impact on Cash Flow:**\n- Deferred revenue increases operating cash flow since cash is collected from customers in advance of revenue recognition. This contributes positively to cash flow from operations even though the revenue will be recognized in future periods (Chunk 1).\n- For 2023, Fortive reported an increase in deferred revenue (contract liabilities) from $547.6 million at the end of 2022 to $590.4 million at the end of 2023 (Chunk 1).\n- Operating cash flows were approximately $1.4 billion in 2023, up $50 million from 2022, driven in part by the timing of collections, which includes cash received for deferred revenue (Chunk 3).\n\n**Summary Table: Deferred Revenue (Contract Liabilities)**\n| Year-End | Current Deferred Revenue | Noncurrent Deferred Revenue | Total |\n|----------|-------------------------|----------------------------|-------|\n| 2023     | $544.6 million          | $45.8 million              | $590.4 million |\n| 2022     | $509.6 million          | $38.0 million              | $547.6 million |\n\n**Key Takeaway:**  \nRevenue deferral increases Fortive's cash flow in the period when customer payments are received, but moderates reported revenue growth since revenue is recognized over time. An increase in deferred revenue signals growth in future revenue streams and supports strong operating cash flows.",""
"149","5a681f31","Ticker TRMB shows potential impact on liquidity & working capital due to contractual timing.","TRMB","data\10k\converted\TRMB.pdf","filename_fallback","143894,143870,143815,143754,143917,143759,143985,143941,143943,143808,143857,143916,143942,143913,143876,143914","430","Trimble (TRMB) experiences some impact on liquidity and working capital due to the contractual timing of customer orders and shipments. A portion of the company's hardware revenue comes from orders received and shipped in the last few weeks and days of each quarter, while operating expenses remain relatively predictable. This pattern creates a risk that, if expected sales are deferred, orders are not received, or shipments are delayed near quarter-end, operating results--and thus liquidity and working capital--could be negatively affected for that period. (See Chunk 11.)\n\nAdditionally, the company has significant cash requirements related to contractual and other obligations, such as lease payments, debt maturities (notably, Senior Notes maturing in December 2024), and planned uses of proceeds from divestitures (e.g., repurchasing stock and repaying debt), which also influence liquidity management and working capital needs. (See Chunk 1.)\n\nTherefore, the timing of contractual obligations and customer orders can create fluctuations in Trimble's liquidity and working capital from quarter to quarter.",""
"152","18c2380e","R&D Solutions rev rec margins impact from direct labor and 3rd party cost revisions at IQVIA, IQV.","IQV","data\10k\converted\IQV.pdf","filename_fallback","81179,81178,81213,81212,81197,81195,81159,81196,81217,81149,81287,81216,81198,81152","240","At IQVIA, revenue recognition for the Research & Development (R&D) Solutions segment is primarily based on a cost-based input method, where progress on performance obligations is measured by the proportion of actual costs incurred (including direct labor and third-party costs, such as payments to investigators and reimbursed expenses for clinical monitors) to the total costs expected to complete the contract.\n\nRevisions in the estimates of direct labor and third-party costs directly impact both revenue recognition and segment margins:\n\n- If estimated costs to complete a project increase, recognized revenue decreases proportionally, which negatively affects segment margins.\n- Conversely, if estimated costs decrease, recognized revenue increases proportionally, positively impacting segment margins.\n\nFor example, a hypothetical 1% increase in estimated costs to complete service contracts as of December 31, 2023, could have resulted in approximately a 1% reduction in total revenues for the year, while a 1% decrease in estimated costs could have resulted in a 1% increase in revenues (Chunks 1, 2, 3).\n\nIn summary, changes in direct labor and third-party cost estimates are directly reflected in revenue and margin calculations for R&D Solutions at IQVIA, with increases in costs reducing recognized revenue and margins, and decreases in costs increasing them. Significant judgment is required in evaluating these estimates, and the effects of revisions are recorded in the period in which the estimate is revised.",""
"154","83c09c7f","Calc PFG's revenue per emp & profit implications, focusing on the ticker in the middle.","PFG","data\10k\converted\PFG.pdf","filename_fallback","133133,133122,133053,133195,133120,133104,133123,133415,133479,133073,133072,133131,133505,133482,133489,133134","397","Based on the provided information:\n\n- Principal Financial Group, Inc. (PFG, ticker symbol ""PFG"") reported total revenues of $13,665.8 million for the year ended December 31, 2023 (see Chunk 6).\n- The number of employees is not directly stated in the provided context, so calculating revenue per employee is not possible with the given data.\n\nProfit implications:\n- Net income attributable to Principal Financial Group, Inc. for 2023 was $623.2 million, a significant decrease from $4,756.9 million in 2022. This decrease was primarily due to changes in the fair value of the funds withheld embedded derivative (see Chunk 6).\n- While total revenues remained strong, the profit (net income) was substantially affected by specific investment and derivative valuation changes, indicating exposure to market-related volatility.\n\nIn summary: For PFG (ticker: PFG), 2023 revenue was $13.67 billion, but profit (net income) dropped significantly to $623.2 million due to derivative valuation impacts. Revenue per employee cannot be calculated from the information provided, as employee numbers are not given.",""
"155","20b15853","Diversity factors impacting strategic decisions of EXPE board.","EXPE","data\10k\converted\EXPE.pdf","filename_fallback","58513,58512,58441,58443,58511,58541,58440,58439,58482,58715,58412,58619,58621,58483,58620,58413","172","Diversity factors play a significant role in Expedia Group's strategic decisions at the board level. The company emphasizes building inclusive and diverse workplaces, aiming to promote belonging, respect, voice, and equal opportunity. Specific initiatives include:\n\n- Employee-led Inclusion Business Groups to promote awareness around race, ethnicity, sexual orientation, military status, disability, gender, and allyship for underrepresented identities.\n- Educational programs to identify and mitigate bias in recruitment, hiring, talent review, promotion, and marketing.\n- Recruiting and assessment processes designed to limit unconscious bias and increase representation of underrepresented talent.\n- Hiring targets, such as aiming for women to occupy 50% of leadership roles by the end of 2025 and for 25% of U.S. external hires to come from racially and ethnically underrepresented groups.\n- Pay fairness evaluations and dedicated budgets to ensure fair compensation.\n- Use of employee surveys and benchmarking to set goals and measure progress in hiring, compensation, advancement, and retention of underrepresented groups.\n- Programs with travel partners to focus on underserved travelers and promote inclusion and diversity in the broader travel industry.\n\nThese diversity and inclusion initiatives are intended to influence strategic decisions by ensuring leadership and workforce diversity, mitigating bias, and aligning the company's culture and business practices with broader ESG (Environmental, Social, and Governance) responsibilities. This focus on diversity is seen as important for reputation, employee retention, and business relationships (Chunks 3, 7, 8, 4).",""
"158","04c42c12","Impact of NTRS mgmt. bg on competitive positioning.","NTRS","data\10k\converted\NTRS.pdf","filename_fallback","122203,122202,122199,122198,122741,122533,122320,122531,122532,122495,122205,122204,122250,122329,122306,122467","368","I cannot find sufficient information in the provided documents to answer this question.",""
"159","0ecb620f","TSC capex influence on positioning & SH value.","TSC","","fallback_no_files_on_disk","78578,145356,78579,95102,115104,78585,4580,11824,71933,115103,43670,11825,931,43669,115196,131071","129,37,5,232,392,17,435,211,344,283","I cannot find sufficient information in the provided documents to answer this question.",""
"156","e40dfc98","LOW: Deferred rev rec for retail, stored-value, gift cards control.","LOW","data\10k\converted\LOW.pdf","filename_fallback","90830,90835,90827,90836,90828,90809,90856,90774,90737,90840,90799,90750,90869,90802,90739,90841","269","For Lowe's, deferred revenue for retail transactions consists of amounts received from customers for which they have not yet taken possession of the merchandise or installation has not yet been completed. This deferred revenue is recognized in sales when the customer obtains control of the merchandise--either through pickup or delivery--or over time as services are provided.\n\nFor stored-value cards, which include gift cards and returned merchandise credits, revenue is deferred when the cards are issued and recognized as sales when the cards are redeemed by customers, i.e., when the customer obtains control of the merchandise or services.\n\nIn summary, for retail sales, stored-value, and gift cards, control transfers to the customer and revenue is recognized at the point when the customer picks up or receives the merchandise, or as services are performed and delivered to the customer.",""
"157","ac9dde56","Contract asset vs notes receivable in T's rev rec installment programs.","T","data\10k\converted\T.pdf","filename_fallback","142493,142497,142494,142574,142492,142572,142575,142490,142491,142571,142577,142502,142498,142496,142578,142503","425","In AT&T's revenue recognition for installment programs, the distinction between contract assets and notes receivable is as follows:\n\n- **Notes Receivable:** When customers purchase wireless devices on installment plans without discounts and AT&T's right to consideration is unconditional, revenue for the device is recognized at the point of sale, and the difference between the revenue recognized and the cash received is recorded as a note receivable. This represents a straightforward receivable where the customer is obligated to pay fixed amounts over the installment period (Chunks 1, 4).\n\n- **Contract Asset:** When installment sales include promotional discounts that are earned by customers over the contract term (such as ""buy one get one free"" offers or equipment discounts tied to a trade-in), revenue is still recognized at the point of sale, but the amount to be received is not fully unconditional. In these cases, the difference between the revenue recognized and the cash (or unconditional receivable) is recorded as a contract asset. This contract asset is then amortized over the contract term as the customer fulfills their service obligations or meets other conditions (Chunks 1, 2, 3, 13).\n\nIn summary, notes receivable are recognized when there is an unconditional right to payment (no discounts/promos attached), while contract assets are used when promotional discounts are provided and the right to consideration is conditional on future events, with the contract asset amortized over the life of the contract.",""
"153","8a0f4278","Effect of GRMN TTM/product availability on mkt share & growth vs AAPL, SSNLF, HON.","GRMN,AAPL,SSNLF,HON","data\10k\converted\AAPL.pdf,data\10k\converted\GRMN.pdf,data\10k\converted\HON.pdf","filename_fallback","70113,70116,70115,70126,70127,70114,70118,70097,70112,70104,70103,70109,70185,70171,70183,70095","206","Garmin (GRMN) emphasizes time-to-market (TTM) and product availability as key competitive factors that impact its market share and growth. The company believes that its vertically integrated manufacturing capabilities and close partnership between engineering and manufacturing teams allow it to quickly move from concept to manufacturing, providing inherent flexibility for faster time to market. This rapid prototyping and iterative design process enables Garmin to efficiently launch new products and respond to market demands, which is critical in highly competitive markets (Chunks 2, 3, 6).\n\nGarmin identifies design, functionality, quality and reliability, customer service, brand, price, time-to-market, and availability as principal factors impacting market competition. The company states that it generally competes favorably in these areas, making it a significant competitor in its major markets (Chunks 1, 9).\n\nHowever, the context also notes that Garmin faces strong competition from companies such as Apple (AAPL), Samsung (SSNLF), and Honeywell (HON), among others, who may have greater resources and can sometimes respond more rapidly to emerging technologies or changes in customer requirements. Increased competition can lead to price reductions, fewer customer orders, reduced margins, and loss of market share if Garmin is unable to match or surpass the speed and availability of new product introductions by these competitors (Chunks 4, 5, 6).\n\nIn summary, Garmin's focus on fast TTM and broad product availability supports its market share and growth, but it must continually innovate and maintain this advantage to compete with resource-rich companies like Apple, Samsung, and Honeywell, who can potentially outpace Garmin in launching new features or products. Any delays or shortcomings in TTM or product availability could negatively affect Garmin's competitive position and growth prospects.",""
"161","a0bb8903","Operational impacts of cybersecurity on breach costs & growth for IDEXX.","IDXX","data\10k\converted\IDXX.pdf","filename_fallback","81404,81403,81438,81402,81400,81418,81401,81435,81488,81490,81436,81365,81366,81423,81328,81329","241","Cybersecurity incidents at IDEXX can have significant operational impacts, potentially leading to production downtimes, operational or productivity delays, detrimental impacts on the ability to provide products and services, compromise of confidential or protected information, destruction or corruption of data, and security breaches. These events may result in financial losses, increased costs from remedial actions and repairs, higher cybersecurity and IT protection expenses, loss of business, potential liability, and damage to the company's reputation. Such consequences could materially adversely affect IDEXX's business strategy, competitive position, results of operations, cash flows, financial condition, and growth prospects ([Chunks 1, 2, 4, 5, 7]).\n\nDespite experiencing cybersecurity attacks in the past, IDEXX states that none have resulted in any material adverse impact to the company's business strategy, results of operations, or financial condition. However, the company acknowledges the ongoing and evolving risk of future attacks, which could have material impacts if critical functions are affected ([Chunks 2, 3, 4]).\n\nTo manage these risks, IDEXX has implemented a comprehensive cybersecurity risk management program, including employee training, regular risk assessments, phishing tests, and incident response protocols. They also maintain a cyber risk insurance policy to help address potential losses from cybersecurity events ([Chunks 8, 11]). While these measures aim to mitigate risks, there is no guarantee they will always prevent disruptions or breaches.\n\nIn summary, while IDEXX has not yet suffered material impacts on breach costs or growth due to cybersecurity incidents, the potential for significant operational and financial consequences remains, which could affect growth and operational stability if a major breach were to occur.",""
"162","3d5a35ca","Capital allocation strategy for growth in Rollins Inc's 2022-2023 investing activities, ROL.","ROL","data\10k\converted\ROL.pdf","filename_fallback","128624,128661,128641,128628,128625,128629,128675,128560,128580,128638,128623,128554,128555,128658,128566","384","Rollins Inc.'s capital allocation strategy for growth during 2022-2023 focused heavily on acquisitions and investing in its operations. In 2023, the company used $372.9 million in investing activities, significantly more than the $134.1 million used in 2022. The majority of this was for acquisitions, with $366.9 million spent in 2023 (up from $119.2 million in 2022), driven primarily by the acquisition of Fox Pest Control--one of the largest in the company's history--and 23 additional acquisitions that year. Rollins also invested $32.5 million in capital expenditures in 2023, compared to $30.6 million in 2022, supporting the growth and modernization of its business. These investing activities were funded through existing cash balances, operating cash flows, and borrowings under its Credit Facility.\n\nThis approach aligns with Rollins' strategy of targeting high quality, profitable businesses with strong leadership and customer loyalty, aiming to achieve organic growth and margin expansion. The company's acquisition strategy and capital investments are intended to enhance its competitive position, expand its international presence, and support operational efficiency and growth initiatives across its portfolio.",""
"163","0c43ad3e","EL exec team weighs risk, ticker, benefits, and impact on fin perf amid org changes.","EL","data\10k\converted\EL.pdf","filename_fallback","54388,54473,54498,54385,54389,54490,54354,54673,54446,54497,54640,54371,54366,54384,54390,54641,54450","160","The Estée Lauder Companies' executive team actively considers risks, benefits, and the impact on financial performance when making organizational changes. Their enterprise risk management framework integrates cybersecurity, operational, financial, and strategic risks to enable more effective risk assessment and mitigation. The team collaborates across functions, including with the Chief Information Officer and Chief Information Security Officer, to manage risks such as cybersecurity threats (Chunks 1, 5, 15).\n\nWhen implementing organizational changes like restructuring, acquisitions, or divestitures, the company evaluates potential short-term costs, risks of integration, reputational effects, and the impact on business relationships. Such changes may lead to restructuring charges, which are factored into their non-GAAP financial measures to give a clearer picture of underlying ongoing business performance (Chunks 9, 13).\n\nAdditionally, the executive team regularly assesses the quality, efficacy, and safety of products, the retention of key personnel, and market conditions--all of which can affect financial outcomes (Chunk 12). The company also keeps investors informed of factors that could cause actual financial results to differ from expectations, recognizing the potential for market volatility in response to organizational changes (Chunk 14).\n\nOverall, the Estée Lauder executive team's approach to organizational change is thorough, balancing risk management, operational considerations, and potential financial performance impacts.",""
"166","b148030e","CTSH op profit trends in the FS Health Sci segment over the last 3 yrs.","CTSH","data\10k\converted\CTSH.pdf","filename_fallback","39329,39463,39322,39376,39378,39413,39462,39318,39323,39221,39315,39366,39464,39412,39231","116","Over the last three years, segment operating profit for Cognizant in the Financial Services (FS) and Health Sciences (HS) segments has shown the following trends (in millions):\n\nFinancial Services (FS):\n- 2021: $1,296\n- 2022: $1,323\n- 2023: $1,156\n\nHealth Sciences (HS):\n- 2021: $1,247\n- 2022: $1,190\n- 2023: $1,352\n\nThis shows that FS segment operating profit increased slightly from 2021 to 2022 but then declined in 2023. Conversely, the HS segment saw a slight decrease from 2021 to 2022, followed by a notable increase in 2023.",""
"160","9137d00c","3Y rev/OP/OPI perf & mkts dynamics for SBAC int'l site leasing.","SBAC","data\10k\converted\SBAC.pdf","filename_fallback","133550,133823,133653,133654,133652,133640,133658,133552,133731,133549,133826,133572,133639,133824,133636","398","Here is a summary of SBA Communications' international site leasing segment performance and market dynamics over the last three years (2021-2023):\n\n**Revenue, Operating Profit (OP), and Operating Income (OPI) Performance:**\n\n- **Revenue:**\n  - 2023: $670.4 million\n  - 2022: $559.0 million\n  - 2021: $422.7 million\n  - Revenue grew by 19.6% from 2022 to 2023 and by 32.4% from 2021 to 2022 ([Chunk 5], [Chunk 14]).\n\n- **Operating Profit:**\n  - 2023: $466.3 million\n  - 2022: $377.4 million\n  - 2021: $294.9 million\n  - Operating profit increased by 23.0% in 2023 and by 28.0% in 2022 ([Chunk 5], [Chunk 14]).\n\n- **Operating Income:**\n  - 2023: $111.9 million\n  - 2022: $82.2 million\n  - 2021: $54.2 million\n  - Operating income grew by 35.3% in 2023 and by 51.7% in 2022 ([Chunk 7], [Chunk 14]).\n\n**Market Dynamics:**\n\n- **Geographic Presence:** SBA operates international towers in 14 countries across South America, Central America, Canada, South Africa, the Philippines, and Tanzania. As of December 31, 2023, about 30% of total towers were in Brazil; no other international market represented more than 5% of the total tower count or site leasing revenue ([Chunk 1], [Chunk 15]).\n- **Revenue Concentration:** In 2023, Brazil generated 15.6% of total site leasing revenue. No other single international market contributed more than 5% ([Chunk 3], [Chunk 11]).\n- **Major Customers:** In 2023, the largest international customers by site leasing revenue were Telefonica (22.5%), Claro (20.2%), and TIM (15.7%) ([Chunk 12]).\n- **Growth Drivers:** Revenue and profit growth in international site leasing over the past three years were driven by:\n    - Acquisitions (notably GTS in Brazil) and new tower builds\n    - Organic growth from new leases, lease amendments, and contractual rent escalators\n    - Pass-through charges linked to inflation (especially in ground leases)\n    - Partially offset by lease non-renewals ([Chunk 3], [Chunk 4], [Chunk 5])\n- **Lease Terms:** Typical international leases are for 5-15 years, often with annual escalators tied to inflation or fixed increases. Many leases include pass-through costs for items like ground rent and utilities ([Chunk 8]).\n- **Currency Effects:** Revenue and costs are predominantly in local currency in Brazil, Canada, Chile, South Africa, and the Philippines. Some Central American countries primarily use USD ([Chunk 8], [Chunk 13]).\n- **Profit Contribution:** International site leasing's share of total segment operating profit increased from 16.7% in 2021 to 22.2% in 2023 ([Chunk 6], [Chunk 13]).\n\n**Summary Table: International Site Leasing, 2021-2023**\n| Year | Revenue ($M) | Operating Profit ($M) | Operating Income ($M) | % of Total OP |\n|------|--------------|----------------------|-----------------------|---------------|\n| 2021 | 422.7        | 294.9                | 54.2                  | 16.7%         |\n| 2022 | 559.0        | 377.4                | 82.2                  | 19.2%         |\n| 2023 | 670.4        | 466.3                | 111.9                 | 22.2%         |\n\n**Conclusion:**  \nSBAC's international site leasing segment has experienced strong, consistent growth in revenue, operating profit, and operating income over the past three years, driven by acquisitions, new builds, and organic growth. Brazil is the dominant market, with customer and revenue concentration among major carriers such as Telefonica, Claro, and TIM. The business benefits from long-term leases with inflation-indexed escalators and is expected to continue growing due to network expansion and increased demand for wireless infrastructure.",""
"164","d3be5e48","Liquidity risk for SWK amidst debt repayments & refinancing.","SWK","data\10k\converted\SWK.pdf","filename_fallback","142093,142092,142156,142201,142007,142202,142004,142104,142212,142090,141951,141961,142094,142096,141945,142206","424","Stanley Black & Decker (SWK) faces several liquidity risks associated with debt repayments and refinancing:\n\n1. Debt Maturities and Contractual Obligations:\n- SWK has significant upcoming debt maturities: $1.1 million in 2024, $500.5 million in 2025, $902.8 million in 2026, $1,100 million in 2028, and $3,650 million thereafter (Chunks 4, 6, 8).\n- Total contractual cash obligations amount to $12.7 billion, including $6.2 billion of long-term debt principal and $1.1 billion in commercial paper borrowings as of December 30, 2023 (Chunks 5, 8).\n\n2. Credit Facilities and Liquidity Backstops:\n- SWK maintains a $2.5 billion five-year committed credit facility and a $1.5 billion syndicated 364-day revolving credit agreement, both of which serve as liquidity backstops for its $3.5 billion commercial paper program. As of December 30, 2023, there were no outstanding borrowings against these facilities (Chunks 5, 14, 16).\n- The company also has other short-term lines of credit aggregating $251.6 million, with $154.7 million available at year-end 2023 (Chunk 16).\n- Cash and cash equivalents totaled $449 million at December 30, 2023, with about half held in foreign jurisdictions (Chunk 13).\n\n3. Credit Ratings and Market Access:\n- SWK's credit ratings were downgraded in 2023 by Fitch, S&P, and Moody's, which could increase the company's cost of funds and negatively impact liquidity and access to capital markets, though it would not restrict access to its existing committed credit facilities (Chunk 13).\n\n4. Covenants:\n- SWK must maintain an interest coverage covenant to ensure continued access to its committed credit facilities (Chunks 5, 16).\n\n5. Refinancing Risk:\n- The company's ability to refinance maturing debt at favorable terms may be impacted by credit rating downgrades, market conditions, and its overall leverage (Chunks 5, 13).\n\n6. Interest Expense:\n- Interest paid on indebtedness increased significantly in recent years, which could pressure liquidity if rates or leverage rise further ($531.5 million in 2023, up from $320.8 million in 2022 and $177.1 million in 2021; Chunk 16).\n\nOverall, while SWK has substantial liquidity resources--including committed credit facilities, access to commercial paper, and cash balances--it is exposed to risks related to large upcoming debt repayments, potential increases in borrowing costs due to credit rating downgrades, and the need to refinance significant amounts of debt in the future. Maintaining investment-grade ratings and compliance with covenant requirements are key factors in mitigating liquidity risk.",""
"167","1c47856d","Impact on strategy & growth from FIS software & PPE investments.","FIS","data\10k\converted\FIS.pdf","filename_fallback","63618,63500,63659,63506,63496,63614,63505,63630,63542,63632,63501,63544,63617,63586,63796,63806","185","FIS's investments in software (both purchased and internally developed) and property and equipment (PPE) are central to its strategy and growth. These investments support ongoing innovation and modernization of FIS's solutions, enabling the company to better serve its clients and remain competitive in the evolving financial technology landscape.\n\nSpecifically:\n\n- FIS continues to invest in its solution portfolio through internal software development and acquisitions, which helps them add new solutions, cross-sell to existing clients, and attract new clients (Chunk 2, Chunk 3).\n- Investments in software and PPE underpin efforts to modernize core processing systems, drive efficiency, scalability, and operating efficiency, and support innovation in digital delivery, information security, and regulatory compliance (Chunk 2, Chunk 3, Chunk 7).\n- Capital expenditures in software and PPE are expected to continue, reflecting FIS's commitment to supporting business growth and operational improvements (Chunk 3).\n- These investments also enable FIS to expand its value proposition, integrate new technologies, and respond to changing client needs, which are key pillars of their growth strategy (Chunk 2, Chunk 3, Chunk 11).\n\nIn summary, FIS's ongoing investments in software and property/equipment are integral to its strategy of innovation, client expansion, operational efficiency, and long-term growth.",""
"168","d563214e","TT's long-term debt maturities & 12-mo liquidity impact.","TT","data\10k\converted\TT.pdf","filename_fallback","147017,147109,147010,147009,147016,147108,147107,147004,147003,147020,147015,147110,147014,147021,147111","441","As of December 31, 2023, Trane Technologies (TT) had outstanding aggregate long-term debt principal payments of approximately $4,809.8 million. Of this amount, $802.5 million is payable within the next 12 months, which includes $295.0 million of debt that is redeemable at the option of the holder (puttable debentures). The scheduled maturities of TT's long-term debt are as follows:\n\n- 2024: $801.9 million\n- 2025: $157.2 million\n- 2026: $398.9 million\n- 2027: $0\n- 2028: $547.3 million\n- Thereafter: $2,874.5 million\n\nIn terms of liquidity, TT had $1,095.3 million in cash and cash equivalents as of December 31, 2023, and maintains two $1.0 billion senior unsecured revolving credit facilities (total $2.0 billion), both of which were fully unused at year-end. The company also has a $2.0 billion commercial paper program, with no outstanding balance as of December 31, 2023.\n\nThe company believes its available cash, committed credit lines, and expected cash flow from operations will be sufficient to meet its working capital needs, capital expenditures, dividends, share repurchases, and debt maturities--including those due in the next 12 months--for the foreseeable future.",""
"165","61e10a82","Eli Lilly's recent leadership appointments impact operational efficiency and enhance profitability outlook, LLY.","LLY","data\10k\converted\LLY.pdf","filename_fallback","94459,94152,94210,94208,94209,94215,94149,94323,94325,94211,94461,94204,94232,94180,94274,94324","280","Based on the provided context, Eli Lilly has made several recent leadership appointments, including:\n\n- David Ricks as Chair, President, and CEO (since 2017), bringing 27 years of service with the company.\n- Anat Ashkenazi as Executive Vice President and CFO (since 2021), with 22 years at Lilly.\n- Eric Dozier as Executive Vice President, Human Resources and Diversity (since 2022).\n- Anat Hakim as Executive Vice President, General Counsel and Secretary (since 2020).\n- Edgardo Hernandez as Executive Vice President and President, Manufacturing Operations (since 2021).\n- Patrik Jonsson as Executive Vice President and President, Lilly Diabetes and Obesity and President, Lilly USA (since 2024).\n- Johna Norton as Executive Vice President, Global Quality (since 2017).\n- Diogo Rau as Executive Vice President and Chief Information and Digital Officer (since 2021), with prior experience at Apple Inc. and McKinsey & Company.\n- Daniel Skovronsky, M.D., Ph.D., as Executive Vice President, Chief Scientific Officer and President, Lilly Research Laboratories and Lilly Immunology (since 2024).\n- Jacob Van Naarden as Executive Vice President and President, Loxo@Lilly (since 2021).\n- Alonzo Weems as Executive Vice President, Enterprise Risk Management, and Chief Ethics and Compliance Officer (since 2021).\n- Anne White as Executive Vice President and President, Lilly Neuroscience (since 2021).\n- Ilya Yuffa as Executive Vice President and President, Lilly International (since 2021).\n\nThese appointments include individuals with extensive experience both within Lilly and from leading roles at other major organizations (such as Apple and WellCare). Their backgrounds in areas like digital innovation, global manufacturing, research, and compliance suggest a focus on operational excellence, strategic growth, and risk management.\n\nWhile the provided context does not directly state the measurable impact of these appointments on operational efficiency or profitability, the breadth of leadership experience and the alignment of roles with critical business functions (manufacturing, digital transformation, research, and global operations) are likely to support enhancements in operational efficiency and improve the company's profitability outlook.\n\nIf you require specific financial metrics or explicit statements linking these appointments to profitability improvements, that information is not directly detailed in the provided context.",""
"169","adcd97ab","Ticker analysis of COO OCF liquidity dependence.","COO","data\10k\converted\COO.pdf","filename_fallback","31271,31288,31272,31270,31285,31267,31265,31290,31261,31364,31286,31323,31302,31175,31338,31273","95","Cooper Companies, Inc. (COO) demonstrates strong operating cash flow (OCF) generation and maintains a solid liquidity position, with relatively limited dependence on external liquidity sources in the near term.\n\nKey points from the provided context:\n\n- OCF Performance: In fiscal year 2024, COO generated $709.3 million in cash from operating activities, an increase from $607.5 million in 2023. This improvement was primarily due to higher net income and non-cash adjustments, such as deferred income taxes and share-based compensation expenses (Chunks 1, 2).\n\n- Working Capital: As of October 31, 2024, COO's working capital was $928.7 million, up from $735.9 million in 2023, mainly driven by increases in receivables, prepaid expenses, and inventories (Chunk 1).\n\n- Cash and Credit Facilities: At year-end 2024, COO had $107.6 million in cash and cash equivalents. The company also had access to a $2.3 billion revolving credit facility, with $1,246.1 million available as of October 31, 2024 (Chunks 3, 11).\n\n- Liquidity Outlook: Management states that current cash, expected operating cash flow, and availability under the credit facility will be sufficient to meet anticipated cash needs (including working capital, capital expenditures, and contractual obligations) for at least the next 12 months. Additional liquidity, if required for acquisitions or other strategic activities, could be raised through additional debt or equity, though these are not currently anticipated as necessary (Chunk 3, 16).\n\n- External Liquidity Dependence: COO's dependence on external liquidity appears limited, as the company expects internal sources (OCF and cash on hand) and existing credit facilities to be sufficient for ongoing needs.\n\nIn summary, COO's OCF is robust and is the primary source of liquidity, with significant backup from undrawn credit facilities, resulting in low near-term dependence on external liquidity.",""
"170","1db14ead","CHRW's layered cybersecurity strategy enhances its comp. position amidst supply chain & tech dependencies, CHRW.","CHRW","data\10k\converted\CHRW.pdf","filename_fallback","26363,26320,26321,26319,26324,26306,26383,26307,26322,26384,26380,26344,26382,26366,26364,26359","79","C.H. Robinson (CHRW) employs a layered cybersecurity strategy that strengthens its competitive position, especially given its heavy reliance on technology and its central role in interconnected supply chains. The company operates primarily on its proprietary global platform, Navisphere, and manages millions of shipments and hundreds of thousands of contracted carriers and customers worldwide, making robust cybersecurity critical to maintaining service reliability and customer trust.\n\nKey components of CHRW's cybersecurity strategy include:\n\n- **Layered Coverage and Automated Detection:** CHRW addresses network and endpoint security, application security, and security operations with multiple layers of protection. They use automated detection, event correlation, and cyber threat intelligence to monitor and remediate threats (Chunks 7, 13).\n- **Third-Party Risk Management:** Given their use of both internally developed and third-party technologies, CHRW has processes to assess and mitigate risks related to external platforms, including third-party risk management and procurement assessments (Chunks 1, 7, 13).\n- **Compliance and Best Practices:** The company aligns its controls with leading frameworks such as the EU's GDPR and the U.S. NIST framework, undergoes regular independent assessments, and conducts SOC 2 Type 2 audits for customer-facing applications (Chunks 7, 10).\n- **Cybersecurity Governance:** Oversight is provided by the Board and the Audit Committee, with regular reporting from the Chief Technology Officer and Director of Cybersecurity and Technology Risk Management. The global cybersecurity team holds advanced certifications and experience, and all employees receive mandatory and ongoing cybersecurity training (Chunks 10, 11).\n- **Disaster Recovery and Business Continuity:** CHRW's Technology Continuity program is closely aligned with ISO and industry standards and includes regular recovery exercises, protected data backups, and robust business impact and risk analyses (Chunks 7, 10).\n\nThis layered approach ensures resilience and security across CHRW's operations, protecting against disruptions that could harm its reputation, customer relationships, or financial performance. By prioritizing cybersecurity and investing in advanced risk management, CHRW not only safeguards its technology and data but also sustains the trust of its customers and partners--key factors in maintaining a competitive advantage in the global logistics and supply chain sector.",""
"171","15f5d8fb","Impact of TXN geo rev mix on regional risk & growth opps, TXN.","TXN","data\10k\converted\TXN.pdf","filename_fallback","145424,145401,145363,145362,145372,145406,145371,145365,145375,145361,145358,145399,145356,145400,145403,145355","435","Texas Instruments' (TXN) geographic revenue mix has several implications for regional risk and growth opportunities:\n\n1. Diversified Revenue Base Reduces Regional Risk:\n- TXN's revenue is well-diversified geographically, with 33% from the United States, 19% from China, 10% from the rest of Asia, 26% from Europe, Middle East, and Africa (EMEA), and 10% from Japan in 2023. No single customer accounts for more than 10% of revenue, and about 65% of revenue comes from customers headquartered outside the United States. This diversification helps reduce dependency on any single region, mitigating risks from region-specific economic downturns, regulatory changes, or geopolitical tensions (Chunks 1, 5).\n\n2. Exposure to Geopolitical and Macroeconomic Risks:\n- While diversification lowers single-region risk, TXN is still exposed to risks associated with international operations. For example, revenue from customers headquartered in China represents about 20% of total revenue, making TXN susceptible to risks such as tariffs, trade restrictions, and shifting global trade dynamics. Geopolitical tensions or changes in macroeconomic conditions in major markets could impact TXN's ability to deliver products or support customers, potentially affecting operations and financial results (Chunk 5).\n\n3. Growth Opportunities in Key Regions:\n- TXN places strategic emphasis on the industrial and automotive markets, which are global but particularly strong in regions like EMEA (notably Germany, which accounts for 13% of revenue), the U.S., and Asia. The broad presence across regions allows TXN to tap into industrial automation, automotive innovation, and technology adoption trends in multiple markets (Chunks 1, 10, 15).\n- The company's investments in direct sales channels, including localized online experiences and e-commerce capabilities, provide further access to a wider base of customers across geographies, supporting growth opportunities in both established and emerging markets (Chunk 3).\n\n4. Manufacturing and Asset Location Mitigate Supply Risks:\n- TXN owns and operates semiconductor manufacturing facilities in North America, Asia, Japan, and Europe. The geographic spread of manufacturing assets helps mitigate supply chain disruptions tied to a single region and supports responsiveness to local market needs (Chunk 3).\n\nIn summary, TXN's geographic revenue mix helps balance regional risks and positions the company to capitalize on global growth opportunities, though it remains subject to the macroeconomic and geopolitical risks inherent in international operations.",""
"172","38337cc2","DFS's competitive positioning in human capital and operational risk is crucial.","DFS","data\10k\converted\DFS.pdf","filename_fallback","48258,48253,48180,48181,48250,48179,48214,48191,48197,48227,48213,48385,48196,48386,48330,48199","142","Discover Financial Services (DFS) views its human capital as a key competitive advantage. The company employs approximately 21,100 individuals (primarily full-time and based in the U.S.), and notably, 100% of its customer service agents are U.S.-based, which is seen as a distinct advantage. DFS emphasizes a purpose-driven, people-first culture backed by significant investments in employee learning and development, market-competitive compensation and benefits, and a strong commitment to diversity, equity, and inclusion (DE&I). The company's compensation philosophy is pay-for-performance, with regular benchmarking and pay equity analysis, and its workforce diversity either meets or exceeds that of the metropolitan areas where it operates. High levels of employee engagement further reflect the effectiveness of its human capital strategy (Chunks 3, 4, 6, 16).\n\nRegarding operational risk, DFS recognizes it as inherent across all its businesses, including risks such as internal/external fraud, employment practices, business disruption, and especially information security and cybersecurity. The company has a robust information security program led by the Chief Information Security Officer (CISO) and overseen by a dedicated committee. This program continuously monitors threats and ensures controls are in place to mitigate risks. DFS also employs a comprehensive risk management framework, with policies and governance structures to identify, report, and respond to risks, including periodic stress testing and clear risk appetite statements to ensure strategic alignment and resilience (Chunks 8, 9, 13, 16).\n\nIn summary, DFS's competitive positioning in human capital is defined by its investment in workforce quality, engagement, and diversity, while its operational risk strength lies in comprehensive risk management, especially in cybersecurity and governance.",""
"174","201e1ddd","Repurchasing shares can boost EPS, enhancing profitability for Analog Devices (ADI).","ADI","data\10k\converted\ADI.pdf","filename_fallback","1044,1000,1098,999,1096,1095,1084,1094,1088,1042,939,1085,892,1046,1002","5","Repurchasing shares can boost earnings per share (EPS) for Analog Devices (ADI) by reducing the number of shares outstanding. When ADI buys back its own shares, the net income is distributed over fewer shares, which increases the EPS even if net income remains constant or declines. For example, the weighted-average shares outstanding decreased from 519,226 thousand in 2022 to 502,232 thousand in 2023, and further to 496,166 thousand in 2024, due in part to share repurchases. This reduction in share count helps support or increase EPS, thereby enhancing perceived profitability for shareholders, even as net income or total revenue may fluctuate.",""
"175","e547f41c","Impact on revenue and liquidity from deferred rev for Nucor (NUE).","NUE","data\10k\converted\NUE.pdf","filename_fallback","112810,112805,112768,112711,112804,112803,112771,112767,112712,112716,112693,112744,112811,112747,112740","337","Deferred revenue at Nucor primarily arises from cash payments received in advance from customers, which are recorded as contract liabilities to protect against credit risk. As of December 31, 2023, these contract liabilities (deferred revenue) totaled $313.8 million, compared to $285.0 million at year-end 2022. During 2023, approximately $191.8 million of revenue was reclassified from the December 31, 2022 contract liabilities balance as performance obligations were satisfied.\n\nImpact on Revenue:\nDeferred revenue temporarily reduces the amount of revenue recognized in the income statement until the related goods or services are delivered or control is transferred to the customer. Once Nucor fulfills its obligations, the deferred revenue is recognized as actual revenue. This means that deferred revenue provides a pipeline of future recognized revenue, supporting revenue stability as obligations are fulfilled.\n\nImpact on Liquidity:\nCash payments received in advance from customers (deferred revenue) improve Nucor's liquidity in the short term, as the company holds cash before delivering goods or services. These amounts are included in accrued expenses and other current liabilities on the balance sheet, enhancing working capital and providing Nucor with additional cash resources until the performance obligations are met.\n\nIn summary, deferred revenue positively impacts Nucor's liquidity by providing upfront cash and supports future revenue recognition as performance obligations are satisfied.",""
"177","b85d77d9","Domestic-to-total employee ratio for MGM (MGM).","MGM","data\10k\converted\MGM.pdf","filename_fallback","100429,100400,100607,100605,100700,100426,100493,100600,100425,100528,100424,100725,100661,100699,100713,100405","300","As of December 31, 2023, MGM employed approximately 45,000 full-time and 18,000 part-time employees domestically, totaling 63,000 domestic employees. Internationally, there were approximately 12,000 employees at MGM China and 1,000 at LeoVegas, totaling 13,000 international employees. The total number of employees is therefore 76,000.\n\nThe domestic-to-total employee ratio is:\n63,000 (domestic) / 76,000 (total) ≈ 0.83 or 83%.",""
"173","d1a85aab","Timing of revenue recognition related to control transfer vs. profitability for Garmin (GRMN).","GRMN","data\10k\converted\GRMN.pdf","filename_fallback","70231,70230,70255,70254,70232,70244,70102,70219,70117,70220,70098,70242,70273,70185,70281,70280","206","Garmin recognizes revenue primarily at the point in time when control of the promised products or services is transferred to the customer--this typically occurs once the product has shipped and title and risk of loss have transferred. For most sales, this means revenue is recognized at shipment (point in time). However, for certain tangible products with ongoing services (such as map updates or service subscriptions), the revenue allocated to these services is recognized over time, as the services are provided (over the contractual service period or estimated life of the product).\n\nProfitability, as shown in Garmin's financial statements, results from net sales (recognized revenue) minus the cost of goods sold and operating expenses. Since the majority of revenue is recognized at shipment, this aligns closely with the timing of profit recognition for those transactions. For revenue recognized over time, profitability is also spread over the service period, matching the ongoing costs and revenue.\n\nIn summary, Garmin's revenue recognition based on the transfer of control directly impacts when profitability from those sales is reflected in its financial statements: most profits are recognized at shipment, while profits from ongoing services are recognized over their respective periods.",""
"176","e13a4600","Net earnings to operating cash adjustments for HPE and earnings quality.","HPE","data\10k\converted\HPE.pdf","filename_fallback","79711,79680,79709,79642,79625,79681,79626,79708,79714,79713,79682,79876,79760,79717","235","For fiscal year 2024, Hewlett Packard Enterprise (HPE) reported net earnings attributable to HPE of $2,579 million. When reconciling net earnings to net cash provided by operating activities, several adjustments are made to account for non-cash items and changes in working capital. The major adjustments for 2024 were as follows (in millions):\n\n- Depreciation and amortization: +$2,564\n- Stock-based compensation expense: +$430\n- Provision for inventory and credit losses: +$175\n- Restructuring charges: +$33\n- Deferred taxes on earnings: -$64\n- Earnings from equity interests: -$147\n- Gain on sale of equity interest: -$733\n- Dividends received from equity investees: +$43\n- Other, net: +$149\n\nSignificant changes in operating assets and liabilities included:\n- Accounts receivable: -$83\n- Financing receivables: -$909\n- Inventory: -$3,358\n- Accounts payable: +$3,927\n- Taxes on earnings: +$190\n- Restructuring: -$164\n- Other assets and liabilities: -$291\n\nAfter all adjustments, net cash provided by operating activities was $4,341 million for 2024 (Chunk 1).\n\n**Earnings Quality:**\nThe reconciliation shows that HPE's operating cash flow ($4,341 million) significantly exceeded its net earnings ($2,579 million), which is generally a positive indicator of earnings quality. Large non-cash items like depreciation and amortization, as well as adjustments for working capital (especially increases in accounts payable and reductions in inventory), contributed to this difference. However, there was also a substantial non-cash gain from the sale of an equity interest ($733 million subtracted from net earnings), which did not provide cash, as well as negative impacts from increases in financing receivables and inventory.\n\nOverall, the adjustments indicate that HPE's net earnings are supported by strong operating cash flow, which suggests good earnings quality for fiscal 2024. The company's ability to generate cash from its core operations, after non-cash and working capital adjustments, reinforces the reliability of its reported earnings.",""
"179","496c3b3c","HIL's variable interests risk profile is crucial for cash flow mgmt.","HIL","","fallback_no_files_on_disk","84691,132124,55395,148639,151401,72891,27456,48526,84680,54938,133187,89606,127388,89605,84681,54939","162,163,452,265,394,397,142,83,214,380,251,444","I cannot find sufficient information in the provided documents to answer this question.",""
"178","e75c04e9","CRL - expected sci. pro. count in 1k headcount expansion Charles River Labs.","CRL","data\10k\converted\CRL.pdf","filename_fallback","34708,34752,34722,34704,34739,34754,34731,34750,34744,34756,34751,34709,34809,34860,34948,34996","104","Based on the most recent data, Charles River Laboratories has approximately 21,800 employees, including about 2,600 science professionals with advanced degrees (such as Ph.D., D.V.M., and M.D.). This means that science professionals make up roughly 12% of the total workforce (2,600 out of 21,800).\n\nTherefore, if Charles River Labs were to expand its headcount by 1,000 employees and maintained the same proportion, you could expect about 120 of those new employees to be science professionals with advanced degrees.",""
"180","f6bf681e","Chipotle's ticker on the market reflects its commitment to workforce invest., ensuring long-term stability & growth for investors.","CMG","data\10k\converted\CMG.pdf","filename_fallback","27826,27827,27831,27828,27829,27832,27952,27931,27822,27973,27953,27845,27971,27929,27884,27885","85","Chipotle demonstrates a strong commitment to workforce investment, which supports long-term stability and growth for investors. The company invests heavily in recruiting top talent, maintaining appropriate staffing levels, and offering competitive compensation packages and industry-leading incentive programs. Initiatives include a Debt-Free Degree program, career certificates, personalized mental health assistance, and a 401(k) plan with matching contributions. Chipotle also emphasizes diversity, equity, and inclusion, conducts annual pay equity analyses, and provides robust professional development opportunities. These efforts help foster a strong company culture, high employee engagement, and effective workforce management, all of which contribute to Chipotle's overall business success and investor confidence.",""
"181","1b8c157c","Impact of 2-for-1 stock split on repurchases & market performance at Hormel Foods (HRL).","HRL","data\10k\converted\HRL.pdf","filename_fallback","72199,72198,72265,72145,72207,72200,72264,72371,72370,72239,72369,72201,72144,72238,72142,72149","212","The 2-for-1 stock split at Hormel Foods (HRL), approved by the Board of Directors and effective January 27, 2016, impacted the company's share repurchase program by proportionately adjusting the number of shares remaining to be repurchased under the existing authorization. This means that after the split, the number of shares Hormel was authorized to repurchase doubled, maintaining the same overall dollar value of the repurchase program but reflecting the increased number of outstanding shares due to the split (Chunks 1 & 2).\n\nAs for market performance, while the context provides historical stock price performance and shareholder return graphs, it does not directly link the stock split to subsequent market performance. The documents do note that Hormel Foods' common stock is traded on the New York Stock Exchange under the symbol HRL and provide information on total shareholder return, but there is no specific analysis of the effect of the 2-for-1 split on stock price or market performance.\n\nIn summary: The 2-for-1 stock split resulted in a proportional adjustment to the share repurchase authorization, but the provided documents do not detail a direct impact on market performance.",""
"182","e89c5bd8","Impact of WRB cybersecurity measures on profitability & liabilities, ticker in last position.","WRB","data\10k\converted\WRB.pdf","filename_fallback","160216,160399,160498,160500,160329,160398,160330,160493,160334,160499,160397,160494,160288,160221,160333,160257","479","W. R. Berkley Corporation (ticker: WRB) has implemented a comprehensive cybersecurity program designed to protect its information systems and data. The program follows international standards (ISO 27001) and the National Institute of Standards and Technology Cybersecurity Framework. It includes tools and controls such as firewalls, intrusion detection, vulnerability management, incident response plans, third-party risk assessments, and annual employee training. The Board of Directors and senior management oversee cybersecurity risks, with regular updates from the Chief Information Security Officer.\n\nAs of the period covered by the annual report, the company has not identified any cybersecurity incidents that have materially affected, or are reasonably likely to materially affect, its business strategy, results of operations, or financial condition. Therefore, there has been no material negative impact on profitability or liabilities due to cybersecurity incidents.\n\nHowever, the company notes that failure to maintain the security of information technology systems could expose it to liability, and regulatory requirements--such as those from the New York State Department of Financial Services and the NAIC's Cybersecurity Model Law--impose additional compliance obligations. Adherence to these regulations helps mitigate liability risk but may involve compliance costs. Overall, as of the reporting date, WRB's cybersecurity measures have helped avoid material impacts on profitability and liabilities.\n\nTicker: WRB",""
"183","b1f6a515","CATX revenue recog. implications of combined mfg & QA performance obligation.","CATX","","fallback_no_files_on_disk","85192,40935,80431,115673,4417,26866,11599,1075,68005,40849,14592,161164,40934,40939,25711,160079","481,36,5,197,76,237,45,16,81,120,346,252,478","For CATL (Catalent, Inc.), the revenue recognition implications of a combined manufacturing and quality assurance (QA) performance obligation are as follows:\n\nIn manufacturing and commercial product supply contracts, the terms of manufacturing services and related product quality assurance procedures are highly interdependent due to regulatory requirements. As a result, these are considered a single combined performance obligation, rather than separate obligations for manufacturing and QA. The transaction price is allocated entirely to this combined obligation.\n\nRevenue is generally recognized over time, rather than at a point in time, because:\n- The product has no alternative use to the company, and\n- The company has an enforceable right to payment for performance completed to date.\n\nThe measure of progress towards fulfilling the combined obligation is typically based on the units of product that have successfully completed the required product quality assurance process, as this marks the point when the customer is permitted to exercise control over the product (see Chunk 2 and Chunk 10).\n\nIn summary, when manufacturing and QA are considered a single combined performance obligation, revenue is recognized over time as the combined obligation is satisfied, using a progress measure defined by completion of QA, rather than separately recognizing revenue for manufacturing and then QA. This approach reflects the integrated and regulated nature of the services provided.",""
"187","d1a4c48e","Q3 2024 share repurchase volume for DIS, along with the weighted avg. cost.","DIS","data\10k\converted\DIS.pdf","filename_fallback","45431,45524,45594,45520,45522,45600,45593,45575,45464,45563,45505,45432,45504,45461,45503","135","For Q3 2024 (the quarter ended September 28, 2024), The Walt Disney Company (DIS) repurchased a total of 5,011,000 shares of its common stock at a weighted average price of $92.49 per share.",""
"186","3e5ab321","PEP ratio of other pension/retiree medical income from 2022 to 2023.","PEP","data\10k\converted\PEP.pdf","filename_fallback","123306,123363,123365,123364,123362,123251,123338,123366,123389,123371,123307,123274,123367,123302","370","The ""other pension and retiree medical benefits income"" for PepsiCo was $132 million in 2022 and $250 million in 2023.\n\nTo calculate the ratio of the 2023 amount to the 2022 amount:\n\nRatio = 2023 income / 2022 income = $250 million / $132 million ≈ 1.89\n\nSo, the ratio of other pension/retiree medical income from 2022 to 2023 is approximately 1.89. This means the income in 2023 was about 89% higher than in 2022.",""
"188","b3219177","Impact on margins from ADP's dual role.","ADP","data\10k\converted\ADP.pdf","filename_fallback","757,646,647,663,823,725,670,861,675,665,669,655,661,657,745,813","4","ADP operates with a dual role through its two main business segments: Employer Services and Professional Employer Organization (PEO) Services. The impact on margins from this dual role is as follows:\n\n- Employer Services margin increased to 35.1% in 2024 from 33.0% in 2023 (a 210 basis point increase). This improvement is attributed to higher revenues from client funds interest, operational efficiencies, and strong client retention, though partially offset by increased investments and costs to develop and maintain products and services.\n\n- In contrast, PEO Services margin decreased to 14.8% in 2024 from 16.3% in 2023 (a 150 basis point decrease). The decline is due to less favorable actuarial loss development in workers' compensation reserves, increased selling expenses, and higher zero-margin benefits pass-through costs, despite increased revenues.\n\nOverall, Employer Services delivers higher margins driven by operating efficiencies and interest revenues, while PEO Services tends to have lower margins due to higher pass-through costs and specific expense pressures associated with the co-employment model.",""
"185","5c8c2bc6","MCK share repurchase drivers: stock price, reg's, op cash.","MCK","data\10k\converted\MCK.pdf","filename_fallback","100069,99894,99832,99831,99833,100070,99923,99855,99821,99895,99889,99991,99901,99761","298","McKesson's share repurchase activity is influenced by several factors:\n\n- Stock Price: The timing and number of shares repurchased depend on the company's stock price.\n- Regulatory Requirements: Corporate and regulatory requirements, including tax implications (such as the 1% excise tax under the IRA effective January 1, 2023) and restrictions under debt obligations, are considered.\n- Operating Cash: The amount of cash generated from operations impacts the ability to repurchase shares.\n- Other Drivers: Additional considerations include other uses for capital, impacts on the value of remaining shares, and market and economic conditions.\n\nThese factors collectively determine when and how many shares the company chooses to repurchase (Chunks 1, 2, 3, 4).",""
"192","5c465dfe","CPT exec ratio vs. industry benchmarks.","CPT","data\10k\converted\CPT.pdf","filename_fallback","31748,31811,31752,31678,31684,31660,31688,31713,31683,31787,31751,31722,31763,31765,31732,31768,31643","97","I cannot find sufficient information in the provided documents to answer this question.",""
"184","318d7f99","Engagement risk monitoring, vendor liabilities, sustainable growth, and valuation for AZO.","AZO","data\10k\converted\AZO.pdf","filename_fallback","14120,13997,13979,13978,13992,13991,14094,14109,14041,14108,14006,14101,13973,13982,14000,14007","42","Based on the provided context, here is a summary addressing engagement risk monitoring, vendor liabilities, sustainable growth, and valuation for AutoZone (AZO):\n\n1. Engagement Risk Monitoring:\n- AutoZone has an enterprise risk management framework overseen by senior management and the Board of Directors, integrating various risks--including cybersecurity--into its overall risk profile. The Audit Committee is specifically responsible for overseeing risk management, and the Chief Information Security Officer regularly reports to the committee about cybersecurity and related risks (Chunk 9).\n- The company also identifies and discusses numerous business risks, such as labor issues, IT system failures, supply chain disruptions, and regulatory changes, in its Risk Factors section (Chunk 4).\n\n2. Vendor Liabilities:\n- Vendor agreements generally do not have an expiration date and are subject to ongoing negotiations, which could be impacted in the future (Chunk 1).\n- In fiscal 2024, one vendor accounted for 12% of total purchases, but AutoZone believes alternative sources of supply exist for most products at similar costs, reducing dependency risk (Chunk 6).\n\n3. Sustainable Growth:\n- AutoZone has achieved a compounded annual revenue growth rate of approximately 9% over the past five fiscal years, increasing revenues from $11.9 billion in 2019 to $18.5 billion in 2024 (Chunk 11).\n- The company's growth strategy relies on increasing same store sales, opening new stores, and developing commercial programs. Store count has grown at a compounded annual rate of about 3% in the same period.\n- Sustaining this growth depends on factors such as site selection, labor availability, and effective integration of new stores. The company acknowledges challenges in continuing this growth rate due to market and economic factors (Chunks 11, 16).\n\n4. Valuation:\n- For self-insurance reserves (covering workers' compensation, general liability, etc.), AutoZone had an estimated reserve of $257.7 million at August 31, 2024. The reserve is estimated using actuarial methods and historical trends, and the audit process involves evaluating assumptions and methodologies with actuarial specialists (Chunk 7).\n- Goodwill is tested at least annually for impairment. As of August 31, 2024, AutoZone had $302.6 million of goodwill allocated to its Domestic Auto Parts segment, and recent assessments concluded no impairment (Chunk 10).\n\nIn summary, AutoZone employs structured risk monitoring, manages vendor liabilities through diversified sourcing, has demonstrated sustainable growth with awareness of future risks, and uses established valuation practices for insurance reserves and goodwill.",""
"190","b4b123fa","Execs on SBAC board vs risk oversight of independent governance comp. SBAC.","SBAC","data\10k\converted\SBAC.pdf","filename_fallback","133629,133628,133724,133726,133705,133543,133704,133831,133630,133699,133712,133825,133811,133577,133803,133666","398","Based on the provided context, the SBA Communications Corporation (SBAC) Board of Directors has delegated specific risk oversight responsibilities, particularly related to cybersecurity and information technology risk management, to its Audit Committee. The Audit Committee oversees and reviews the company's cybersecurity and data privacy risk management program, controls, strategies, and procedures. The committee periodically evaluates cybersecurity strategies, sometimes involving third-party expert reviews. The Chief Information Officer (CIO) reports to the Audit Committee at every regularly scheduled meeting (or more frequently as needed) about cybersecurity risk exposure and management strategy. The Board as a whole may also review and assess cybersecurity risks as part of its general risk oversight duties.\n\nRegarding executive officers, the executive leadership team, including the CIO, manages the implementation of cybersecurity strategies and programs. This team meets regularly to review and manage cybersecurity issues.\n\nIn summary:\n\n- The Board (including executive directors) provides overall risk oversight.\n- The Audit Committee (independent governance) is specifically responsible for detailed oversight of cybersecurity and IT risk management.\n- The executive team (including the CIO) is responsible for the implementation and day-to-day management of risk strategies, reporting back to the Audit Committee.\n\nThere is a clear distinction between executive management's role in implementing risk management and the independent Audit Committee's role in oversight and governance of those risks.",""
"189","a9938d07","The impact of the AXP TRIS program on capital allocation and financial health is noteworthy.","AXP","data\10k\converted\AXP.pdf","filename_fallback","19955,20196,20085,20160,19968,20131,19940,20086,19959,19941,20000,20226,20100,20077,19929,20153","62","The provided documents detail the objectives, structure, and controls of the American Express (AXP) Technology Risk and Information Security (TRIS) program, emphasizing its role in protecting information and systems. However, there is no direct information linking the TRIS program to specific impacts on capital allocation or the overall financial health of the company.\n\nThe TRIS program is designed to ensure the security, confidentiality, integrity, and availability of information and systems, protect against threats, and comply with global regulatory requirements. It involves investments in advanced security technology, expert staffing, and ongoing enhancements to cybersecurity capabilities. These efforts help manage operational and cybersecurity risks, which, if not properly addressed, could result in financial loss, reputational damage, or regulatory penalties.\n\nWhile these risk management activities are important for the company's stability and regulatory compliance, the documents do not specify how the TRIS program directly influences capital allocation decisions or quantifiably affects financial health. The company's capital strategy focuses on retaining sufficient capital to maintain a strong balance sheet, support business growth, and meet regulatory requirements, all of which are supported by effective risk management programs like TRIS, but without explicit financial metrics or capital allocation details tied to TRIS.\n\nIn summary, while the TRIS program supports the protection and resilience of American Express's operations, the context does not provide clear, direct evidence of its specific impact on capital allocation or financial health.\n\nIf you need additional details or a more direct link, please provide further context or specify which aspects of capital allocation or financial health you are interested in.\n\nI cannot find sufficient information in the provided documents to answer this question.",""
"191","96608d35","Impact on growth & competitive positioning from SYK's lower acquisition cash flows.","SYK","data\10k\converted\SYK.pdf","filename_fallback","137794,137779,137817,137770,137771,137783,137873,137774,137804,137805,137721,137806,137848,137730,137769","410","Stryker's lower cash outflows for acquisitions in 2023 compared to prior years reflect a decrease in the amount spent on new acquisitions, with $390 million used in 2023 versus $2,563 million in 2022. This reduction was primarily due to fewer or smaller acquisitions, such as the 2023 acquisition of Cerus compared to the larger 2022 acquisition of Vocera (Chunks 1, 3, 5, 13).\n\nDespite the lower acquisition activity, Stryker continued to achieve strong growth, reporting 11.1% net sales growth in 2023, with high growth in both its MedSurg & Neurotechnology and Orthopaedics & Spine segments (Chunk 5, 8). The company's financial condition remains strong, supported by robust operating cash flows, allowing Stryker to continue funding its strategic priorities, including acquisitions, dividends, and potential share repurchases (Chunk 1, 5).\n\nWhile acquisitions are a key part of Stryker's long-term capital allocation strategy and contribute to expanding market presence and diversifying its product portfolio, the company's organic growth (excluding acquisitions) also remained strong in 2023 (Chunk 5, 8). Management continues to prioritize acquisitions but uses excess operating cash to fund them as opportunities arise (Chunk 1).\n\nOverall, the lower cash outflows for acquisitions in 2023 did not negatively impact Stryker's growth or competitive positioning, as the company maintained strong sales growth and a solid financial position. However, ongoing acquisitions are considered important for sustaining long-term competitive advantage and portfolio expansion, and a continued reduction in acquisition activity could potentially affect Stryker's ability to enhance its market position in the future if not offset by organic growth.",""
"193","ac2812b8","Repurchase timing magnitude vs. capital allocation liquidity for Vertex.","VRTX","data\10k\converted\VRTX.pdf","filename_fallback","159611,159539,159575,159456,159620,159491,159529,159489,159621,159526,159631,159488,159542,159538,159455,159556","476","Vertex Pharmaceuticals has actively managed its capital allocation with significant share repurchase programs while maintaining strong liquidity.\n\nRepurchase Timing & Magnitude:\n- In February 2023, the Board authorized a new share repurchase program allowing up to $3.0 billion in repurchases, with no expiration date and the ability to discontinue at any time.\n- During the last three months of 2023, Vertex repurchased 398,016 shares at an average price of $360.62 per share, totaling roughly $143.5 million, with $2.57 billion remaining authorized for future repurchases under the program.\n- In previous years, the company also conducted sizable buybacks, such as repurchasing $427.6 million of common stock in 2023 and $424.9 million in 2021.\n\nCapital Allocation & Liquidity:\n- As of December 31, 2023, Vertex had total cash, cash equivalents, and marketable securities of $13.7 billion, up from $10.9 billion at the end of 2022.\n- Working capital remained strong at $10.6 billion at the end of 2023.\n- The company's liquidity position was largely unaffected by share repurchases, which were offset by strong income from operations ($3.8 billion in 2023).\n- Vertex also maintains access to a $500 million revolving credit facility (expandable to $1 billion), which had not been drawn as of year-end 2023.\n\nSummary:\nVertex's share repurchases have been significant but well within the company's capacity, given its substantial cash reserves and ongoing strong cash flow from operations. The timing and magnitude of repurchases reflect a balanced approach, allowing for shareholder returns without compromising operational liquidity or flexibility for future capital needs.",""
"195","7d97976b","PSA recording of ancillary rev & fee breakdown with ticker in the middle.","PSA","data\10k\converted\PSA.pdf","filename_fallback","124699,124745,124801,124760,124800,124628,124677,124701,124695,124758,124621,124589,124772,124751,124702,124590","373","Public Storage (NYSE: PSA) records ancillary revenues primarily from three sources: tenant reinsurance premiums, merchandise sales, and third party property management fees. For the year ended December 31, 2023, the breakdown is as follows (amounts in thousands):\n\n- Tenant reinsurance premiums: $203,503\n- Merchandise: $27,511\n- Third party property management: $27,063\n\nTotal ancillary revenues for 2023 were $258,077,000.\n\nAncillary revenues are recognized when earned. Tenant reinsurance revenue increased due to growth in the tenant base from acquired, newly developed, and expanded facilities, as well as increased participation in tenant insurance at same store facilities. Merchandise revenue comes from sales at self-storage facilities, and third party property management fees are earned from managing properties owned by unrelated third parties.\n\nThe ticker symbol for Public Storage is PSA, and its common shares are traded on the New York Stock Exchange (NYSE: PSA) (see Chunks 1, 2, 12, and 14).",""
"197","4bd71aae","Share buyback suspension at UAL may negatively impact short-term EPS & shareholder value.","UAL","data\10k\converted\UAL.pdf","filename_fallback","150890,151064,150985,150870,150938,151076,151075,150984,151078,151073,151070,150730,150973,151081,151079,151077","451","Based on the provided context, UAL's Board of Directors terminated the company's share repurchase program in 2020, and there were no purchases of its common stock during the three months ended December 31, 2023. The company did not make any purchases of its common stock during this period, and there is no indication that a new buyback program has been initiated since then.\n\nThe suspension of share buybacks can negatively impact short-term earnings per share (EPS) and shareholder value because buybacks reduce the number of outstanding shares, which can increase EPS and often support the stock price. Without buybacks, the company loses this potential benefit, and EPS may not see the artificial boost that buybacks can provide. Therefore, UAL's suspension of share repurchases may have a negative effect on its short-term EPS and shareholder value.",""
"194","90e8944d","Legal exposures from OMC affect risk profile & capital allocation.","OMC","data\10k\converted\OMC.pdf","filename_fallback","114784,114779,114758,114918,114801,114802,114916,114785,114961,114781,114863,114900,114859,114759,114768,114783,114958","343","OMC is involved in various legal proceedings in the ordinary course of business; however, it does not expect these proceedings to have a material adverse effect on its business, results of operations, or financial position. As a result, the company's legal exposures are not currently viewed as significantly affecting its risk profile or necessitating substantial changes to its capital allocation decisions. \n\nAdditionally, OMC faces potential legal exposures related to cybersecurity incidents and the use of emerging technologies such as generative AI. While past cybersecurity incidents have not had a material impact, the company acknowledges the possibility of future incidents resulting in legal claims, regulatory investigations, fines, or penalties, which could adversely affect its business and financial condition. There is also a risk that such costs or losses may not be fully covered by existing insurance or that future coverage may not be available on reasonable terms.\n\nIn summary, while OMC monitors legal exposures and recognizes associated risks, it does not currently anticipate these to materially affect its risk profile or capital allocation, though emerging risks (such as cybersecurity and AI-related issues) could have a greater impact if they materialize.",""
"196","37b76f4a","Cybersecurity risk mgmt. impact on long-term valuation.","","","fallback_no_tickers","135230,128811,101673,48939,28905,123203,2471,2470,36445,150533,6900,61291,77133,59277,154132","385,450,227,10,108,460,174,303,144,370,403,180,23,88","Based on the provided context, several companies indicate that effective cybersecurity risk management is integrated into their overall enterprise risk management frameworks and is considered essential for protecting business operations, reputation, and financial condition. Many companies assess, monitor, and mitigate cybersecurity risks using recognized frameworks (such as the NIST Cybersecurity Framework) and involve senior leadership in oversight and strategy.\n\nNotably, multiple companies report that, to date, cybersecurity risks and past incidents have not materially affected their business strategy, results of operations, or financial condition over the long term (see context from STLD, ROST, DOC, CHTR, and others). However, they also acknowledge that the threat landscape is evolving, and future incidents could potentially have a material impact.\n\nIn summary, while robust cybersecurity risk management is designed to minimize the likelihood and impact of cyber incidents--thereby protecting long-term valuation--there is no guarantee that future risks will not affect a company's value. Maintaining strong cybersecurity practices is viewed as critical to preserving long-term business value by reducing the risk of significant operational, financial, and reputational harm.",""
"201","ef7f4dc1","Recent share repurchase volume and cost for IFRA.","IFRA","","fallback_no_files_on_disk","128832,78408,88955,29907,2476,73025,48006,86570,27667,149457,162019,37408,149397,12115,99895","256,385,483,38,263,231,10,298,141,111,84,214,91,446","I cannot find sufficient information in the provided documents to answer this question.",""
"198","73a13b04","Impact of regulatory factors on dividend liquidity for CINF subsidiary.","CINF","data\10k\converted\CINF.pdf","filename_fallback","35375,35124,35248,35247,35143,35332,35256,35328,35307,35101,35096,35323,35058,35025,35105,35231","105","Regulatory factors significantly impact dividend liquidity for Cincinnati Financial Corporation's (CINF) subsidiaries, particularly its lead insurance subsidiary, The Cincinnati Insurance Company. State insurance laws, specifically those of Ohio (the domiciliary state), restrict the amount of dividends insurance subsidiaries can pay to the parent company. Generally, the maximum dividend that can be paid without prior regulatory approval is the greater of 10% of statutory capital and surplus or 100% of statutory net income from the prior calendar year, up to the amount of statutory unassigned capital and surplus as of the end of the prior year. Any dividends exceeding these limitations require prior approval from the Ohio Department of Insurance.\n\nThese restrictions mean that parent-company liquidity, and thus its ability to pay shareholder dividends and meet other obligations, depends heavily on the dividends received from its subsidiaries. If regulatory limits prevent subsidiaries from paying sufficient dividends, the parent company might need to use other sources of liquidity, such as selling investments or drawing on its line of credit. Therefore, regulatory requirements are a key factor influencing the amount and timing of dividends that can be upstreamed from subsidiaries to the parent company, directly affecting the parent's dividend liquidity (Chunks 1, 2, 4, 7).",""
"202","17756967","Hershey's strong operating cash flows (HSY) enhance liquidity & support strategic investment funding.","HSY","data\10k\converted\HSY.pdf","filename_fallback","76866,76865,76913,76867,76870,76914,76878,76794,76847,76959,76915,76876,76803,76912,76998,76917","226","Hershey generates substantial amounts of cash from its operating activities, which serves as its principal source of liquidity. In 2023, the company generated $2.32 billion in cash from operating activities. This strong operating cash flow provides Hershey with sufficient liquidity to fund its capital reinvestment, strategic acquisitions, and the payment of dividends. The company remains in a strong financial position, with adequate liquidity to support both short-term and long-term funding needs, including capital expenditures and strategic initiatives (Chunks 1, 4, 5, 12).",""
"199","ab915391","The impact of NCLH's legal proceedings on cash flows and financial health is a key focus for investors.","NCLH","data\10k\converted\NCLH.pdf","filename_fallback","109401,109400,109399,109125,109402,109387,109487,109229,109243,109392,109403,109384,109241,109242,109126,109296","328","Based on the provided context, Norwegian Cruise Line Holdings Ltd. (NCLH) is involved in significant legal proceedings, most notably the Havana Docks Matter under the Helms-Burton Act. In this case, a final judgment of approximately $112.9 million was entered against NCLH, but the company has appealed the judgment and posted a sufficient supersedeas bond to prevent collection while the appeal is pending. As the likelihood of loss is considered ""reasonably possible but not probable,"" no liability has been recorded in the financial statements for this matter at this time [Chunk 7].\n\nThere is no indication in the provided context that legal proceedings have resulted in significant cash outflows to date, as material liabilities have not been recognized. However, if the outcome of ongoing or future legal proceedings were unfavorable, it could have a material adverse impact on NCLH's financial condition and cash flows. The company discloses legal proceedings that could result in monetary sanctions of $1 million or more and directs investors to its financial statements for further details on commitments and contingencies [Chunk 16].\n\nIn summary, while NCLH faces legal risks that could impact its financial health and cash flows in the future, as of the latest reporting period, no material cash outflows have resulted from these proceedings, and no significant legal liabilities have been recorded on the balance sheet. Investors should be aware that adverse outcomes in these legal matters could negatively affect the company's financial position.",""
"200","6a56ccd8","Exec role diversity at Sempra boosts investor confidence & drives growth/profitability; SRE.","SRE","data\10k\converted\SRE.pdf","filename_fallback","155831,155787,156045,155786,156046,155830,156047,156333,156234,156041,155711,155727,155984,155898,155710,155709","466","The provided documents emphasize that Sempra values diversity within its workforce and leadership as an important aspect of advancing its mission to be North America's premier energy infrastructure company. Sempra strives to create a high-performing, inclusive, and supportive workplace where employees of all backgrounds and experiences feel valued and respected. This focus includes recruiting, developing, and retaining high-potential employees who represent the communities they serve, supported by mentoring, leadership training, and employee resource groups (Chunks 2, 4).\n\nWhile the documents do not provide specific data or statements directly linking executive role diversity to boosted investor confidence or quantified impacts on growth and profitability, they do indicate that maintaining investor confidence and attracting capital at a competitive cost is partly dependent on demonstrating progress on action plans--of which workforce and leadership diversity is a component (Chunk 1). A strong, inclusive culture is presented as foundational to engagement, responsible actions, and ultimately, the company's ability to deliver safe, reliable, and increasingly clean energy, which are core to its business strategy and growth (Chunks 2, 4, 12).\n\nIn summary, Sempra's commitment to diversity in executive roles and throughout its workforce is positioned as integral to its mission, culture, and long-term business success, which can contribute to investor confidence and support the company's growth and profitability. However, the documents do not provide specific quantitative evidence or direct causal statements regarding executive role diversity and financial metrics.",""
"205","f1eb3b32","AOS's capex in ROW & Corp segments affects its future expansion.","AOS","data\10k\converted\AOS.pdf","filename_fallback","6925,7002,6924,6912,7001,6860,6916,6913,7000,6866,6915,6865,6914,6960,6941","23","A. O. Smith's capital expenditures (capex) in its Rest of World (ROW) and Corporate segments are relatively modest compared to its North America segment, but they do play a role in supporting future expansion and ongoing operations in these areas.\n\nFor 2023, the ROW segment had capital expenditures of $11.0 million, and the Corporate segment had $3.2 million in capex. These investments, though smaller in scale, are likely aimed at maintaining and upgrading facilities, supporting product development, and enabling growth in these markets. For example, the ROW segment includes regions like China, Europe, and India, where the company continues to expand its product offerings and sales, particularly in water heaters, water treatment, and kitchen products (Chunk 2, Chunk 6, Chunk 10).\n\nWhile the majority of A. O. Smith's capex is directed toward North America, ongoing investment in ROW and Corporate segments is important for maintaining the company's competitive position and infrastructure, which supports future expansion opportunities in international markets.",""
"208","9f644173","2023 PP&E & infra inv. trends for EOG Resources.","EOG","data\10k\converted\EOG.pdf","filename_fallback","53511,53648,53632,53631,53691,53771,53647,53768,53654,53619,53624,53644,53749,53766,53653","157","In 2023, EOG Resources increased its investments in property, plant, and equipment (PP&E) and infrastructure compared to previous years. The total additions to PP&E reached $77.6 billion (gross, before depreciation), up from $72.1 billion in 2022. Net of accumulated depreciation, depletion, and amortization, PP&E stood at $32.3 billion at year-end 2023, compared to $29.4 billion at the end of 2022 (Chunk 5).\n\nSpecifically, expenditures on ""Other Property, Plant and Equipment"" rose significantly to $800 million in 2023, up from $381 million in 2022. This category primarily includes gathering, transportation, and processing infrastructure assets, carbon capture and storage assets, and buildings. The increase in 2023 was partly due to a $134 million acquisition of a gathering and processing system in the Powder River Basin (Chunks 2, 13). EOG does not own drilling rigs or hydraulic fracturing equipment; all such activities are contracted out (Chunk 10).\n\nOverall, the trend in 2023 was a substantial increase in capital investment for both oil and gas properties and supporting infrastructure, reflecting EOG's continued focus on enhancing operational efficiency and supporting production growth.",""
"207","66c75d0f","Impact of cybersecurity cap allocation and investor returns on PPG.","PPG","data\10k\converted\PPG.pdf","filename_fallback","121276,121432,121273,121433,121274,121275,121344,121261,121408,121237,121236,121247,121431,121439,121277,121255","365","Based on the provided information:\n\nCybersecurity Cap Allocation:\nPPG has significantly increased its investments in cybersecurity over the last five years and implemented safeguards designed to detect and prevent cybersecurity incidents. The company maintains insurance to cover certain costs related to cyber incidents, but acknowledges that some expenses and losses may not be covered or may exceed coverage. Oversight of cybersecurity risks is managed by the Board of Directors, with the Audit Committee receiving bi-annual reports and briefings from the CIO and CISO. The cybersecurity program is based on the NIST framework and includes employee training, access controls, encryption, monitoring, vulnerability management, and incident response plans. Despite these investments, sophisticated cyber threats remain a risk that could potentially impact operations, reputation, and financial results if an incident were to occur. To date, cybersecurity risks have not materially affected PPG.\n\nInvestor Returns:\nPPG delivers long-term incentive value to key management through performance-based and contingent share grants, including RSUs and TSR awards. The payout for these awards is tied to financial performance metrics such as earnings per share growth, cash flow return on capital, and relative total shareholder return versus the S&P 500. The performance-based RSUs granted in 2021 vested at 133%, while TSR awards for the 2021-2023 period paid out at 55.2% of target, reflecting PPG's 32nd percentile ranking versus the S&P 500. The company continues to recognize compensation costs for unvested awards, which impact reported earnings.\n\nSummary:\nPPG's allocation of capital towards cybersecurity is intended to protect its business and mitigate risks that could negatively affect financial performance and investor returns. While cybersecurity spending does not directly increase investor returns, it helps safeguard the company's assets, operations, and reputation, thereby supporting long-term value for shareholders. Investor returns are primarily driven by the company's financial and market performance, with incentive compensation for executives aligned to these outcomes.",""
"206","848b7c90","CSX's long-term growth strategy focuses on operating model improvements & capital allocation.","CSX","data\10k\converted\CSX.pdf","filename_fallback","37048,37056,37055,37114,36995,37052,37047,37101,37058,37057,37100,37133,37031,37089,36994,37163","110","CSX's long-term growth strategy centers on improving its operating model and effective capital allocation. The company emphasizes developing and strictly maintaining a scheduled service plan, which aims to improve customer service, optimize assets, and increase employee engagement. This approach is designed to help CSX compete for a larger share of the U.S. freight market while reducing costs and generating strong free cash flow.\n\nIn terms of capital allocation, CSX is committed to maintaining and enhancing its infrastructure to support long-term, profitable growth. The company invests significantly in property additions, track replacement, network and terminal capacity, and technological innovations that enhance safety and operational performance. CSX reviews its capital structure, investments, and cash distributions (such as dividends and share repurchases) regularly to ensure value creation for shareholders.\n\nOverall, the strategy relies on continuous improvements in service, operational efficiency, and disciplined investment in infrastructure and growth opportunities, positioning CSX for sustained, profitable expansion.",""
"204","2c234abc","Impact on cap structure & EPS from equity comp plan shares of Bunge Global SA.","BG","data\10k\converted\BG.pdf","filename_fallback","19011,18888,19009,18775,19015,19028,19012,18776,19004,19013,18820,19014,19016,18797,19010","58","Based on the provided information, here is the impact on capital structure and earnings per share (EPS) from equity compensation plan shares of Bunge Global SA:\n\nImpact on Capital Structure:\n- As of December 31, 2023, Bunge had equity compensation plans (2016 Equity Incentive Plan, 2009 Equity Incentive Plan, and 2017 Non-Employee Directors Equity Incentive Plan) under which it could issue registered shares as part of equity awards.\n- At that date, 3,514,972 shares were subject to outstanding options, warrants, and rights, and 2,842,938 shares remained available for future issuance under these plans (Chunk 4, 8, 13).\n- The outstanding options (1,706,129 shares), time-based restricted stock units (1,166,604 shares), and performance-based restricted stock units (674,404 shares) are all included as potential dilutive securities in the company's capital structure (Chunk 5, 13).\n- Shares issued for equity compensation can come from authorized but unissued shares, treasury shares, or repurchased shares, thereby increasing the total number of shares outstanding when awards vest and are settled (Chunk 1, 2).\n\nImpact on EPS:\n- The dilutive effect of stock options and restricted stock units is reflected in the calculation of diluted EPS. For 2023, the effect of dilutive shares from stock options and awards increased the weighted-average shares outstanding by 1,983,530 shares for the diluted EPS calculation (Chunk 3, 15).\n- For the year ended December 31, 2023:\n  - Basic EPS: $15.07 (148,804,387 shares)\n  - Diluted EPS: $14.87 (150,787,917 shares)\n- The difference between basic and diluted EPS is due to the inclusion of equity compensation awards as dilutive securities (Chunk 3, 6, 15).\n- Less than 1 million contingently issuable restricted stock units were excluded from the diluted EPS calculation as they were not dilutive (Chunk 3, 15).\n\nSummary:\nEquity compensation plan shares increase the number of shares outstanding in Bunge's capital structure, primarily through the settlement of options and restricted stock units. This increase in share count has a dilutive effect on EPS, as seen in the difference between basic and diluted EPS figures, with the dilutive impact quantified each year based on outstanding equity awards.",""
"209","19ad81b6","Competitive edge in talent strategy & workforce dist. for GPN.","GPN","data\10k\converted\GPN.pdf","filename_fallback","72716,72722,72715,72726,72719,72758,72718,72723,72703,72704,72765,72756,72721,72711,72725,72714","214","Global Payments Inc. (GPN) has several competitive edges in its talent strategy and workforce distribution:\n\n1. Global Workforce Distribution: GPN operates in 35 countries with approximately 27,000 team members as of December 31, 2023. The workforce is distributed with about 59% in the Americas, 19% in Europe, and 22% in Asia Pacific, providing a diverse and global perspective (Chunk 2).\n\n2. Emphasis on Diversity, Equity, and Inclusion (DEI): The company places significant importance on attracting and retaining a diverse workforce that reflects the communities in which it operates. Oversight on DEI and succession planning for critical talent is provided by the board of directors and the Compensation Committee (Chunks 2, 8).\n\n3. Talent Management & Retention: GPN has implemented programs focused on enriching new hire experiences, offering extensive training and professional development, mentorship and leadership programs, flexible work arrangements, and competitive pay and benefits packages (Chunk 8).\n\n4. Employee Growth and Development: The company provides a variety of training and development opportunities globally, including an online training platform and a performance management program that focuses on growth, performance, and well-being through regular leader meetings (Chunk 4).\n\n5. Health and Well-being: GPN is committed to the health, safety, and wellness of its team members worldwide, supporting retention and engagement (Chunk 8).\n\n6. Investment in Modern Technology: The company has modernized its operating environments with cloud-based systems and collaboration tools, which support day-to-day engagement and execution (Chunk 8).\n\nOverall, GPN's strategic focus on global workforce distribution, DEI, comprehensive talent management, employee development, and investment in modern technology provides a strong competitive edge in attracting, developing, and retaining top talent.",""
"210","eb1b6c28","YoY trends for effective tax rate of LDOS.","LDOS","data\10k\converted\LDOS.pdf","filename_fallback","91535,91424,91538,91422,91455,91531,91458,91477,91423,91536,91499,91413,91528,91539,91555","271","For Leidos Holdings, Inc. (LDOS), the effective income tax rate for the past three years was as follows:\n\n- 2023: 48.4%\n- 2022: 21.8%\n- 2021: 21.5%\n\nThe significant increase in the effective tax rate in 2023 was primarily due to non-tax deductible goodwill impairments. In contrast, the effective tax rates for 2022 and 2021 were favorably impacted by federal research tax credits and excess tax benefits related to employee stock-based payment transactions.",""
"211","56ead4af","BIIB facility alt use impact on future capex.","BIIB","data\10k\converted\BIIB.pdf","filename_fallback","22514,22428,22506,22427,22370,22402,22654,22456,22293,22653,22309,22476,22513,22371,22475,22375","68","Biogen began construction of a new gene therapy manufacturing facility in RTP, North Carolina, with an estimated total investment of approximately $195 million. However, as the company continues to advance its research and development prioritization efforts--including refocusing investment in gene therapy--it is evaluating several alternative uses for this facility. This evaluation of alternative uses could impact Biogen's future capital expenditures, as the ultimate use of the facility may shift resources, delay, or change the type and amount of capital investment required moving forward. The documents do not specify the exact financial impact, but the ongoing assessment of the facility's use suggests that future capex could be adjusted depending on the company's strategic decisions regarding this asset.",""
"203","d414f672","AIZ runoff exposure cash flow risk from reinsurer default & client non-payment.","AIZ","data\10k\converted\AIZ.pdf","filename_fallback","6589,6596,6771,6685,6528,6684,6720,6525,6795,6411,6517,6682,6619,6412,6617","22","Assurant, Inc. (AIZ) has runoff exposure to certain legacy claims (such as asbestos and environmental liabilities) from discontinued reinsurance contracts. The company does not expect material changes in reserve estimates for these claims based on current information (Chunk 3).\n\nRegarding cash flow risk from reinsurer default:\n\n- The company is exposed to credit risk if reinsurers fail to pay amounts due. Reinsurance recoverables represent amounts owed by reinsurers for both paid and unpaid claims. While reinsurance arrangements reduce risk, they do not eliminate AIZ's obligation to pay claims; if a reinsurer defaults, AIZ remains responsible for the underlying liabilities (Chunks 1, 8, 9).\n- AIZ manages this risk by:\n  - Evaluating the financial condition and credit ratings of reinsurers.\n  - Holding collateral (funds withheld, trusts, letters of credit) where possible, which reduces net exposure before applying default factors (Chunks 1, 4, 6).\n  - Using an expected credit loss model based on probability of default and loss given default, informed by the credit ratings of reinsurers and historical default data (Chunks 1, 4, 7).\n  - Regularly reviewing outstanding amounts, collection periods, and changes in reinsurer credit standing (Chunks 1, 4).\n- As of December 31, 2023, a significant portion of reinsurance recoverables were rated A- or better, and the allowance for credit losses was relatively small, reflecting the generally strong credit quality of counterparties and the presence of collateral (Chunk 7).\n\nRegarding cash flow risk from client non-payment:\n\n- AIZ is also subject to credit risk from agents, third-party administrators, and clients, including client-owned reinsurance companies (Chunks 5, 9).\n- Potential cash flow risks include losses from unpaid accounts receivable, write-downs of deferred acquisition costs, and impairment of collateral. Clients and agents may collect premiums or pay claims on AIZ's behalf; failure to remit premiums or reimburse AIZ for claims could adversely affect cash flows (Chunk 5).\n- For premiums receivable, the risk is often mitigated by the ability to terminate policies and offset unpaid balances against unearned premiums, as well as by amounts payable on commissions and profit-sharing when the counterparty is also a sponsor/agent (Chunk 7).\n\nIn summary, AIZ's runoff cash flow risk from reinsurer default is actively managed through credit risk assessment, collateralization, and allowance for credit losses, but ultimate liability remains with AIZ if reinsurers default. Similarly, AIZ faces cash flow risk from client non-payment, which it mitigates through policy and contractual controls, but these risks can still adversely impact financial results if counterparties fail to meet obligations.",""
"213","7ef2383e","Jabil FY2024 net cash financing comps: buybacks, debt, treasury tax, dividends; ticker at the end.","JBL","data\10k\converted\JBL.pdf","filename_fallback","85177,85176,85147,85146,85111,85175,85230,85117,85118,85174,85110,85198,85134,85164","252","For Jabil's fiscal year ended August 31, 2024, the key net cash financing components were:\n\n- Share Buybacks: $2,500 million used for share repurchases.\n- Debt: $1,992 million in borrowings under debt agreements and $2,103 million in payments toward debt agreements.\n- Treasury Stock Minimum Tax Withholding (related to vesting of restricted stock): $68 million.\n- Dividends Paid: $42 million.\n\nJabil's ticker at the end of the period is JBL.",""
"214","33bd358a","Contingent vs salaried labor flex ratio for Aptiv PLC.","APTV","data\10k\converted\APTV.pdf","filename_fallback","11165,11066,11065,11140,11067,11128,11064,11141,11389,11246,11094,11358,11307,11268,11269,11156","35","As of December 31, 2023, approximately 27% of Aptiv PLC's hourly workforce was composed of contingent workers, while the remaining 73% were not contingent. Additionally, about 97% of the hourly workforce is located in best cost countries. There is no specific ratio provided for contingent versus salaried labor, but the 27% contingent figure applies to the hourly workforce, not to salaried employees.",""
"212","80a834eb","WMT EDLP EDLC margin impact from omni-channel competition.","WMT","data\10k\converted\WMT.pdf","filename_fallback","158027,158036,158028,158061,158019,158080,158020,158152,158151,158026,158096,158150,158060,158153,158023","472","Walmart's EDLP (Everyday Low Price) and EDLC (Everyday Low Cost) strategies are central to its competitive approach, especially in the context of intense omni-channel competition. EDLP involves consistently low prices to build customer trust and avoid frequent promotional pricing, while EDLC focuses on controlling expenses so that cost savings can be passed to customers (Chunks 1, 5, 7, 10).\n\nThe rise of omni-channel retailing--where customers expect seamless experiences across physical stores and digital platforms--has intensified competition from both established and new, well-funded retailers, as well as eCommerce and social commerce platforms (Chunks 1, 2, 4, 12, 13). These competitors may have advantages such as greater brand recognition, more favorable supplier terms, or superior innovation capacity.\n\nTo maintain its margin in this environment, Walmart employs several strategies:\n- Controlling expenses through EDLC to support EDLP pricing.\n- Offering omni-channel services like pickup, delivery, and Walmart+ membership to increase convenience and customer loyalty (Chunks 1, 3, 15).\n- Investing in supply chain automation and efficient distribution to support cost-effective omni-channel fulfillment (Chunks 3, 6).\n- Adjusting pricing and merchandising strategies in response to cost pressures, such as absorbing some cost increases, focusing on private label brands, and working with suppliers to reduce costs (Chunk 8).\n\nHowever, omni-channel competition can put pressure on margins due to the need for investments in technology, logistics, and customer experience, as well as the potential for more frequent price competition. Walmart's commitment to EDLP and EDLC helps mitigate this by focusing on operational efficiency and scale to maintain price leadership while protecting margins as much as possible (Chunks 8, 9, 14).\n\nIn summary, Walmart's EDLP and EDLC strategies are designed to maintain competitive pricing and operational efficiency, but omni-channel competition requires ongoing investments and adaptations, which can put pressure on margins. Walmart addresses this with disciplined cost control, supply chain improvements, and expanded services to strengthen its market position.",""
"215","fa4fb739","$TSLA internal promo practices & mgt retention posits competitive growth.","TSLA","data\10k\converted\TSLA.pdf","filename_fallback","146227,146226,146263,146233,146262,146248,146231,146225,146230,146232,146313,146246,146228,146301,146206","438","Tesla's internal promotion practices and management retention contribute positively to its competitive growth. Over two-thirds (68%) of Tesla's managers have been promoted from internal, non-managerial positions, and 45% of the management team has been with the company for over five years. In 2024 alone, over 13,000 employees, 80% of whom are frontline workers, advanced their careers within Tesla. These practices foster a connected and engaged workforce, support employee development, and help retain talent, all of which are seen as competitive advantages that support Tesla's growth and ability to achieve its goals.",""
"217","616a32d2","Impact of compliance costs & fines on AES Corp (AES).","AES","data\10k\converted\AES.pdf","filename_fallback","16597,16507,16272,16351,16350,16407,16406,16396,16271,16369,16344,16277,16415,16508,16314,16306","52","AES Corporation incurs capital costs and other expenditures to comply with complex and increasingly stringent environmental laws and regulations affecting electric power generation and distribution. These compliance costs can be significant and may include investments in advanced generation technologies and environmental control devices. Failure to comply with such laws and regulations, or to obtain necessary permits, can result in fines, penalties, increased capital expenditures, interruptions, or changes to operations (Chunks 3, 4, 5, 9).\n\nThere is no assurance that AES will always be able to recover these compliance costs from customers or counterparties, which means these costs could materially affect the company's consolidated results of operations, financial condition, and cash flows (Chunks 3, 9). The company's regulatory assets reflect some past expenditures on which it earns a rate of return, but the ability to recover future compliance costs is not guaranteed (Chunk 1).\n\nAdditionally, violations of federal regulations--such as those enforced by FERC and NERC--can lead to substantial penalties, which have become more severe due to enhanced enforcement authority (Chunk 5). Impairment of long-lived assets, possibly due to increased compliance costs that cannot be passed through, would negatively impact AES's results of operations and net worth (Chunk 11).\n\nIn summary, AES faces material financial risks from compliance costs and potential fines, especially if such costs are not recoverable through rates or are accompanied by regulatory or operational disruptions.",""
"216","9912e204","Impact of exec tenure on DIS strategy consistency & profitability.","DIS","data\10k\converted\DIS.pdf","filename_fallback","45430,45502,45501,45358,45362,45508,45360,45432,45498,45428,45382,45497,45505,45496,45504,45433,45328","135","Based on the provided context, The Walt Disney Company's executive team includes several long-tenured leaders, notably Robert A. Iger, who has served as CEO from September 2005 to February 2020, as Executive Chairman from February 2020 through December 2021, and returned as CEO in November 2022. Other key executives, such as Hugh F. Johnston (CFO since December 2023) and Horacio E. Gutierrez (Chief Legal and Compliance Officer since 2022), have also brought significant external leadership experience to Disney.\n\nThe continuity of leadership, especially with Iger's return, suggests a strong influence on Disney's strategic consistency. Iger's extensive tenure has allowed the company to maintain stability in its strategic direction, which can be seen in its ongoing focus on streaming services, content creation, and global expansion.\n\nProfitability has improved recently: in fiscal 2024, revenues increased by 3% to $91.4 billion, and net income attributable to Disney more than doubled from $2.4 billion in 2023 to $5.0 billion in 2024. The increase in diluted earnings per share (from $1.29 to $2.72) was attributed to higher operating income, especially in the Entertainment segment. This financial performance aligns with the benefits of stable, experienced leadership that can implement and sustain effective strategies over time.\n\nIn summary, executive tenure at Disney, particularly the leadership of Robert A. Iger, has contributed to strategic consistency and has coincided with improved profitability, indicating a positive impact on the company's overall performance.",""
"221","2db079d1","Governance via WRB board signatories enhances long-term shareholder value.","WRB","data\10k\converted\WRB.pdf","filename_fallback","160497,160282,160285,160333,160496,160331,160266,160216,160492,160283,160267,160493,160495,160305,160334,160328","479","The governance practices of W. R. Berkley Corporation, as reflected by its board signatories, are designed to enhance long-term shareholder value. Directors and senior executives are significant owners of the company and are required to hold their shares until they separate from service, giving them a vested interest in cultivating talent and perpetuating a culture that supports the execution of long-term objectives. The board diligently exercises risk management oversight, including regular interactions with employees beyond senior management, which provides timely feedback on issues that may affect the business and helps maintain the company's culture and values. This alignment of board and executive interests with shareholder value, alongside a governance structure that facilitates prompt identification and resolution of business or cultural issues, supports the company's focus on sustained long-term growth and value creation for shareholders (see Chunk 3).",""
"220","70d73918","Trends in net earnings for Lennar from 2021 to 2023 & margin outlook, LEN.","LEN","data\10k\converted\LEN.pdf","filename_fallback","90482,90560,90557,90483,90476,90633,90612,90683,90643,90644,90368,90680,90679,90640,90677","268","From 2021 to 2023, Lennar's net earnings attributable to the company showed the following trend:\n\n- 2021 (fiscal year ended November 30, 2022): $4.61 billion\n- 2022 (fiscal year ended November 30, 2023): $3.94 billion\n- 2023 (fiscal year ended November 30, 2024): $3.93 billion\n\nThis represents a decrease in net earnings from 2021 to 2022, followed by relatively flat results from 2022 to 2023.\n\nIn terms of margins, Lennar's gross margins on home sales were:\n- 22.3% in fiscal 2024 (year ended November 30, 2024)\n- 23.3% in fiscal 2023 (year ended November 30, 2023)\n\nLooking ahead, Lennar anticipates gross margins of 19% to 19.25% for the first quarter of fiscal 2025, indicating an expected decline in gross margin compared to previous years.\n\nSummary:\n- Net earnings declined from 2021 to 2022 and remained flat in 2023.\n- Gross margins have decreased year over year and are expected to further decline in early 2025.",""
"219","dbc2f26b","HD notes maturity trends & refinancing risk are noted.","HD","data\10k\converted\HD.pdf","filename_fallback","72097,72098,72134,72096,72050,72136,71973,72100,72099,72059,72049,72029,72038,72133,72036,72039","211","Home Depot's senior notes show a maturity schedule that is spread over several decades, which helps manage refinancing risk. As of January 28, 2024, the company had $42.2 billion in aggregate principal amount of senior notes outstanding, with $1.1 billion payable within 12 months. The maturities of long-term debt, excluding finance leases, are as follows (in millions):\n\n- Fiscal 2024: $1,100\n- Fiscal 2025: $2,750\n- Fiscal 2026: $3,050\n- Fiscal 2027: $2,500\n- Fiscal 2028: $2,500\n- Thereafter: $30,250\n\nThis maturity profile indicates that the majority of the debt is due in the long term, which helps reduce near-term refinancing pressure.\n\nAdditionally, the indentures governing the senior notes do not generally limit Home Depot's ability to incur additional indebtedness or require maintenance of specific financial ratios or levels of net worth or liquidity. The company also has a history of issuing new senior notes to refinance maturing debt, as seen with its November 2023 issuance of $2 billion in senior notes, the proceeds of which were used in part to repay existing notes and for general corporate purposes.\n\nOverall, Home Depot's long-term, staggered debt maturities and access to debt capital markets help mitigate refinancing risk. None of the indenture covenants are expected to impact liquidity or capital resources.",""
"222","b95501b3","MFA policies, FRT cybersecurity risk mitigation, and internal controls training.","FRT","data\10k\converted\FRT.pdf","filename_fallback","60957,61038,60959,61034,61027,60884,60934,61033,61030,60885,61026,61025,61005,61006,60917,60876","179","Federal Realty Investment Trust (FRT) has implemented several cybersecurity risk mitigation strategies, including Multi-Factor Authentication (MFA) policies and internal controls training:\n\n**MFA Policies and Cybersecurity Risk Mitigation:**\n- FRT enforces company-wide policies that require password encryption, strength, and expiration.\n- Multi-factor authentication (MFA) is required where appropriate, enhancing login security.\n- The company also uses firewalls, anti-virus software, frequent backups, redundancies, regular penetration testing, and monitoring systems that flag irregularities in information system access or use.\n- Employee training on cybersecurity policies and threats is conducted regularly to ensure awareness and compliance.\n- FRT's cybersecurity risk management is overseen by their chief information officer (with over 30 years of experience), supported by a third-party acting as chief information security officer, and is part of the overall risk management program overseen by the Audit Committee of the Board of Trustees (Chunks 1, 3, 7).\n\n**Internal Controls Training:**\n- Management provides regular written and verbal updates to the Audit Committee at least quarterly, including results of employee training related to cybersecurity.\n- Employees have access to a variety of training courses, including business and soft skills, with additional reimbursement for tuition and professional licensures (Chunks 1, 3, 6, 10).\n- Internal controls are designed to ensure reasonable assurance regarding the reliability of financial reporting and prevention or timely detection of unauthorized activities, with training and procedures in place to support these controls (Chunks 4, 5, 8, 13, 14).\n\nIn summary, FRT's approach to cybersecurity and internal controls includes MFA policies, comprehensive employee training, robust risk mitigation practices, and ongoing oversight and evaluation to adapt to evolving threats.",""
"218","a7379ea7","Operating margin for Globe Life in 2023 compared to 2022 and 2021, GL.","GL","data\10k\converted\GL.pdf","filename_fallback","72433,72432,72472,72435,72515,72436,72447,72438,72430,72450,72434,72439,72451,72453,72380","213","For Globe Life, the primary measure of operating margin is the underwriting margin by segment, particularly for life and health insurance, as detailed in the provided context.\n\n- Life insurance underwriting margin (dollar amounts in thousands):\n  - 2023: $1,192,972 (38% of life premium)\n  - 2022: $1,129,525 (37% of life premium)\n  - 2021: $1,161,638 (40% of life premium)\n\n- Health insurance underwriting margin (dollar amounts in thousands):\n  - 2023: $377,937 (29% of health premium)\n  - 2022: $377,137 (29% of health premium)\n  - 2021: $352,478 (29% of health premium)\n\nOverall, the life insurance underwriting margin increased both in dollar amount and as a percentage of premium from 2022 to 2023 (from 37% to 38%), but was slightly below 2021's 40%. The health insurance underwriting margin remained steady at 29% of premium across all three years, with a slight increase in the dollar amount each year.\n\nIn summary, Globe Life's operating margin for its main business lines in 2023 improved compared to 2022, particularly in life insurance, but was lower than the peak margin reported in 2021. Health insurance operating margin remained stable over the three years.",""
"223","2da12e10","Ameren's (AEE) remediation expense control measures.","AEE","data\10k\converted\AEE.pdf","filename_fallback","6102,6111,6101,5831,6110,5740,5751,5741,6109,5706,5708,5691,5692,5969,6151","20","Ameren employs several expense control measures related to remediation activities:\n\n1. Regulatory Cost Recovery: Ameren Illinois is allowed by the Illinois Commerce Commission (ICC) to recover remediation and related litigation costs for former manufactured gas plant (MGP) sites from its electric and natural gas utility customers through environmental cost riders. These riders are subject to annual prudence reviews by the ICC, helping ensure that only reasonable and necessary costs are passed on to customers (Chunks 2, 5).\n\n2. Liability Estimation and Recording: Ameren and Ameren Illinois record liabilities for remediation when it is probable that a liability has been incurred and the amount can be reasonably estimated. They record the minimum obligation as a liability when a range of estimated costs exists and no better estimate is available (Chunks 2, 5, 14).\n\n3. Ongoing Assessment and Uncertainty Management: Ameren continuously evaluates site conditions and regulatory requirements to manage uncertainties that may affect remediation scope and costs, such as unanticipated underground structures, groundwater issues, regulatory changes, and local ordinances (Chunk 2).\n\n4. Cost Deferral as Regulatory Asset: Costs that are expected to be recovered from customers are deferred as regulatory assets, smoothing the financial impact over time rather than recognizing large expenses immediately (Chunk 14).\n\n5. Expense Reduction: Ameren Illinois reported a decrease in other operations and maintenance expenses in 2023, in part due to a decline in required environmental remediation work, indicating efforts to manage and reduce remediation-related expenditures where possible (Chunk 4).\n\nThese measures collectively help Ameren control and recover remediation expenses while complying with environmental regulations.",""
"227","f6300dd1","Competitive pricing of TMUS vs AT&T, Verizon, and DISH remains critical for market positioning, TMUS.","TMUS,T,VZ,DISH","data\10k\converted\T.pdf,data\10k\converted\TMUS.pdf,data\10k\converted\VZ.pdf","filename_fallback","147535,147619,147534,147528,147897,147522,147896,147878,147549,147901,147550,158631,147783,147903,147530,147629","474,443","Competitive pricing is indeed a critical factor for T-Mobile US (TMUS) in maintaining and improving its market position against major competitors such as AT&T, Verizon, and DISH. The wireless communications services industry is highly competitive, with companies vying for customers through a variety of strategies, including discounted pricing and bundled services. TMUS specifically notes that competitors have shown a willingness to use discounted pricing or offer bundled services to differentiate themselves.\n\nKey competitive factors in the wireless and broadband industries include pricing, market saturation, service and product offerings, customer experience, network investment and quality, and technological development. As the industry reaches saturation, competition is expected to intensify across all market segments, putting further pressure on pricing and margins for TMUS and its rivals. T-Mobile's ability to attract and retain customers depends heavily on offering competitive pricing and compelling value propositions, in addition to maintaining network quality and effective marketing strategies.\n\nIn summary, competitive pricing remains a central element of TMUS's strategy to differentiate itself and compete effectively against AT&T, Verizon, and DISH, as well as other regional and technology-based providers.",""
"225","b8f2e37f","Turnover rates & demographics of WMB employees affect competitive positioning & operational efficiency, WMB.","WMB","data\10k\converted\WMB.pdf","filename_fallback","159940,159946,160046,160068,159944,160017,159937,159999,159998,159963,159939,159942,159945,159943,159898,159936","478","Williams (WMB) had 5,601 full-time employees as of February 1, 2024, with approximately 21% women and 16% ethnically diverse employees. In 2023, their voluntary turnover rate was 7.2%. WMB emphasizes maintaining a highly skilled and diverse workforce as key to long-term value creation and competitive positioning.\n\nTheir commitment to diversity and inclusion is seen as a driver of innovation, collaboration, and business growth, which provides a competitive advantage. WMB supports employee engagement and development through programs like Employee Resource Groups (ERGs), mentoring, professional development, and succession planning. They also report diversity metrics monthly to management for transparency and improvement opportunities.\n\nBy investing in employee growth and maintaining low turnover, WMB aims to enhance operational efficiency, attract and retain top talent, and build a high-performing workforce. These efforts contribute to their reputation for reliability and safety, supporting their competitive positioning in the highly competitive natural gas industry.",""
"226","cde54e71","Reserves methodologies for legal proceedings related to contingent liabilities at Live Nation.","LYV","data\10k\converted\LYV.pdf","filename_fallback","95454,95389,95455,95404,95426,95494,95403,95319,95244,95398,95504,95318,95503,95406,95502,95498","284","Based on the provided context, Live Nation's approach to reserves for legal proceedings related to contingent liabilities involves the following methodologies:\n\n- Contingent obligations related to acquisitions are recorded at fair value at the time of acquisition and are subsequently remeasured at each reporting period until settled. Changes in the fair value of contingent consideration are recorded in the statements of operations as selling, general, and administrative expenses (Chunk 1, Chunk 3).\n- The contingent consideration is generally subject to payout following the achievement of future performance targets. The liabilities for these payments are reflected as either current or long-term liabilities, depending on the expected timing of payment.\n- For deferred purchase consideration and contingent payments due more than twelve months from the acquisition date, a discount rate is applied to calculate present value (Chunk 1).\n- The company establishes a liability for fixed payments at the time of acquisition and updates it as needed based on fair value assessments.\n- Legal expenses related to governmental investigations and litigation are incurred as necessary, and Live Nation acknowledges that unfavorable outcomes may require the payment of monetary damages, fines, penalties, or other sanctions, which could have a material adverse effect on business and financial results (Chunks 8, 12).\n\nIn summary, Live Nation uses fair value measurement, periodic revaluation, and present value discounting to determine reserves for contingent liabilities, including those arising from legal proceedings. Changes in these reserves are reflected in operating expenses.",""
"224","78168ac6","Impact on consolidated GP & margins 2022-2024 by WD Flash vs HDD.","WDC","data\10k\converted\WDC.pdf","filename_fallback","158430,158509,158432,158433,158481,158431,158480,158546,158429,158511,158424,158512,158448,158423","473","From 2022 to 2024, Western Digital's consolidated gross profit and gross margins experienced significant fluctuations, largely influenced by the performance of its Flash and HDD segments:\n\n2022:\n- Consolidated gross profit: $5,874 million\n- Consolidated gross margin: 31.3%\n- Flash gross profit: $3,527 million; gross margin: 36.2%\n- HDD gross profit: $2,661 million; gross margin: 29.4%\n\n2023:\n- Consolidated gross profit: $1,887 million\n- Consolidated gross margin: 15.3%\n- Flash gross profit: $433 million; gross margin: 7.1%\n- HDD gross profit: $1,505 million; gross margin: 24.1%\n\n2024:\n- Consolidated gross profit: $2,945 million\n- Consolidated gross margin: 22.6%\n- Flash gross profit: $1,079 million; gross margin: 16.1%\n- HDD gross profit: $1,881 million; gross margin: 29.8%\n\nKey impacts and drivers:\n- Flash segment: The Flash business saw a sharp decline in both gross profit and gross margin from 2022 to 2023, due to falling average selling prices (ASPs), supply-demand imbalances, and higher manufacturing overhead costs. In 2024, Flash margins rebounded, aided by improved pricing, cost reduction initiatives, and a favorable product mix.\n- HDD segment: HDD gross profit and margin also declined from 2022 to 2023 but to a lesser extent than Flash. In 2024, HDD margins improved, benefiting from increased exabytes sold (especially high-capacity enterprise drives), better pricing, and cost efficiencies.\n\nOverall, the drop in consolidated gross profit and margin from 2022 to 2023 was driven mainly by the steep decline in Flash performance. The recovery in 2024 was due to improvements in both segments, with Flash showing a more pronounced recovery in margins and profit, alongside steady gains in HDD. The improved supply-demand balance and operational efficiencies were key contributors to the 2024 upturn.",""
"230","78855844","FY23 svc rev proj of 10% growth for IRM.","IRM","data\10k\converted\IRM.pdf","filename_fallback","83614,83781,83622,83665,83621,83582,83783,83613,83501,83702,83579,83508,83523,83499,83500","248","Based on the provided context, Iron Mountain's (IRM) actual service revenue growth for FY23 was 1.9% as reported, with organic service revenue growth at 1.6% (Chunk 1). The Global RIM Business segment showed an 8.2% increase in service revenue (8.6% constant currency, 9.1% organic), while the Global Data Center Business saw a -27.5% decline in service revenue, and Corporate and Other experienced a -25.8% decline (Chunk 5, Chunk 3).\n\nThere is no projection or actual achievement of 10% total service revenue growth for FY23 in the provided documents. The closest figure is the organic service revenue growth of 9.1% in the Global RIM Business segment, but overall consolidated service revenue growth was below 10%.\n\nTherefore, IRM did not achieve or project a 10% service revenue growth for FY23 based on the provided context.",""
"228","7dc64b77","Litigation reserve variance for VTRS impacts valuation and investor sentiment.","VTRS","data\10k\converted\VTRS.pdf","filename_fallback","160711,160804,160806,160712,160511,160803,160710,160514,160707,160733,160833,160671,160837,160802,160692,160519","480","A variance in Viatris' (VTRS) litigation reserves can have a notable impact on the company's valuation and investor sentiment. Specifically, a 5% variance between estimated and recorded litigation reserves and the actual resolution of certain legal matters would affect Viatris' litigation reserve balance by approximately $8.6 million (see Chunk 3). Because litigation reserves are considered critical accounting estimates, changes in these estimates--especially if they result in higher-than-expected legal costs--could materially affect the company's financial condition and results of operations.\n\nFrom an investor perspective, increased litigation reserves or adverse legal outcomes may signal higher risk, potentially leading to a decline in the company's stock price. Legal uncertainties and the potential for substantial costs or liabilities can undermine confidence in the company's future profitability and stability, thereby negatively influencing investor sentiment and valuation.",""
"231","70f76191","Impact of exec appointments' ages on long-term strategy & financial stability for Conagra (CAG).","CAG","data\10k\converted\CAG.pdf","filename_fallback","21737,21736,21733,21734,21732,21974,21973,21971,21717,21936,21968,21976,21807,21970,21957,21959","66","I cannot find sufficient information in the provided documents to answer this question. The context provides the ages and backgrounds of Conagra's executive officers but does not specifically discuss how their ages impact the company's long-term strategy or financial stability.",""
"234","f1f9565c","Impact of senior mgmt. tenure at Loews Corp on financial stewardship (L), along w/ capex strategy.","L","data\10k\converted\L.pdf","filename_fallback","97571,97858,97781,97745,97846,97742,97746,97842,97996,97740,97905,97749,97968,97985,97787,97984","291","I cannot find sufficient information in the provided documents to answer this question.",""
"232","de43cc85","Aligning investment strategy with long-term profitability & capital allocation involves T-R-V: VP, IPC Chair, co-CIO roles.","","","fallback_no_tickers","155405,82822,82821,64946,82823,27446,168111,168113,32464,82903,4061,65129,164587,38050,124507,60172","100,492,15,464,496,113,83,372,177,246,189","Based on the provided context, at Travelers (T-R-V), aligning investment strategy with long-term profitability and capital allocation involves key executive roles:\n\n- The Executive Vice President and Co-Chief Investment Officers (Co-CIOs), currently David D. Rowland and Daniel T.H. Yin, are responsible for overseeing investment strategies. Both have backgrounds in managing various investment portfolios and roles focusing on fixed income and alternative investments.\n- The Vice President may also play a role in implementing strategies as part of the broader leadership team, though specific duties are not detailed in the context.\n- There is no explicit reference to an ""IPC Chair"" (Investment Policy Committee Chair) in the provided information, but senior executives, especially the Co-CIOs, are typically central to such committees and the alignment of investment strategy with the company's capital allocation and long-term profitability goals.\n\nOverall, these roles are pivotal in ensuring that investment strategies are well-integrated with the company's financial objectives and capital allocation priorities.",""
"233","c5664588","Exec tenure at Costco affects stability & profitability, COST.","COST","data\10k\converted\COST.pdf","filename_fallback","31121,31082,31120,31056,30960,31081,31118,30957,31124,31057,31026,31049,31119,31050,31000,30973","94","The provided documents indicate that Costco values stability and continuity in its executive team, which can positively impact the company's stability and profitability. For example, the executive employment agreement with W. Craig Jelinek, extended annually since 2017, reflects a long-term approach to executive leadership (Chunk 1). This continuity likely contributes to consistent strategic direction and operational efficiency.\n\nAdditionally, Costco's high employee retention rate (approximately 93% for U.S. and Canadian employees with at least one year of tenure) and its commitment to promoting from within further reinforce organizational stability (Chunk 16). Stable leadership and workforce can enhance Costco's ability to execute its merchandising and pricing strategies, adapt to economic changes, and maintain its competitive position (Chunk 11), all of which support long-term profitability.\n\nIn summary, executive tenure and stability at Costco are key factors that contribute to the company's overall stability and sustained profitability.",""
"235","41f5d451","Impact of AES board expertise on financial stability & risk mgmt, AES.","AES","data\10k\converted\AES.pdf","filename_fallback","16370,16304,16337,16494,16720,16643,16164,16306,16642,16338,16371,16648,16362,16709,16240,16710","52","The AES Board of Directors plays a significant role in overseeing financial stability and risk management. The Board oversees key risk exposures, including cybersecurity, and evaluates the steps taken by management to monitor and mitigate these risks. The Chief Information Security Officer (CISO) briefs the Board semi-annually, and more frequently if needed, on the effectiveness of the company's cyber risk management program. Cybersecurity risk is integrated with the overall enterprise risk management process, and senior leaders--including the Executive Leadership Team and the Chief Risk Officer--participate in regular risk review meetings (Chunk 11).\n\nAdditionally, the Board has adopted a Code of Business Conduct and Corporate Governance Guidelines, which are requirements for employment and set standards for ethical behavior and risk management across all employees, subsidiaries, and affiliates (Chunk 2, Chunk 8). The Board's oversight helps ensure compliance and ethical conduct, both of which are essential for financial stability.\n\nIndependent auditors have expressed unqualified opinions on both the company's financial statements and internal controls over financial reporting, indicating that the Board's governance and oversight contribute to the reliability of financial information and effective risk management (Chunk 4, Chunk 5).\n\nOverall, the Board's expertise in governance, risk oversight, and ensuring strong internal controls supports AES's financial stability and effective risk management.",""
"229","5e536f91","Liquidity & refinancing risk for American Airlines (AAL).","AAL","data\10k\converted\AAL.pdf","filename_fallback","12491,12611,12687,12571,12719,12504,12578,12601,12631,12603,12711,12708,12519,12572,12483","39","As of December 31, 2023, American Airlines Group (AAG) had $10.4 billion in total available liquidity, which included $7.6 billion in unrestricted cash and short-term investments and $2.9 billion in undrawn capacity under revolving credit and other short-term facilities. American Airlines also had $910 million in restricted cash and short-term investments at year-end.\n\nThe company undertook several refinancing activities in 2023 to manage its debt profile and reduce refinancing risk. These actions included:\n\n- Refinancing $1.8 billion of term loans under the 2013 Term Loan Facility, partially by issuing $750 million of 7.25% senior secured notes due 2028 and extending the maturity of $1.0 billion of term loans to February 2028.\n- Issuing $1.0 billion of 8.50% senior secured notes due 2029 and entering into a new $1.1 billion term loan facility, with proceeds used to redeem all outstanding 11.75% senior secured notes due 2025.\n- Issuing $1.1 billion of equipment loans and other notes payable for aircraft financing.\n- Repurchasing $552 million of secured and unsecured notes in the open market.\n\nA significant portion of AAG's debt agreements require the company to maintain at least $2.0 billion of unrestricted cash and cash equivalents and/or available amounts under revolving credit facilities. Many of these agreements also include covenants such as loan to value (LTV), collateral coverage, and peak debt service coverage ratios. As of the most recent measurement dates, AAG was in compliance with all collateral coverage covenants.\n\nWhile the company maintains substantial liquidity, its financial commitments related to debt servicing, equipment leases, and new equipment purchases are significant. Certain financing arrangements also have minimum cash or liquidity requirements, meaning not all available cash is freely usable for operations or capital expenditures.\n\nAAG actively manages its refinancing risk by regularly considering capital raising, liability management transactions, and opportunistic debt repurchases or refinancing, depending on market conditions and liquidity needs. However, factors such as economic downturns, increased borrowing costs, or increased operating costs could impact liquidity and refinancing risk.\n\nIn summary, AAG has a strong liquidity position and has taken proactive steps to manage its refinancing risk, but it remains subject to risks from economic conditions and covenant requirements that could limit operational flexibility.",""
"239","1b0fa6b2","AEE repurchase activity for Oct-Dec '23: volume, avg price, cap allocation.","AEE","data\10k\converted\AEE.pdf","filename_fallback","6036,5789,6035,6038,5861,6037,6086,5949,6130,5843,6118,5956,5736,5842,6137,5902","20","Ameren Corporation (AEE) did not purchase any equity securities reportable under Item 703 of Regulation S-K during the period from October 1, 2023, to December 31, 2023. Therefore, there was no repurchase volume, no average price, and no capital allocated to repurchases during this period.",""
"236","504ed7e5","Sum & growth impact of S&M + product dev exp for MTCH 2023, ticker at end.","MTCH","data\10k\converted\MTCH.pdf","filename_fallback","105592,105559,105560,105555,105557,105651,105615,105558,105544,105543,105553,105605,105552,105547,105630","315","For Match Group (MTCH) in 2023:\n\n- Selling and Marketing (S&M) Expense: $586.3 million, which increased by $51.7 million or 10% compared to 2022.\n- Product Development Expense: $384.2 million, which increased by $50.5 million or 15% compared to 2022.\n- Combined S&M and Product Development Expense: $970.5 million.\n\nGrowth Impact:\nThe increase in S&M expense was primarily due to higher marketing spend at Tinder, Hinge, and certain Emerging brands. The rise in Product Development expense was mainly driven by increased compensation expense (including stock-based compensation), due to higher headcount at both Hinge and Tinder. These investments supported revenue growth, particularly at Tinder and Hinge, but also contributed to higher operating costs. Despite these increases, Match Group's operating income rose by 78% in 2023, aided by revenue growth and lower general and administrative expenses.\n\nTicker: MTCH",""
"238","66717c5b","Key financial metrics for resilience amid economic and supply volatility for Valero Energy (VLO) remain robust.","VLO","data\10k\converted\VLO.pdf","filename_fallback","154677,154676,154804,154624,154617,154679,154616,154792,154681,154794,154725,154618,154793,154795,154717,154789","462","Valero Energy (VLO) has demonstrated robust financial resilience amid economic and supply volatility, as reflected in several key financial metrics for the year ended December 31, 2023:\n\n- Net income attributable to Valero stockholders was $8.8 billion, supported by strong worldwide demand for petroleum-based transportation fuels and constrained global supply, resulting in strong refining margins.\n- Operations generated $9.2 billion of cash in 2023.\n- The company returned $6.6 billion to stockholders through share repurchases and dividend payments.\n- Capital investments totaled $1.9 billion.\n- Outstanding debt was reduced by $199 million through public debt purchases.\n- Cash and cash equivalents increased by $562 million, reaching $5.4 billion at year-end 2023.\n- Total liquidity stood at $10.5 billion as of December 31, 2023.\n- Total assets grew to $63.1 billion, with current assets at $26.2 billion and equity at $28.5 billion.\n\nThese metrics illustrate Valero's strong cash generation, prudent capital allocation, debt reduction, and substantial liquidity, all of which underpin its resilience in the face of economic and supply chain volatility.",""
"241","cab1585f","Revenue from Comcast Corp theme parks, along with EBITDA & operational drivers, emphasizes sustainability. CMCSA.","CMCSA","data\10k\converted\CMCSA.pdf","filename_fallback","29340,29341,29271,29249,29330,29404,29255,29405,29281,29343,29283,29332,29339,29282,29286","89","For the year ended December 31, 2024, Comcast Corporation's Theme Parks segment reported the following financial results:\n\n- Revenue from external customers: $8,615 million (2024), compared to $8,948 million in 2023, showing a slight decrease (Chunk 1, Chunk 3).\n- Adjusted EBITDA for Theme Parks: $2,949 million in 2024, down from $3,345 million in 2023 (Chunk 1, Chunk 3).\n\nOperational drivers for the Theme Parks segment include significant ongoing investments in new attractions, hotels, and infrastructure, such as the development of Epic Universe in Orlando, expected to open in May 2025. These investments are anticipated to positively impact attendance and guest spending (Chunk 3).\n\nIn terms of sustainability, while specific environmental sustainability metrics are not detailed in the provided context, the emphasis on investments in new destinations and experiences suggests a focus on long-term operational sustainability and growth for the Theme Parks segment (Chunk 3).",""
"242","027b67ae","% change in diluted EPS FY Sept 29, 2024 vs Oct 1, 2023 for SBUX.","SBUX","data\10k\converted\SBUX.pdf","filename_fallback","134004,134090,133968,133971,134005,133970,134093,134078,134077,134079,134085,133963,134009,134011","399","The diluted earnings per share (EPS) for Starbucks were $3.31 for the fiscal year ended September 29, 2024, and $3.58 for the fiscal year ended October 1, 2023.\n\nTo calculate the percentage change:\n% change = [(3.31 - 3.58) / 3.58] x 100 = (-0.27 / 3.58) x 100 ≈ -7.54%\n\nTherefore, the diluted EPS decreased by approximately 7.5% from fiscal year 2023 to fiscal year 2024.",""
"237","a38864af","AMETEK's financial health, risk mgmt, strategy, purchase obligations, lease commitments, and debt interest - AME.","AME","data\10k\converted\AME.pdf","filename_fallback","4482,4370,4326,4304,4311,4371,4307,4300,4325,4353,4357,4354,4298,4468,4481","16","Here is a summary of AMETEK's financial health, risk management, strategy, purchase obligations, lease commitments, and debt interest based on the provided context:\n\nFinancial Health\n\n- As of December 31, 2023, AMETEK had $409.8 million in cash and cash equivalents, up from $345.4 million in 2022.\n- The company had $375.9 million in cash outside the U.S., used to fund international operations and acquisitions.\n- AMETEK believes it has sufficient cash-generating capabilities, available credit facilities, and access to long-term capital to meet its operating needs and contractual obligations for the foreseeable future.\n- In 2023, record financial results were reported: net sales of $6,597.0 million (up 7.3% year-over-year), net income of $1,313.2 million (up 13.3%), and diluted earnings per share of $5.67 (up 13.2%) [Chunk 11].\n\nRisk Management\n\n- AMETEK manages risk through geographic and industry diversification, which helps mitigate the impact of downturns in any single market [Chunk 11].\n- The company maintains significant environmental reserves ($37.1 million at the end of 2023), and its experience suggests that ongoing litigation and regulatory proceedings are not expected to have a material adverse effect on financials [Chunk 15, Chunk 10].\n- Standby letters of credit and surety bonds totaling $193.6 million are in place for performance and payment guarantees, but the company does not expect these to materially affect its financial position [Chunk 6].\n\nStrategy\n\n- The primary strategic focus is on strategic, value-enhancing acquisitions, maintaining operational excellence, global and market expansion, and new product development [Chunk 4, Chunk 11].\n- The company is also committed to paying a consistently increasing cash dividend and has a share repurchase program, with $816.1 million available for future repurchases as of December 31, 2023 [Chunk 2].\n\nPurchase Obligations\n\n- As of December 31, 2023, AMETEK had $790.0 million in purchase obligations outstanding, primarily for inventory at fixed prices [Chunk 1].\n- Of these, $723.6 million are due within one year and $66.4 million are due in more than one year [Chunk 6].\n\nLease Commitments\n\n- Total lease liabilities as of December 31, 2023, were $243.5 million [Chunk 1].\n- Lease liability maturities: $59.5 million in 2024, $47.95 million in 2025, $38.36 million in 2026, $27.75 million in 2027, $20.28 million in 2028, and $71.87 million thereafter.\n- The weighted-average remaining lease term is 6.66 years, with a weighted-average discount rate of 4.48%.\n- The company's operating lease expense for 2023 was $63.0 million, and total lease cost was $74.4 million [Chunk 15].\n- Leases expire from 2024 to 2032, with most containing renewal or purchase options [Chunk 6].\n\nDebt and Interest\n\n- Material contractual obligations include long-term debt and related interest payments. The company is in compliance with all covenants for its debt agreements [Chunk 2, Chunk 6].\n- Further details on the nature and timing of debt obligations are referenced in Note 10 to the consolidated financial statements, but specific interest amounts or rates are not provided in the given context.\n\nIn summary, AMETEK appears to be in strong financial health, with a robust risk management framework, a clear strategy focused on growth and shareholder returns, manageable purchase and lease obligations, and prudent handling of debt and interest obligations.",""
"243","5fb47282","Impact on rev rec timing from EQIX output method.","EQIX","data\10k\converted\EQIX.pdf","filename_fallback","55804,55805,55790,55789,55792,55793,55803,55788,55787,55791,55794,55712,55786,55870,55772","164","Equinix (EQIX) generally recognizes revenues when control of products and services is transferred to customers, in an amount that reflects the consideration expected to be received. For recurring revenue streams, such as colocation, interconnection, and managed infrastructure solutions, revenue is recognized ratably over the term of the contract, typically 1 to 5 years for IBX data center colocation customers. Non-recurring installation fees are generally paid upfront but are deferred and recognized ratably over the contract term (Chunks 9, 13).\n\nThe output method, as used by EQIX, recognizes revenue based on the satisfaction of performance obligations, which aligns the timing of revenue recognition with the delivery of services rather than the timing of customer payments. This method can result in the creation of contract assets or deferred revenues depending on the timing differences between when services are provided and when payments are received (Chunks 3, 7, 10). For example, if EQIX has satisfied its performance obligations but has not yet billed the customer, a contract asset may be recorded. Conversely, if payment is received before the performance obligation is satisfied, deferred revenue is recognized until the services are delivered.\n\nOverall, the output method impacts revenue recognition timing by ensuring that revenue is recognized as services are delivered, even if payments are received at different times, resulting in possible contract assets or deferred revenue on the balance sheet.",""
"244","c8228f04","Blackstone's impact on cybersecurity risk and contractual liabilities.","BX","data\10k\converted\BX.pdf","filename_fallback","35690,35687,35542,35689,35797,35491,35490,35691,35881,35686,36114,35688,35841,35798,35662,35955","106","Blackstone takes a comprehensive approach to managing cybersecurity risk, which directly affects its contractual liabilities, especially in relation to third-party vendors and data protection.\n\nCybersecurity Risk Management:\n- Blackstone maintains a robust cybersecurity program that includes both physical and digital access controls, patch management, identity verification, mobile device management, employee cybersecurity training, and ongoing monitoring of data and system usage.\n- The company regularly tests its cybersecurity defenses through automated and manual vulnerability scans, annual ""white hat"" penetration tests, and periodic third-party assessments. These assessments are benchmarked against industry standards such as the National Institute of Standards and Technology and the Center for Internet Security.\n- Blackstone conducts cyber incident tabletop exercises and has a formal Security Incident Response Plan (IRP), which sets out procedures for investigating, remediating, and monitoring incidents, and is reviewed at least annually.\n\nContractual Liabilities and Third-Party Risk:\n- Blackstone has a structured process to assess cybersecurity risks associated with third-party vendors, based on the nature of services provided and the type and extent of data accessed or processed.\n- Depending on the risk assessment, Blackstone may require further cybersecurity reviews, remediation actions, or specific contractual protections from vendors. These contracts often include best practices for data and cybersecurity, and grant Blackstone the right to assess, monitor, audit, and test vendors' cybersecurity programs.\n- Digital controls are used and reviewed at least annually to manage and monitor third-party access to Blackstone's systems and data.\n\nImpact:\n- Effective cybersecurity risk management is essential for Blackstone to prevent data loss, business interruptions, reputational damage, and regulatory or financial penalties, all of which could materially impact its business and results of operations.\n- Contractually, Blackstone's requirements and oversight of vendors help mitigate potential liabilities arising from third-party breaches or failures, but the company acknowledges that evolving threats and reliance on external providers could still expose it to risks that may not be fully insured or indemnified.\n\nIn summary, Blackstone's strong focus on cybersecurity risk management and its integration into vendor contracts are designed to minimize potential contractual liabilities, but the company remains exposed to evolving cyber risks inherent to its business and third-party relationships.",""
"246","a2d42ec3","Global union % for Vulcan Materials (VMC) and the US labor risk profile.","VMC","data\10k\converted\VMC.pdf","filename_fallback","154348,154347,154364,154517,154516,154394,154314,154341,154456,154354,154350,154395,154337,154309,154321","461","As of January 1, 2024, Vulcan Materials employed 10,382 people in the United States, with 1,140 (about 11%) represented by labor unions. Internationally, they employed 335 people in Mexico, 163 in Honduras, 80 in Canada, and 1 in the Bahamas, with 266 unionized employees in Mexico. Summing these figures, Vulcan employed 11,026 people globally, with 1,406 represented by labor unions--yielding a global unionization rate of approximately 12.8%.\n\nRegarding the U.S. labor risk profile:\n- Approximately 12.8% of Vulcan's domestic hourly labor force was covered by collective-bargaining agreements as of December 31, 2023.\n- Of those covered by collective-bargaining agreements, 45.1% had agreements expiring in 2024.\n- Vulcan notes that disputes with organized labor could disrupt business operations, such as strikes or the inability to renew labor agreements.\n- However, the company believes it has a satisfactory relationship with its unionized workforce and does not anticipate significant union issues in 2024.\n\nIn summary, Vulcan Materials has a global unionization rate of about 12.8%, with a similar percentage for its U.S. workforce. While the presence of organized labor introduces some risk of operational disruption, the company currently expects stable labor relations.",""
"240","a6c10bf2","Calc Bio-Techne's 2024 net profit margin, assessing tickers' interest/non-op exp impact vs prior periods.","TECH","data\10k\converted\TECH.pdf","filename_fallback","141376,141379,141437,141341,141349,141378,141342,141419,141443,141377,141347,141436,141345,141346","421","To calculate Bio-Techne's 2024 net profit margin and assess the impact of interest and non-operating expenses compared to prior periods:\n\n**Net Profit Margin Calculation (2024):**\n\n- Net earnings attributable to Bio-Techne (2024): $168,105,000  \n- Net sales (2024): $1,159,060,000\n\nNet profit margin = Net earnings / Net sales  \n= $168,105,000 / $1,159,060,000  \n≈ 14.5%\n\n**Interest and Non-operating Expenses Impact:**\n\n- In 2024, total other income (expense), net was a loss of $(20,997,000), comprised of:\n  - Interest expense: $(15,736,000)\n  - Interest income: $3,323,000\n  - Other non-operating income (expense), net: $(8,584,000)\n\n- In 2023, total other income (expense), net was a gain of $39,715,000, comprised of:\n  - Interest expense: $(11,215,000)\n  - Interest income: $3,410,000\n  - Other non-operating income (expense), net: $47,520,000\n\n- In 2022, total other income (expense), net was a gain of $4,796,000.\n\n**Assessment:**\n\n- The net profit margin for 2024 (14.5%) is significantly lower than 2023 (approximately 25.1%) and 2022 (approximately 24.6%).\n- The primary driver for the decreased margin in 2024 is the swing in total other income (expense) from a gain in 2023 to a loss in 2024.\n  - 2023 benefited from a large non-operating gain ($47.5M), including gains from asset sales (e.g., ChemoCentryx and Eminence investments), which did not recur in 2024.\n  - Interest expense increased in 2024 ($15.7M vs. $11.2M in 2023), reflecting higher average debt.\n  - Other non-operating items turned negative in 2024, further reducing earnings.\n\n**Summary:**  \nBio-Techne's 2024 net profit margin was approximately 14.5%. The decline from prior years was mainly due to increased interest expense and a shift from substantial non-operating gains in 2023 to non-operating losses in 2024.",""
"245","990bcfc5","Historical profitability of system executions & competitive position of Lockheed Martin vs Boeing & Northrop Grumman, TKR: LMT, BA, NOC.","LMT,BA,NOC","data\10k\converted\BA.pdf,data\10k\converted\LMT.pdf,data\10k\converted\NOC.pdf","filename_fallback","108499,108403,108480,108504,108404,108396,108489,93348,93249,18077,108602,108603,93351,108492,108398,18076","56,277,325","Based on the provided context, here is a summary of the historical profitability of system executions and the competitive position of Lockheed Martin (LMT) compared to Boeing (BA) and Northrop Grumman (NOC):\n\nProfitability of System Executions\n\nNorthrop Grumman (NOC):\n\n- NOC is organized into four operating segments: Aeronautics Systems, Defense Systems, Mission Systems, and Space Systems.\n- For the year ended December 31, 2024, NOC reported strong results:\n    - Total segment operating income: $4,544 million (up from $2,760 million in 2023 and $4,253 million in 2022).\n    - Total operating income: $4,370 million in 2024 (up from $2,537 million in 2023 and $3,601 million in 2022).\n    - Operating margin rate increased to 10.6% in 2024 from 6.5% in 2023, reflecting recovery from a prior year $1.56 billion charge on the B-21 program and higher sales.\n    - Segment-specific 2024 operating incomes: Aeronautics Systems $1,182 million, Defense Systems $866 million, Mission Systems $1,598 million, Space Systems $1,254 million.\n- NOC's results indicate a strong rebound in profitability, especially in Aeronautics Systems after the B-21 program charge in 2023.\n\nLockheed Martin (LMT):\n\n- In 2024, LMT had net sales of $71.0 billion, with 73% from the U.S. government.\n- LMT operates in four segments: Aeronautics, Missiles and Fire Control, Rotary and Mission Systems, and Space.\n- The company emphasizes advanced technology systems and integration, with a focus on defense, space, and intelligence.\n- While precise segment profitability figures are not provided in the given context, LMT is highlighted as a principal competitor in the industry and has maintained a large scale and steady business with the U.S. government, suggesting consistently strong profitability.\n\nBoeing (BA):\n\n- Boeing operates in commercial and defense sectors, facing strong competition in both.\n- Boeing Defense, Space & Security (BDS) faces competition primarily from Lockheed Martin, Northrop Grumman, Raytheon Technologies, General Dynamics, and SpaceX.\n- The context does not provide specific profitability figures for Boeing's system executions, but it notes that the markets for both commercial and defense services are extremely competitive and challenging.\n- Boeing aims to compete on product quality, efficiency, and value.\n\nCompetitive Position\n\n- Lockheed Martin, Northrop Grumman, and Boeing are all major U.S. defense contractors and compete in overlapping domains (e.g., defense, aerospace, space).\n- The primary competitors in the defense and aerospace industry are Boeing, Lockheed Martin, Northrop Grumman, General Dynamics, L3Harris Technologies, and RTX (Raytheon Technologies).\n- Lockheed Martin is repeatedly cited as a primary competitor by both Boeing and Northrop Grumman, indicating its strong competitive position.\n- Northrop Grumman and Lockheed Martin both report high levels of U.S. government sales and operate in similar sectors. Both have a portfolio of advanced military and aerospace systems.\n- Boeing, while also a leader, faces additional competition in the commercial aircraft market from Airbus and new entrants, in addition to its defense sector competitors.\n\nSummary\n\nLockheed Martin is positioned as a leading competitor in defense and aerospace, with consistently strong profitability and a focus on advanced technology systems. Northrop Grumman has demonstrated strong recent profitability, especially in 2024 after recovering from a one-time charge. Boeing remains a leading competitor, particularly in commercial and defense aviation, but faces a wider array of competitors and more intense competition in its commercial segment. All three companies are recognized as primary competitors in the U.S. and international defense markets.",""
"247","39bd185d","Monitoring liquidity & working capital for unbilled rev at CMS Energy.","CMS","data\10k\converted\CMS.pdf","filename_fallback","38121,38311,38278,38118,38183,38055,38117,38114,38120,38116,38170,38310,38279,38115,38097,38162","113","CMS Energy and its subsidiary Consumers monitor liquidity and working capital, including the management of unbilled revenues, through several processes:\n\n- Consumers' customers are billed monthly in cycles, so at any month-end, there are typically electricity or natural gas deliveries that have not yet been billed. To account for this, Consumers estimates unbilled revenues by applying an average billed rate to total unbilled deliveries for each customer class. These unbilled revenues are recorded as accounts receivable and accrued revenue on CMS Energy's and Consumers' consolidated balance sheets. As of December 31, 2023, unbilled revenues were $494 million, down from $663 million at the end of 2022 (Chunks 3, 11, 13).\n\n- In terms of overall liquidity and working capital management, CMS Energy and Consumers rely on cash flows generated from operations, access to credit facilities, commercial paper programs, and capital markets. At December 31, 2023, CMS Energy had $526 million available under its revolving credit facility, and Consumers had $1.3 billion available under its own facilities. Consumers also has a commercial paper program with a capacity of up to $500 million, supported by these credit facilities (Chunks 4, 7, 10).\n\n- Monitoring working capital includes managing accounts receivable, accrued revenue (which includes unbilled revenue), inventories, accounts payable, and accrued rate refunds. Changes in core working capital are tracked and are a key component affecting net cash provided by operating activities. In 2023, favorable changes in working capital--due in part to higher collections--contributed significantly to increased operating cash flow (Chunk 8).\n\n- CMS Energy and Consumers establish an allowance for uncollectible accounts based on historical losses, management's assessment of current economic conditions, customer payment trends, and forecasts. Accounts are written off when deemed uncollectible, typically after becoming six months past due (Chunk 3, 13).\n\nIn summary, CMS Energy and Consumers closely monitor liquidity and working capital by estimating and recording unbilled revenues, maintaining sufficient credit and liquidity facilities, and actively managing collections and allowances for uncollectible accounts. These practices help ensure they have adequate liquidity to meet obligations and fund operations.",""
"249","e325dfe4","GPM for TSN FY24 compared to historical margins.","TSN","data\10k\converted\TSN.pdf","filename_fallback","147279,147280,147293,147296,147286,147273,147350,147429,147297,147294,147299,147223,147432,147336,147335","442","For Tyson Foods (TSN), the gross profit margin (GPM) for fiscal year 2024 was 6.8%, calculated as gross profit of $3,627 million divided by sales of $53,309 million. \n\nThis represents an improvement compared to fiscal year 2023, where the gross profit margin was approximately 5.0% ($2,631 million gross profit on $52,881 million in sales). However, it is significantly lower than fiscal year 2022, when the gross profit margin was about 12.5% ($6,668 million gross profit on $53,282 million in sales).\n\nSummary:\n- FY2024 GPM: 6.8%\n- FY2023 GPM: 5.0%\n- FY2022 GPM: 12.5%\n\nThe gross margin in FY24 improved over FY23 but remains well below the historical margin seen in FY22.",""
"251","fa1591d6","TPR's (Tapestry, Inc.) gift card liability breakage impact on revenue/prof profitability amid changing redemption patterns.","TPR","data\10k\converted\TPR.pdf","filename_fallback","144654,144657,144656,144684,144635,144636,144614,144597,144490,144456,144599,144489,144625,144686,144685,144533","432","Tapestry, Inc. records gift cards as a liability until they are redeemed by customers, at which point the associated revenue is recognized. The company also uses historical data to estimate the portion of gift card balances that will never be redeemed (referred to as ""breakage""). If there is no legal obligation to remit unredeemed gift cards as unclaimed property to any jurisdiction, Tapestry recognizes the breakage amount as revenue over time, in proportion to actual customer redemptions (Chunks 1, 2, 5, 6).\n\nThe impact on revenue and profitability from gift card breakage depends on the patterns of gift card redemption. If redemption rates decrease and more cards go unused, the estimated breakage revenue recognized over time may increase, boosting reported revenue and profitability. Conversely, if redemption rates increase and fewer cards go unused, less breakage revenue will be recognized, which could reduce the incremental revenue and profit from this source.\n\nDeferred revenue related to unredeemed gift cards (net of breakage recognized) was $45.5 million as of June 29, 2024, and $43.0 million as of July 1, 2023. For the fiscal year ended June 29, 2024, $27.7 million of net sales was recognized from deferred revenue, which includes gift card breakage (Chunk 2, 3).\n\nIn summary, changes in redemption patterns directly affect how much breakage revenue Tapestry recognizes, thereby impacting overall revenue and profitability. An increase in unused gift card balances (higher breakage) would increase recognized revenue and profit, while higher redemption rates would decrease this effect.",""
"248","251b390e","KMI's labor strategy, incorporating risk mitigation, emphasizes long-term performance.","KMI","data\10k\converted\KMI.pdf","filename_fallback","90944,90945,91015,91192,91141,91191,91142,90957,91021,91193,91022,91182,91067,91040,91251,91208","270","KMI's labor strategy centers on building a diverse, inclusive, and respectful workplace, with a focus on attracting, developing, and retaining talent while supporting employees' career and development goals. The company emphasizes diversity and equality of opportunity in hiring, development, and promotions, and takes affirmative steps to ensure equal opportunity employment without regard to race, gender, veteran status, disability, or other protected categories. KMI is committed to a harassment-free workplace with regular training on harassment and discrimination prevention.\n\nRisk mitigation is integrated into their operations through a strong culture of safety, emergency preparedness, and environmental responsibility, all managed under an Operations Management System (OMS) that conforms to industry standards. KMI sets specific safety performance targets, such as outperforming the industry average and their own historical Total Recordable Incident Rate (TRIR), with a goal of reducing the company-wide TRIR from 1.0 in 2019 to 0.7 by 2024.\n\nSuccession planning for senior management is also a key part of KMI's long-term labor strategy, with annual reviews that include identifying minority and female candidates for senior positions. Employee engagement and ongoing development are supported through workforce training, tuition reimbursement, and other programs.\n\nOverall, KMI's labor strategy emphasizes long-term performance by fostering a safe, diverse, and inclusive workplace, integrating risk mitigation in safety and succession planning, and supporting continuous employee development.",""
"256","39cede68","CHRW's defined contribution plan expns. for 2021-2023.","CHRW","data\10k\converted\CHRW.pdf","filename_fallback","26476,26475,26438,26439,26399,26437,26406,26488,26408,26344,26505,26506,26412,26398,26504","79","C.H. Robinson Worldwide, Inc.'s defined contribution plan expenses, including matching contributions, were as follows (in thousands):\n\n- 2023: $45,854\n- 2022: $59,259\n- 2021: $48,714\n\nThe company contributed a defined contribution match of six percent in each of these years.",""
"252","9b0ad675","Competitive positioning of United Airlines' domestic route network versus foreign carriers, TKR: UAL.","UAL","data\10k\converted\UAL.pdf","filename_fallback","150810,150811,150747,150809,150745,150744,150892,150738,150748,150732,150733,150894,150734,150740,150743","451","United Airlines' domestic route network is highly competitive and primarily faces competition from other U.S. airlines, including traditional network carriers, national point-to-point carriers, and especially low-cost and ultra-low-cost carriers. These competitors often have lower costs and offer lower fares, which pressures United to match discounted fares and can reduce yields on domestic routes. United's ability to compete domestically depends significantly on maintaining a competitive cost structure (Chunks 1, 4, 5).\n\nForeign carriers generally do not directly compete with United on purely domestic U.S. routes due to U.S. laws prohibiting foreign airlines from carrying local passengers between two U.S. points. United experiences similar restrictions abroad. Therefore, within the U.S., United's domestic network is protected from direct foreign carrier competition (Chunks 3, 9).\n\nHowever, foreign carriers can indirectly impact United's domestic positioning through alliances, joint business arrangements (JBAs), and codesharing agreements, which allow them to access interior U.S. traffic beyond traditional gateway cities. Foreign carriers may also compete on international routes involving U.S. cities, especially utilizing ""fifth freedom rights"" that permit service between the U.S. and other countries via stopover points, but this does not extend to domestic-only flights (Chunks 2, 3, 9, 14).\n\nIn summary, United's domestic route network faces intense competition from other U.S. airlines, particularly low-cost carriers, but is largely insulated from direct competition with foreign carriers due to regulatory restrictions. Foreign carriers' influence is mainly felt through alliances and international operations, not within the U.S. domestic market itself.",""
"253","1cd23310","Incremental net profit vs sales CAT for 2023-2022.","CAT","data\10k\converted\CAT.pdf","filename_fallback","25623,25620,25604,25619,25622,25611,25634,25618,25617,25603,25690,25612,25615,25607,25664","76","For Caterpillar (CAT), the incremental net profit (profit attributable to common shareholders) from 2022 to 2023 was $3.63 billion, increasing from $6.705 billion in 2022 to $10.335 billion in 2023.\n\nThe incremental sales and revenues for the same period were $7.633 billion, rising from $59.427 billion in 2022 to $67.060 billion in 2023.\n\nSummary:\n- Incremental net profit (2023 vs 2022): $3.63 billion\n- Incremental sales and revenues (2023 vs 2022): $7.633 billion\n\n(Source: Chunk 11)",""
"250","f5fdadad","Liquidity impact from McKesson's off-balance sheet obligations.","MCK","data\10k\converted\MCK.pdf","filename_fallback","99994,99901,99918,99936,99995,100012,99902,100013,99885,99904,99900,100044,100014,100017,99923","298","McKesson's off-balance sheet obligations primarily include interest on borrowings, purchase obligations, and certain guarantees such as agreements to repurchase customers' inventory or debt if those customers are unable to meet their obligations. As of March 31, 2024, these off-balance sheet obligations are detailed as follows:\n\n- Interest on borrowings: $1,171 million, payable over several years.\n- Purchase obligations: $7,305 million, primarily related to the expected purchase of goods and services, including inventory and capital commitments.\n- Other off-balance sheet obligations: $348 million, which includes various guarantees.\n\nThese obligations represent future cash outflows that are not recorded on the balance sheet as liabilities but will require funding as they come due. Despite these commitments, McKesson expects that its available cash, operating cash flow, and access to credit facilities and capital markets will be sufficient to meet both on-balance and off-balance sheet cash requirements. The company remains adequately capitalized and in compliance with its debt covenants as of March 31, 2024.\n\nTherefore, while off-balance sheet obligations do represent future liquidity needs, McKesson does not anticipate any material adverse impact on its liquidity, given its strong cash position, ongoing cash generation, and access to funding sources.",""
"255","b0597a7c","Seller experience on eBay directly impacts buyer confidence, which in turn affects competitive positioning & profitability.","EBAY","data\10k\converted\EBAY.pdf","filename_fallback","50579,50550,50580,50604,50576,50584,50577,50555,50596,50548,50549,50595,50547,50603,50664,50551","148","The seller experience on eBay has a direct impact on buyer confidence, which is crucial for eBay's competitive positioning and profitability. eBay continuously invests in technology to improve the selling experience, such as AI-driven listing tools and expanded seller programs, to help sellers operate efficiently and reach a global audience. These enhancements aim to make eBay the partner of choice for sellers, ensuring a large and diverse inventory for buyers.\n\nTo build buyer trust and confidence, eBay offers protections like the eBay Money Back Guarantee and Authenticity Guarantee, which help buyers feel secure in their purchases. When sellers have positive experiences and can reliably fulfill orders, buyers are more likely to trust the platform, leading to increased transaction volume and repeat business.\n\nIf seller experiences are poor--such as difficulties in listing, shipping, or resolving disputes--buyer satisfaction declines, which can harm eBay's reputation and lead to reduced platform activity. This makes it harder for eBay to compete with other ecommerce platforms that may offer faster shipping, better return policies, or a more seamless user experience. Ultimately, the interplay between seller experience and buyer confidence is key to maintaining eBay's market share and profitability in a highly competitive ecommerce environment.\n\n(References: Chunks 2, 10, 13, 16)",""
"254","e045ad71","Risk of delivery timing for UAC due to mfr. issues.","UAC","","fallback_no_files_on_disk","27612,12626,143801,75057,78591,87097,68512,85925,59947,8649,53866,52901,74401,53867,107515","258,322,39,232,199,155,430,219,176,84,158,28,221,254","There are several risks related to delivery timing for UAC (assuming this refers to a product or system) due to manufacturing issues, as detailed in the provided context:\n\n- Delays or disruptions in manufacturing can occur due to shortages of equipment, materials, or skilled labor; work stoppages; unscheduled delays in delivery of materials and equipment; difficulties in obtaining permits; regulatory or quality issues; design and engineering problems; and third-party service provider failures. Such issues can result in project delays or cost overruns (Chunk 1).\n\n- Disruptions in the supply chain, including delays from contract manufacturers or suppliers, can lead to extended delivery times for components, increased costs, and delays in shipping products to customers (Chunk 3).\n\n- Reliance on third-party manufacturers or single/limited source suppliers increases the risk of delays if those partners encounter disruptions, quality problems, or decide to discontinue production of necessary components (Chunks 6, 7, 9, 13).\n\n- Manufacturing interruptions can also be caused by natural disasters, labor disputes, regulatory actions, production quality deviations, or site-specific incidents such as fires (Chunks 8, 10, 11, 14).\n\n- Issues with quality control, component shortages, or capacity constraints can directly impact the ability to deliver products on schedule (Chunks 5, 11, 13, 14).\n\n- Geopolitical conflicts, pandemics, or global events affecting logistics and supply chains can further exacerbate delivery delays (Chunks 3, 7, 10).\n\nIn summary, delivery timing for UAC can be at risk due to a range of manufacturing-related issues, including supply chain disruptions, quality problems, shortages of materials or components, capacity constraints, regulatory issues, and external events such as natural disasters or geopolitical conflicts. These risks can result in delays, increased costs, and difficulties in fulfilling customer orders on schedule.",""
"259","27902306","AVB net cash investing breakdown: dev/redev, acquisitions, capex?","AVB","data\10k\converted\AVB.pdf","filename_fallback","10595,10594,10425,10542,10522,10565,10696,10601,10558,10557,10423,10639,10693,10426,10421","33","For the year ended December 31, 2023, AvalonBay Communities (AVB) reported the following breakdown of net cash used in investing activities:\n\n- Development/redevelopment of real estate assets (including land acquisitions and deferred development costs): $(901,847,000)\n- Acquisition of real estate assets: $(215,889,000)\n- Capital expenditures on existing real estate assets: $(178,312,000)\n- Capital expenditures on non-real estate assets: $(18,962,000)\n\nThe largest use of cash in investing activities was for development and redevelopment projects, followed by acquisitions and capital expenditures on existing assets. (Source: Chunks 1, 2, 4)",""
"257","bcdb1074","Impact of net investments on investing cash flow for ETSY in 2023 vs. 2022.","ETSY","data\10k\converted\ETSY.pdf","filename_fallback","59049,59027,59028,59046,59050,59051,59047,58996,58991,58995,59096,59014,59099,59064","173","In 2023, Etsy's net cash used in investing activities was $73.3 million, while in 2022 it was $30.0 million. The net investments--defined as purchases of investments minus sales and maturities--were a significant driver of this difference. In 2023, net purchases of investments totaled $33.4 million, contributing to the higher cash outflow from investing activities compared to 2022, when capital expenditures and investments were slightly lower. Thus, the increase in net investments in 2023 versus 2022 led to a greater use of cash in investing activities for Etsy.",""
"262","71e2b68b","$MO 2023 capex is a $196M decline, affecting cap allocation & investment strategy.","MO","data\10k\converted\MO.pdf","filename_fallback","102148,102147,102156,102153,102154,102157,102158,102211,102155,102054,102048,102280,102224,102309,102049","304","In 2023, Altria Group's (MO) capital expenditures (capex) decreased by 4.4% to $196 million. This decline reflects a lower level of spending compared to previous years ($205 million in 2022 and $169 million in 2021). For 2024, Altria expects capex to be in the range of $175 million to $225 million, with these expenditures anticipated to be funded from operating cash flows.\n\nThe reduction in capex suggests a more cautious or disciplined approach to capital allocation and investment strategy, potentially prioritizing operating efficiency and returns on existing assets rather than aggressive expansion or large-scale new projects. This approach may allow Altria to preserve cash, maintain flexibility, and support other capital allocation priorities such as dividends and share repurchases, as evidenced by the company's ongoing shareholder return programs and progressive dividend goals through 2028 (Chunks 2, 3, and 13).",""
"263","f8aec91a","Impact of Hasbro share repurchases on EPS dilution.","HAS","data\10k\converted\HAS.pdf","filename_fallback","75622,75468,75586,75458,75552,75621,75457,75469,75582,75472,75670,75669,75620,75595,75583,75723","222","Hasbro's share repurchase program is designed, in part, to offset dilution caused by stock issuances related to its equity compensation program. By repurchasing shares, the company can reduce the number of shares outstanding, which helps to mitigate the dilutive impact of issuing new shares for compensation, thereby supporting or potentially increasing earnings per share (EPS).\n\nHowever, the context indicates that Hasbro did not repurchase any shares in 2023, focusing instead on strategic investments and exiting certain non-core businesses. In 2022, Hasbro repurchased approximately 1.4 million shares at a total cost of $125.0 million after having suspended repurchases in 2021 to prioritize debt reduction following the eOne acquisition.\n\nWhen repurchases are made, they reduce the number of shares outstanding, which can help increase or stabilize EPS by spreading net earnings over fewer shares. Conversely, when repurchases are paused or limited, as in 2023, the dilutive effects of stock-based compensation awards are not offset, potentially leading to greater dilution of EPS.\n\nIn summary, Hasbro's share repurchases, when conducted, help offset EPS dilution from equity compensation. The absence of repurchases in a given year, such as 2023, means any dilution from stock issuances is not counteracted, which may negatively impact EPS.",""
"264","7c95d380","Risk liquidity of share repurchase methods F5.","F5","","fallback_no_files_on_disk","72475,167900,75899,36461,3980,116168,32031,60116,158186,111915,125316,116169,60117,59736,112486,4018","98,108,14,334,496,176,175,336,213,375,472,348,223","I cannot find sufficient information in the provided documents to answer this question.",""
"258","de70a4bc","Age, role dist., & governance of Synopsys execs is crucial for sustainable decision-making.","SNPS","data\10k\converted\SNPS.pdf","filename_fallback","135818,135819,135820,135810,135896,135808,135811,135812,135907,135815,136076,135897,136068,135906,135785","405","As of December 18, 2024, the executive officers of Synopsys and their ages and roles are:\n\n- Sassine Ghazi, age 54: President and Chief Executive Officer (CEO). Mr. Ghazi became CEO in January 2024, President in November 2021, and joined the Board of Directors in August 2023. He has been with Synopsys since 1998 and previously served as Chief Operating Officer.\n- Aart J. de Geus, age 70: Executive Chair of the Board of Directors. Dr. de Geus co-founded Synopsys and has held numerous leadership roles, including CEO and Chair of the Board at various times since 1986.\n- Shelagh Glaser, age 60: Chief Financial Officer (CFO). Ms. Glaser has served as CFO since December 2022 and has significant financial leadership experience from prior roles at Zendesk and Intel.\n- Richard Mahoney, age 62: Chief Revenue Officer. Mr. Mahoney has held this position since November 2022, with previous senior roles at ANSYS and Global Foundries.\n- John F. Runkel, Jr., age 69: General Counsel and Corporate Secretary. Mr. Runkel has served in this capacity since May 2014, with a long career in legal and executive positions.\n\nGovernance:\n- There are no family relationships among any Synopsys executive officers or directors.\n- Synopsys maintains a robust governance structure, with active Board oversight of key areas such as cybersecurity, ESG, and risk management.\n- The Board and its committees regularly engage with senior management, and there is a focus on leadership development and succession planning to ensure sustainable decision-making.\n\nThis distribution of roles and experience, combined with strong governance practices, supports Synopsys' ability to make sustainable and effective decisions.",""
"266","cbe5d68e","SAP ERP & Sovos tech investments by Campbell Soup are aimed at boosting efficiency by 2025.","CPB","data\10k\converted\CPB.pdf","filename_fallback","32190,32189,32333,32269,32268,32245,32251,32272,32244,32332,32249,32267,32330,32214,32328","99","Campbell Soup is investing in the implementation of its SAP enterprise-resource planning (ERP) system for Sovos Brands as part of its capital projects planned for 2025. This investment is aimed at optimizing operations and boosting efficiency. The implementation of SAP ERP for Sovos Brands is included among major capital projects, alongside network optimization for the Meals & Beverages business, enhancements to company headquarters, and other initiatives. These technology investments are part of broader cost savings and integration initiatives expected to improve supply chain, manufacturing network, and information technology infrastructure, supporting efficiency improvements by 2025 and beyond.",""
"268","e4b7f43e","Litigation mgmt risk, LYB, affects investor confidence and capital allocation.","LYB","data\10k\converted\LYB.pdf","filename_fallback","98112,98023,98025,98073,98074,98197,98150,98018,98315,98128,98317,98247,98129,98296,98253,98260","292","LyondellBasell (LYB) acknowledges that failure to achieve its emission reduction, circularity, or other sustainability targets--including effective management of litigation and enforcement risks related to these issues--could result in reputational harm, changing investor sentiment regarding investment in its stock, or a negative impact on its access to and cost of capital. If the company does not effectively or timely address these risks, including potential litigation, it may experience decreased investor confidence and face challenges in capital allocation, such as higher costs or reduced access to financing (see Chunk 1 and Chunk 2).",""
"267","2b72a7fb","12m breakdown of debt maturity structure for Equifax (EFX).","EFX","data\10k\converted\EFX.pdf","filename_fallback","50982,51067,50981,50980,51016,51033,50976,51075,50979,51006,50977,50970,51017,51132,50978","149","As of December 31, 2023, Equifax (EFX) had the following scheduled future maturities of debt over the next six years (in millions):\n\n- 2024: $963.4\n- 2025: $417.6\n- 2026: $935.6\n- 2027: $750.0\n- 2028: $825.0\n- Thereafter: $1,850.0\n\nThe total debt outstanding at that date was $5,741.6 million, with $963.4 million of that amount payable within the next twelve months (i.e., by the end of 2024). (Source: Chunk 2)",""
"261","2344e0e3","Impact of CAT geo/product mix on rev & profit.","CAT","data\10k\converted\CAT.pdf","filename_fallback","25630,25629,25690,25633,25512,25531,25699,25803,25631,25617,25601,25521,25698,25672,25634,25555","76","The geographic and product mix of Caterpillar's (CAT) sales can have a significant impact on both revenue and profit. Changes in geographic mix refer to shifts in the relative weighting of sales between different regions, which can affect price realization and the company's effective tax rate. For example, a change in the geographic mix of profits was noted as a reason for a lower effective tax rate in 2023 compared to 2022 (Chunk 10).\n\nProduct mix refers to changes in the relative weighting of sales among CAT's various product segments (Machinery, Energy & Transportation), which impacts operating profit. The operating profit is influenced not only by the volume of products sold but also by the mix of products, as different products and regions can have different profit margins (Chunk 4, Chunk 15). Favorable or unfavorable shifts in either mix can thus enhance or reduce overall profitability.\n\nAdditionally, the company notes that changes in geographic and product mix may impact results and competitive position negatively, especially if the mix shifts toward lower-margin products or less profitable regions (Chunk 16).\n\nIn summary, both geographic and product mix directly affect CAT's revenue through changes in realized prices and sales volumes, and they impact profit through differences in margin and tax rates across regions and product categories.",""
"260","50a5fbfa","Impact of BR depreciation/amortization evolution on profitability & cash flow, Ticker.","BR","data\10k\converted\BR.pdf","filename_fallback","19610,19570,19529,19489,19494,19508,19498,19497,19434,19573,19606,19495,19598,19554,19496,19556","60","Based on the provided context, Broadridge Financial Solutions, Inc. (Ticker: BR) experienced notable changes in depreciation and amortization that have impacted both profitability and cash flow:\n\n1. **Depreciation and Amortization Evolution:**\n   - Total depreciation and amortization expenses (including acquired intangibles and other assets) have increased over the past three fiscal years:\n     - 2022: $82.4M (depreciation & amortization) + $250.2M (acquired intangibles) + $131.4M (other assets) = $464.0M\n     - 2023: $84.4M + $214.4M + $126.2M = $425.0M\n     - 2024: $119.8M + $200.3M + $157.8M = $477.9M\n   - The most recent year (2024) saw the highest combined expense, with a significant increase in both depreciation and amortization of other assets.\n\n2. **Impact on Profitability:**\n   - Higher depreciation and amortization expenses reduce reported earnings before income taxes (profitability), as these are recognized as non-cash expenses.\n   - For fiscal year 2024, the increase in these expenses (notably $62.8M higher in the GTO segment) contributed to a decrease in pre-tax margins, with pre-tax margins dropping by 1.6 percentage points to 10.5% from 12.1% in the prior year.\n   - The increased expense partially offset revenue gains, resulting in a decrease in earnings before income taxes in some segments.\n\n3. **Impact on Cash Flow:**\n   - Depreciation and amortization are non-cash charges, so while they reduce accounting profits, they do not directly impact cash flow from operating activities.\n   - In the reconciliation to cash flows from operating activities, depreciation and amortization are added back to net earnings, increasing operating cash flow.\n   - For fiscal 2024, cash flows from operating activities increased to $1,056.2M (from $823.3M in 2023), and free cash flow (a non-GAAP measure: operating cash flow minus capital expenditures and software purchases) rose to $943.2M from $748.2M.\n   - The company notes that higher depreciation and amortization help generate strong cash flows that can be used for dividends, share repurchases, acquisitions, and debt servicing.\n\n**Summary:**  \nIncreasing depreciation and amortization expenses at Broadridge have pressured accounting profitability by reducing earnings before tax and pre-tax margins, but have not negatively affected cash flow--on the contrary, they help boost cash flow from operations by being added back as non-cash charges. This supports the company's ability to fund dividends, share buybacks, and investments.\n\n**Ticker:** BR",""
"265","443e45f5","Margins impact of BSX vs competition from ABT & MDT.","BSX,ABT,MDT","data\10k\converted\ABT.pdf,data\10k\converted\BSX.pdf,data\10k\converted\MDT.pdf","filename_fallback","23214,404,23069,468,23203,23066,23132,469,23204,472,407,490,491,23125,23426,417","3,70","Based on the provided context:\n\nBoston Scientific (BSX):\n- Gross profit margin increased to 69.5% in 2023 from 68.8% in 2022.\n- The primary drivers for the increase in 2023 were higher sales of higher-margin products and improvements in manufacturing, raw material, and freight costs, partially offset by unfavorable foreign currency impacts.\n- BSX's gross profit in 2023 was $9.896 billion.\n- BSX faces significant competition from Abbott Laboratories (ABT), Medtronic (MDT), and others, with the need to continuously invest in new technologies and digital capabilities to remain competitive (Chunk 7).\n\nAbbott Laboratories (ABT):\n- Gross profit margins were 50.3% in 2023, down from 51.5% in 2022 and 52.2% in 2021.\n- The decline in margin in 2023 was due to lower sales of COVID-19 tests, unfavorable foreign exchange, and higher costs for manufacturing inputs, partially offset by gross margin improvement initiatives (Chunk 13).\n- ABT's Medical Devices segment operating margin was 31.4% in 2023, an increase from 30.0% in 2022 but down from 31.3% in 2021 (Chunk 4, 8).\n- Margin improvement in 2023 was attributed to higher sales volumes across Medical Devices.\n\nMedtronic (MDT):\n- There is no specific margin or profitability information for Medtronic (MDT) in the provided context, only that it is a primary competitor of BSX (Chunk 7).\n\nSummary:\n- Boston Scientific (BSX) had a significantly higher gross profit margin (69.5% in 2023) compared to Abbott Laboratories (ABT) (50.3% in 2023).\n- ABT's Medical Devices segment operating margin (31.4% in 2023) is lower than BSX's gross margin, but not directly comparable as they are different margin measures (gross vs. segment operating).\n- Both companies experienced margin pressures from inflation, supply chain issues, and foreign exchange, but BSX improved its gross margin in 2023 while ABT's overall gross margin declined.\n- Both BSX and ABT are focused on margin improvement initiatives to counteract cost pressures.\n- No margin data for MDT is available in the provided context.\n\nIn conclusion, BSX showed improvement in gross profit margin in 2023 compared to ABT, which saw a decline in its overall gross margin but an improvement in Medical Devices segment operating margin. Both face competitive and cost pressures but are taking steps to manage margins. No specific margin data is available for MDT.",""
"271","00e57882","debt improvement impact on investor sentiment for PAYC, enhancing operational financial discipline.","PAYC","data\10k\converted\PAYC.pdf","filename_fallback","117974,118027,117957,118047,117901,117900,118009,117973,118043,117863,118033,117943,117927,117993,118012,117985","353","Paycom Software, Inc. (PAYC) made significant improvements to its debt situation in 2023. On July 28, 2023, the company terminated its Term Loan Facility and, by November 21, 2023, fully repaid its outstanding indebtedness under the Revolving Credit Facility. These actions eliminated long-term debt and related interest obligations (Chunks 2, 3, 14).\n\nSuch improvements in debt position can positively impact investor sentiment in several ways:\n\n- Enhanced Financial Discipline: By paying off its debt, Paycom demonstrates strong financial management and operational discipline, which reassures investors about the company's ability to generate sufficient cash flow and manage its liabilities responsibly.\n- Increased Flexibility: With reduced debt, the company has more flexibility to reinvest in its business, pay dividends, repurchase stock, or pursue other strategic initiatives (Chunk 1).\n- Lower Risk: Eliminating debt reduces financial risk, which can improve investor confidence in the company's stability and long-term prospects.\n\nOverall, these actions reflect positively on Paycom's operational and financial discipline, likely strengthening investor sentiment.",""
"270","9a55a405","STX's revenue, supply chain, & operating perf. can be significantly influenced by lead-time extensions & long-term demand forecasts.","STX","data\10k\converted\STX.pdf","filename_fallback","137566,137436,137435,137565,137486,137490,137489,137488,137491,137487,137483,137503,137446,137450,137437","409","STX's (Seagate's) revenue, supply chain, and operating performance are significantly influenced by lead-time extensions and long-term demand forecasts. The extension of product lead times, particularly for high-capacity hard disk drives (HDDs), has led Seagate to require longer-term demand forecasts and customer commitments to better align supply with demand and improve supply predictability. This shift is intended to dampen demand volatility and create greater alignment between supply and demand, which can help mitigate price erosion and support operational efficiency (Chunks 1, 2, 4, 13).\n\nHowever, these lead-time extensions also mean that Seagate must make significant investments in inventory and manufacturing well in advance--typically three to six months before anticipated sales. If actual demand is lower than forecasted, this can result in excess inventory, higher carrying costs, factory underutilization charges, and potential write-downs, all of which can materially and adversely affect financial results (Chunks 5, 10). Conversely, if demand exceeds forecasts, supply constraints may occur, potentially leading to missed sales opportunities.\n\nAdditionally, the unpredictability of the sales cycle, especially for nearline storage solutions with technically complex and customer-specific requirements, further complicates accurate forecasting and inventory planning. Failure to accurately anticipate demand can harm Seagate's business, financial condition, and operating results (Chunks 7, 13).\n\nIn summary, lead-time extensions and the need for long-term demand forecasts play a critical role in STX's ability to manage revenue, supply chain stability, and operating performance, carrying both risks and opportunities depending on the accuracy of these forecasts and the responsiveness of the supply chain.",""
"275","5441cb00","Trends in D&O trading vs insider ownership for TE Connectivity.","TEL","data\10k\converted\TEL.pdf","filename_fallback","141850,141847,141848,141845,141712,141715,141710,141795,141844,141814,141852,141791,141849,141843,141866,141794","423","I cannot find sufficient information in the provided documents to answer this question. The context includes references to insider trading policies and security ownership being discussed in the 2025 Proxy Statement, but does not provide specific data or trends regarding director and officer (D&O) trading versus insider ownership for TE Connectivity.",""
"276","981f58c1","Q4 2023 repurchase volumes & pricing timing for PNC.","PNC","data\10k\converted\PNC.pdf","filename_fallback","131555,131556,131650,131823,131568,131554,131553,131799,131649,131447,131562,131656,131700,131407","393","During the fourth quarter of 2023, PNC repurchased a total of 525 thousand shares of its common stock at an average price of $149.83 per share. The timing and breakdown are as follows:\n\n- October 1-31: 10 thousand shares at an average price of $118.13 per share\n- November 1-30: 78 thousand shares at an average price of $128.58 per share\n- December 1-31: 437 thousand shares at an average price of $154.36 per share\n\nOf the total shares repurchased, 515 thousand were part of publicly announced programs.",""
"269","8aede22f","Fin. treatment & strategy for SJM 10b5-1 vs stock plan shrs, ticker last: SJM.","SJM","data\10k\converted\SJM.pdf","filename_fallback","132797,132927,132930,132796,132834,132798,132761,132914,132936,132913,132935,132840,132926,132876,132809,132928","396","For The J. M. Smucker Company (ticker: SJM), the financial treatment and strategy differ between shares repurchased under the 10b5-1 plan and shares repurchased from stock plan recipients:\n\n10b5-1 Plan Repurchases:\n\n- Strategy: The company entered into a Rule 10b5-1 share repurchase plan on March 2, 2023, allowing for systematic repurchase of common shares, with approximately 3.5 million shares authorized as of April 30, 2023. The plan commenced after the sale of certain pet food brands on April 28, 2023, and expired 45 days after that transaction closed.\n- Financial Treatment: In fiscal 2024, SJM repurchased about 2.4 million shares for $362.8 million under the 10b5-1 Plan. A 1% excise tax, as required by the Inflation Reduction Act for buybacks after December 31, 2022, was applied, resulting in an accrued tax of $3.6 million included in additional capital on the balance sheet. As of April 30, 2024, approximately 1.1 million shares remain available for repurchase under the Board's authorization.\n- All such repurchases are part of a publicly announced program, directly reducing outstanding shares and impacting the company's capital structure.\n\nStock Plan Repurchases (from Stock Plan Recipients):\n\n- Strategy: These repurchases occur when shares are withheld or bought back from employees or directors to cover tax withholding or in lieu of cash payments related to equity-based compensation (e.g., stock options or restricted shares).\n- Financial Treatment: These are not part of the public repurchase program and typically relate to employee stock plan transactions, not impacting the number of shares available under the Board's repurchase authorization.\n- The amounts involved are generally smaller and are considered part of the administration of the company's equity compensation plans.\n\nSummary:\nThe 10b5-1 plan is used for strategic, public share repurchases affecting the capital structure and subject to excise tax under recent legislation. Stock plan share repurchases are administrative, related to equity compensation, and do not count against the board's share repurchase authorization. The last reported closing price for SJM shares at the end of fiscal 2024 was $114.85 per share.",""
"272","22f7fccb","Cognizant's TM impact on SVC quality & profitability is noteworthy.","CTSH","data\10k\converted\CTSH.pdf","filename_fallback","39329,39237,39227,39412,39249,39244,39232,39250,39248,39328,39464,39308,39276,39315,39277,39241,39275","116","Based on the provided context, Cognizant's talent management (TM) practices have a significant impact on service (SVC) quality and profitability in several ways:\n\n1. **Employee Engagement and Retention:** Cognizant focuses on employee engagement, regularly enhancing its employee value proposition and monitoring engagement and retention through surveys and action plans. In 2023, the company saw meaningful increases in engagement scores and a significant decrease in voluntary attrition in its Tech Services segment--from 25.6% in 2022 to 13.8% in 2023. Lower attrition helps retain experienced talent, which is crucial for maintaining high service quality and controlling costs associated with recruiting and training new employees (Chunks 6, 10).\n\n2. **Learning & Upskilling:** Cognizant invests heavily in reskilling and upskilling employees, particularly in digital skills such as AI, GenAI, IoT, digital engineering, data, and cloud. In 2023, 137,000 employees were trained in digital skills, and more than 265,000 acquired one or more skills using the company's learning ecosystem. This ensures that employees are equipped to deliver high-quality, up-to-date services to clients and helps the company remain competitive as technology evolves (Chunks 5, 9).\n\n3. **Leadership Development:** The company runs targeted programs for leadership development, such as the LEAD@Cognizant partnership with Harvard and the Propel initiative for women leaders. These initiatives help build a strong leadership pipeline, which supports consistent service delivery and organizational growth (Chunks 5, 8).\n\n4. **Talent Strategy and Profitability:** Cognizant's focus on talent management, including regular merit increases and performance-based promotions, supports employee motivation and performance. However, increased compensation costs--due to merit cycles--did negatively impact segment operating margins in 2023. This was partially offset by currency movements and cost savings from efficiency programs (Chunk 1).\n\nIn summary, Cognizant's talent management initiatives directly support service quality by keeping employees skilled, engaged, and motivated, which in turn contributes to client satisfaction and operational efficiency. However, these initiatives also come with increased compensation costs, which can pressure profitability if not balanced by other savings or revenue gains.",""
"274","2791fff4","UDR's workforce strategy emphasizes community roles, ticker, employee engagement, and growth.","UDR","data\10k\converted\UDR.pdf","filename_fallback","151107,151102,151108,151103,151106,151105,151202,151373,151272,151092,151232,151276,151371,151334,151115,151273","452","UDR's workforce strategy places a strong emphasis on community roles, employee engagement, and organizational growth:\n\n- Community Roles: As of December 31, 2023, UDR employed 1,397 full-time and 13 part-time associates. Of these, 991 associates work directly in roles associated with UDR's communities, highlighting the importance of community-focused positions within the organization.\n\n- Employee Engagement: UDR has implemented initiatives to boost associate engagement, such as quarterly pulse surveys, centralized information sharing, an HR Monthly Newsletter, and internal recognition programs. These efforts are designed to improve communication, foster collaboration, and build a sense of community within the company.\n\n- Growth and Development: The company invests in training, offering over 6,000 courses and encouraging associates to pursue professional certifications. In 2023, associates logged a total of 13,924 training hours, averaging 10 hours per full-time associate. UDR also offers career advancement programs and conducts annual performance reviews to support employee development. Additionally, a Vice President of Organizational Development and Succession Planning was hired to align talent with organizational growth needs.\n\n- Inclusion and Diversity: UDR fosters a diverse and inclusive environment, providing resources and training on DEI (Diversity, Equity, and Inclusion) topics, and tracking workforce demographics to ensure progress.\n\n- Ticker: UDR, Inc.'s common stock is listed on the New York Stock Exchange under the ticker symbol ""UDR.""\n\nOverall, UDR's strategy is to enhance the associate experience, prioritize roles that support its communities, actively engage employees, and support professional growth, all of which contribute to the company's long-term success.",""
"277","b049d7dc","JNPR's inclusive culture drives talent & innovation advantage.","JNPR","data\10k\converted\JNPR.pdf","filename_fallback","87036,87042,87035,87037,87039,86984,86985,87040,87006,86986,87049,86995,87015,87005,86998","258","Juniper Networks' inclusive culture is a key driver of its talent and innovation advantage. The company actively fosters an inclusive, diverse, and authentic community, believing that inclusion and diversity are competitive assets that drive positive change and enable excellence. Juniper invests in holistic, flexible, and inclusive benefits and programs that support employees' varied needs, such as expanded medical coverage, support for working mothers, and paid days for volunteering.\n\nJuniper emphasizes employee engagement and development through initiatives like global sponsorship and leadership development programs, Affinity Groups, and a global allyship program. The company's Talent Matters framework encourages open communication between employees and managers, ensuring individual needs are recognized and aligned with company goals. In 2023, Juniper launched Junivator Career Connect, an internal talent marketplace supporting skills-based growth and career mobility.\n\nRecognition as a Great Place to Work in multiple countries and inclusion on lists like Fortune's Most Admired Companies and Ethisphere's World's Most Ethical Companies further reflect this commitment. By promoting a culture of belonging, collaboration, and continuous learning, Juniper leverages the creativity and commitment of its diverse workforce to deliver high-performance networks and drive innovation.",""
"278","a9a83309","Net product sales delta for 2022 vs 2023, MRNA.","MRNA","data\10k\converted\MRNA.pdf","filename_fallback","107697,107654,107655,107732,107670,107731,107672,107671,107673,107363,107674,107388,107746,107744","322","The net product sales for Moderna (MRNA) in 2022 were $18,435 million, and in 2023 were $6,671 million. The delta (change) in net product sales from 2022 to 2023 is a decrease of $11,764 million. This represents a 64% decline year-over-year.",""
"273","1b3c8958","Impacts on revenue & profitability due to J&J's product lifecycle & competitive dynamics.","JNJ","data\10k\converted\JNJ.pdf","filename_fallback","85922,85963,85894,85923,85969,86021,85893,86020,86009,85938,85993,85940,85964,85904,86154,85906","254","Johnson & Johnson's (J&J) revenue and profitability are significantly influenced by the product lifecycle and competitive dynamics in its markets:\n\n1. Patent Expirations and Loss of Exclusivity:\n- When J&J's products lose patent protection, they typically face rapid revenue and market share declines due to the introduction of competing generic or biosimilar products. For example, lower sales of REMICADE were attributed to biosimilar competition, and continued biosimilar competition is expected to further reduce sales. Similarly, the loss of exclusivity for products like PREZISTA and XEPLION led to revenue declines in their respective segments (Chunks 3, 4, 5, 7, 10).\n\n2. Competitive Pressure:\n- J&J operates in highly competitive markets across both its Innovative Medicine and MedTech segments. The company competes on cost-effectiveness, technological innovation, intellectual property rights, product performance, pricing, and reimbursement rates. Competitors' ability to develop more effective or less costly products and to secure intellectual property rights ahead of J&J can negatively impact sales of existing products and hinder the company's ability to bring new products to market (Chunks 1, 2, 4, 16).\n\n3. Need for Continuous Innovation:\n- The company's ability to offset revenue losses from product expirations relies on the successful development and commercialization of new products. New products introduced within the past five years accounted for approximately 25% of 2023 sales, reflecting the importance of innovation to sustain growth and profitability (Chunks 10, 13).\n\n4. Risks in Product Development:\n- The process of developing and launching new products is complex, resource-intensive, and uncertain. Only a few research and development programs result in commercially viable products, and even after regulatory approval, new products may not be quickly or widely accepted due to competition or changing market preferences. Delays or failures in innovation can adversely impact revenue and profitability (Chunk 10).\n\n5. Litigation and Regulatory Risks:\n- J&J also faces risks from patent challenges, allegations of intellectual property infringement, and product liability claims, which can result in legal costs, damages, or restrictions on sales, further affecting profitability (Chunks 3, 7).\n\n6. Market and Pricing Dynamics:\n- J&J's revenues are also impacted by rebates, discounts, and returns, particularly in the U.S. pharmaceutical market, which are accounted for as reductions in sales. The company regularly evaluates market conditions, including competitor pricing and trends, to adjust its strategies (Chunks 6, 8, 11).\n\nIn summary, J&J's revenue and profitability are closely tied to the lifecycle of its products (especially patent protection), the pace and effectiveness of innovation, and the intensity of competition. Loss of exclusivity leads to sharp revenue declines, while ongoing investment in R&D and successful product launches are crucial to maintaining growth and offsetting these losses.",""
"279","d1c0598c","Molson Coors (TAP) exec team age & experience influence cap alloc & growth.","TAP","data\10k\converted\TAP.pdf","filename_fallback","144994,145018,144959,145164,145075,144960,145348,145349,145152,144944,144967,144958,144989,145351,144988,145068","434","The executive team at Molson Coors (TAP) as of February 20, 2024, is composed of experienced leaders with the following ages and roles:\n\n- Gavin D.K. Hattersley, 61 - President and Chief Executive Officer\n- Tracey I. Joubert, 57 - Chief Financial Officer\n- Sergey Yeskov, 47 - President and CEO, Molson Coors EMEA&APAC\n- Natalie Maciolek, 45 - Chief Legal & Government Affairs Officer and Secretary\n- Michelle E. St. Jacques, 46 - Chief Commercial Officer\n\nTheir extensive experience and tenure (for example, the Global Chief Information Officer has over 35 years of industry experience, with over 29 years at Molson Coors) contribute to informed decision-making in capital allocation and growth strategies. The company's recent initiatives, such as the Acceleration Plan announced in October 2023, focus on strategies like growing core power brand net sales, premiumizing the portfolio, expanding beyond beer, and investing in capabilities and people. These strategic directions reflect the influence of an experienced executive team on driving growth and allocating capital to areas with the most potential for value creation and sustainability.\n\nAdditionally, regular involvement of executive leadership in employee engagement (e.g., CEO-hosted Q&A sessions) and a commitment to talent development and company culture further support the company's ability to effectively implement its growth and capital allocation strategies.",""
"282","efb47c52","ZBH's recent share repurchase volume & cost metrics.","ZBH","data\10k\converted\ZBH.pdf","filename_fallback","166037,166084,166058,166150,165940,166149,166088,166081,166083,165941,166218,166215,166217,166211,166210","494","Zimmer Biomet Holdings (ZBH) repurchased a total of 3,770,867 shares during the three months ended December 31, 2023, at an average price of $115.60 per share. The repurchases were part of a $1.0 billion share repurchase program authorized in February 2016 with no expiration date. As of December 31, 2023, $155.8 million remained authorized under this program. Additionally, in early January 2024, an extra 0.5 million shares were repurchased for $64.1 million.",""
"281","98cd5ed6","Impact of deferred rev on rev timing accuracy in Waste Mgt.","WM","data\10k\converted\WM.pdf","filename_fallback","161958,162052,161959,161960,161918,161961,161982,161759,162051,161928,161830,161831,161926,161913,162037","483","Deferred revenues at Waste Management, Inc. arise when cash payments are received or due in advance of the company's performance of services. These advanced billings are classified as deferred revenues and recognized as revenue in the period the service is actually provided. Importantly, substantially all deferred revenues are realized as revenues within one to three months, when the related services are performed. \n\nThis approach ensures that revenue timing is accurate, as revenue is recognized only when the services have been delivered, rather than when cash is received. There are no significant financing components associated with deferred revenues, and they are classified as current since they are earned within a year. This practice aligns revenue recognition closely with service delivery, supporting the accuracy of reported revenue timing.",""
"284","c9d8da0a","Catalent's (CTLT) operational resilience and growth impact.","CTLT","data\10k\converted\CTLT.pdf","filename_fallback","40709,40710,40730,40696,40734,40704,40729,40735,40695,40776,40700,40739,40722,40880,40915,40741","120","Catalent's operational resilience and growth are supported by several key factors:\n\n1. Diversified Operations and Investment: Catalent operates over fifty facilities across four continents, investing several billion dollars in recent years to expand its state-of-the-art manufacturing and development capabilities. This broad footprint and ongoing capital investment enable Catalent to meet evolving market needs and secure new business opportunities in biopharmaceutical, pharmaceutical, and consumer health sectors ([Chunk 4], [Chunk 15]).\n\n2. Supply Chain Management: The company sources a wide range of raw materials globally and maintains strong relationships with suppliers to ensure continuity of supply. Catalent also continually evaluates alternative sources to mitigate risks from supply disruptions, such as those caused by pandemics or geopolitical issues ([Chunk 3], [Chunk 7]).\n\n3. Quality and Operational Excellence: Catalent's operations are structured around continuous improvement, process standardization, and methodologies like Lean Six Sigma. In fiscal 2024, the company achieved approximately 96% on-time shipment delivery, reflecting robust operational performance ([Chunk 3], [Chunk 7]).\n\n4. Innovation and Product Pipeline: Catalent actively manages around 1,500 customer development programs and introduced 151 new products in fiscal 2024. Its leadership in advanced technologies and diversified product offerings (including biologics, cell and gene therapies, and innovative dose forms) positions it for sustained growth ([Chunk 1], [Chunk 11]).\n\n5. Customer Base and Long-Term Relationships: The company has longstanding relationships with leading pharmaceutical, biotechnology, and consumer health companies, including 88 of the top 100 branded drug and consumer health marketers globally. These relationships often result in long-duration commercial supply agreements, supporting revenue stability ([Chunk 13], [Chunk 11]).\n\n6. Organizational Culture and Talent: Catalent fosters a ""Patient First"" culture, prioritizes employee engagement, diversity, and inclusion, and has ongoing initiatives to reduce turnover and attract top talent. This strong workforce culture underpins operational resilience and supports growth ([Chunk 4], [Chunk 5], [Chunk 8], [Chunk 12], [Chunk 16]).\n\n7. Financial Stability: Catalent maintains strong liquidity, with adequate cash on hand, operating cash flow, and borrowing capacity to meet future needs, supporting ongoing operations and capital projects ([Chunk 14]).\n\nOverall, Catalent's operational resilience is built on its global infrastructure, quality focus, supply chain management, and people strategy, while its growth is driven by innovation, a diverse customer base, and significant investments in capacity and technology.",""
"283","4785e38b","PACCAR's revenue mix dynamics from 2021-2023.","PCAR","data\10k\converted\PCAR.pdf","filename_fallback","116410,116449,116525,116399,116398,116452,116405,116402,116453,116420,116362,116406,116354,116487,116363","349","From 2021 to 2023, PACCAR's revenue mix showed notable changes across its business segments:\n\n- Truck Segment: The Truck segment remained the dominant contributor, accounting for 77% of revenues in 2023 (up from 75% in 2022). Truck net sales and revenues increased from $21.49 billion in 2022 to $26.85 billion in 2023, primarily due to higher truck deliveries and improved price realization in all major markets (Chunks 5, 7, 12).\n\n- Parts Segment: The Parts segment contributed 18% of total net sales and revenues in 2023, with parts sales rising from $5.76 billion in 2022 to $6.41 billion in 2023. The growth was driven by higher price realization and continued strong demand for aftermarket parts (Chunks 5, 11).\n\n- Financial Services Segment: Financial Services accounted for 5% of revenues in both 2022 and 2023. Segment revenues grew from $1.51 billion in 2022 to $1.81 billion in 2023, due to portfolio growth and higher portfolio yields. The new loan and lease volume increased from $6.22 billion in 2022 to $7.21 billion in 2023 (Chunks 1, 5, 15).\n\n- Other: The ""Other"" business, which includes industrial winches and non-attributable sales, consistently represented less than 1% of total revenues in 2022 and 2023 (Chunk 10).\n\nOverall, from 2021 to 2023, PACCAR's revenue mix has remained concentrated in the Truck and Parts segments, with Truck increasing its share, Parts remaining steady, and Financial Services providing a stable but smaller share of revenues while achieving solid growth in absolute terms. The company experienced significant revenue growth across all segments, with the most substantial increases in the Truck segment.",""
"280","801ff629","SWK contractual cash obligations maturity breakdown & liquidity demand.","SWK","data\10k\converted\SWK.pdf","filename_fallback","142104,142201,142106,142202,142212,142210,142268,142096,142105,141961,142098,142249,141951,142090,142206,141945","424","Stanley Black & Decker (SWK) has detailed its significant contractual cash obligations and liquidity demands as follows:\n\nContractual Cash Obligations Maturity Breakdown (as of December 30, 2023):\n\n| (Millions of Dollars)         | Total   | 2024   | 2025-2026 | 2027-2028 | Thereafter |\n|-------------------------------|---------|--------|-----------|-----------|------------|\n| Long-term debt                | $6,154  | $1     | $1,403    | $1,100    | $3,650     |\n| Interest on long-term debt    | 3,204   | 237    | 421       | 343       | 2,203      |\n| Short-term borrowings         | 1,075   | 1,075  | --         | --         | --          |\n| Lease obligations             | 613     | 135    | 196       | 126       | 156        |\n| Inventory purchase commitments| 789     | 787    | 2         | --         | --          |\n| Deferred compensation         | 25      | --      | 1         | 1         | 23         |\n| Marketing commitments         | 73      | 38     | 35        | --         | --          |\n| Forward stock purchase contract| 350    | 350    | --         | --         | --          |\n| Pension funding obligations   | 35      | 35     | --         | --         | --          |\n| U.S. income tax               | 171     | 88     | 83        | --         | --          |\n| Supplier agreements           | 199     | 88     | 82        | 29        | --          |\n| Derivatives                   | 18      | 18     | --         | --         | --          |\n| **Total**                     | **12,706** | **2,852** | **2,223** | **1,599** | **6,032** |\n\nKey Points:\n\n- The largest upcoming cash obligations are in 2024 ($2.85 billion), with significant amounts also due in the 2025-2026 ($2.22 billion), 2027-2028 ($1.60 billion), and thereafter ($6.03 billion) periods.\n- Major components are long-term debt principal and interest, short-term borrowings, lease obligations, and inventory purchase commitments.\n- A $350 million forward share purchase contract is due in 2024.\n\nLiquidity Demand & Resources:\n\n- The company's primary sources of liquidity are cash generated from operations and available lines of credit.\n- SWK has a $3.5 billion commercial paper program (with $1.1 billion outstanding at year-end 2023) and had not drawn on its $2.5 billion five-year committed credit facility or its $1.5 billion 364-day syndicated credit agreement as of December 30, 2023. Together with other uncommitted facilities, the total short-term and long-term committed and uncommitted lines of credit aggregate to approximately $4.3 billion.\n- Cash flows from operations in 2023 were $1.191 billion (improved from a cash outflow in 2022), with free cash flow of $853 million in 2023.\n- The company also manages liquidity with voluntary supply chain finance programs and maintains an interest coverage covenant to ensure ongoing access to credit.\n\nIn summary, SWK has substantial contractual cash obligations in the near and long term, but also has robust liquidity resources including cash flows from operations and significant undrawn credit facilities to meet these demands.",""
"289","89ae7f9f","CME Group's financial impact from cybersecurity risk mitigation efforts.","CME","data\10k\converted\CME.pdf","filename_fallback","29610,29430,29561,29517,29570,29653,29506,29560,29545,29512,29516,29616,29468,29535,29447,29704","90","I cannot find sufficient information in the provided documents to answer this question.",""
"287","8f62cc27","Impact of contract cost amortization on Stanley Black & Decker (SWK).","SWK","data\10k\converted\SWK.pdf","filename_fallback","142152,142195,142175,141945,142194,142154,142142,142313,142144,142141,142148,142174,142143,142309,141941,142134","424","Stanley Black & Decker recognizes incremental costs of obtaining or fulfilling a contract with a customer as assets if they are expected to be recovered, and these are typically amortized over the contract period. If the amortization period is one year or less, the costs are expensed as incurred. These incremental contract costs are classified as ""Other current assets"" or ""Other assets"" in the Consolidated Balance Sheets and are amortized over the life of the contract.\n\nThe impact of this amortization is that it spreads the expense recognition of contract acquisition or fulfillment costs over the period in which the related revenue is recognized, aligning expenses with revenue. This approach helps ensure that the reported financial results accurately reflect the costs associated with generating revenue from contracts. If the contract period is short (one year or less), the impact is immediate, as the costs are expensed when incurred. If the contract period is longer, the expense is deferred and recognized over time, which can impact the timing of expense recognition in the company's financial statements.\n\nNo specific dollar impact or quantitative effect is detailed in the provided context, but the general effect is to match contract costs with the corresponding revenue over the life of the contract, affecting the timing of expense recognition on the income statement and the classification of assets on the balance sheet.",""
"288","189384db","Innovation comp strategy for ABT nutritional products.","ABT","data\10k\converted\ABT.pdf","filename_fallback","402,404,401,407,418,419,440,509,506,427,505,474,471,398,399","3","Abbott's competitive strategy for innovation in its Nutritional Products segment focuses on several key areas:\n\n- Ingredient Innovations: A significant aspect of competition in nutritional products is the search for new ingredient innovations. Abbott invests in research and development to identify and develop ingredients and products that address the nutritional needs of specific populations, such as infants, adults, or patients with particular health conditions (Chunk 2, Chunk 11).\n- Scientific Innovation: Abbott emphasizes scientific innovation in the formulation of its products, developing new products and line extensions that build on advances in areas like gastrointestinal/immunity health, brain health, mobility and metabolism, and user experience (Chunk 8).\n- Product and Packaging Development: Abbott pursues new formulations and packaging changes, particularly for infant formula products, and seeks regulatory approval as necessary to bring these innovations to market (Chunk 11).\n- Marketing and Professional Endorsement: The company directs its marketing efforts at both consumers and healthcare professionals to secure recommendations for its products, leveraging both advertising and professional advocacy (Chunk 1).\n- Global Reach and Adaptation: Abbott manufactures and markets its nutritional products worldwide, adapting its portfolio to meet diverse regulatory requirements and consumer needs in different markets (Chunk 1, Chunk 11).\n- Ongoing R&D Investment: Abbott commits substantial resources to research and development to continually launch new science-based products and line extensions, with an ongoing pipeline of products under development (Chunk 8, Chunk 10, Chunk 12).\n\nIn summary, Abbott's innovation competitive strategy for nutritional products is centered on continuous scientific and ingredient innovation, adaptation to global market needs, regulatory compliance, and targeted marketing to maintain and grow its competitive advantage.",""
"285","c62dca3d","SBA's revenue mix: site leasing vs. dev. growth & profitability trends from 2021-23.","SBAC","data\10k\converted\SBAC.pdf","filename_fallback","133731,133826,133653,133640,133654,133639,133648,133829,133665,133749,133553,133572,133549,133642","398","From 2021 to 2023, SBA Communications' revenue mix was heavily weighted toward site leasing, which consistently represented about 93% of total revenues, while site development contributed approximately 7% (Chunks 1, 7, 10).\n\nRevenue Growth Trends:\n- Site leasing revenues grew each year: $2,104.1 million (2021), $2,336.6 million (2022), and $2,516.9 million (2023).\n- Site development revenues fluctuated: $204.7 million (2021), increased to $296.9 million (2022), then decreased to $194.6 million (2023) (Chunk 1).\n\nProfitability Trends:\n- Site leasing generated the vast majority of SBA's operating profit: 97.4% in both 2021 and 2023, and 96.2% in 2022. Within site leasing, domestic operations contributed the most, though international leasing's share increased over time (Domestic: 80.7% in 2021, 77.0% in 2022, 75.2% in 2023; International: 16.7% in 2021, 19.2% in 2022, 22.2% in 2023) (Chunks 4, 6).\n- Domestic site leasing operating profit increased by $64.5 million in 2023 versus 2022, mainly from organic growth, acquisitions, and new builds.\n- International site leasing operating profit grew by $88.8 million in 2023 versus 2022, driven by tower acquisitions/builds and organic growth (Chunk 3, 5).\n- Site development segment operating profit decreased by $19.2 million in 2023 compared to 2022, reflecting reduced carrier activity (Chunks 3, 5).\n\nSummary:\nSBA's core business is site leasing, which has shown steady growth in both revenue and profitability from 2021 to 2023, particularly as international operations expanded. Site development, a much smaller segment, saw revenues peak in 2022 before declining in 2023, with profitability trends mirroring this pattern. Overall, site leasing remains the dominant and most profitable part of SBA's business.",""
"291","530979cf","SDI share repurchase breakdown (shrs & expenditures by period)","SDI","","fallback_no_files_on_disk","52588,68231,158145,128300,50663,158186,147618,45058,82278,27667,58990,100531,149457,149397,73025","133,198,300,173,243,148,84,214,472,154,443,446,383","I cannot find sufficient information in the provided documents to answer this question.",""
"286","f3af39b3","Implications for liquidity in repurchase funding for PYPL.","PYPL","data\10k\converted\PYPL.pdf","filename_fallback","127373,127532,127372,127330,127309,127331,127295,127335,127350,127219,127351,127509,127293,127552,127334,127435","380","PayPal's stock repurchase programs are funded from its working capital or other financing alternatives, meaning that the company uses its available cash or may seek additional funding to support repurchases (Chunks 2, 4, 6). The programs are subject to market conditions and other uncertainties, and PayPal may terminate them at any time without notice (Chunks 2, 4, 6).\n\nRegarding liquidity, PayPal's material cash requirements include funds for stock repurchases, among other needs such as operating activities, credit products, and capital expenditures (Chunk 3). Any significant repurchase activity reduces available liquidity and could impact the company's ability to meet other obligations. As of December 31, 2023, approximately $10.9 billion remained authorized for future repurchases under the current program (Chunk 2, 6).\n\nAdditionally, macroeconomic conditions or turmoil in financial markets could strain PayPal's liquidity position and potentially affect its ability to access capital markets, which could, in turn, limit its ability to fund repurchases (Chunk 5, 8, 15). \n\nIn summary, PayPal funds stock repurchases from its working capital or financing alternatives, and significant repurchase activity can reduce liquidity available for other needs. Adverse market conditions could further constrain liquidity and impact the ability to continue repurchase activities.",""
"294","c87bf5e6","NEM Q4 2023 share repurchase volumes & monthly avg price variation.","NEM","data\10k\converted\NEM.pdf","filename_fallback","118941,119087,119125,118948,119153,119227,119222,119272,118650,119082,118977,118947,119086,119089,119170,118654","356","In Q4 2023, Newmont (NEM) repurchased a total of 16,175 shares of its equity securities. The monthly breakdown and average prices paid per share were as follows:\n\n- October 2023: 798 shares at an average price of $41.13 per share\n- November 2023: 14,957 shares at an average price of $37.79 per share\n- December 2023: 420 shares at an average price of $38.70 per share\n\nThe average price per share paid varied, with the highest in October ($41.13), decreasing in November ($37.79), and rising slightly in December ($38.70).",""
"290","46f556a4","Competitor consolidation in adjacent mkts affects AUTDSK's pricing power, rev margins, & overall impact.","ADSK","data\10k\converted\ADSK.pdf","filename_fallback","5233,5236,5449,5569,5357,5426,5255,5234,5375,5356,5489,5225,5269,5555,5434,5490","19","Competitor consolidation in adjacent markets intensifies competition for Autodesk, which can lead to several impacts on the company:\n\n- Pricing Power: Increased competition from consolidated competitors--who may now have broader product portfolios and greater resources--can result in price reductions as Autodesk may need to lower prices to remain competitive.\n- Revenue Margins: Heightened competition and potential price pressures can reduce Autodesk's net revenue and profit margins.\n- Overall Impact: Loss of market share is a risk, and overall competitive conditions are likely to intensify. This could harm Autodesk's business if it cannot differentiate its offerings or adapt to the changing competitive landscape.\n\nThese effects are compounded by the fact that some competitors have greater financial, technical, sales, and marketing resources, making it more challenging for Autodesk to maintain its market position and profitability. (See Chunks 1, 2, 8, and 13.)",""
"292","481f256c","MGM's repurchase of shares impacts EPS valuation.","MGM","data\10k\converted\MGM.pdf","filename_fallback","100531,100691,100690,100566,100572,100530,100633,100688,100605,100606,100687,100565,100705,100686","300","MGM's repurchase of shares reduces the total number of shares outstanding, which in turn increases earnings per share (EPS), assuming net income remains constant. The reduction in share count means that the company's net income is spread across fewer shares, thereby increasing the EPS. This can make the company's stock appear more valuable on an EPS valuation basis, even if overall net income does not change.\n\nFor example, the provided financial data shows that MGM repurchased approximately 54 million shares in 2023 for an aggregate amount of $2.3 billion, and these shares were retired. The weighted-average common shares outstanding decreased from 409.2 million in 2022 to 354.9 million in 2023. As a result, with net income attributable to MGM Resorts International at $1.14 billion in 2023, the basic EPS increased due to the lower share count.\n\nIn summary, share repurchases by MGM increase the company's EPS by reducing the number of shares outstanding, which can positively impact EPS-based valuation metrics.",""
"295","5507934d","Execs at MetLife (MET) transition dec decision-making cap allocation.","MET","data\10k\converted\MET.pdf","filename_fallback","123912,124088,124087,123911,123900,123910,123970,124106,124546,123909,124116,123840,123833,124305,123967,124233","372","MetLife's capital allocation decision-making involves several layers of senior management and board oversight. Senior management committees, such as the Capital Management Committee and the Enterprise Risk Committee (ERC), regularly review actual and projected capital levels--including under stress scenarios--and the annual capital plan, in line with the company's capital policy. The Capital Management Committee includes MetLife's Chief Financial Officer (CFO), Treasurer, and Chief Risk Officer (CRO). The ERC includes the CFO, CRO, and Chief Investment Officer.\n\nThe Board of Directors and senior management are directly involved in developing and maintaining the capital policy, which outlines minimum and target capital levels and the governance of the capital management process. All capital actions--including proposed changes to the annual capital plan, capital targets, or capital policy--are reviewed by the Finance and Risk Committee of the Board before seeking full Board approval. The Board approves the capital policy, the annual capital plan, and authorizes capital actions as required.\n\nThis structure ensures that capital allocation decisions are subject to rigorous review and oversight at both the management and Board levels, with regular consideration of current and projected capital needs across a variety of scenarios.",""
"293","ea4d9ae5","Loews Q4 2023 share repurchase split for Loews, Oct vs Nov/Dec.","L","data\10k\converted\L.pdf","filename_fallback","97741,97968,97740,97781,97857,97855,98014,97985,97854,97984,97892,97905,98008,97745,97995","291","During the fourth quarter of 2023, Loews Corporation repurchased shares of its common stock as follows:\n\n- October 2023: 1,104,316 shares at an average price of $63.40 per share\n- November 2023: 252,096 shares at an average price of $64.98 per share\n- December 2023: 785,300 shares at an average price of $68.45 per share\n\nSo, the split is:\n- October: 1,104,316 shares\n- November + December: 1,037,396 shares (252,096 in November + 785,300 in December)",""
"298","2448d34a","2023 interest exp. for PPL Corp sees a 20% reduction.","PPL","data\10k\converted\PPL.pdf","filename_fallback","138795,138783,138865,138796,138777,138785,139159,139157,138786,139104,139169,139168,139141,138784,138870,138821","414","The context provided does not support the statement that PPL Corporation's interest expense saw a 20% reduction in 2023. In fact, the interest expense for PPL Corporation increased in 2023 compared to 2022. Specifically, interest expense was $666 million in 2023, up from $513 million in 2022 (see Chunk 3). This represents an increase, not a reduction, in interest expense. The increase was primarily due to increased borrowings and higher interest rates (see Chunk 5 and Chunk 2).",""
"297","86fc0568","Teleflex's strategic focus on exec specialization is key, with strong emphasis on risk mgmt.","TFX","data\10k\converted\TFX.pdf","filename_fallback","140739,140738,140708,140737,140729,140736,140730,140787,140844,140735,140788,140732,140710,140772,140709,140734","419","Teleflex places significant emphasis on executive specialization and risk management as part of its strategic focus. The company's executive team comprises individuals with deep experience in their respective fields, such as operations, finance, human resources, legal, commercial, and manufacturing, each bringing years of leadership in healthcare and related industries (see Chunk 6 and Chunk 10).\n\nRisk management is integral to Teleflex's operations. The company identifies and addresses a range of risks, including those related to competition, product development, supply chain, human capital, and cybersecurity. For example, Teleflex has a dedicated cybersecurity program managed by experienced leaders and overseen by the Audit Committee of the Board of Directors, which regularly reviews the company's risk posture and mitigation strategies (Chunks 8 and 11). The company also recognizes the importance of retaining key talent and maintaining strong relationships with healthcare professionals to support ongoing innovation and mitigate operational risks (Chunk 14).\n\nOverall, Teleflex's approach combines specialized executive roles with robust risk management frameworks to support sustainable growth and operational resilience.",""
"299","1be331b8","Impact of AAL LAX modernization on capital allocation & investment cash flows, AAL.","AAL","data\10k\converted\AAL.pdf","filename_fallback","12738,12737,12629,12736,12628,12652,12539,12450,12451,12663,12725,12549,12750,12748,12726","39","The LAX modernization project significantly impacts American Airlines' (AAL) capital allocation and investment cash flows:\n\n- Capital Allocation: As of December 31, 2023, American has incurred $862 million in costs related to the LAX modernization project, with $283 million of those costs incurred in 2023. The project is managed by American, which holds legal title to the assets during construction. These assets are recognized on American's consolidated balance sheets within operating property and equipment until they are sold and transferred to Los Angeles World Airports (LAWA) as each phase is completed and ready for use.\n\n- Investment Cash Flows: Cash paid for non-proprietary improvements (those that will be transferred to LAWA) is included within ""other investing activities"" on American's consolidated statements of cash flows. As of December 31, 2023, American had sold and transferred $346 million of non-proprietary improvements to LAWA (with $170 million occurring in 2023). For improvements not yet ready for use, any cash payments received from LAWA are recorded as a financial liability within noncurrent other liabilities and reflected as ""other financing activities"" on the cash flow statement. At year-end 2023, $53 million of cash proceeds had been received for non-proprietary improvements not yet ready for use.\n\nOverall, the project involves substantial capital expenditures, with outflows recorded as investing activities and some inflows from LAWA recorded as financing activities until the assets are transferred. This approach temporarily increases the company's capital spending and affects both the investing and financing sections of AAL's cash flow statements.",""
"300","b63edeb7","Impact on net margin and financial health from VICI's 2023 interest exp. % of rev.","VICI","data\10k\converted\VICI.pdf","filename_fallback","153284,153289,153221,153283,153288,153349,153380,153215,153216,153315,153218,153200,153224,153227,153376","457","In 2023, VICI Properties Inc. had an interest expense of $818.1 million and total revenues of $3,612.0 million. This means interest expense accounted for approximately 22.6% of total revenue ($818.1M / $3,612.0M ≈ 22.6%).\n\nImpact on Net Margin:\n- Despite the high interest expense, VICI reported strong net income attributable to common stockholders of $2,513.5 million, resulting in a net margin of approximately 69.6% ($2,513.5M / $3,612.0M).\n- This indicates that while interest expense is a significant portion of revenue, it does not critically impair VICI's net margin, which remains robust.\n\nImpact on Financial Health:\n- The increase in interest expense was mainly due to higher debt levels from acquisitions and financing activities (see Chunk 3).\n- Even with increased debt and interest costs, VICI's retained earnings, equity base, and cash flows remained strong (see balance sheet in Chunk 4), indicating continued financial stability.\n- VICI's ability to cover high interest costs and still generate substantial net income demonstrates resilient financial health, though ongoing monitoring of leverage and interest coverage is prudent as debt levels rise.\n\nIn summary, while interest expense made up about 22.6% of revenue in 2023, VICI maintained a strong net margin and stable financial health, supported by substantial revenues, acquisitions, and effective management of its capital structure.",""
"296","e95ef96c","Cash flow rev stability over the long term from PPAs for CMS Energy.","CMS","data\10k\converted\CMS.pdf","filename_fallback","38026,38255,38025,38123,38216,38247,38217,38128,38024,38121,38279,38120,38186,38169,38097,38244","113","CMS Energy and Consumers have significant long-term purchase power agreements (PPAs) that support stable and predictable cash flows over the long term. As of December 31, 2023, Consumers had future commitments to purchase capacity and energy under long-term PPAs totaling $7.2 billion from 2024 through 2048, with annual payments ranging from $0.7 billion to $0.8 billion over the next five years. These contracts require monthly capacity payments based on the plants' availability or deliverability, which helps ensure ongoing revenue streams for the counterparties and stable outflows for Consumers (Chunks 1, 3, 7).\n\nSome of these PPAs are accounted for as leases and include both fixed and variable payments based on energy delivered. For example, lease revenue from power sales agreements was $116 million in 2023, including $74 million in variable payments (Chunk 6). Many PPAs contain provisions for annual renewal after the initial contract term, further contributing to long-term revenue and cost predictability (Chunk 16).\n\nOverall, the structure and duration of these PPAs, along with their renewal and payment provisions, provide a high degree of revenue stability and predictability for CMS Energy and Consumers over the long term.",""
