query_id,query,chunk_ids,document_ids,final_answer
6804abce,"The impact of Albemarle's dividend policy on fin flex & growth is noteworthy, ALB.","7948,8122,8123,8233,8229,7954,8230,7758,7754,7749,7775,8011,7967,8221,8210,8162",26,"Albemarle's dividend policy reflects a long-standing commitment to returning capital to shareholders, as demonstrated by increasing its quarterly dividend for the 29th consecutive year in the first quarter of 2023, raising it to $0.40 per share (Chunk 6). This consistent dividend growth signals financial stability and shareholder focus. At the same time, Albemarle maintains financial flexibility and supports growth. The company's principal uses of cash include capital investments, resource development, working capital, debt service, pension contributions, dividends, and share repurchases. Historically, Albemarle has funded these needs through cash from operations, debt financing, and equity issuances, indicating a balanced approach between returning capital and investing in future growth (Chunk 12). Albemarle’s approach allows it to continue investing in high-priority businesses and maintain leverage flexibility, supporting both growth and shareholder returns (Chunk 11). The Board of Directors retains discretion over dividend payments and there is no guarantee of future dividends, which further supports financial flexibility (Chunk 1). In summary, Albemarle’s dividend policy demonstrates a strong commitment to shareholder returns while preserving the financial flexibility needed to invest in growth opportunities and manage leverage."
89a360a7,EPS growth multiplier check HES from 2021 to 2023.,"73514,73589,73451,73516,73452,73435,73449,73463,73450,73600,73513,73469,73557,73370",216,"To determine the EPS (Earnings Per Share) growth multiplier for Hess Corporation (HES) from 2021 to 2023, we compare the diluted EPS for both years: - 2021 Diluted EPS: $1.81 - 2023 Diluted EPS: $4.49 Growth multiplier = 2023 EPS / 2021 EPS = $4.49 / $1.81 ≈ 2.48 So, Hess Corporation's diluted EPS grew by a multiplier of approximately 2.48 from 2021 to 2023."
9fd50629,Capex trend for WST 2023 vs 2022 will impact ops efficiency and risk significantly.,"159100,159098,159099,159096,45740,159140,159097,134229,158996,158995,43670,158993,158997,158161,43669","129,136,400,472,475","West Pharmaceutical Services, Inc. (WST) increased its capital expenditures (capex) from $284.6 million in 2022 to $362.0 million in 2023, reflecting a significant investment in its operations. However, there is no indication in the provided documents that this increase in capex will have a material effect on operational efficiency or risk for 2024 compared to prior periods. Specifically, it is noted that there were no required material capital expenditures for regulatory compliance or environmental controls in 2023, and none are planned for 2024. The company explicitly states that compliance with existing and forthcoming laws and regulations did not require material capital expenditures in 2023 and is not expected to have a material effect on capex, results of operations, or competitive position in 2024 compared to prior periods. In summary, while capex increased in 2023, West does not expect this trend to significantly impact operational efficiency or risk in the near future."
11dac9fd,Impact on rev. forecast for EU&I GU&I from DUK contract structure.,"62908,62903,62732,62419,62399,62736,62855,62532,62731,62533,62403,62404,62725,62418",183,"The revenue forecast for Duke Energy’s Electric Utilities & Infrastructure (EU&I) and Gas Utilities & Infrastructure (GU&I) segments is shaped by their contract structures, which provide both stability and some degree of variability: 1. EU&I Segment: - Revenues are largely derived from retail and wholesale electric service contracts. Retail contracts are typically at-will (customers can cancel anytime without penalty), and are billed based on actual usage for each billing period, usually one month. Tariff rates are set by regulators and include energy, demand, facilities, and other charges, all bundled into a single performance obligation (Chunks 2, 10). - Wholesale contracts are generally long-term with cost-based pricing, regulated by FERC, and include both energy and demand charges (Chunk 2). - This contract structure means EU&I’s revenues are closely tied to regulatory-approved rates and actual customer usage, making them relatively stable but still subject to fluctuations from weather, economic activity, and changes in usage patterns (Chunks 1, 2, 5). - In Ohio, competition affects only the supply portion, as EU&I earns margin from transmission and distribution, not the energy cost itself (Chunk 5). 2. GU&I Segment: - Revenues are based on regulated rates, with most contracts structured to reduce volatility from usage fluctuations due to weather. Mechanisms such as margin decoupling (NC) and weather normalization (SC, TN, KY) provide set margins or adjust revenues for weather deviations, stabilizing revenue streams even if actual usage varies (Chunk 4). - In Ohio, most non-fuel revenue is collected through fixed monthly charges, further insulating revenue from usage changes (Chunk 4). - GU&I’s structure as the sole provider in its regions, with regulated rates and decoupling mechanisms, reduces exposure to competitive and weather-driven revenue risks (Chunk 4, 14). In summary, both EU&I and GU&I’s contract structures, with regulatory oversight and specific mechanisms (like decoupling and weather normalization), provide a high degree of predictability and stability to revenue forecasts, mitigating the impact of short-term fluctuations in customer usage or weather. However, EU&I is somewhat more exposed to variable usage and economic factors, while GU&I’s regulatory mechanisms provide even greater revenue stability."
c055991e,How are energy efficiency and Green500 recognition impacting profitability and cost mgmt in Nvidia GPU businesses (NVDA)?,"111797,111781,111773,111780,111795,111907,21751,111937,209,111900,111908,111776,111794,111771,111901,4563","17,66,2,334","NVIDIA's focus on energy efficiency, particularly through its GPU-accelerated computing, plays a significant role in its business strategy and operational outcomes. Their GPUs are designed to be more energy efficient than traditional computing for many workloads, as they are optimized for throughput and performance per watt, which translates to lower power consumption and operational costs for both NVIDIA and its customers (Chunk 1, Chunk 2). Recognition on the Green500 list—where NVIDIA powered 24 of the top 30 most energy-efficient systems—demonstrates the effectiveness of their energy-efficient technologies (Chunk 1, Chunk 3). This strong presence on the Green500 list reinforces NVIDIA's value proposition to customers seeking high performance with lower energy costs, which can drive sales and market share in power-sensitive sectors such as data centers and supercomputing. From a cost management perspective, NVIDIA's commitment to energy efficiency and renewable energy sourcing has not materially increased their capital expenditures or negatively impacted their competitive position (Chunk 5). In fact, their ongoing improvements in energy efficiency and recognition for these achievements likely help attract customers and partners, further supporting revenue growth and profitability. Overall, NVIDIA’s emphasis on energy efficiency and its Green500 recognition enhance profitability by: - Lowering operational energy costs for customers, making NVIDIA products more attractive, - Supporting higher demand for energy-efficient solutions, boosting sales, - Avoiding significant increases in company operating costs related to sustainability, and - Strengthening NVIDIA’s reputation and competitive differentiation in key markets. Thus, energy efficiency and Green500 recognition positively impact both profitability and cost management in NVIDIA's GPU businesses."
66e3354c,Ticker VRTX: near-term global launch strategy & long-term value outlook.,"159461,159228,159209,159214,159529,159194,159354,159526,159530,160540,159304,160554,160545,160520,160541","480,476","Near-Term Global Launch Strategy: Vertex Pharmaceuticals (VRTX) is actively preparing for several near-term product launches globally. Key aspects of their strategy include: - Expansion of Treatment Centers: Vertex has activated 12 authorized treatment centers (ATCs) in the U.S., 3 in Europe, and 1 in Saudi Arabia, with goals to increase to approximately 50 ATCs in the U.S. and 25 in Europe. This supports access to their gene-editing therapy CASGEVY. - Access Agreements: They have secured an agreement with Synergie Medication Collective, providing access to CASGEVY for about 100 million people. - Upcoming Product Launches: - Vanzacaftor/tezacaftor/deutivacaftor (a new once-daily triple combination for cystic fibrosis): Positive Phase 3 data has been announced, and global regulatory filings (FDA, EMA, Health Canada) are planned by mid-2024. - VX-548 for moderate-to-severe acute pain: Positive Phase 3 trial results were announced in January 2024, with plans to submit a New Drug Application (NDA) to the FDA by mid-2024. VX-548 has received Breakthrough Therapy and Fast Track designations in the U.S. - Commercial Infrastructure: Vertex is building and hiring teams to support product launches, particularly for VX-548 in U.S. hospitals and ambulatory surgery centers, targeting an estimated 80 million acute pain patients annually. Long-Term Value Outlook: - Pipeline Strength: Vertex is advancing a diversified pipeline of potentially transformative medicines across serious diseases, including cystic fibrosis (with ongoing work on mRNA therapeutics with Moderna), acute and neuropathic pain, and type 1 diabetes. - Leadership in Cystic Fibrosis: The new triple combination therapy aims to reinforce Vertex’s position as a leader in CF, offering a once-daily regimen with a lower royalty burden and targeting broader patient segments (current users, new initiates, and those who discontinued previous modulators). - Non-Opioid Pain Market: VX-548 is positioned as a transformative, non-opioid option for acute pain, addressing the limitations and risks of opioids, and backed by clinical trial data. - Reimbursement and Market Access: Vertex emphasizes the importance of reimbursement from third-party payors and is working with policymakers to facilitate patient access, especially for non-opioid pain therapies. Overall, Vertex’s near-term strategy centers on launching new products with global reach, expanding access infrastructure, and leveraging positive clinical data. Long-term value is supported by a robust pipeline, leadership in key therapeutic areas, and strategic commercial execution, aiming to sustain innovation and market growth."
c094f362,Fox Corp's workforce strategy may impact risk & profitability. FOXA.,"61831,61838,61839,61837,61896,5712,56289,61781,61834,93260,61840,61958,61836,62027,88311,61947","166,262,20,277,181","Fox Corporation’s workforce strategy is focused on recruiting a talented and diverse workforce, fostering inclusion, offering competitive compensation and benefits, supporting work-life balance, and investing in employee growth and development. This strategy can impact risk and profitability in several ways: Risk Mitigation: - By fostering a diverse, inclusive, and respectful workplace, Fox aims to reduce risks related to harassment, discrimination, and workplace misconduct. Policies, training, and anonymous reporting channels are in place to address and prevent such risks. - Health and safety programs, along with mental health support and emergency planning, work to minimize risks associated with workplace incidents and support business continuity. - Efforts to recruit and retain talent—including leadership development, succession planning, and specialized training—help mitigate the risk of talent shortages and ensure operational stability. Profitability Enhancement: - Competitive pay, comprehensive benefits, and programs for employee wellness, career development, and leadership training help attract and retain top talent, which can enhance productivity and innovation. - Linking senior employee pay to corporate performance aligns employee interests with those of shareholders, potentially driving better financial results. - A diverse and engaged workforce supports the creation of programming that appeals to a broad audience, which may improve market reach and revenue. Overall, Fox’s workforce strategy is designed to reduce human capital-related risks and support profitability by cultivating a high-performing, stable, and innovative workforce."
0bd0d81f,"YoY headcount change calc and its impact on growth/scalability for Cencora, Inc. CEN.","31373,31533,31532,58579,161533,161402,136212,31392,31393,31639,161461,31479,31581,31638,31586,31578","96,482,172,406","The provided documents do not give explicit year-over-year (YoY) headcount numbers or a direct calculation of headcount changes for Cencora, Inc. However, there are several insights related to employee development, restructuring, and costs: - Cencora emphasizes talent development as a strategic priority, investing in employee growth, leadership programs, and professional development (Chunks 8 and 9). In fiscal 2024, more than 75% of team members participated in the Employee Experience Survey, suggesting a focus on engagement and retention. - The company undertook restructuring and workforce reductions in both fiscal 2023 and 2024. Restructuring and employee severance costs were $105.2 million in 2023 and $69.97 million in 2024, indicating ongoing efforts to optimize the workforce and possibly reduce headcount (Chunk 15). - Restructuring costs in 2024 specifically included expenses related to facility closures and workforce reductions in both reportable segments, which implies a decrease in headcount during that period. Impact on Growth and Scalability: - The restructuring and workforce reductions are part of broader business transformation initiatives aimed at improving operational efficiency and scalability. These efforts, including technology and strategic initiatives, are designed to position Cencora for future growth even as they may temporarily reduce the workforce. - Investments in talent development and a strong focus on diversity and inclusion are intended to create a supportive, innovative workplace that can scale effectively as the business grows (Chunks 8 and 9). In summary, while specific YoY headcount figures are not provided, the context indicates that Cencora has reduced headcount through restructuring, with the goal of improving scalability and operational efficiency, while continuing to invest in employee development to support long-term growth. If you require the exact headcount numbers or a precise calculation of YoY change, that information is not available in the provided documents."
4c76abf9,Impact on capital allocation & growth risks for PYPL trial.,"127415,127348,127552,127551,127414,127209,127218,127439,127215,127238,127333,127514,127330,127249,127205,128250","380,383","Based on the provided context, PayPal (PYPL) faces several risks that can impact capital allocation and growth: 1. **Regulatory Risks**: PayPal operates in a rapidly evolving regulatory environment with heightened focus on areas such as anti-money laundering, privacy, cybersecurity, and consumer protection. New or changing laws, regulations, and increased penalties for non-compliance could have a material adverse effect on PayPal’s business, results of operations, and financial condition. This uncertainty requires PayPal to monitor these areas closely and design compliant solutions, which can affect how capital is allocated to ensure compliance and manage potential liabilities (Chunks 1, 5, 11). 2. **Litigation and Regulatory Proceedings**: PayPal is involved in ongoing legal and regulatory proceedings, some of which may require changes to business practices or result in financial liabilities. If a loss from such matters is probable and can be reasonably estimated, PayPal accrues the estimated liability. This means capital may need to be set aside for potential legal costs, affecting funds available for growth initiatives (Chunk 12, 13). 3. **Business and Operating Risks**: Fluctuations in transaction revenues, impacted by factors such as declines in core product revenues, foreign exchange fees, and hedging, can influence the funds available for reinvestment and growth. Additionally, risks related to consumer and merchant lending products, including potential losses and regulatory requirements in different jurisdictions, may impact capital allocation decisions (Chunk 2, 10). In summary, regulatory changes, legal proceedings, and operational challenges create risks that can require PayPal to adjust its capital allocation—potentially diverting resources away from growth initiatives to compliance, legal reserves, and risk management—thereby impacting its growth strategy."
18325403,"Agilent's rev rec timing criteria & key indicators show strong performance, A, indicating robust demand signals.","3085,3010,141608,3086,141134,2975,3120,132156,3028,20700,101014,126475,132157,3099,3098,20629","420,422,394,12,301,377,63","Agilent recognizes revenue when control of the promised products or services is transferred to customers and the performance obligation is fulfilled, in an amount that reflects the consideration expected in exchange (Chunks 1, 4). For equipment, consumables, and most software licenses, control generally transfers at a point in time. Key indicators for the transfer of control include present right to payment, legal title, physical possession of the asset, and the transfer of risks and rewards of ownership. For products and services where control transfers over time, revenue is recognized as the performance obligation is satisfied, such as when an asset is created that the customer controls as it is built, the asset has no alternative use, and Agilent has an enforceable right to payment (Chunk 4). While these criteria support proper revenue recognition and reflect strong compliance with accounting standards, the context does not directly indicate that these criteria or performance signals alone show robust demand signals or strong performance. In fact, Agilent's recent financial statements indicate a decrease in net revenue for the year ended October 31, 2024, compared to the prior year, mainly due to pressures on customers' capital expenditures, especially in the pharmaceutical market (Chunks 2, 6). Therefore, while Agilent's revenue recognition timing and indicators are clear and in line with best practices, they do not necessarily indicate robust demand; actual demand trends are reflected separately in the reported revenue figures."
10610066,CarMax (KMX) capital allocation favors organic growth vs share repurchases.,"88037,88036,88067,88068,88030,87961,87971,87956,87954,87950,87970,88188,87951,87967",261,"Based on the provided information, CarMax's capital allocation strategy currently prioritizes focusing on its core business and organic growth. The company has taken a conservative approach to its capital structure, aligning expenses to sales and slowing the rate of store growth. While CarMax resumed share repurchases during the third quarter of fiscal 2024 after a pause, and plans to modestly accelerate repurchases in fiscal 2025, its primary ongoing cash requirements are to fund existing operations, store expansion and improvement, CarMax Auto Finance (CAF), and strategic growth initiatives. Capital expenditures are planned to increase in fiscal 2025 to support long-term growth, including new stores and reconditioning and auction facilities. In summary, while share repurchases are part of CarMax's capital allocation, the company's strategy currently favors organic growth and investment in its core business over share repurchases."
8c7d8c55,MDT - Cybersecurity risks from Medtronic impact ERM (Enterprise Risk Management) capital allocation & mitigation strategies.,"99027,99026,99028,123203,154980,105818,155512,72190,68610,18471,79604,21389,135477,47602,128618","384,65,295,199,235,140,464,465,370,212,404,57,316","Medtronic integrates cybersecurity risks into its Enterprise Risk Management (ERM) program, which establishes a framework to identify, assess, and mitigate risks that could materially impact the company's business and operations. The ERM program includes regular briefings to the Board of Directors on the outcomes of risk assessments and the steps taken to mitigate those risks. The Quality Committee of the Board oversees cybersecurity strategies, systems, and controls, while the Audit Committee discusses risk assessment policies and receives regular updates from the CISO and CIO. While the provided context details how cybersecurity threats are embedded within Medtronic's ERM program and the governance structure for oversight and mitigation, it does not specifically mention the direct impact of cybersecurity risks on ERM capital allocation decisions. However, by integrating cybersecurity into the ERM framework, Medtronic ensures that these risks are considered alongside other material risks, which could influence prioritization and resource allocation for mitigation strategies as part of the overall risk management process. In summary, cybersecurity risks are a key component of Medtronic’s ERM program and governance, impacting how the company identifies, prioritizes, and mitigates risks that could affect its operations and strategic outcomes."
699a930e,YoY employee type diff cap allocation for PARA at Paramount Global.,"119596,119602,119601,119478,119473,119573,119566,119474,119475,119388,119382,119508,119384,119519,119295,119385",357,I cannot find sufficient information in the provided documents to answer this question.
0ecb620f,TSC capex influence on positioning & SH value.,"78578,145356,78579,115104,78577,11824,71933,4580,43670,115103,43669,131071,115196,11825,105991,115109","129,37,232,392,17,435,211,344,317","Based on the provided context, there is no direct mention of ""TSC"" or its capital expenditures (capex). If you are referring to TSMC (Taiwan Semiconductor Manufacturing Company), the context discusses how TSMC's manufacturing capabilities and capacity can significantly impact companies that rely on its foundry services (such as AVGO/Broadcom and AMD). For example, TSMC manufactures approximately 95% of Broadcom's outsourced wafers (Chunk 14), and AMD heavily depends on TSMC for advanced process nodes (Chunk 8). TSMC's capex, which is used to expand and upgrade its manufacturing capacity, directly influences its ability to meet the demand of its customers and maintain its position as a leading foundry. For its customers, TSMC's investments in capex enable access to advanced manufacturing technologies, which is critical for their competitiveness in performance, cost, and time-to-market (Chunks 6, 8, 14). If TSMC does not invest sufficiently in capex, it may be unable to supply enough wafers or advanced technology, potentially harming its customers' market positions and, consequently, their shareholder value due to lost revenue opportunities, higher costs, or competitive disadvantages. For TSMC itself, disciplined and forward-looking capex supports its leadership in the semiconductor foundry market, helping to secure long-term contracts, attract leading-edge chip designers, and ultimately enhance shareholder value through sustained growth and profitability. In summary, TSMC's capex plays a critical role in both its own market positioning and that of its customers, with downstream effects on shareholder value for all parties involved. If you intended ""TSC"" to refer to another company, please clarify."
8dc5ccdd,Op margin trend for XEL from 2021 to 2023.,"165244,165153,165246,165245,164616,165321,165451,165370,165238,165123,164619,165407,165320,165144","490,492",The operating margin for Xcel Energy (XEL) from 2021 to 2023 shows a declining trend: - 2021: 22.1% - 2022: 20.5% - 2023: 19.8% This indicates a steady decrease in operating margin over the three-year period.
e8d1315a,"Operational resilience of Eli Lilly: audits, reviews, threat sims & their impact on cash flow/valuation.","94152,94326,94439,94445,94323,15750,94269,94435,94325,94324,94149,94268,94274,94215,94328,94156","280,49","Eli Lilly demonstrates operational resilience through a robust cybersecurity and risk management program. This includes: - Regular engagement of third-party auditors and consultants, as well as the use of internal audit functions, to assess various aspects of the cybersecurity program. - Completion of industry-standard assessments or certifications, maturity model reviews, threat simulations, and internal reviews to test the effectiveness of cybersecurity processes. - Oversight and identification of risks from cybersecurity threats associated with third-party service providers, including contractual requirements for cybersecurity controls and regular risk reviews. The impact of these operational resilience measures on cash flow and valuation is not quantified directly in the provided documents. However, cash flows from operating, investing, and financing activities are detailed, and the company maintains strong net income and shareholder equity, indicating a stable financial position (see consolidated financial statements and cash flows). Robust audit, review, and simulation processes help mitigate potential risks that could lead to financial loss, legal liability, or reputational harm. By proactively managing these risks, Eli Lilly aims to protect its assets and ensure business continuity, which supports stable cash flows and helps maintain or enhance company valuation. The effectiveness of these controls is confirmed by unqualified opinions from independent auditors on both the financial statements and internal controls over financial reporting. In summary, while specific dollar impacts are not broken out, these operational resilience activities are integral to Eli Lilly’s risk management and help safeguard its cash flows and overall valuation."
a105990c,"Bio‑Rad GM trends from 2021-2023: net sales vs COGS impact, pricing/cost efficiency - Bio-Rad Laboratories, Inc. (BIO)","17449,17332,17331,17538,3016,17453,17537,3041,3032,17430,17432,3035,3040,3033,17410,2910","12,53","From 2021 to 2023, Bio-Rad Laboratories, Inc. experienced the following trends in gross margin (GM), net sales, and cost of goods sold (COGS): - Net sales declined each year: $2,922.5 million in 2021, $2,802.2 million in 2022, and $2,671.3 million in 2023. - COGS also decreased, but not as sharply: $1,284.4 million in 2021, $1,234.9 million in 2022, and $1,244.3 million in 2023. Gross profit, therefore, declined: $1,638.1 million (2021), $1,567.3 million (2022), and $1,426.9 million (2023). Gross margin (calculated as gross profit divided by net sales) also trended downward: - 2021: ~56.0% - 2022: ~55.9% - 2023: ~53.4% The decrease in gross margin from 2021 to 2023 reflects that the reduction in net sales outpaced any cost efficiencies achieved in COGS. In 2023, COGS slightly increased compared to 2022, despite lower sales, further pressuring gross margin. While specific details on pricing or cost efficiency actions are not mentioned, the overall trend suggests that cost management could not fully offset the negative impact of declining sales on gross margin in this period. (Source: Chunk 1)"
f2269d66,Risk assessment factors for legal proceedings in MAS mgmt.,"131536,42935,146940,102289,159430,98384,152309,146941,117074,34845,57312,52671,31996,105634,86091,105545,48946","98,293,455,104,393,168,304,144,254,441,154,315,476,126,351","The risk assessment of legal proceedings in management analysis and strategy (MAS) management typically involves several factors: 1. Probability of Loss and Estimability: Management assesses whether a loss from a legal proceeding is probable and if the amount can be reasonably estimated. If both conditions are met, accruals are established (see DLTR.pdf, PNC.pdf, MO.pdf, CVS.pdf, MTB.pdf, JNJ.pdf). 2. Subjectivity and Uncertainty: There is significant subjectivity and unpredictability in assessing legal proceedings, as many matters are complex, involve indeterminate or unsubstantiated damages, and have uncertain outcomes (DLTR.pdf, MO.pdf, JNJ.pdf). 3. Materiality: Management considers whether legal proceedings could have a material effect on financial condition, results of operations, or cash flows. Even if accruals are made, ultimate losses may be higher than anticipated (DLTR.pdf, PNC.pdf, MTB.pdf, JNJ.pdf). 4. Regulatory and Reputational Risks: Legal proceedings may result in regulatory penalties, business restrictions, or reputational harm, which can be difficult to quantify (PNC.pdf, MO.pdf, MTB.pdf). 5. Changes in Circumstances: Assessments are revisited regularly, as new information, legal developments, or discovery of facts could change estimates or require additional accruals (DLTR.pdf, CVS.pdf, MTB.pdf, JNJ.pdf). 6. Insurance and Indemnification: The adequacy of insurance or indemnification rights is considered, as these may not fully cover potential losses (TT.pdf, VRTX.pdf, MCO.pdf). 7. Complexity and Judgment: High degrees of management and auditor judgment are involved in identifying, evaluating, and disclosing legal risks, especially for matters involving significant uncertainties or large potential exposures (MO.pdf, DVA.pdf). 8. Controls and Procedures: Companies implement internal controls to ensure complete identification and proper assessment of legal risks, including regular reviews with legal counsel and management (DVA.pdf). In summary, MAS management considers likelihood and size of loss, materiality, uncertainty, regulatory and reputational impact, adequacy of insurance, and the need for robust internal controls when assessing risks related to legal proceedings."
e606e901,Impact on liquidity and profitability from KMI's 2023 capex.,"91048,91051,91036,91102,91038,88072,88073,91045,91065,91249,43664,91248,91083,91247,88311","129,261,270,262","Based on the provided information, Kinder Morgan, Inc. (KMI) does not directly state the exact impact of its 2023 capital expenditures (capex) on liquidity and profitability. However, some insights can be derived from the data: Liquidity: - KMI's working capital deficit increased by $1,552 million from year-end 2022 to 2023, primarily due to increased current debt and decreased cash and cash equivalents, which were partly used to repay maturing senior notes and fund the acquisition of STX Midstream (Chunk 9). - The decrease in cash and cash equivalents and increased current debt suggest that capex and acquisitions put pressure on liquidity, leading to a higher working capital deficit. Profitability: - KMI's Adjusted Net Income Attributable to Kinder Morgan, Inc. decreased by $226 million in 2023 compared to 2022, primarily due to higher interest expense (Chunk 2). - Distributable Cash Flow (DCF) decreased by $255 million, with the decline further impacted by an increase in sustaining capital expenditures in 2023 (Chunk 2). - Adjusted EBITDA increased by $45 million, due to favorable margins from settled derivatives, but was partially offset by lower commodity prices (Chunk 2). - Sustaining capital expenditures for 2023 were $868 million, up from $761 million in 2022 (Chunk 1). Summary: KMI’s 2023 capex (including higher sustaining capital expenditures and acquisition spending) contributed to a higher working capital deficit, indicating a negative impact on liquidity. On profitability, increased capex (especially sustaining capex) was one of the factors contributing to a decrease in Distributable Cash Flow, though Adjusted EBITDA slightly improved due to other operational factors. Overall, 2023 capex put pressure on liquidity and was a factor in reduced profitability metrics such as DCF."
19590cee,Intel's long-term growth and competitive positioning driven by cybersecurity investments TICKER.,"78679,78664,78663,78490,78506,4557,78662,78481,78787,78596,78503,78652,103055,78661,138500,4558","232,17,307,412","Based on the provided context, Intel (ticker: INTC) has made significant investments in cybersecurity, which contribute to its long-term growth and competitive positioning. Intel has a dedicated Chief Information Security Officer (CISO) with extensive experience, supported by a team of certified cybersecurity professionals. The CISO and Chief Technology Officer (CTO) regularly report directly to the Board of Directors, ensuring robust oversight and integration of cybersecurity into enterprise risk management and decision-making processes (Chunks 7, 14). Intel also requires its suppliers to maintain effective security management programs and regularly evaluates cybersecurity risks associated with third-party service providers. The company benchmarks its practices against industry standards and uses both internal and external audits to strengthen its cybersecurity posture. These comprehensive cybersecurity investments help protect Intel’s assets, brand, and customer trust, supporting its growth strategy and enhancing its competitive position in the technology sector."
f46b1acc,Discover Financial – Balancing earnings w/ capital securities strategy.,"42426,48213,48498,48384,48501,48565,48567,48536,48566,48330,48151,48183,48535,48150,48216,48415","125,142","Discover Financial Services manages the balance between earnings and its capital securities strategy by focusing on maintaining sufficient capital levels to support business growth, account for risks, and meet regulatory requirements, rating agency targets, and debt investor expectations. The company’s primary sources of capital are earnings generated by its businesses and the proceeds from issuances of capital securities. Within these constraints, Discover aims to deploy capital in ways that provide attractive returns to stockholders. Discover and its banking subsidiary are subject to regulatory capital requirements, including those under the Basel III rules, which require maintaining minimum risk-based capital and leverage ratios. The company considers potential impacts from regulatory reforms when managing its capital position, ensuring that it can meet or exceed regulatory thresholds and remain “well-capitalized.” Discover’s capital management also includes returning value to shareholders through dividends and share repurchases, while regulatory restrictions ensure that such distributions do not compromise capital adequacy. The company must comply with regulatory requirements regarding capital distributions, which are influenced by stress testing frameworks and supervisory capital buffer requirements. In summary, Discover balances its earnings and capital securities strategy by carefully managing capital levels through a combination of earnings retention, capital issuances, regulatory compliance, and shareholder returns, all while adjusting to changing economic and regulatory environments (see chunks 4, 5, 15)."
ba7a7626,Capital allocation & growth for CPRT FY22-24 involving investing & financing cash flows.,"33678,33676,33733,132095,1610,33560,33730,33737,121134,1609,132097,62575,132080,127988,120196,33564","102,7,360,394,364,183,382","For Copart (CPRT) during fiscal years 2022 to 2024, the company's capital allocation and growth strategy focused on reinvesting in its business, maintaining a stock repurchase program, and retaining earnings for operational use rather than paying dividends. Investing Cash Flows & Growth: - Copart invested in its business operations, as reflected in continued growth in service revenues and vehicle sales over these years (from $3.50 billion in FY22 to $4.24 billion in FY24). - The company provides a range of services to vehicle sellers using its online auction platform, expanding in both the U.S. and internationally, including principal operations in the UK, Germany, and Spain. - There is no specific breakdown of capital expenditures or acquisitions in the provided context, but the company’s strategy emphasizes maximizing the sales process through technological platforms and expanding service offerings (Chunk 8). - Copart did not declare or pay any cash dividends during this period, choosing to retain earnings to fund business growth (Chunk 2). Financing Cash Flows: - Copart maintained an active stock repurchase program, with authorization for up to 784 million shares. As of July 31, 2024, a total of 458.2 million shares had been repurchased, and 325.8 million shares remained available for repurchase under the program. However, no shares were repurchased in fiscal years 2022, 2023, or 2024 (Chunk 2). - The company has not paid cash dividends since becoming public in 1994 and stated an intention to retain earnings for business use (Chunk 2). - Employee stock option exercises (via cashless exercises) did not occur in FY22-24, so there was no impact on share count from this mechanism during these years (Chunk 2). - The company’s credit agreement contains covenants that may limit or restrict dividend payments, but this was not a factor since no dividends were paid (Chunk 2). In summary, between FY22 and FY24, Copart allocated capital towards internal growth and maintaining operational flexibility, prioritized reinvestment in the business, and preserved shareholder value through an authorized but unused share repurchase program, while opting not to pay dividends. There is no evidence in the provided context of significant acquisition activity or new external financing during this period."
3eb50135,Materiality assessment of Host Hotels' legal proceedings.,"77321,77129,3999,77260,77243,77024,77334,134918,77226,77332,77227,127516,52671,77242,58527,3992","227,172,14,402,154,380","Host Hotels & Resorts is involved in various legal proceedings that arise in the ordinary course of its business. These include disputes involving hotel-level contracts, employment litigation, compliance with laws, tax disputes, and other general matters. The company notes that, based on its analysis of current legal proceedings and the resolution of similar claims in the past, it has recorded immaterial accruals as of December 31, 2023, and estimates that losses related to these proceedings will not be material. Furthermore, Host Hotels believes that, in the aggregate, the results of current legal proceedings will not have a material adverse effect on its financial condition, although individual cases could be material to operating results for a specific period depending on their magnitude relative to results for that period. The company emphasizes that no assurances can be given as to the outcome of any pending proceedings, but it is not aware of any other matters requiring disclosure of a loss contingency due to a reasonably possible unfavorable outcome (Chunks 1 and 2)."
767cfdfd,Delta's 2023 capex breakdown aligns with its strategic priorities & environmental initiatives.,"41698,41690,153499,41796,41686,41822,41744,41696,41800,41777,128302,41683,43670,88073","129,261,458,123,383","Delta’s 2023 capital expenditures (capex) closely align with its strategic priorities and environmental initiatives. Key components of Delta’s capex in 2023 included: - Significant investment in aircraft fleet renewal, which is a central part of Delta's environmental sustainability strategy. The addition of 43 new aircraft in 2023 improved fleet fuel efficiency, contributing to a 5.5% improvement compared to 2019. These newer aircraft are on average 28% more fuel efficient per seat mile than those retired since 2019. Fleet renewal and modification, such as installing split-scimitar winglets and lighter-weight tires, are aimed at reducing fuel consumption and emissions (Chunks 4, 8). - Investments in airport infrastructure, including the redevelopment of major terminals at New York-LaGuardia and Los Angeles, which enhance operational efficiency and customer experience while incorporating more sustainable facility designs (Chunks 4, 5, 9). - Ongoing commitment to technology and digital transformation, both to improve the customer experience and support operational efficiency (Chunk 2, 5). - Initiatives targeting reduced environmental impact in ground operations, such as the purchase of over 500 new electric ground support equipment across Delta’s network (Chunk 1). - Increased use of sustainable aviation fuel (SAF), with over three million gallons used in 2023—nearly double the previous year—supporting Delta’s goal of reducing lifecycle emissions from aviation fuel (Chunk 1). As of December 31, 2023, Delta had aircraft purchase commitments totaling approximately $17.5 billion, underscoring the long-term capital allocation toward fleet modernization and sustainability (Chunk 4). Overall, Delta’s 2023 capex reflects its focus on operational excellence, customer service, digital innovation, and robust progress toward environmental sustainability."
0bb64eb9,Capex segment allocation for Live Nation Ent. in 2023 is detailed; ticker is LYV.,"95389,95370,95390,95369,95391,95494,95420,95350,95425,95398,95503,95493,95467,95504",284,"For the year ended December 31, 2023, Live Nation Entertainment (LYV) allocated its capital expenditures (capex) as follows: - Revenue generating capital expenditures: $321.9 million - Maintenance capital expenditures: $131.9 million This results in total capital expenditures of $453.8 million for 2023. Revenue generating capex is primarily related to enhancements at amphitheaters and theaters in North America, while maintenance capex is associated with the renewal and improvement of existing venues and technology systems (see Chunks 2 and 4)."
be3b1c90,Rollins branch office employee concentration's impact on operational efficiency and customer retention.,"128566,128556,4911,128552,128569,71986,128557,151628,128750,128565,59635,128555,151674,128748,104181,82364","384,454,175,18,211,244,311","Rollins' extensive branch office network, supported by its proprietary technology platform (BOSS), significantly enhances operational efficiency and customer retention. The company's large footprint enables efficient and scalable service delivery, cross-selling opportunities, and cost efficiencies. Proprietary routing and scheduling systems allow for real-time service tracking and personalized customer interactions, while virtual route management tools optimize route efficiency, reducing miles driven and associated costs. This operational model contributes to higher customer retention by ensuring on-time, rapid response services and consistent customer experiences. The differentiated employee base, supported by best-in-class training and development at the Rollins Learning Center, further strengthens service quality and employee engagement, reinforcing customer loyalty and retention."
6a870590,"Rev drivers for GE HealthCare include Imaging & US pricing, new products, supply chain, and FX.","71022,71015,71027,71026,70834,71034,71014,70835,70840,70846,70836,70839,45726,152208,70841","208,136,455","Revenue drivers for GE HealthCare include several key factors: - Imaging and Ultrasound (US) Pricing: The company experienced increased pricing for both products and services, which contributed positively to revenue growth. Pricing initiatives and improvements were specifically mentioned as drivers for both Imaging and Ultrasound segments (Chunks 4, 6). - New Products: The launch and follow-through on new product introductions, as well as ongoing product lifecycle maintenance, contributed to revenue, with engineering investments supporting these activities (Chunk 4). - Supply Chain: While supply chain cost inflation (labor, raw materials, shipping) has been a challenge, some easing of these pressures in 2023 helped support performance. However, ongoing or renewed supply chain issues could impact future revenues (Chunk 2). - Foreign Exchange (FX): Foreign currency exchange rates had a negative impact on reported revenues. Organic revenue growth figures are presented excluding the effects of FX, highlighting its influence on topline results (Chunk 6). In summary, GE HealthCare’s revenue growth is driven by improved pricing in Imaging and Ultrasound, the introduction of new products, supply chain management, and is impacted by foreign exchange fluctuations."
04931eea,Impact on liquidity and operational confidence of HSIC's repurchase program.,"76604,86223,84722,151669,32031,27703,43343,75107,149397,112486,2015,105574,75899,165715,84723","128,225,98,223,454,8,493,336,315,84,251,221,446,255","Based on the provided information, HSIC (Henry Schein, Inc.) has an ongoing share repurchase program, with $265 million available for future common stock share repurchases as of December 30, 2023. The company has repurchased approximately $4.7 billion of common stock (90,394,805 shares) under these initiatives. The repurchase program indicates that HSIC has sufficient liquidity to allocate capital toward returning value to shareholders, while still maintaining the flexibility to continue such activities. The detailed record of consistent repurchases, along with the remaining authorized amount, suggests operational confidence and a stable financial position, as the company is able to manage share repurchases without adverse impact on its liquidity. There is no indication in the context that the program has negatively affected liquidity or operational capabilities. In summary, HSIC’s repurchase program demonstrates operational confidence and a solid liquidity position, supporting continued share repurchases alongside regular business operations."
96e0be01,PHM's rev mix: land sale/contracting vs home sales & fin svc profit/growth.,"120506,120534,120521,120457,120399,120472,120485,120490,44598,120510,44603,120578,120577,120480,120395","361,132","PulteGroup’s (PHM) revenue mix is predominantly from home sales, with smaller contributions from land sales/other revenues and financial services. - Home sales are the core business, generating the vast majority of total revenues. In 2023, home sale revenues were $15.6 billion out of total consolidated revenues of $16.1 billion—about 98% of total revenues (Chunk 1, Chunk 5). - Land sale and other revenues were $142 million in 2023, a very small portion compared to home sales (Chunk 1). - Financial Services (mortgage banking, title, and insurance agency operations) contributed $321 million in revenues in 2023 (about 2% of total revenues), with segment profits highly correlated to homebuilding activity (Chunk 1, Chunk 5, Chunk 6). In terms of profit and growth: - Net income for 2023 was $2.6 billion, with financial services segment income before taxes being much smaller than homebuilding segment income (Chunk 1, Chunk 6). - Home sales revenue has remained stable or grown slightly over the past three years, rising from $13.2 billion in 2021 to $15.6 billion in 2023 (Chunk 1). - Financial services revenue decreased from $390 million in 2021 to $321 million in 2023 (Chunk 1). - Land sale and other revenues have stayed relatively flat and represent a minor part of the total (Chunk 1). In summary: PHM’s revenue mix is overwhelmingly from home sales, with land sales and financial services contributing much smaller portions. Profit is driven mainly by home sales, with financial services providing a supplementary, but much smaller, profit contribution. Growth in recent years has been primarily in home sales, with financial services revenue declining slightly and land sales remaining flat."
50870904,"impact on insider liquidity & behavior due to trading plan termination, with short-term valuation implications for EXR.","119263,56636,56603,56698,147482,56611,56506,56669,56614,56513,13111,56679,871,56620,17164,56597,56560","356,4,167,40,51,442",I cannot find sufficient information in the provided documents to answer this question.
5b700c26,Impact on valuation models from NOC's legal & environmental disclosures.,"108515,108632,108417,18428,147242,53529,120090,120091,154643,135209,49795,51225,73606,120213,120089,120268","325,360,462,146,403,150,216,57,442,157",I cannot find sufficient information in the provided documents to answer this question.
9759448e,Ralph Lauren Corp trends in 3-yr net rev/op inc/net inc & efficiency.,"129753,129675,129752,129766,129756,93679,129519,129860,129652,129751,129549,129654,129854,129518,129517","388,278","Over the three most recent fiscal years (2022–2024), Ralph Lauren Corporation exhibited the following trends in key financial metrics: **Net Revenues:** - 2022: $6,218.5 million - 2023: $6,443.6 million - 2024: $6,631.4 million Net revenues increased steadily each year, with a total growth of about 6.6% from 2022 to 2024. **Operating Income:** - 2022: $798.4 million - 2023: $704.2 million - 2024: $756.4 million Operating income decreased from 2022 to 2023, then rebounded in 2024. The 2024 figure reflects a 7.4% increase over 2023, driven by improved gross margin, partly offset by higher SG&A expenses. As a percentage of net revenues, operating income improved to 11.4% in 2024, up 0.5 percentage points from 2023. **Net Income:** - 2022: $600.1 million - 2023: $522.7 million - 2024: $646.3 million Net income declined in 2023 but rose sharply in 2024, exceeding both prior years. **Efficiency:** - Gross profit margin improved, contributing to the increase in operating income percentage. - SG&A expenses have increased each year, but the rise in gross margin helped offset these costs in 2024. - Operating income as a percentage of net revenues (operating margin) improved in 2024 compared to 2023. Overall, Ralph Lauren Corp has shown consistent top-line growth, a recovery in both operating and net income in 2024 after a dip in 2023, and improved operational efficiency as indicated by the higher operating margin in the most recent year."
de4cb7cb,"Net sales & OI correlation with segments, global exposure risk for COO EU/US ticker.","21184,88468,56491,129676,129689,88324,101493,72833,154678,88320,53370,23273,142004,2580,59869","64,388,166,262,70,424,10,302,462,175,214,156","Based on the provided context, here is a summary addressing the correlation between net sales and operating income (OI) with business segments, and the global exposure risks relevant to a COO overseeing EU/US operations: **Net Sales & Operating Income (OI) Correlation with Segments:** - Companies generally report both net sales and operating income by geographic or business segments. For example, segments like North America, Europe, Asia/AMEA, and Latin America are common (see Chunks 1, 2, 3, 4, 5, 7, 11, 15). - Net sales are typically attributed to the customer’s location, and segment OI is calculated based on income before certain corporate or non-operating items. - There is a clear correlation: higher net sales in a segment often support higher operating income, though this can be affected by factors such as cost structure, inflation, currency impacts, and specific segment performance (see Chunks 2, 4, 5, 10). - For example, in RL (Chunks 4 and 5), North America, Europe, and Asia segments show changes in both net sales and operating margins year over year, driven by factors like SG&A expenses, gross margin, foreign currency, and inventory charges. - K (Chunks 2, 6, 10) shows that regions with net sales growth often see an increase in operating profit, but this can be offset by inflation, foreign currency, and other local factors. **Global Exposure Risks for COO EU/US:** - Companies with significant operations in both the US and Europe face various global exposure risks: - Foreign currency fluctuations can significantly impact both revenue growth and profitability, especially in Europe and emerging markets (Chunk 13). - Economic downturns, changes in consumer/business confidence, and local market disruptions (e.g., political or economic instability) can affect demand and collections. - Exposure to multiple currencies (Euro, British Pound, Canadian Dollar, etc.) means that currency devaluation could impact creditworthiness of customers and asset values. - A COO for EU/US must also consider the potential impact of global supply chain disruptions, inflationary pressures, and regulatory differences between these markets. - Some companies mention that downturns in Europe or emerging markets might be offset by more stable conditions in North America, but overall growth and profitability are still at risk from global economic changes (Chunk 13). **Summary Table Example (based on context):** | Segment | Net Sales Growth | OI/Profit Growth | Key Risks/Drivers | |----------------|------------------|------------------|----------------------------------| | North America | Moderate/Stable | Follows sales | Inflation, input cost, demand | | Europe | Variable (FX) | Impacted by FX | Currency, economic cycles, FX | | Asia/AMEA | High in snacks | Follows sales | FX, cost inflation | | Latin America | High in snacks | Follows sales | FX, inflation, consumption | **In summary:** There is a strong correlation between net sales and operating income by segment, but this is moderated by cost structure, FX, and local market factors. For a COO responsible for EU/US operations, global exposure risks—especially currency fluctuations, economic volatility, and supply chain dynamics—are significant and must be actively managed."
8c33f607,Impact on profitability & cash flow due to AWK's near to medium-term competitiveness.,"21477,21487,21476,94855,21611,21485,21494,21484,21367,21433,21310,21474,21612,21259,21412,64777","65,282,188","Based on the provided context, American Water Works Company, Inc. (AWK) appears to be in a strong liquidity and capital position, which supports its near to medium-term competitiveness and underpins its ability to generate profitability and cash flow. Key points impacting profitability and cash flow include: - Liquidity Position: As of December 31, 2023, AWK had $330 million in cash and cash equivalents and $2.495 billion available on its revolving credit facility, resulting in total available liquidity of $2.825 billion (Chunk 7). This strong liquidity position enables AWK to meet short-term obligations, fund capital investments, and manage expenditures even in the event of market disruptions (Chunks 1, 3, 5, 13). - Capital Structure: The company’s capital structure improved in 2023 due to a significant common stock issuance and long-term debt issuance, with proceeds used to repay short-term borrowings. This reduced reliance on short-term debt and increased the proportion of equity in the capital structure, which generally supports financial stability and lower risk (Chunk 7). - Debt Management: AWK maintains access to diverse funding sources, including public and private debt offerings, commercial paper markets, and a substantial revolving credit facility. In 2023, the revolving credit facility was extended to October 2028, further supporting medium-term liquidity (Chunks 3, 5, 13). - Cash Flow Generation: Cash flows from operating activities, primarily from the sale of water and wastewater services, remain robust. While subject to factors like seasonality, customer payment ability, and economic conditions, these cash flows are the main source for funding capital-intensive operations, acquisitions, and dividends (Chunk 1). - Risk Management: AWK uses derivative contracts (e.g., treasury lock agreements) to manage interest rate exposure, which helps stabilize interest expenses and supports consistent profitability (Chunks 2, 5, 6). - Contingency Planning: The company has mechanisms in place to address potential disruptions, such as deferring capital expenditures or reducing discretionary spending if market access becomes constrained. However, there is currently no indication of imminent risk to liquidity or profitability (Chunks 1, 9, 12). In summary, AWK’s current competitiveness, reflected by its strong liquidity, prudent capital structure, and effective risk management, positions it well to maintain profitability and generate sufficient cash flow in the near to medium term. There are no immediate indications from the provided context of adverse impacts on profitability or cash flow due to competitiveness issues."
9e90e5b3,Risk analysis of consumer lending contractual & carrying values for JPMorgan Chase in '23 vs '22.,"125822,125623,125825,125575,125663,125466,125245,125820,125465,125329,125563,125350,24344,125535","73,375","In 2023, JPMorgan Chase's risk analysis of consumer lending contractual and carrying values indicates several key points when compared to 2022: - The contractual amounts for consumer lending commitments, such as credit card and home equity lines, represent the maximum possible credit risk. However, not all available lines are expected to be utilized at the same time, and the firm has the ability to reduce or cancel these lines if necessary (Chunk 1). - An allowance for credit losses on lending-related commitments is maintained to provide for expected losses, and this allowance is adjusted based on management’s assessment of risk (Chunk 1). - As of December 31, 2023, the allowance for lending-related commitments was $801 million, slightly down from $830 million in 2022, even as the allowance for loan losses increased from $3.3 billion to $5.0 billion. The total allowance for credit losses (loans plus lending-related commitments) increased from $4.15 billion in 2022 to $5.81 billion in 2023 (Chunk 7). - The net charge-off rate remained low at 0.12% in 2023 (up from 0.04% in 2022), and nonaccrual loans as a percentage of total loans decreased slightly to 0.29% (from 0.33% in 2022) (Chunk 7). - For consumer lending commitments, the firm does not estimate fair value, as these can often be reduced or cancelled with notice. The contractual values therefore do not fully represent expected future exposure (Chunk 4). - In a sensitivity analysis, adverse macroeconomic scenarios in 2023 would have increased modeled credit losses for residential real estate loans and lending-related commitments by approximately $850 million (Chunk 9). In summary, JPMorgan Chase maintained a stable risk profile for consumer lending commitments from 2022 to 2023, with a slight decrease in the allowance for lending-related commitments, a low net charge-off rate, and a slight decrease in nonaccrual loans as a percentage of total loans. The firm’s ability to manage and adjust unused consumer credit lines also limits its risk exposure."
4bc25f0f,"Accrued legal liabilities for EXR, current vs prior.","36244,56571,56570,104393,106840,23018,56512,23353,97466,84916,16616,45762,7138,84915,6849,23793","290,69,70,167,136,71,107,52,22,311,24,251,319","Based on the provided context, specific current and prior accrued legal liabilities for EXR (Extra Space Storage Inc.) are not explicitly stated in numerical terms. The documents indicate that EXR establishes an accrued liability for litigation when loss contingencies are both probable and reasonably estimable, and that details about legal accruals can be found in the Commitments and Contingencies footnote in the financial statements (Chunk 3). However, the actual amounts for current and prior periods are not included in the retrieved text. Therefore, I cannot find sufficient information in the provided documents to answer this question."
935c944e,PYPL liquidity via current assets for 2022-2023.,"127406,127469,127477,127466,127413,127443,127429,127375,127347,127498,127433,127431,127348",380,"PayPal's liquidity via current assets for the years 2022 and 2023 is as follows: - As of December 31, 2023, PayPal's total current assets were $62,569 million. - As of December 31, 2022, PayPal's total current assets were $57,424 million. These current assets include cash and cash equivalents, short-term investments, accounts receivable, loans and interest receivable (held for sale and net), funds receivable and customer accounts, and prepaid expenses and other current assets."
1dc1afeb,"2024 premium forecast for Everest Group Ltd using the growth factor from 2022-23, EGL.","54993,55236,55237,54986,55235,54853,54997,35151,35150,55101,54866,54865,54923,55079,55076,55083","105,162","Everest Group Ltd.’s gross written premiums for 2023 were $16.6 billion. The growth in gross written premiums from 2022 to 2023 was 4.0% (as incurred losses and LAE increased by 4.0% due to an increase in premiums earned and changes in business mix—see Chunk 1). To forecast the 2024 premium using the 2022-2023 growth factor: 2023 Gross Written Premiums = $16.6 billion Growth Factor (2022-2023) = 4.0% Forecasted 2024 Premium = $16.6 billion × 1.04 = $17.264 billion Therefore, the 2024 premium forecast for Everest Group Ltd, using the 2022-23 growth factor, is approximately $17.26 billion."
1990dde4,Dec 2023 utilization remaining for Abbott repurchase.,"515,513,68757,566,462,108567,2979,565,512,116305,108566,90135,155519,547","3,325,199,267,12,465,348","As of December 31, 2023, Abbott had $1.41 billion remaining available for repurchase under its 2021 repurchase program (authorized up to $5 billion) (see Chunk 1 and Chunk 5)."
bf8b90e2,Direct sales vs. reseller impact on margins & cash flow by account size in PTC.,"23814,81337,23639,124818,23636,23637,127620,87319,124912,40,23501,78650,108290,124918,110094,135054","1,259,324,71,232,330,241,402,374,381",I cannot find sufficient information in the provided documents to answer this question.
abbcca98,How do workforce growth and low turnover impact Visa (V)’s competitive positioning and sustainable innovation?,"153735,153734,15967,152656,153738,15968,152657,95937,153737,153742,153736,153711,153793,105814,62084,81362","456,459,241,50,182,316,287","Visa's workforce growth and low turnover significantly enhance its competitive positioning and ability to sustain innovation in several ways: 1. Talent Acquisition and Retention: Growing its workforce from approximately 28,800 in fiscal 2023 to about 31,600 in fiscal 2024 (a 10% increase) allows Visa to attract, develop, and advance top talent globally, which is critical to its continued success. With a voluntary workforce turnover rate of just 5% as of September 30, 2024, Visa maintains stability and retains valuable institutional knowledge and expertise (Chunks 1, 2, 11). 2. Global Reach and Diversity: Visa employs people in more than 80 countries and territories, with 57% of its workforce located outside the U.S. A diverse and distributed workforce enables Visa to better serve global markets and understand local needs, supporting its expansive and inclusive approach to partnerships and product development (Chunk 1). 3. Culture of Innovation and Engagement: Low turnover helps foster a culture where employees feel valued and engaged, contributing to higher productivity and innovation. Programs such as Visa University, mentorship initiatives, and the UPLIFT recognition platform encourage continuous learning, collaboration, and the sharing of new ideas. High engagement is reflected in survey results, with 91% of employees recommending Visa as a great place to work (Chunks 9, 11). 4. Consistent Performance and Brand Value: Workforce stability allows Visa to consistently deliver secure, reliable, and innovative payment solutions. This reliability strengthens Visa’s brand, which is a key differentiator in the competitive payments industry (Chunks 1, 2). 5. Sustainable Innovation: By investing in talent development, alternative career pathways, and digital tools (including internal generative AI and social platforms like Viva Engage), Visa ensures it remains agile and at the forefront of technological advancements, supporting long-term innovation and growth (Chunk 11). In summary, Visa’s workforce growth and low turnover provide a solid foundation for competitive advantage by ensuring access to top talent, fostering a culture of innovation, maintaining high engagement, and enabling consistent, global service delivery."
21b74768,"The impact of DHR govt grants & financing on CAPEX, ticker, OPEX, & PP&E remains significant.","47662,38589,98860,38595,142476,10209,47719,2527,43670,113166,138715,43669,49385,128461,27730,17093","32,129,294,425,10,140,145,114,338,84,51,414,383","Based on the provided context, DHR (Danaher Corporation) has received significant government grants and financing, particularly from agencies such as the Biomedical Advanced Research and Development Authority (BARDA) within the U.S. Department of Health and Human Services. These grants have primarily been used to finance the expansion of production capacity in areas like chromatography, cell culture media, and diagnostics testing technologies at the company’s Biotechnology and Diagnostics businesses. Impact on CAPEX: - The grants have contributed to increased capital expenditures (CAPEX), particularly for expanding manufacturing and testing capacity. For example, in 2021, the company was awarded $568 million in grants, which are paid over one to four years. - Capital expenditures for DHR totaled approximately $1.4 billion in 2023, $1.1 billion in 2022, and $1.2 billion in 2021, with the year-over-year increase in 2023 attributed primarily to investments in manufacturing capacity (Chunk 1). Impact on OPEX: - The government assistance is primarily used for capital investments and not directly for operating expenses (OPEX). However, the expanded capacity and new product development supported by these grants could indirectly affect OPEX by enabling greater production efficiency or volume. Impact on PP&E: - The grants are related to the expansion and improvement of property, plant, and equipment (PP&E), as they finance new facilities and equipment to increase production and testing capabilities. - The U.S. government retains certain rights related to the intellectual property and incremental production capacity that results from the government-funded expansions (Chunks 1 and 7). Ticker: - The company referenced is Danaher Corporation, ticker symbol DHR. In summary, DHR’s government grants and financing have a significant positive impact on capital expenditures and property, plant, and equipment by enabling expansion and upgrades. The effect on operating expenses is indirect, mainly through enhanced capacity and potential efficiency gains, rather than direct funding of OPEX. The ticker for Danaher Corporation is DHR."
d382bc3b,EIX net gain pref. stock repurchases cond. inc.,"60864,60863,60746,60747,60840,60467,60410,60748,60445,60679,60577,60855,60617,60616",178,"Edison International recognized a total net gain of $16 million from the tender offer and open market repurchases of its preferred stock. This gain is reflected in ""Preferred stock dividend requirements of Edison International"" on the consolidated statements of income and contributed to the financial results for the period. The gain partially offset higher interest expense at the parent level, as noted in the discussion of consolidated income."
81d923ce,"NTAP's cash from ops vs. share buybacks, divs, capex.","110143,110142,110086,38589,10844,93399,38595,63962,108512,110085,161885,110019,110013,169137,109996","34,483,325,330,497,114,277,186","For NetApp (NTAP) in the fiscal year ended April 26, 2024: - Cash from Operations: $1,685 million - Share Buybacks (Repurchase of Common Stock): $900 million - Dividends Paid: $416 million - Capital Expenditures (Purchases of property and equipment): $155 million Summary: NetApp generated $1,685 million in operating cash flow. Out of this, it spent $900 million on share repurchases, $416 million on dividends, and $155 million on capital expenditures. The combined outflows for buybacks, dividends, and capex ($1,471 million) were well-covered by its operating cash flow."
21b12275,PG&E Corp's rev growth mult for FY21-FY23.,"131101,131393,132080,132090,131032,132081,132089,132095,131003,130991,132097,130815,131387,131031,131190","392,394","PG&E Corporation's total operating revenues for the years ended December 31 were as follows (in millions): - 2021: $20,642 - 2022: $21,680 - 2023: $24,428 To calculate the revenue growth multiple from FY21 to FY23: Revenue growth multiple = 2023 revenue / 2021 revenue = $24,428 million / $20,642 million ≈ 1.18 So, PG&E Corporation's revenue growth multiple for FY21 to FY23 is approximately **1.18x**."
bb6fd7cb,DCP Midstream (DCP) employee integration efficiency competitiveness at Phillips 66.,"128458,128206,128342,128442,128310,128539,128340,128441,128205,128457,128504,128531,128317,128301,128231",383,"DCP Midstream employees transitioned into Phillips 66 on April 1, 2023, as part of the integration of DCP Midstream Class A Segment operations. Phillips 66 is in the process of integrating these operations to enable the capture of commercial and operational synergies. The company emphasizes operating as a high-performing organization by building breadth and depth in capabilities, pursuing excellence, and empowering employees to create and innovate. These efforts are designed to deliver industry-leading performance and maintain competitiveness. The integration is part of Phillips 66’s broader strategy to maximize long-term shareholder value and create a high-performing organization, with a focus on continuous improvement and differentiating itself in the marketplace through its people and culture (Chunk 15)."
06642fdc,Fortive exec tenure impact on invst. sentiment & risk profile.,"67922,67923,68101,68098,67822,68099,67831,85961,4870,116090,116089,67927,67821,68097,67925,67850","18,348,197,254","The provided context gives details about the tenure and backgrounds of several Fortive executives, highlighting their significant experience in the industry and within Fortive or similar companies (see Chunk 1). However, there is no direct discussion in the documents about how executive tenure specifically impacts investor sentiment or Fortive's risk profile. Generally, experienced and stable executive leadership can positively influence investor sentiment by providing confidence in management's ability to execute strategy and manage risks. Long-tenured executives may also contribute to a lower risk profile due to their familiarity with the company's operations, markets, and challenges. However, since the context does not directly address this question or provide explicit analysis or statements on the relationship between Fortive's executive tenure and its investment sentiment or risk profile, I cannot find sufficient information in the provided documents to answer this question."
aeb7fc83,Audit & cyber committee of Kimco Realty (KIM) oversees cybersecurity capital allocation.,"9367,89090,100526,26385,147615,7609,81440,86830,44909,154656,89172,86829,22869,73165,88999,75100","257,133,69,264,300,462,79,241,215,25,443,221,30",I cannot find sufficient information in the provided documents to answer this question.
c5edfe0e,B&BW's cap allocation for cybersecurity and cash flow resilience are key focus areas.,"157781,14862,14720,42854,157780,121275,63201,149358,123203,107917,14851,23580,14804,39584,134913,145601","323,446,71,365,46,370,402,436,117,471,184,126",I cannot find sufficient information in the provided documents to answer this question.
497a1fc4,Impact on interest income and AFS portfolio risk from shift to cash in PAYX VRDN.,"115359,115363,115360,115347,115344,115343,115361,117978,40201,72891,132124,20167,115331,115306,77901","353,229,394,118,214,345,62","The shift by PAYX from investing in VRDNs (Variable Rate Demand Notes) to reinvesting in cash and cash equivalents, due to more favorable interest rates, affects both interest income and the risk profile of their AFS (Available-For-Sale) portfolio in several ways: 1. Impact on Interest Income: - By shifting to cash and cash equivalents in a higher interest rate environment, PAYX is able to earn more competitive interest rates on these short-term investments, which may increase interest income in the short term. During fiscal 2024, the average interest rate earned on combined funds held for clients and corporate cash equivalents and investment portfolios was 3.8%, compared to 2.7% for fiscal 2023 (Chunk 1, Chunk 3). - The move away from VRDNs to cash was specifically noted as being due to ""more favorable interest rates,"" indicating that cash equivalents were offering better yields than VRDNs at the time (Chunk 4). 2. Impact on AFS Portfolio Risk: - VRDNs, while having long contractual maturities (typically 20–30 years), are priced and traded as short-term instruments due to their liquidity features (Chunk 3, Chunk 7). By reducing holdings in VRDNs to zero by May 31, 2024 (from $344.1 million at May 31, 2023), PAYX's AFS portfolio potentially becomes more concentrated in other types of securities with different risk profiles (Chunk 4). - Cash and cash equivalents are less sensitive to interest rate changes and carry minimal credit and liquidity risk compared to longer-duration or less liquid securities. Therefore, the shift reduces the interest rate risk and possibly the overall risk in the AFS portfolio. - The company continues to invest primarily in high credit quality, short- to intermediate-term instruments, aiming to protect principal and optimize liquidity, and has no exposure to high-risk or non-liquid investments (Chunk 1, Chunk 3). In summary, the shift from VRDNs to cash and cash equivalents in a favorable rate environment likely increased PAYX's short-term interest income while reducing the interest rate and liquidity risk associated with the AFS portfolio."
21d303fb,"Impact of policy cancellation reserves on risk profile & revenue recognition for Brown & Brown, Inc. (BRO)","19814,19809,19804,11600,88142,19659,19645,19634,19889,88120,19640,39966,13749,58738,19917,19915","36,261,41,172,118,61","For Brown & Brown, Inc. (BRO), policy cancellation reserves play a role in both risk management and revenue recognition: Impact on Risk Profile: - The company maintains a policy cancellation reserve based on historical cancellation experience and any known circumstances (Chunk 1). This reserve helps manage the financial risk associated with the potential for policy cancellations, ensuring that expected reversals of revenue due to cancellations are anticipated and accounted for. Impact on Revenue Recognition: - When recognizing revenue, BRO earns commissions at a point in time when insurance coverage is bound, as no further performance obligation exists after that point. However, because policy cancellations can occur, the company must estimate and reserve for potential cancellations to ensure that recognized revenue is not overstated (Chunk 1). - The reserve is designed so that a significant reversal of revenue is not probable, which aligns with revenue recognition guidance and helps ensure that reported revenues reflect the amounts expected to be ultimately realized. In summary, policy cancellation reserves at BRO help mitigate the risk of overstatement of revenue by accounting for expected cancellations, thus supporting accurate financial reporting and prudent risk management."
3f515a80,"Risks related to external financing, alongside growth potential and competitive positioning, must be assessed for Hasbro (HAS).","75706,75337,75458,75648,75369,75617,75697,75587,75373,98081,63898,75459,75338,75356,158744,75461","474,186,292,222","Risks Related to External Financing: Hasbro relies on both cash generated from operations and external financing to fulfill its working capital needs. As of December 31, 2023, Hasbro had available an unsecured revolving credit agreement of $1.25 billion and unsecured uncommitted lines of credit totaling approximately $95.6 million, with no outstanding short-term borrowings under these lines at year-end. The company’s ability to raise external financing is subject to various factors, including the price of its stock, credit market conditions, and its own creditworthiness. Limitations on access to external financing or disruptions in credit markets could restrict Hasbro's operations and growth opportunities and adversely affect its operating results (Chunk 4). Growth Potential: Hasbro’s strategic plan, often referred to as its Blueprint or Blueprint 2.0, is focused on delivering long-term, sustainable, and profitable growth. Key strategies include investing in its most valuable franchises (such as MAGIC: THE GATHERING, NERF, and TRANSFORMERS), creating efficiencies in the supply chain, expanding direct-to-consumer relationships, and leveraging digital gaming and licensing partnerships. The company also exited certain non-core businesses to focus on its core brands and has diversified its manufacturing base to reduce dependence on any single region, notably decreasing reliance on China by increasing production in Vietnam and India (Chunks 5, 8, 13, 16). Competitive Positioning: Hasbro operates in a highly competitive environment, facing competition from other toy and game manufacturers, entertainment companies, technology firms, and digital gaming providers. The company’s competitive advantages include a broad and iconic portfolio of brands, a focus on innovation, multi-channel distribution (retail, ecommerce, direct-to-consumer), and strategic licensing arrangements with major entertainment partners such as Disney (for Marvel and Star Wars). However, Hasbro must continually adapt to changing consumer preferences, new technologies, and the short product life cycles in traditional toys and games. Its competition is not only from established companies but also from new entrants leveraging digital platforms and emerging technologies like artificial intelligence (Chunks 5, 9, 14, 16). In summary, Hasbro’s growth prospects are supported by strategic investments, operational efficiencies, and a strong brand portfolio, but the company faces risks associated with external financing and intense competition across both traditional and digital markets."
d6ea9c9f,Operational risks and growth drivers of regional centers vs ODFL integrated network.,"112445,58218,112424,112429,112430,112425,112489,112438,137977,112532,112579,112440,149298,112426,112533,42811","446,171,336,411,126","Regional Centers – Operational Risks and Growth Drivers: Regional centers, as seen in the context from FAST.pdf, operate as part of a distribution network composed of multiple regional hubs. Key growth drivers for such networks include: - Expansion of distribution capacity via new or expanded distribution centers. - Investment in automation (like automated storage and retrieval systems) to increase efficiency. - Strategic placement of centers to allow frequent deliveries and efficient servicing of in-market locations. - Diversified channels to market, such as digital solutions and international expansion. Operational risks for regional center-based networks include: - Challenges in operating complex distribution centers efficiently. - Potential labor shortages that could drive up costs and reduce operational effectiveness. - Reliance on third-party carriers for some deliveries, increasing vulnerability to disruptions or cost increases (see DLTR.pdf). - Potential shortages of suitable real estate for expansion (see ODFL.pdf, which, while referring to ODFL, also applies to any company seeking to expand a physical network). ODFL Integrated Network – Operational Risks and Growth Drivers: Old Dominion Freight Line (ODFL) operates a fully integrated, single-network model for less-than-truckload (LTL) shipping across the U.S. Growth drivers for ODFL's integrated network include: - Organic market share growth through superior customer service and expanded capacity. - Continuous expansion and upgrading of the service center network, including opening new centers and renovating existing ones. - Use of proprietary technology and efficient scheduling to maximize on-time performance and minimize claims. - Offering a single source for regional, inter-regional, and national service, combined with value-added offerings like supply chain consulting and truckload brokerage. Operational risks specific to ODFL’s integrated network include: - Shortages of suitable real estate, which may limit growth and cause congestion, leading to higher operating expenses. - Intense competition from regional, national, and other transportation providers, which could impact pricing and market share. - Dependence on efficient service center operations; disruptions or inefficiencies at any point can impact the entire network due to its integrated nature. - Regulatory risks and the challenge of maintaining a large, well-trained driver workforce. Summary: Regional center networks grow by adding or automating facilities and leveraging proximity to customers, but face risks in operational complexity, labor, and real estate. ODFL’s integrated network grows through network expansion and service quality, but is exposed to risks from real estate constraints, network congestion, and competitive pressures. Both models require careful management of facilities, workforce, and technology to support growth and minimize operational disruptions."
8ddc6a02,"LOW, exec trading commitment, risk profile, and growth.","90689,90712,96855,90871,112445,129587,90686,90711,90872,90700,129586,11382,83106,152574,42267,27356","289,35,388,455,269,336,83,247,125","Based on the provided context, here is a summary for Lowe’s Companies, Inc. (LOW) regarding executive trading commitment, risk profile, and growth: Executive Trading Commitment: There is no specific mention in the provided documents regarding executive trading commitments, such as Rule 10b5-1 trading plans or other securities trading arrangements for Lowe's executive officers. Risk Profile: Lowe’s is subject to a wide array of federal, state, and local laws and regulations but does not currently expect compliance with these laws and regulations to have a material effect on capital expenditures, results of operations, or competitive position as compared to prior periods. The company also maintains a written code of business conduct and ethics covering compliance, conflicts of interest, fair dealing, insider trading, and other key professional conduct areas. Information about risk factors can be found in the ""Risk Factors"" section of its annual report (Item 1A) (Chunk 1, Chunk 9, Chunk 10). Growth: Lowe’s growth initiatives include supporting associates and communities, cultivating a diverse culture, and being committed to creating valuable career opportunities. The company focuses on attracting and retaining top talent and positioning itself as an employer of choice in retail. Additionally, Lowe’s continues sustainability efforts, such as reducing water consumption, participating in environmental disclosures, and publishing annual Corporate Responsibility and Culture, Diversity & Inclusion Reports. These efforts are part of its broader strategy for long-term growth and value creation (Chunk 8, Chunk 10). In summary: There is no detailed disclosure of executive trading plans in the provided context. Lowe’s risk profile is managed through compliance and ethics programs, with no expected material effect from regulation. Growth is driven by talent development, sustainability initiatives, and community engagement."
e1759e5e,TSCO share repurchase vol. & cash outlay for FY22 and FY23.,"144809,72048,144534,144811,149397,14286,53221,62192,77431,40634,161807,101292,53222,7213,132097","483,228,394,43,302,432,433,211,182,119,24,155,446","Based on the provided context, the specific number of shares repurchased by Tractor Supply Company (TSCO) and the exact cash outlay for share repurchases in fiscal years 2022 and 2023 are not directly stated in the retrieved documents. The documents confirm that TSCO had an ongoing share repurchase program and provide information about the authorization limits and remaining authorization as of December 30, 2023 ($1.05 billion remaining out of $6.5 billion authorized). However, the exact volume of shares repurchased and the dollar amounts spent in FY22 and FY23 are not specified. Therefore, I cannot find sufficient information in the provided documents to answer this question."
5e5180f2,"Honeywell (HON) contract assets & liabilities impact rev & earnings, raising quality & risk concerns.","73213,73214,92030,73239,73245,21579,22992,156778,73207,73212,73246,73188,73197,73241,73185","65,69,273,468,215","Honeywell’s contract assets and liabilities directly impact its revenue recognition and, consequently, earnings. Here’s how: Contract Assets and Liabilities and Revenue/Earnings Impact: - Contract assets are recognized when Honeywell has recorded revenue for goods or services delivered to customers but has not yet billed the customer, often due to contract provisions requiring specific milestones before billing. These are derecognized and transferred to billed receivables when invoiced (Chunks 1, 10). - Contract liabilities occur when customers pay in advance for goods or services that Honeywell has not yet delivered. These are derecognized (and revenue recognized) as Honeywell satisfies its performance obligations, such as reaching a milestone or completing a service (Chunks 1, 10). This accounting treatment means revenue is recognized either before or after cash is received, depending on contract terms. For example, in 2023, Honeywell recognized $2,070 million of revenue that was previously included in contract liabilities at the start of the year (Chunk 2). Quality and Risk Concerns: - Quality: The correct measurement and timing of contract assets and liabilities are critical for accurate revenue recognition. Honeywell uses the cost-to-cost input method for long-term contracts, meaning revenue is recognized based on the proportion of costs incurred to total estimated costs (Chunk 13). This method relies on accurate cost estimation and project progress measurement. - Risk: If estimates of costs to complete or the assessment of performance obligations are inaccurate, this can lead to over- or under-recognition of revenue and earnings. Significant factors affecting estimates include inflation, technical or schedule risks, internal and subcontractor performance, and business volume assumptions (Chunk 13). Changes in estimates may require cumulative catch-up adjustments, impacting current period earnings (Chunk 2). - Honeywell reviews cost estimates regularly, but misestimation, project delays, or changes in contract terms can introduce volatility and risk to both revenue and earnings quality. In summary, Honeywell’s contract assets and liabilities are a normal part of its business, especially for long-term and milestone-based contracts. However, the reliance on estimates and timing differences does raise quality and risk concerns, particularly around the accuracy of revenue and earnings reporting if assumptions or project conditions change."
ace9fb70,Repurchase accounting for CSX structured deals vs. standard repurchase.,"37096,37095,111119,74273,35879,47134,37035,37057,37160,168700,37165,37176,122486,168699,47133,37143","106,139,332,110,496,368,218","For CSX, both structured share repurchases and standard share repurchases are treated similarly in terms of accounting. In both cases: - Shares repurchased are immediately retired upon repurchase. - The excess of the repurchase price over the par value of the shares is recorded in retained earnings. - Shares acquired through structured share repurchase agreements are recorded in common stock and retained earnings, and are included in the total share repurchases table. A structured share repurchase involves CSX entering into agreements where it pays a fixed amount of cash in exchange for the right to receive either CSX stock or a predetermined amount of cash (including a premium). However, the shares acquired through these structured deals are accounted for in the same manner as standard repurchases. There is no indication in the provided context of a difference in accounting treatment between structured share repurchases and standard (open market or other method) repurchases for CSX. Both ultimately reduce common stock and retained earnings and are reflected in the share repurchase disclosures. Source: [Chunks 1, 2]"
df66f082,Dual role of QUALCOMM affects cap allocation & profitability.,"126884,126807,126574,126575,126591,126610,126753,126791,126754,126598,126599,126877,126851,126790,126608,126602",378,"QUALCOMM operates primarily through two main business segments: QCT (semiconductor business) and QTL (technology licensing business), with QSI (strategic investments) as a third reportable segment. The dual role—as both a developer and supplier of integrated circuits (QCT) and a licensor of intellectual property (QTL)—directly influences how capital is allocated and how profitability is assessed across the company. Capital allocation and performance evaluation are managed based on revenues and earnings before income taxes (EBT) for each segment. The Chief Operating Decision Maker (CODM) allocates resources and evaluates performance by segment EBT, which includes allocated corporate expenses such as depreciation and amortization. However, certain income and charges (like specific interest expenses, investment income, and share-based compensation) are not allocated to segments, as they are not considered in evaluating segment operating performance (Chunk 1). This dual structure affects profitability in several ways: - QCT generates revenue primarily from sales of integrated circuits and system software, which are subject to manufacturing costs, competition, and fluctuations tied to device launch cycles and consumer demand (Chunks 1, 9, 11). - QTL generates revenue from licensing QUALCOMM’s extensive intellectual property portfolio, which typically involves high-margin, recurring royalty streams based on licensees’ sales of wireless products (Chunks 3, 15, 16). - The different business models mean that QCT’s profitability is more sensitive to supply chain issues, manufacturing capacity, and competitive pressures, while QTL’s profitability can be impacted by legal challenges, regulatory changes, and the timing of license renewals (Chunks 13, 15, 16). - The dual segment structure allows QUALCOMM to diversify its revenue sources and manage risks associated with each business, but also requires careful capital allocation to balance investment in R&D, manufacturing, and patent portfolio management. In summary, QUALCOMM’s dual role shapes capital allocation by segmenting investments and resources according to the distinct operational needs and risk profiles of QCT and QTL. Profitability is evaluated separately for each segment, reflecting the different revenue models and cost structures inherent to the semiconductor and licensing businesses."
307ebb9a,Liquidity trends for Invesco Ltd. in 2022-2023 highlight cash growth vs current liabilities.,"82940,82946,82942,82989,82945,48672,82900,153855,82951,82947,90290,82988,161921,83050","483,267,459,143,246","Invesco Ltd. experienced an increase in cash and cash equivalents from $1,234.7 million at December 31, 2022 to $1,469.2 million at December 31, 2023—an increase of $234.5 million (Chunks 1, 3, 5). This growth in cash was primarily driven by operating income and changes in payables and receivables due to the timing of payments and receipts, as well as investing activities such as proceeds from sales and the sale of certain assets (Chunk 2). Regarding current liabilities, total liabilities decreased from $12,914.6 million at December 31, 2022 to $13,017.8 million at December 31, 2023, but after adjustments (removing CIP and policyholder payables), the net liabilities relevant to shareholders were $5,325.9 million in 2022 and $5,010.0 million in 2023, indicating a slight decrease in current liabilities (Chunk 1). Overall, the liquidity trend for Invesco Ltd. in 2022-2023 shows a notable growth in cash and cash equivalents alongside a slight decrease in adjusted current liabilities, reflecting an improvement in the company’s liquidity position."
3794bf5a,Starbucks mgmt expresses confidence in $10B 5-1 repurchase plan; SBUX.,"133962,134009,134052,134047,133858,133857,93350,118000,63658,142876,76059,9152,90135,37408,115106,68757","353,199,427,267,399,111,277,344,185,29,223",I cannot find sufficient information in the provided documents to answer this question.
41dc000e,Cybersecurity framework impact on info systems protection vs material cyber incidents is critical for stakeholders.,"33673,19150,93337,40834,123879,101704,42414,117095,3389,135894,88771,155514,142038,123207,114779,2689","102,263,424,11,13,303,465,370,372,277,405,343,120,59,125,351","The use of established cybersecurity frameworks, such as the National Institute of Standards and Technology Cybersecurity Framework (NIST CSF), is a key factor in protecting information systems. Companies leveraging these frameworks implement structured approaches to identify, protect, detect, respond to, and recover from cybersecurity threats (Chunks 4, 9, 12, 15). This includes measures like incident response plans, employee training, risk assessments, security operations centers, and regular audits or penetration testing by internal teams and third parties (Chunks 4, 6, 8, 9, 10, 12, 13, 15). Importantly for stakeholders, many companies report that, despite experiencing cybersecurity incidents, their adoption of these frameworks and related controls has prevented material impacts on business operations, financial condition, or strategy. For example, several companies state that risks from cybersecurity threats, including any previous incidents, have not materially affected them and are not reasonably likely to do so in the future (Chunks 4, 7, 10, 12, 15). This demonstrates to stakeholders that strong cybersecurity frameworks are effective in reducing the risk and impact of material cyber incidents, which is critical for maintaining trust and protecting organizational value."
27aca8c8,GM's rev recognition: vehicle vs. parts sales profit.,"71425,71398,71397,116450,71396,71424,146360,116451,71399,71423,71227,63392,116409,71326,88119","261,209,438,184,349","General Motors (GM) recognizes revenue for both vehicles and parts based on when control transfers to the customer, but the profit profile and mechanics differ between the two: Vehicle Sales Revenue & Profit: - GM recognizes revenue for vehicle sales when control transfers to the dealer, which typically occurs either when the vehicle is released to the carrier for delivery or upon physical delivery to the dealer. - The largest portion of Automotive net sales and revenue comes from vehicle sales. - Revenue is recognized net of estimated sales incentives, returns, and taxes (such as sales, use, and value-added taxes). - Vehicle sales include sales to dealers, daily rental companies, and other fleet customers. Transfers to rental companies are generally accounted for as sales, but if there are remarketing obligations or residual value guarantees, some revenue is deferred until those obligations are fulfilled. - Costs for shipping and handling after control has transferred are recognized in cost of sales. - Profit from vehicle sales is influenced by sales volume, product mix, and pricing, which are affected by market demand, dealer inventory levels, and incentive programs. Parts Sales Revenue & Profit: - For parts and accessories, revenue is recognized upon delivery to the customer, net of estimated returns. - When customers have a right to return parts, GM estimates and recognizes the return impact at the time of sale. - Aftermarket parts are often associated with higher gross margins compared to complete vehicle sales, due to pricing power and the nature of the aftermarket business. - For example, in the context of another industry peer (PACCAR), parts gross margin was noted to be around 31.9% in 2023, which is typically higher than the margin on new vehicle sales (though GM's exact margin is not specified in the provided context). - Parts revenue and profit can also be affected by volume, price realization, direct material costs, and warehouse/indirect costs. Summary: - GM recognizes vehicle revenue when control passes to the dealer, and parts revenue when delivered to the customer. - Parts sales generally yield higher gross margins than vehicle sales due to less competitive pricing and lower cost structure, although the provided context does not give GM-specific margin percentages. - Both vehicle and parts sales are accounted for net of estimated returns and incentives, and both are major contributors to GM’s overall profitability, but the profit dynamics differ due to the nature of each business. If you need GM-specific gross margin percentages for vehicles and parts, that detail is not directly provided in the context above."
9ade74a9,Camden (CPT) prop trust differentiation strategies impact on profitability.,"31750,31752,31646,31740,31739,31736,31737,31779,31780,31778,71983,31684,88311,31651,88310,31654","97,211,262","Camden Property Trust differentiates itself through several strategies that can positively impact its profitability: 1. Product and Service Differentiation: Camden emphasizes high-quality property management, using web-based property and revenue management systems to optimize rental rates and occupancy. Their marketing and lease strategies are designed to respond rapidly to local market conditions, which helps maximize property financial results and control operating costs (Chunk 14). 2. Customer Experience and Satisfaction: The company conducts ongoing customer service surveys to ensure timely responses to residents’ needs and maintain high satisfaction levels. This focus on customer experience can drive higher occupancy, retention, and rental rates, supporting profitability (Chunk 14). 3. Culture and Human Capital: Camden strives to foster a strong, values-driven culture that attracts and retains top talent. Their workplace is built around core values like customer focus, integrity, and teamwork, aiming to create a high-trust, productive environment. Effective human capital management is seen as critical to delivering on strategy and sustaining growth and value for shareholders (Chunk 14). 4. Diversity, Equity, and Inclusion (DEI): Camden believes its DEI efforts build organizational capacity and are essential for business success, helping to improve the experiences of employees, customers, and shareholders (Chunk 16). By focusing on operational excellence, customer satisfaction, and a strong, inclusive culture, Camden seeks to differentiate itself from competitors, which can lead to higher occupancy, better rental rates, and improved cost control—all contributing positively to profitability."
bfcb31d8,"O YOY AR & working cap of current assets vs liabilities, ticker.","115153,89,38323,12147,32549,80319,81497,159079,4144,137618,8868,169562,69477,90290,45738,2492","1,100,38,136,10,203,267,237,15,113,241,497,344,409,475,28","Here is a summary of year-over-year (YOY) Accounts Receivable (AR) and working capital (current assets minus current liabilities) for each company (ticker) where data is available: **AAPL (Apple Inc.)** - AR (Accounts Receivable): Increased from $29,508M (2023) to $33,410M (2024) - Working Capital: Increased from $143,566M (2023) to $152,987M (2024) (Current assets only; current liabilities also increased) - Current Liabilities: Increased from $145,308M to $176,392M - Working Capital (Current Assets - Current Liabilities): $152,987M - $176,392M = **$(23,405)M** (2024), $143,566M - $145,308M = **$(1,742)M** (2023) - YOY Change: Working capital decreased (became more negative). **NXPI (NXP Semiconductors)** - AR: Decreased from $960M (2022) to $894M (2023) - Working Capital: - Current Assets: Increased from $6,935M to $7,864M - Current Liabilities: Increased from $3,270M to $4,111M - Working Capital: $7,864M - $4,111M = **$3,753M** (2023), $6,935M - $3,270M = **$3,665M** (2022) - YOY Change: Working capital increased by $88M. **CMS (CMS Energy)** - AR (intercompany): $8M (2022) to $9M (2023) (minimal change) - Working Capital: - Current Assets: $229M (2023), $197M (2022) - Current Liabilities: $371M (2023), $116M (2022) - Working Capital: $229M - $371M = **$(142)M** (2023), $197M - $116M = **$81M** (2022) - YOY Change: Working capital decreased by $223M (went negative). **WST (West Pharmaceutical Services)** - AR: $507.4M (2022) to $512.0M (2023) (slight increase) - Working Capital: $1,400.5M (2022) to $1,264.6M (2023) (decreased by $135.9M) **IR (Ingersoll Rand)** - AR: $1,122.0M (2022) to $1,234.2M (2023) (increase) - Working Capital: $2,293.3M (2022) to $2,223.1M (2023) (decrease of $70.2M) **DOV (Dover Corp)** - AR: $1,516.9M (2022) to $1,432.0M (2023) (decrease) - Working Capital (adjusted): $1,815.3M (2022) to $1,699.0M (2023) (decrease) **GLW (Corning Inc.)** - AR: $1,721M (2022) to $1,572M (2023) (decrease) - Working Capital: $2,278M (2022) to $2,893M (2023) (increase) **AMAT (Applied Materials)** - AR (not directly given, but DSO improved): Days sales outstanding decreased from 70 days (2023) to 68 days (2024) - Working Capital: $11.8B (2023) to $12.8B (2024) (increase) **Summary Table** | Ticker | AR YOY Change | Working Capital YOY Change | |--------|--------------|----------------------------| | AAPL | ↑ | ↓ (became more negative) | | NXPI | ↓ | ↑ | | CMS | ~ | ↓ (became negative) | | WST | ↑ | ↓ | | IR | ↑ | ↓ | | DOV | ↓ | ↓ | | GLW | ↓ | ↑ | | AMAT | N/A (DSO ↓) | ↑ | ↑ = increase, ↓ = decrease, ~ = little change, N/A = not available Let me know if you need more detail for a specific ticker."
ed7d4351,"Impact of Fox Corp's cybersecurity risk monitoring on credit rating, ticker FOX.","61894,61892,61891,61946,61893,62037,61949,61947,61948,61959,18771,62027,61896,61958,118314,61798","58,181,354","I cannot find sufficient information in the provided documents to answer this question. The available context details Fox Corporation's cybersecurity risk monitoring and governance practices, but does not address any direct or indirect impact of these practices on the company's credit rating."
66e69f95,BKR capex trends from 2021-2023 indicate growth investment strategies.,"18482,18603,18600,18373,18369,18620,18615,18561,18454,18444,18547,18440,18377,18388,18474",57,I cannot find sufficient information in the provided documents to answer this question.
603e801c,"$BIIB $2.1B buyback boosts retention, future cap allocation & enhances SH value.","22562,32565,22551,44153,22670,22458,22668,88955,130246,90080,93350,46086,9152,165715,46303,22468","130,100,68,389,263,137,267,493,277,29","Biogen (BIIB) has a $2.1 billion remaining authorization under its 2020 Share Repurchase Program, which allows for the repurchase and retirement of common stock with no set expiration date. While there were no share repurchases in 2023, such a sizable buyback program can support shareholder value by reducing the number of outstanding shares, potentially increasing earnings per share, and providing flexibility for future capital allocation decisions. The company also states that it continually reviews its capital allocation strategies, including share repurchases, as part of its approach to enhancing shareholder value."
9962810b,3M's (MMM) cust. order pattern impacts rev. margins.,"121488,104601,104640,39516,104697,75571,104641,67859,2430,87082,136117,104545,79579,104621,143175,158373","258,197,10,235,428,366,117,406,312,473,222","3M's revenue and profit margins are directly impacted by customer order patterns. Changes in the levels of inventory maintained by customers, the timing of their purchases, adoption of new technology, and shifts in product mix or distribution channels all influence demand for 3M's products. For example, during economic downturns, average selling prices tend to decrease as market participants compete more aggressively on price, which can negatively affect profit margins. If 3M is unable to adapt to these changing customer behaviors or maintain desired pricing, it could have a material adverse effect on its business, financial condition, results of operations, and cash flows (Chunk 1). Additionally, in the Consumer business segment, demand trends such as a shift in consumer spending to more non-discretionary items and retailers reducing their inventories have led to lower sales volumes and operating margins. These effects are compounded by inflation, supply chain challenges, and restructuring costs (Chunk 3). Overall, variability in customer order patterns and purchasing behavior can lead to fluctuations in both revenue and profit margins for 3M."
e005f6bd,ALL's EPS effect from a decline in share count and the resulting trend implications.,"79853,153966,146842,46241,132606,39161,153379,54835,102934,34607,136853,141438,84563,17297,102935,83396","161,421,103,247,137,457,235,395,459,306,115,51,407,440,251",I cannot find sufficient information in the provided documents to answer this question.
a5570725,"Impact of Regency Centers' cybersecurity framework on risk profile & profitability, REG.","132344,132248,132295,132250,132665,132257,132469,132653,132411,132413,132526,150528,132258,145972,24493,138070","450,73,395,437,411","Regency Centers' cybersecurity framework, overseen by its Audit Committee and led by the Cybersecurity Risk Committee (CRC), is designed to identify, assess, manage, prevent, and mitigate cybersecurity risks. The CRC includes senior leaders with diverse expertise in IT, network security, legal, compliance, accounting, and risk management. This broad oversight and expertise help ensure that cybersecurity threats are addressed proactively and effectively. By maintaining a robust cybersecurity risk management program and providing regular updates to the Audit Committee and Executive Committee, Regency Centers aims to reduce the likelihood and impact of significant cybersecurity threats or incidents. This focus on strong governance and preparedness supports the company’s ability to protect its assets, operations, and reputation. Effective cybersecurity governance can help minimize financial losses, legal liabilities, and reputational damage associated with cyber incidents, thereby positively impacting Regency Centers’ risk profile and supporting its long-term profitability. However, the documents do not provide quantitative data or specific examples of how the cybersecurity framework has directly affected Regency Centers' profitability. The emphasis is on risk mitigation, oversight, and preparedness as integral parts of maintaining a stable risk profile and supporting business continuity."
8166a1f6,"Governance of board roles at BlackRock, Inc, BLK.","20542,20402,20364,20646,20401,20363,20651,20550,20400,20408,20407,20551,20528,20649,20404",63,"At BlackRock, Inc., the Board of Directors plays a significant governance role across several key areas: - The Board is actively engaged in the oversight of risk management, including cybersecurity, with the Risk Committee assisting in monitoring risk levels, risk assessment, management, and related policies. The committee receives regular reports from the information security team, including the Chief Information Security Officer (CISO) (Chunk 1). - The Board also has oversight of human capital management. Each year, the Board holds an in-depth review of BlackRock’s culture, talent development, retention and recruiting initiatives, diversity, equity, and inclusion (DEI) strategy, leadership and succession planning, and employee feedback. The Management Development and Compensation Committee periodically reviews the firm's human capital management strategy, with particular focus on succession planning for the CEO and other senior executives (Chunks 2, 5). - Over 85% of BlackRock’s Board consists of independent directors, supporting strong governance and minimizing conflicts of interest (Chunk 6). - The Board is supported by committees such as the Risk Committee and the Management Development and Compensation Committee, which have defined responsibilities in their respective areas (Chunks 1, 2, 5). In summary, BlackRock’s Board is structured to ensure strong independent oversight, with dedicated committees for risk (including cybersecurity) and human capital management, and a majority of independent directors to support effective governance."
e381b49e,Rev rec timing impact on cash flow & liquidity for O'Reilly Automotive (ORLY).,"114672,140809,14118,95168,114622,114629,146643,114634,114576,114623,114659,114611,114734,114733,81318,114732","419,42,241,342,439,283","For O’Reilly Automotive (ORLY), the timing of revenue recognition generally aligns closely with the timing of cash collection, especially for retail (DIY) customers. Revenue is recognized at the point when the customer takes possession of the merchandise, either in-store or at delivery/pick-up, and retail customers typically pay at the point of sale. For commercial customers, revenue is recognized upon same-day delivery, and payment terms generally range from 1 to 30 days (Chunk 1). Because of this alignment, there is minimal delay between when revenue is recognized and when cash is collected for most transactions, resulting in a limited direct impact on cash flow and liquidity from revenue recognition timing. This efficient conversion of sales to cash contributes positively to the company’s ability to fund operations, capital investments, and other liquidity needs (Chunks 6, 8). Overall, O’Reilly’s revenue recognition practices support a strong cash flow position and liquidity profile, with most sales converting to cash quickly after recognition."
e05198e2,Dev. initiatives at AMZN impact competitive positioning & efficiency.,"6176,6177,6259,6258,95102,6171,6260,6295,6178,58503,164645,164612,6343,6172,109993,141990","424,330,492,172,21,283","Amazon’s development initiatives significantly impact its competitive positioning and efficiency in several ways: 1. Technology and Infrastructure Investments: Amazon continually invests in research and development, the design and maintenance of its online stores, and infrastructure such as servers and data centers. These investments enable Amazon to offer a wide variety of products and services, support innovations like global broadband via satellite networks, and autonomous vehicles for ride-hailing. Such ongoing development helps enhance customer experience and process efficiency, allowing Amazon to operate at increasing scale and adapt rapidly to technological changes (Chunks 3, 4, 7, 8). 2. Talent and Human Capital: Amazon’s focus on hiring and developing technical talent—especially software engineers and computer scientists—along with programs like Amazon Career Choice and the Amazon Technical Academy, helps foster innovation. This emphasis on employee skills and engagement supports the company's goals of process improvement, inclusion, and operational excellence, which strengthen its competitive positioning (Chunks 1, 2, 9). 3. Rapid Innovation and Adaptation: The company’s strategy is guided by principles such as customer obsession, invention, and operational excellence. Amazon’s willingness to develop and deploy new products, services, and business models enables it to respond effectively to competitive threats and changing market conditions (Chunk 6). 4. Process Efficiency and Scale: Through continued investment in technology and cross-functional systems, Amazon improves its operational processes and efficiency, which helps control costs even as the business grows. These efficiencies, in turn, reinforce its ability to compete on price, selection, and convenience—core elements of Amazon’s customer value proposition (Chunks 3, 4). Overall, Amazon’s development initiatives, supported by robust investments in technology, infrastructure, and talent, directly enhance its competitive positioning and operational efficiency."
186aaab4,IPG's legal proceedings risk disclosure may impact stock performance.,"78067,82116,2346,73807,2120,82255,82072,158402,82058,152784,82253,121309,88018,82080,91022,82145","261,230,456,9,365,270,243,473,218","IPG’s disclosures indicate that legal proceedings and related risks could potentially impact its stock performance. The company notes that outcomes of lawsuits and regulatory proceedings are difficult to predict or estimate, and substantial legal liability or significant regulatory or enforcement actions could materially adversely affect business, financial condition, or results of operations, as well as cause significant reputational harm. Additionally, there has been a trend of public settlements that may be used as templates for future settlements, contributing to uncertainty in regulatory enforcement and making it difficult to estimate probable losses. These factors could lead to disparities between legal reserves and actual settlements or penalties, which could adversely affect IPG’s results of operations and, consequently, its stock performance (see FITB.pdf, which discusses similar industry risks). Moreover, like other companies, IPG is exposed to market volatility, and periods of volatility following legal developments could result in securities class action litigation, leading to substantial costs and diversion of management’s attention and resources. This could have a material adverse effect on the company’s business and stock price (see KMX.pdf, which discusses similar risks following litigation or volatility). In summary, IPG acknowledges that legal proceedings and related risks could materially impact its financial performance and stock price."
b77defd2,"2023 CAPEX breakdown for Snap-on Inc and allocation for Snap-on Tools Group, ticker SNA.","135138,134936,135137,134846,134941,135136,134971,134932,135127,134940,134841,134938,134844,95369,134974","402,284","In 2023, Snap-on Inc.'s total capital expenditures (CAPEX) were $95.0 million. The allocation for the Snap-on Tools Group was $46.1 million out of this total. The remaining CAPEX was distributed among other segments and corporate functions: - Commercial & Industrial Group: $22.5 million - Repair Systems & Information Group: $20.3 million - Financial Services: $1.8 million - Corporate: $4.3 million (Source: Chunk 1)"
a68b8600,Impact of LIBOR-to-SOFR transition debt svc risk on Jacobs Solutions Inc. (JACB),"86702,52734,80844,27644,96915,32712,80856,145961,105518,91235,26991,91462,148223,80855,86755","256,289,100,270,239,271,82,84,437,154,315,444","Jacobs Solutions Inc. transitioned its U.S. dollar-denominated borrowings under its Revolving Credit Facility and Term Loan Facilities from LIBOR-based rates to the Secured Overnight Financing Rate (SOFR), and its British pound borrowings to SONIA rates. The interest rates for these facilities are now calculated as SOFR plus an applicable margin, which varies based on the company's leverage ratio or debt rating. At the end of fiscal 2024, the applicable SOFR rates (including margins) were approximately 6.64% (compared to 8.75% at the end of fiscal 2023). This transition may impact Jacobs’ debt service risk in several ways: - The move from LIBOR to SOFR eliminates the uncertainty around the continued availability of LIBOR, but SOFR can be more volatile than LIBOR, as noted by other companies in the context (see Chunk 4), and may affect the cost of variable-rate debt. - The company’s interest expense is now directly tied to SOFR, which, if it rises, could increase the company’s debt service obligations. However, the margins over SOFR are clearly defined and tied to leverage or credit ratings, providing some predictability. - Jacobs Solutions does not report significant issues or disruptions caused by the transition, and the context does not suggest material negative impacts on their ability to service debt due to the rate change. There is no mention of hedge accounting or derivative disruptions in the provided context. In summary, the transition to SOFR exposes Jacobs Solutions Inc. to the general risks associated with SOFR-based variable rate debt—primarily interest rate volatility and potential for higher debt service costs if SOFR increases. However, there is no evidence in the provided documents of a material or unusual increase in debt service risk specifically due to the transition from LIBOR to SOFR."
9e890fac,UPS share repurchase volumes & expenses in 2023 vs 2022.,"128832,30060,153503,82278,153659,116305,134784,12115,155163,84533,78408,153644,161807,86570","256,385,483,38,231,458,251,464,401,243,91,348","In 2023, UPS used $1,368 million for common stock purchases and $402 million to repurchase shares for tax withholding on employee stock awards. In 2022, UPS used $1,038 million for common stock purchases and $516 million for share repurchases related to tax withholding obligations. While the exact number of shares repurchased in each year is not directly stated, the dollar amounts indicate that both the repurchases for stock buybacks and those related to employee equity plans were higher in 2023 than in 2022 for stock buybacks, but lower for employee-related repurchases. Summary of UPS share repurchase expenses: - 2023: $1,368 million (buybacks) + $402 million (employee awards) = $1,770 million - 2022: $1,038 million (buybacks) + $516 million (employee awards) = $1,554 million The volume of shares repurchased is not explicitly stated in the provided context."
982dfb3f,"Last yr, significant insider activity suggests mgmt confidence in HAL.","69627,69650,69691,69631,69639,69728,69649,69626,69805,69652,69641,69625,69797,69733,69630,69628",204,I cannot find sufficient information in the provided documents to answer this question.
6242fce4,80% union coverage's impact on NSC labor costs & flexibility analyzed with 2023 employment data.,"79216,112694,108662,108658,82096,161985,112647,135186,112655,153607,137496,112625,22010,112693,161984,75018,112702","483,67,326,234,458,337,243,403,409,221",I cannot find sufficient information in the provided documents to answer this question.
db4966a4,$MDLZ pending legal provision impact on profitability & cash flows.,"101306,101360,101309,101480,101173,101368,101492,101510,101482,101355,101354,101506,101507,101291,101481",302,"Mondelēz International has recognized a provision related to a pending legal matter with the European Commission. In the fourth quarter of 2022, they accrued a liability of €300 million ($321 million) as an estimate of the possible cost to resolve this matter, and in the fourth quarter of 2023, they increased the accrual to approximately €340 million ($375 million) in total. This accrual was recorded within other current liabilities on the balance sheet and as selling, general, and administrative expenses in the statement of earnings, thereby reducing profitability for those periods. As for the impact on cash flows, the provision itself is a non-cash accounting entry until the liability is settled. Actual cash outflows will occur when the resolution is finalized and payments are made, which will then impact cash flows from operating activities. The company states that, at present, they believe the ultimate outcome of legal proceedings and regulatory matters, individually and in the aggregate, will not materially harm their financial position, results of operations, or cash flows. However, they acknowledge that unfavorable resolutions could have a material adverse impact. Regarding the U.S. Commodity Futures Trading Commission (CFTC) matter, the settlement approved in May 2022 had an immaterial impact on Mondelēz’s financial position, results of operations, and cash flows. In summary, the European Commission provision has reduced current profitability, but the cash flow impact will occur upon settlement. Management does not currently expect these legal matters to materially harm overall financial health, though they note the possibility of adverse outcomes."
d16f7335,CSX allocation mix: trad infra vs strategic proj for long-term growth; TKR: CSX.,"37056,37055,37114,37057,37058,37159,37178,37052,37177,36993,37179,37034,37097,37174,37059",110,"CSX allocates its capital expenditures primarily between traditional infrastructure and strategic projects for long-term growth. In 2023, out of a total of $2,281 million in capital expenditures: - Traditional infrastructure (track, bridges, signals, and other): $1,700 million (approximately 75% of total capex) - Track: $1,007 million - Bridges, Signals and Other: $693 million - Strategic projects and commercial facilities: $304 million (approximately 13% of total capex) The remainder was spent on freight cars, locomotives, and regulatory projects. For 2024, CSX plans to invest about $2.5 billion, with a continued top priority on sustaining core infrastructure focused on safety and reliability. However, management is also committed to investing in projects that support profitable growth, including service enhancements and productivity initiatives, which encompass strategic projects. In summary, the majority of CSX’s capital expenditures are directed toward maintaining and upgrading traditional infrastructure, while a meaningful portion is allocated to strategic projects and commercial facilities aimed at long-term growth."
0fc7a24d,"Impact of BLL cybersecurity risk mgt on risk profile & capital allocation, BLL.","2471,24488,2470,15754,28905,48939,77133,2685,146978,20088,23195,130683,42267,16025,106090,130682","227,70,391,73,10,11,144,49,50,88,441,317,125,62",I cannot find sufficient information in the provided documents to answer this question.
3a79515d,JCI's legal risks affect cap allocation & growth investments.,"87594,87597,87754,87596,87688,87938,87698,87937,87936,87940,87707,149361,87599,87795,87697,133643","398,260,446","Johnson Controls International plc (JCI) faces a variety of legal risks that can impact its capital allocation and growth investments. These legal risks include exposure to litigation, the potential for governmental proceedings, and settlement-related uncertainties (such as those related to the use of AFFF and class action lawsuits). The company also faces risks of infringement or expiration of intellectual property rights and challenges arising from changes in laws, regulations, and tax policies in jurisdictions where it operates (Chunks 2, 4, 5, 11, 15). Such risks may result in significant transaction costs, unknown liabilities, and increased expenses, all of which could adversely affect the company's financial condition and cash flows. As a result, these legal uncertainties could influence JCI's ability to allocate capital efficiently, potentially requiring the company to reserve funds for litigation or regulatory compliance rather than for growth investments. Legal risks may also lead to delays or cancellations of planned portfolio transactions, impacting the realization of expected benefits and synergies from strategic initiatives (Chunks 2, 4). In summary, JCI's legal risks can create financial uncertainty, increase costs, and divert resources, all of which may affect the company's ability to invest in growth and execute its capital allocation strategy effectively."
396c347d,Cencora Inc. % YoY change in FY rev & COGS impacts profitability.,"31533,78277,161402,31479,161421,161533,21926,69328,31581,31532,36188,161461,129830,161327,161326,88310","96,482,66,388,262,231,202,107","For Cencora, Inc., the fiscal year (FY) revenue and cost of goods sold (COGS) figures for 2024 and 2023 are as follows (in thousands): - FY 2024 Revenue: $293,958,599 - FY 2023 Revenue: $262,173,411 - FY 2024 COGS: $284,048,570 - FY 2023 COGS: $253,213,918 Calculating the year-over-year (YoY) percentage change: **Revenue YoY Change:** \[ \frac{293,958,599 - 262,173,411}{262,173,411} \times 100 \approx 12.1\% \] **COGS YoY Change:** \[ \frac{284,048,570 - 253,213,918}{253,213,918} \times 100 \approx 12.2\% \] **Impact on Profitability:** - Gross profit increased from $8,959,493 in FY 2023 to $9,910,029 in FY 2024, a rise of about 10.6%. - Both revenue and COGS grew at a similar pace (around 12%), so gross margin as a percentage of revenue remained relatively stable. - Operating income declined slightly from $2,340,731 in FY 2023 to $2,175,249 in FY 2024, reflecting higher operating expenses, including increases in litigation, amortization, and goodwill impairment. **Summary:** Cencora’s FY 2024 revenue grew by about 12.1%, and COGS grew by about 12.2% YoY. This close alignment means the company’s gross margin remained stable, but higher operating expenses affected overall profitability, resulting in a slight decrease in operating income."
270dba94,Best Buy's adherence to partial NIST CSF for risk mgt and ticker valuation impact.,"88294,42854,75853,150528,70171,87147,14197,28903,150879,49341,14181,14260,110807,14196,78072,14387","450,258,451,262,230,43,332,206,145,88,126,223","Best Buy utilizes the National Institute of Standards and Technology Cybersecurity Framework (NIST CSF) as a guide for designing and assessing its cybersecurity risk management processes. However, the company notes that this does not imply full compliance with any particular technical standards, specifications, or requirements—rather, the NIST CSF is used to help identify, assess, and manage cybersecurity risks relevant to Best Buy’s business (Chunk 10). Regarding ticker valuation impact, the provided context contains information on Best Buy’s stock performance over the past five years (Chunk 12), but there is no direct discussion or evidence linking Best Buy’s partial adherence to the NIST CSF with changes in its stock valuation. The context does emphasize that risks, including those from cybersecurity, could affect Best Buy’s financial results and market value (Chunk 7, Chunk 14). However, there is no specific analysis or statement connecting the cybersecurity framework adherence to Best Buy’s ticker performance. In summary: Best Buy uses the NIST CSF as a guiding framework for risk management, but there is no direct evidence in the provided documents that links this adherence to changes in the company’s stock valuation."
21ede3ba,Xylem's rev rec methods for LT constr. contracts affect profit & cash flow (cost vs shipment) for ticker XYL.,"164663,164630,164662,164631,164601,164702,164667,164661,81179,164629,164695,10875,164694,10915,164782","240,34,492","Xylem recognizes revenue from long-term construction-type contracts primarily over time. The company uses two methods to measure progress and recognize revenue for these contracts: 1. **Input Method (Cost-Based):** Revenue is recognized based on costs incurred relative to the total estimated costs of the contract. This means as Xylem incurs project costs, it recognizes a proportionate amount of revenue and profit, matching revenue and related costs in the same periods. This method typically results in a smoother profit recognition over the life of the contract and aligns cash flows from customer payments made as progress is achieved (Chunk 1, Chunk 2, Chunk 3, Chunk 4). 2. **Output Method (Shipment-Based):** For certain arrangements, revenue is recognized based on shipments of products where control has transferred to the customer. In this case, profit is recognized when deliverables are shipped, which may lead to more variable profit recognition depending on the timing of shipments. Cash flow may also be more variable, as it depends on the timing of delivery and customer payment terms (Chunk 1, Chunk 2, Chunk 4). **Profit Impact:** - The input (cost) method spreads profit recognition over the duration of the contract, closely matching costs and revenues and reducing the risk of profit ""lumpiness."" - The output (shipment) method may lead to periods with higher or lower reported profits, depending on when shipments (and thus revenue recognition) occur. **Cash Flow Impact:** - Under both methods, cash flow is influenced by payment terms. For cost-based (input) contracts, customers typically pay as progress is made, supporting more consistent cash inflows. For shipment-based (output) contracts, cash inflows may be more concentrated around delivery milestones. In summary, Xylem's use of the input method for long-term construction contracts supports steadier profit and cash flow recognition as work progresses, while the output (shipment) method can result in more variability, reflecting when products are delivered and control passes to the customer."
bc5c0e96,"Divisional structure, risk mgmt, & competitive positioning of Nasdaq.","112178,112006,112017,112237,112019,112286,112038,112011,112023,112045,112068,112024,112093,112082,112041,7099","24,335","Nasdaq’s Divisional Structure Following the acquisition of Adenza in November 2023, Nasdaq refined its divisional structure to better align with foundational shifts in the global financial system. The company now operates through three main business segments: 1. Capital Access Platforms 2. Financial Technology 3. Market Services All prior periods have been restated to conform to this new structure. The three segments allow Nasdaq to focus on key pillars such as liquidity, transparency, and integrity, and to better leverage complementary capabilities across its business units (Chunks 1, 3, 4, 5). Risk Management Nasdaq emphasizes strong risk management practices. It has a technology risk program to evaluate the resiliency of critical systems, including cybersecurity risks. This program identifies areas for improvement and implements system upgrades and process changes to minimize future risk. Employee awareness is also a focus, with ongoing training, targeted phishing education, and new security tools being deployed (Chunk 15). Additionally, as a public company and operator of broker-dealers, Nasdaq’s subsidiaries are subject to strict regulatory oversight, including compliance with minimum capital requirements and routine examinations by FINRA and other authorities. This regulatory framework helps ensure the financial soundness and liquidity of its operations (Chunk 11). Competitive Positioning Nasdaq positions itself as a global, client-focused technology company with expertise in both markets and financial technology. Its competitive strengths include: - Robust and reliable technology infrastructure, enhanced by the Financial Technology division. - Integrated platforms that improve liquidity, transparency, and integrity of the global financial ecosystem. - The ability to empower clients to navigate capital markets, achieve sustainability goals, and maintain corporate governance excellence. - Delivery of data, analytics, and insights to help clients make informed decisions and comply with evolving regulations. Nasdaq’s unique value proposition is its ability to operate leading platforms that support the functioning and modernization of markets, leveraging technology such as cloud, blockchain, machine learning, and artificial intelligence to enhance market resiliency and accessibility (Chunk 10). In summary, Nasdaq’s divisional structure, robust risk management, and strategic focus on technology and client needs form the basis of its strong competitive positioning in the global financial marketplace."
e4e06de6,Emerging therapies exert vertex competitive pressure on revenue & growth for the co. (TICKER).,"159328,159331,22400,137736,22401,22328,22329,143539,22330,34743,22399,76263,15714,8682,19492","224,68,104,429,28,60,49,410,476","Emerging therapies do exert competitive pressure on Vertex's (VRTX) revenue and growth. Vertex acknowledges that a significant portion of its value is based on its potential treatments, such as VX-548 for acute and neuropathic pain, and its existing portfolio for cystic fibrosis (CF), sickle cell disease (SCD), and transfusion-dependent thalassemia (TDT). The company faces risks from competitors developing and commercializing new treatments in these areas. If competing therapies—especially those with superior product profiles or coming from companies allocating increased resources—are successfully developed and approved, Vertex's products and revenue could face significant competitive pressures. This could adversely affect future net product revenues and cash flows, particularly if competitors' products prove to be superior or gain greater market acceptance (Chunk 1). Additionally, the acute pain market in which Vertex is developing VX-548 already consists of many low-cost generic drugs, and the neuropathic pain market is dominated by generic anticonvulsants and antidepressants. This strong competition from established and new therapies can materially harm Vertex’s business if its products do not gain or maintain market acceptance or if competitors’ products prove superior (Chunk 1). In summary, the emergence and success of new therapies from competitors pose a significant competitive threat to Vertex’s revenue and growth prospects."
9ed082e0,Aon Q4 2023 liquidity valuation of repurchase activity for the stock.,"11520,11549,96032,161807,12115,133634,84533,59702,59736,32031,92383,11714,97084,27703,53089","289,98,483,36,38,155,398,175,274,84,251,287","Aon's share repurchase activity in the fourth quarter of 2023 is detailed as follows: - October 1–31, 2023: 811,155 shares repurchased at an average price of $320.98 per share - November 1–30, 2023: 858,950 shares repurchased at an average price of $327.18 per share - December 1–31, 2023: 660,279 shares repurchased at an average price of $315.92 per share Total for Q4 2023: 2,330,384 shares repurchased at an average price of $321.83 per share. At the end of December 2023, the remaining authorized amount for share repurchase under Aon's Repurchase Program was approximately $3.3 billion. There is no specific ""liquidity valuation"" of these repurchases provided in the context, but these figures reflect the volume and average price of shares repurchased, as well as the remaining authorization for future repurchases. The repurchase activity would have reduced Aon’s cash liquidity by the aggregate dollar amount spent on these buybacks, which totaled approximately $750 million for the quarter (2,330,384 shares x $321.83 average price per share)."
21abe5f6,"ODFL faces pricing, capacity, & service quality risks; mitigation measures include strategic pricing, fleet optimization, & enhanced customer service protocols.","112489,112438,112446,112478,112437,112424,112452,112435,112436,112425,112533,149502,112579,112580,112532,112439","336,447","Old Dominion Freight Line (ODFL) faces several risks related to pricing, capacity, and service quality. These risks include: - Projected freight volume growth may differ from actual results, leading to excess capacity and potential negative impacts on profitability. - Growth can strain management, capital resources, information systems, and customer service. - Competition for qualified employees and the need to maintain a unique company culture can affect service quality. - Expanding service offerings may introduce new competitive challenges. - Limited supply and increased costs of new equipment may impact profitability and cash flows. - Fluctuations in the availability and price of diesel fuel can materially affect operating results, as fuel is a significant expense and subject to external factors like natural disasters, political events, and regulatory changes. ODFL employs several mitigation measures, including: - Strategic pricing through an integrated freight-costing system and participation in bid solicitations, allowing them to determine profitable price levels for shipments and remain competitive. - Fleet optimization, with investments in service center expansions and maintenance of fuel storage facilities to ensure adequate supply and operational efficiency. - Enhanced customer service protocols, such as a focus on providing superior customer service, a robust driver training program, and comprehensive employee engagement initiatives. Their technology systems also support customer service and operational efficiency by integrating data and providing secure, flexible access for customers and employees. These measures help ODFL manage risks associated with pricing, capacity, and service quality, supporting continued growth and customer satisfaction despite industry challenges."
e94d7fb9,"Net int. exp. % trend, risk, and cost of cap. for Bunge Global SA.","18978,18986,18910,18952,18937,18797,18998,18957,18945,18891,18865,18864,18878,102228,18816,18938","304,58","Bunge Global SA's net interest expense and related trends, risk, and cost of capital can be summarized as follows: Trend in Interest Expense and Rates: - The weighted-average interest rate on Bunge's short-term borrowings decreased significantly from 15.53% at December 31, 2022 to 8.36% at December 31, 2023 (Chunk 1). - Short-term lines of credit carried variable interest rates ranging from 2.00% to 155.00% as of December 31, 2023, with local currency borrowings in some regions having higher rates (15.30% in 2023, down from 32.12% in 2022). Cost of Capital: - Bunge's cost of capital, as reflected in its debt pricing, includes commitment fees, amortization of deferred financing costs, the impact of designated interest rate hedges, and charges on certain lending transactions (Chunk 1). - The company utilizes a variety of funding sources, including local and international banking institutions and commercial paper markets, and has both secured and unsecured credit facilities. Risk and Credit Ratings: - Bunge’s debt carries investment-grade ratings, which reflect credit risk and affect its cost of capital: - Standard & Poor's: BBB+ (Positive Outlook) - Moody's: Baa2 (Review for Upgrade) - Fitch: BBB (Rating Watch Positive) (Chunk 15) - These ratings indicate moderate credit risk and help secure more favorable borrowing terms. - Following a recent acquisition announcement, the agencies reviewed and generally improved their outlook on Bunge’s credit profile. Summary: Bunge Global SA’s net interest expense as a percentage of debt has improved due to lower weighted-average short-term borrowing rates year-over-year. The company’s cost of capital is managed through diversified funding sources, interest rate hedging, and maintaining strong investment-grade credit ratings, which mitigate risk and support competitive borrowing costs."
9f66f4c8,MRO $2.01B US CAPEX vs intl growth op performance.,"104078,104071,104077,104049,104075,103894,104005,104006,104059,103990,103991,104114,104161,104072,104160",310,"Marathon Oil Corporation's U.S. capital expenditures (CAPEX) guidance for 2024 is between $1.9 billion and $2.1 billion, with a focus on free cash flow generation and returns to shareholders (Chunk 6, 8). The majority of Marathon Oil's operations and capital investments are concentrated in U.S. resource plays such as Eagle Ford, Bakken, Oklahoma, and Permian (Chunk 6). In recent years, actual capital expenditures have overwhelmingly favored U.S. operations over international. For example, in 2023, U.S. CAPEX was $2,033 million, while international CAPEX was only $2 million (Chunk 5). This significant allocation highlights the company’s strategic emphasis on U.S. assets for both current performance and future growth. Operational performance in the U.S. segment reflects this investment, with revenues and segment income far outpacing international operations. In 2023, U.S. revenues from contracts with customers were $6,199 million versus $208 million for international operations. U.S. segment income was $1,763 million, compared to $232 million for international (Chunk 5, 7). The company’s international operations, primarily in Equatorial Guinea (E.G.), continue to be a smaller part of the portfolio, with lower revenues and capital allocation, and recent declines in both price realizations and sales volumes impacting performance (Chunk 7). In summary, Marathon Oil’s ~$2 billion U.S. CAPEX underscores its strategic focus on domestic growth and performance, while international operations receive minimal capital and contribute a smaller share to overall performance."
6a12b142,VOBA amortization and revenue recognition of long-duration contracts for Chubb (CB).,"39965,39966,40228,40146,124189,168331,40227,40148,148770,124188,168516,6693,124187,124191","496,372,118,22,444","For Chubb (CB), the Value of Business Acquired (VOBA) is an intangible asset established when acquiring blocks of long-duration contracts, such as life insurance products. VOBA represents the present value of estimated net cash flows for the in-force contracts as of the acquisition date, using similar assumptions as those used for future policy benefit reserves (mortality, morbidity, persistency, investment yields, expenses, and discount rate). VOBA Amortization: - VOBA is amortized as a component of policy acquisition costs in the consolidated statements of operations, generally in proportion to the profit emergence or premium revenue recognized from the underlying contracts (Chunks 1, 2, 3, 4). - The amortization method typically approximates straight-line amortization over the expected life of the contracts, using the insurance in-force as the constant level basis (Chunk 4). - VOBA is subject to at least annual recoverability testing (premium deficiency test). If the unamortized VOBA exceeds the expected recoverable amount (i.e., if expected future profits or margins are insufficient), the excess is expensed immediately (Chunks 1, 2, 4, 8). Revenue Recognition for Long-Duration Contracts: - For long-duration contracts, policy acquisition costs (including VOBA) are grouped by contract type and issue year, and expensed on a constant level basis over the expected contract term to approximate straight-line amortization (Chunk 4). - Revenue from premiums is recognized as it is earned over the contract period. Amortization of policy acquisition costs (including VOBA) is matched to this revenue recognition pattern (Chunk 4). In summary, for Chubb, VOBA on long-duration contracts is amortized in relation to premium revenue or profit emergence using consistent actuarial assumptions, and revenue is recognized as premiums are earned, with policy acquisition costs expensed over the contract term to match revenue recognition. VOBA is subject to annual recoverability testing, and any unrecoverable portion is expensed in the period identified."
b62c10c1,Impact on pretax & net income for Eaton (ETN) non-op items over 3-yr.,"54175,54177,54279,54232,54286,54176,54287,54174,54281,54280,54190,66287,54244,54138,54237","192,159","Over the three-year period from 2021 to 2023, Eaton (ETN) had several notable non-operating (non-op) items that impacted its pretax and net income: 2021: - Gain on sale of business: $617 million (pretax), primarily from the sale of the Hydraulics business. - Acquisition integration, divestiture charges, and transaction costs: $349 million (pretax). - Net impact (pretax): $617M (gain) - $349M (charges) = $268M net gain. - After-tax effect: $94 million, or $0.23 per diluted share. 2022: - Gain on sale of business: $24 million (pretax). - Acquisition integration, divestiture charges, and transaction costs: $194 million (pretax). - Net impact (pretax): $24M (gain) - $194M (charges) = $170M net charge. - After-tax effect: $147 million, or $0.37 per diluted share. 2023: - No gain on sale of business. - Acquisition integration, divestiture charges, and transaction costs: $54 million (pretax). - Net impact (pretax): $54M net charge. - After-tax effect: $39 million, or $0.10 per diluted share. Summary Table: | Year | Gain on Sale (Pretax) | Charges (Pretax) | Net Non-Op Impact (Pretax) | After-tax Effect ($ millions) | Per Share (diluted) | |------|----------------------|------------------|----------------------------|------------------------------|---------------------| | 2021 | $617M | $349M | $268M gain | $94M | $0.23 | | 2022 | $24M | $194M | $170M charge | $147M | $0.37 | | 2023 | $0 | $54M | $54M charge | $39M | $0.10 | These non-operating items, including gains on sales and acquisition/divestiture-related charges, resulted in a net gain in 2021 but net charges in 2022 and 2023, impacting both pretax and net income figures for each year."
853ffc14,MPWR revenue trends in the region from 2021 to 2023.,"103103,32547,103102,55694,32435,89714,102999,103113,103095,1005,28631,103099,103212,10199,11373","32,35,164,100,5,265,307,87","Monolithic Power Systems (MPWR) derived the majority of its revenue from sales to customers in Asia from 2021 to 2023. Specifically, revenue from direct or indirect sales to customers in Asia accounted for 90% in 2021, 86% in 2022, and 87% in 2023. This indicates that the Asia region consistently represented the largest share of MPWR's revenue during this period, with a slight decrease from 2021 to 2022, followed by a marginal increase in 2023. The company’s revenue is generally higher in the second half of the year, although this can be affected by market conditions and product introduction timing. MPWR’s ability to develop new products and enter new markets is seen as important for future revenue growth in the region."
f3f755fd,"Impact of Kroger's repurchase on cap allocation & BS is notable, KR.","89811,89960,149397,37408,89948,89891,27667,149457,30914,100069,89810,89813,148135,89741,47137,152383","455,266,298,139,111,84,444,93,446","Kroger’s approach to share repurchases reflects its disciplined capital allocation priorities and impacts its balance sheet (BS) in several ways: 1. **Capital Allocation Priorities**: Kroger emphasizes investing first in high-return opportunities to drive sustainable net earnings growth. Maintaining an investment-grade debt rating and a targeted net total debt to adjusted EBITDA ratio (2.30–2.50) are also key goals. While Kroger intends to grow its dividend and return excess cash to shareholders through stock repurchases, it paused its share repurchase program in the third quarter of 2022 to prioritize de-leveraging due to the proposed merger with Albertsons (Chunks 1, 12). 2. **Repurchase Program Activity**: During the fourth quarter of 2023, Kroger repurchased 185,152 shares for an average price of $45.41 per share, but only 167,100 of those were under its longstanding 1999 Repurchase Program, which is limited to proceeds from stock option exercises and related tax benefits. No shares have been repurchased under the broader September 2022 $1 billion authorization, as share buybacks remained paused to support deleveraging (Chunk 1). 3. **Impact on Balance Sheet**: Treasury stock (common shares in treasury at cost) was $20,682 million as of February 3, 2024, compared to $20,650 million the prior year, reflecting relatively modest share repurchase activity (Chunk 6). The repurchase program, when active, reduces cash balances and total equity (through an increase in treasury stock), but the pause in open market repurchases has helped preserve cash and support Kroger’s balance sheet strength during a period of strategic focus on reducing leverage. In summary, Kroger’s share repurchase activity is closely tied to its capital allocation discipline. The impact on the balance sheet is modest in the near term due to the pause, with most repurchases limited to offsetting dilution from employee stock plans. When resumed, repurchases are expected to reduce cash and equity but align with Kroger’s long-term value creation and financial strength objectives."
e9a5667c,AVB's board/executive mix influences corp governance amidst strategic risk.,"144207,24367,78924,6457,83572,10581,31993,24376,152350,122470,10587,110816,125276,10599,122526,110815","33,98,455,73,233,332,431,368,22,375,248",I cannot find sufficient information in the provided documents to answer this question.
3dd6aab1,"IR cybersecurity reporting enhances investor confidence & mitigates risks, ensuring effective risk mgmt, making it crucial for stock performance.","40511,21389,101288,124656,68223,65045,101289,45422,154657,145535,164583,154655,142040,124652,17635,6568","65,198,135,424,492,302,462,436,373,54,119,22,189","Cybersecurity incident response (IR) reporting plays a significant role in enhancing investor confidence and mitigating risks by ensuring effective risk management within organizations. Many companies have established comprehensive incident response plans (IRPs) that include standardized procedures for detecting, analyzing, containing, and remediating cybersecurity incidents. These plans often involve cross-functional teams, regular tabletop exercises, and clear protocols for escalation, documentation, and communication with senior management, boards, and, when necessary, regulatory bodies (Chunks 2, 3, 4, 7, 9, 11, 13, 14, 15, 16). Such transparency and rigor in IR reporting demonstrate to investors that a company is proactively managing cybersecurity risks. This not only helps limit potential financial, operational, legal, and reputational impacts of cyber incidents but also reassures investors about the company’s resilience and governance practices. Regular updates to executive management and boards, as well as clear frameworks for assessing the materiality of incidents and meeting disclosure obligations, further strengthen this confidence (Chunks 3, 9, 11, 14). In summary, robust IR cybersecurity reporting is crucial for stock performance because it supports strong risk management, regulatory compliance, and transparent communication, all of which are valued by investors and can positively influence a company’s reputation and financial stability."
55e0d142,MI refinancing risks 2024.,"13660,13581,13584,13429,13586,13364,13580,137177,13585,13365,13576,137172,13369,13579,13577,24484","408,41,73","In 2024, several factors contribute to refinancing risks for mortgage insurance (MI): - Higher mortgage interest rates have increased financing costs, which may decrease the number of qualified borrowers and the volume of low down payment mortgage originations. This can reduce new MI written and overall MI revenues (Chunks 1, 14). - For commercial real estate (CRE) loans, elevated refinancing risks are noted for loans with near-term maturities due to higher interest rates and changing market conditions. While this is specific to CRE, similar pressures could affect residential mortgage borrowers' ability to refinance (Chunk 8). - Changes to government programs, such as the FHA reducing its annual mortgage insurance premium rates, may also affect the competitiveness of private MI and impact refinancing decisions (Chunks 7, 14). - Regulatory changes, such as updates to the Basel III Endgame and the FHFA’s Enterprise Regulatory Capital Framework, could increase capital requirements and affect the attractiveness and availability of MI-backed refinancing (Chunks 5, 9). - Economic conditions, including inflation and home price trends, can impact refinancing activity and risk. Declines in home values after periods of inflated prices could limit borrowers’ equity, making refinancing more difficult and potentially increasing MI claims if defaults rise (Chunk 15). In summary, MI refinancing risks in 2024 are elevated due to higher interest rates, potential regulatory changes, competition from government programs, and broader economic uncertainty, all of which may reduce the volume of refinanced loans requiring mortgage insurance and increase credit risk for existing insured portfolios."
e045ad71,Risk of delivery timing for UAC due to mfr. issues.,"75057,39521,78591,53865,92236,53866,22429,59947,12626,39515,68512,39520,126666,8649,78613,53867","68,39,232,199,176,274,117,378,28,221,158","The risk of delivery timing for UAC (which appears to refer to a company or product, though the context does not specify) due to manufacturing issues is significant and can result from a variety of factors: - Manufacturing process issues, such as errors, defects in materials, equipment failure, or process deviations, can cause delays in production and shipment (ENPH.pdf, INTC.pdf, LRCX.pdf, BIIB.pdf). - Component shortages, either from suppliers or due to internal manufacturing problems, can lead to longer lead times and inability to meet customer demand (CSCO.pdf, FTNT.pdf). - Quality control problems, including increased rejection or rework rates, substandard workmanship, or counterfeit parts in the supply chain, can delay shipments and impact revenue and reputation (ENPH.pdf, HII.pdf). - Disruptions caused by external factors like labor shortages, supply chain issues, natural disasters, health crises (such as pandemics), geopolitical events, or transportation interruptions can further exacerbate delivery timing risks (ENPH.pdf, CSCO.pdf, FTNT.pdf, BIIB.pdf, AMGN.pdf, LRCX.pdf). - The introduction of new products or design changes can increase the likelihood of unforeseen problems and delays in delivery (HII.pdf, ENPH.pdf). In summary, manufacturing issues—including quality problems, component shortages, supply chain disruptions, and external events—can all materially delay the delivery schedule for UAC, potentially impacting revenue, customer relationships, and competitive position."
f337f81f,"Effects of Molson Coors’ repurchase program on capital structure & valuation, TKR: TAP.","145171,145170,145311,145086,145167,145310,145165,103352,145307,144946,145018,145349,145345,144947","434,308","Molson Coors’ share repurchase program has several notable effects on its capital structure and valuation: 1. Capital Structure Impact: - Reduction in Equity: The repurchase of shares reduces the total stockholders’ equity as treasury stock increases. For example, as of December 31, 2023, the value of Class B common stock held in treasury increased to $735.6 million, up from $522.9 million the prior year, reflecting ongoing share buybacks (Chunk 5). - Fewer Outstanding Shares: The number of Class B common shares outstanding decreased due to the repurchases. Specifically, 3,454,694 shares were repurchased in 2023 (Chunk 3), and the outstanding Class B shares dropped from 200.0 million at year-end 2022 to 198.6 million at year-end 2023 (Chunk 9). - Slight Increase in Leverage: By reducing equity (the denominator in leverage ratios), all else equal, the company’s leverage ratios may rise, though there is no direct evidence of increased debt in the context provided. 2. Valuation Effects: - Earnings Per Share (EPS) Enhancement: With fewer shares outstanding, net income is spread over a smaller base, increasing EPS, which can make the stock appear more attractive to investors. In 2023, basic EPS was $4.39, up from a loss in 2022, in part supported by the reduced share count (Chunk 7). - Potential Market Signal: A large repurchase program (up to $2.0 billion authorized in 2023, with $1.8 billion still available at year-end) can signal management’s confidence in the company’s future prospects and that shares may be undervalued (Chunks 3, 4, 6). - Support for Share Price: Share repurchases can provide price support in the market by creating consistent demand for the stock. 3. Flexibility: - The program is discretionary; the board may suspend, modify, or terminate it at any time, and repurchases depend on market conditions, liquidity, and other factors (Chunks 3, 4, 6). In summary, Molson Coors’ repurchase program reduces equity and outstanding shares, potentially increases EPS and leverage, and may positively influence valuation by signaling confidence and supporting the share price."
5c385790,ERM integration in BLK may affect financial stability in cybersecurity.,"21794,72190,20537,18471,154980,18472,84678,157443,20404,123203,20382,68610,20376,105818,38090","66,199,464,113,370,212,470,57,251,316,63","BlackRock (BLK) integrates its cybersecurity risk management into its overall Enterprise Risk Management (ERM) framework, treating cybersecurity as a critical element of its approach to preserving the confidentiality, integrity, and availability of its information. The ERM structure includes oversight by the Board’s Risk Committee, a dedicated Technology Risk and Cybersecurity Committee, and regular interaction with senior leadership, including the Chief Risk Officer and Chief Information Security Officer. This integration ensures that cybersecurity risks are identified, assessed, and mitigated alongside other enterprise risks. By embedding cybersecurity within the ERM process, BlackRock can proactively address threats that could impact its financial stability, such as data breaches or operational disruptions. The use of a global, cross-functional approach and layered controls—such as vulnerability management, incident response, and employee training—further supports financial stability by reducing the likelihood and potential impact of cybersecurity incidents. Effective ERM integration means that material cybersecurity risks are recognized as part of the company’s overall risk profile and are managed accordingly, helping to protect BlackRock’s financial results from adverse effects related to cyber threats."
fa08cbd4,FDIC legal impact on investor sentiment and valuation for BoA.,"24189,24226,24225,24223,144244,42295,24192,24190,24690,24801,42294,24178,24802,24747,32504,50244","100,73,431,147,125","The provided documents indicate that Bank of America (BoA) is subject to extensive regulation by the FDIC and other regulatory bodies, primarily for the protection of depositors and the Deposit Insurance Fund (DIF), rather than shareholders and creditors (Chunk 1). If BoA's resolution plan is found not credible by the FDIC and Federal Reserve, the bank could face more stringent capital, leverage, or liquidity requirements, or restrictions on its growth and operations. This could require costly actions such as asset divestitures or restructuring (Chunks 2, 3). In the event of BoA's failure, the FDIC may be appointed as receiver and could use its orderly liquidation authority, potentially resulting in greater losses for BoA’s security holders than would occur under bankruptcy proceedings (Chunks 2, 3). In such cases, creditors of subsidiaries may recover more than BoA’s shareholders, who could face significant or total losses. Additionally, ongoing or potential legal matters with the FDIC, such as disputes over deposit insurance assessments, could have material adverse effects on BoA’s financial condition, liquidity, or reputation, depending on the outcome (Chunk 9). These regulatory and legal risks related to the FDIC can negatively impact investor sentiment and BoA's valuation, as they introduce uncertainty regarding potential costs, limitations on business activities, and the risk of significant losses for shareholders in stress or failure scenarios. Moreover, the general environment of heightened regulation and enforcement in the banking sector, including actions by the FDIC, contributes to this uncertainty, which can further affect investor confidence and BoA’s market valuation (Chunk 8). In summary, FDIC legal actions and regulatory oversight present risks that can adversely affect investor sentiment and valuation for Bank of America due to potential financial penalties, operational restrictions, and the prioritization of depositor protection over shareholder interests in resolution scenarios."
192da48a,F2024 capex drivers at ROST $840M vs impact on profitability & cash flow.,"128830,134229,128819,43670,142717,128758,93709,158161,128845,93708,43669,128871,128759,128872,128775,128760","385,129,426,400,278,472","Ross Stores (ROST) projects capital expenditures (capex) of approximately $840 million for fiscal 2024, up from $762.8 million in fiscal 2023. The increase is primarily driven by investments in: - Construction of new distribution centers to support long-term growth, - Upgrades to information technology systems, - Improvements to existing stores, - Fixtures and leasehold improvements for opening new Ross and dd’s DISCOUNTS stores, - Other expenditures related to stores, distribution centers, and corporate offices. The company expects to fund these capital expenditures with available cash. Impact on Profitability & Cash Flow: While the context specifies the drivers and funding of capex, it does not provide explicit quantitative details on the direct impact on profitability and cash flow. However, such investments are aimed at supporting long-term growth and operational efficiency, which can enhance profitability over time. In the short term, higher capital expenditures will reduce available cash, but ROST anticipates funding these outlays with cash on hand, suggesting sufficient liquidity. There is no indication of negative impact on profitability in the near term, as the focus is on growth and efficiency improvements. In summary: The $840 million capex for fiscal 2024 at ROST is driven by supply chain expansion, technology, and store investments, funded with existing cash, and aimed at supporting long-term growth, with short-term impact primarily being a reduction in cash."
1ed728b3,SMCI credit facility evolution for debt mgmt.,"136454,136460,136456,136462,136275,136273,136461,136455,100008,136446,136296,136230,49841,136188","298,406,146","Super Micro Computer, Inc. (SMCI) has actively managed its debt through a series of evolving credit facilities with multiple banks over recent years. The key developments include: - In April 2018, SMCI established a revolving line of credit with Bank of America, initially up to $250 million. This facility, known as the ""2018 Bank of America Credit Facility,"" has since undergone several amendments: - On June 28, 2021, the maturity was extended to June 28, 2026, and the maximum increaseable amount was raised from $100 million to $150 million. - On March 3, 2022, the facility size was increased from $200 million to $350 million, and interest rate benchmarks were updated from LIBOR to SOFR. - The 2018 Bank of America Credit Facility allows voluntary prepayments without penalties and is secured by substantially all of SMCI’s assets (excluding real property). It includes covenants such as a prohibition on dividend payments and requirements for maintaining certain financial ratios during specified periods (Trigger Periods) (Chunk 5, Chunk 14). - SMCI has also entered into various term loan and credit facilities with other banks, including: - CTBC Bank, E.SUN Bank, Mega International Commercial Bank, HSBC Bank (Taiwan), Cathay Bank, and Chang Hwa Bank, with agreements and amendments occurring between 2020 and 2023 (Chunks 1, 2, 3, 4, 7). - These facilities include both short-term and long-term debt, with varying maturities (some as far out as 2030) and interest rates generally ranging from approximately 1.02% to 1.75% (Chunks 5, 6). - As of June 30, 2023, SMCI's total debt stood at $290.3 million, down from $596.8 million in the prior year, reflecting significant repayments and/or refinancing (Chunk 6). - The company’s approach has included amending existing agreements to adjust facility sizes, maturities, and terms as needed, and spreading debt across different institutions and markets, both in the U.S. and Taiwan, to manage liquidity, interest rate exposure, and operational flexibility. - The company’s credit agreements generally contain customary covenants and restrictions, such as limitations on dividends and requirements to maintain certain financial ratios (Chunk 5, Chunk 14). In summary, SMCI has evolved its credit facilities over time by increasing facility sizes, extending maturities, updating interest benchmarks, and diversifying lending relationships, all to support its debt management and operational needs."
a868f9cd,$MAS capex vs D&A trend analysis for 2024.,"95165,95141,95163,95164,134229,45740,95240,95129,43670,63033,5832,95235,65179,91070,55678","129,164,136,270,400,20,183,283,189","For Masco Corporation ($MAS), the trend analysis for capital expenditures (capex) and depreciation & amortization (D&A) for 2024 compared to prior years is as follows: - Capital expenditures in 2023 were $243 million, up from $224 million in 2022, with the increase mainly due to capacity expansion in the Plumbing Products and Decorative Architectural Products segments. For 2024, capex is expected to decrease to approximately $200 million (excluding any potential future acquisitions), indicating a downward trend after the 2023 peak. - Depreciation and amortization expense for 2023 was $149 million, compared to $145 million in 2022. For 2024, D&A is expected to increase to approximately $160 million (again, excluding any future acquisitions), which suggests a continuing upward trend. In summary: - Capex is trending down in 2024 (expected $200M) after rising in 2023 ($243M). - D&A is trending up in 2024 (expected $160M) after a gradual increase in previous years ($145M in 2022, $149M in 2023). (Source: Chunk 2)"
de06fbdb,Impact of timing on cash flow ops for Nordson Corp regarding interest outflows.,"107073,107146,116732,107127,65607,107133,119415,107069,15789,11205,115344,15788,106991,107045,131034,107168","320,350,35,357,392,49,345,190","For Nordson Corporation, the timing of interest outflows directly impacts cash flows from operating activities. The company reports interest paid as part of supplemental cash flow information: in 2024, interest paid was $85,966,000, up from $54,710,000 in 2023 and $22,975,000 in 2022. The timing of when interest payments are made within the fiscal year affects the reported net cash provided by operating activities, as these payments reduce the operating cash flow in the periods they are paid. Larger or earlier interest outflows in a given year will decrease operating cash flows for that period (Chunk 2)."
05c4a27b,Cybersecurity risk mgmt at Fiserv (FISV) boosts investor confidence.,"63614,63618,63615,63545,2470,144051,62088,63543,63544,2471,63547,63635,77133,63617,63616,63634","227,10,431,182,185",I cannot find sufficient information in the provided documents to answer this question.
c23ef633,"QRVO's share buybacks positively impact EPS by reducing the float, enhancing growth prospects.","126419,126529,90851,126526,126420,126367,126460,140646,85149,68757,89679,70049,70050,44153,165715,57938","418,130,199,265,170,269,205,493,377,252","Qorvo's share buybacks reduce the number of outstanding shares (the float), which in turn can have a positive impact on earnings per share (EPS) by spreading net income over fewer shares. This reduction in share count can enhance the company's EPS growth prospects, as each remaining share represents a larger portion of the company's earnings. Qorvo's share repurchase program is designed to return value to shareholders and can be adjusted based on market conditions and other considerations. The program does not require a minimum number of shares to be repurchased and does not have a fixed term, allowing flexibility in execution (see Chunks 1 and 5)."
a5da9dd9,CarMax FY23 vs. FY24 net cash increase investing strat.,"88073,142718,60269,88035,88031,108305,99598,136219,106117,1011,88036,88067,88037,88143","324,261,5,297,426,177,406,317","For CarMax, the net cash used in investing activities increased from $422.7 million in fiscal 2023 to $465.3 million in fiscal 2024. The increase in capital expenditures was primarily due to land purchases and construction costs to support growth initiatives, new store openings, and investments in technology. CarMax maintains a multi-year pipeline of sites for store and capacity growth, meaning some capital spending in one year may relate to future store openings. The year-over-year increase in planned capital spending is mainly related to the timing of expenditures for new stores and support for long-term growth in reconditioning and auction facilities, as well as new stores (Chunk 1, Chunk 12)."
bc803f0d,How do different rev rec policies affect profit & cash flow analysis for BD?,"91437,141085,91950,1926,45471,79880,27066,128666,87440,119906,124877,160784,79630,96506,111906","384,480,288,259,420,135,8,359,235,334,271,273,82,374","Different revenue recognition (rev rec) policies can significantly affect both profit and cash flow analysis for a business division (BD) due to the timing and method by which revenue and associated costs are recognized. 1. Timing of Revenue Recognition: - Some companies recognize revenue at a single point in time, such as when ownership, risks, and rewards transfer to the customer (see KVUE and PG), while others recognize revenue over time as work progresses (see LHX, LDOS, and TDY). - Recognizing revenue over time (e.g., using the percentage-of-completion or cost-to-cost method) allows profit to be recognized gradually as costs are incurred, which can smooth earnings and more closely align reported profit with the actual progress of delivering goods or services. - Recognizing revenue at a point in time may lead to more volatile profit reporting, as large contracts or shipments can cause spikes in revenue and profit in certain periods. 2. Impact on Profit Analysis: - The choice of method (over time vs. point in time) affects the matching of revenue and costs, which can change gross margins and reported profit in each period. - Estimates and judgments about total costs, progress toward completion, and variable consideration (such as bonuses or penalties) can cause profit to fluctuate depending on changes in these estimates (see LDOS, LHX, TDY, and HPE). - If estimates change—such as if costs increase or performance incentives are not met—this can lead to revisions of previously recognized profit, sometimes requiring loss recognition in the current period (see LDOS and LHX). 3. Impact on Cash Flow Analysis: - Revenue recognition policies do not directly affect cash flows, since cash flow depends on when cash is actually received from customers or paid to suppliers and employees. - However, because profit (as reported on the income statement) is influenced by revenue recognition policies, differences between reported profit and actual cash flow from operations can arise. - For example, recognizing revenue before cash is received (as in many long-term contracts recognized over time) results in accounts receivable, which can increase profit without increasing cash flow. Conversely, if cash is received in advance (deferred revenue), cash flow improves before profit is recognized. 4. Judgment and Estimates: - Revenue recognition often involves significant judgment, such as estimating variable consideration, determining performance obligations, and measuring progress toward completion (see CBRE, HPE, and NVDA). Changes in estimates can impact both the timing and amount of profit recognized. In summary, the revenue recognition policy chosen by a business division affects when profit is reported (potentially leading to earnings volatility or smoothing) and may create timing differences between reported profit and actual cash flow. This is important for analysts and management to consider when evaluating the financial performance and liquidity of a business division."
5c0b6205,"Headcount at CoStar Group has increased, highlighting US vs non-US additions & scalability/diversity impact, with ticker in focus: CSGP.","37706,37700,37732,37876,33604,37899,37898,37724,37716,37723,141960,37844,142837,130651,78517,117934","353,102,391,424,232,427,112","I cannot find sufficient information in the provided documents to answer this question. The retrieved context does not specify headcount numbers, US vs non-US additions, or discuss the scalability and diversity impact for CoStar Group (ticker: CSGP)."
7308f96e,"CoStar Group's allocation of intl assets/liabilities exposes growth risks, ticker in focus.","37843,37899,37724,37732,37715,37898,37706,37700,37844,37716,37897,37918,37842,37736,125255","112,375","CoStar Group operates its business in two main geographic segments: North America (including the U.S. and Canada) and International (primarily Europe, Asia-Pacific, and Latin America). The company provides details about its revenues, long-lived assets, total assets, and liabilities from foreign countries in its financial statement notes (see Notes 2, 3, and 14), and discusses risks associated with its foreign operations, including currency fluctuations and international compliance, in its risk factors. CoStar acknowledges that international operations present specific risks that may impact growth, such as: - Risks related to international operations and foreign currency fluctuations, - The effects of Brexit, - Compliance with local regulations, - Reliance on third-party relationships and data sources abroad, - Potential legal liability for collecting, displaying, or distributing information internationally. These factors could affect the company’s ability to grow internationally due to uncertainties and challenges in maintaining and expanding its asset base and managing liabilities in different jurisdictions. The ticker in focus for CoStar Group is CSGP, which is traded on the Nasdaq Global Select Market. In summary, CoStar Group's allocation of assets and liabilities internationally does expose it to growth risks related to economic, regulatory, and operational challenges in its non-North American markets."
2b9ff3ae,Celanese Corp (CE) basic share count delta from 2022 to 2023 and its implications on share structure.,"27541,27433,27432,27430,27369,126919,27363,70649,27431,27260,27362,27411,27381,70648","379,83,207","Between 2022 and 2023, the basic weighted average share count for Celanese Corp (CE) increased from 108,380,082 to 108,848,962, a delta of 468,880 shares. Implications on share structure: - This small increase in the basic share count suggests limited equity dilution during the period. - The increase likely resulted from the issuance of stock awards and the exercise of stock options, as reflected in the consolidated statements of equity. - There were no purchases of treasury stock in 2023, and the company did not repurchase any common stock during the year, indicating no offsetting share reductions. - The overall impact on the share structure is minimal, maintaining stability with only a slight increase in the outstanding shares."
704a26ec,Risks to Yum's mkt share and future cash flow arise from digital competitors. YUM.,"163430,163405,27838,45155,95581,163406,47895,163537,163463,95582,163484,163485,95576,3373,163483","134,487,141,13,85,285","Yum! Brands faces risks to its market share and future cash flow from digital competitors and evolving technology in several ways: - Digital ordering and payment platforms are critical to YUM’s operations, but they are vulnerable to power loss, technological failures, user errors, cyber-attacks, and other disruptions. Such interruptions can limit or delay customers’ ability to order, potentially discouraging repeat use and affecting sales (Chunk 1). - Rapid growth in digital sales has put stress on legacy platforms, such as those used by Pizza Hut, which can result in more frequent and severe interruptions. Reliance on multiple digital platforms increases vulnerability to cyber-attacks and may require additional investment to consolidate and standardize systems (Chunk 1). - The rise of social media and consumer-oriented technologies enables faster dissemination of information and organization of collective actions, increasing the potential speed and impact of negative publicity or coordinated customer shifts to competitors (Chunk 1). - YUM’s largest franchisee, Yum China, relies heavily on third-party mobile payment apps (such as Alipay, WeChat Pay, and Union Pay). Any disruption in access to these apps, or in relationships with payment processors, could adversely affect sales and, consequently, the license fees paid to YUM (Chunk 1). - The competitive environment includes not just traditional QSRs, but also online delivery aggregators and digital-first food service platforms. These digital competitors can direct potential customers elsewhere, increasing competition for both customers and drivers, and putting pressure on YUM’s business to maintain market share (Chunk 7). - The need to invest in digital and technology initiatives to enhance customer experience is a key part of YUM’s growth agenda. However, failure to execute these initiatives successfully or to keep pace with digital competitors could adversely affect growth and cash flow (Chunk 12). In summary, Yum! Brands’ market share and future cash flow are at risk from digital competitors due to technological disruptions, increased competition from online delivery platforms, the need for continuous investment in digital infrastructure, and the rapid spread of information through social media."
ba58192c,DG's valuation metrics amid a competitive landscape.,"43004,43000,42994,43124,42997,43072,43001,43071,42864,42881,142701,43119,43200,43199,42968,43206","426,126,127",I cannot find sufficient information in the provided documents to answer this question.
161a41d9,Timing of revenue recognition by service for TROW (T. Rowe Price).,"145664,145647,19542,145637,145733,145520,72080,105163,115673,145491,50989,145506,145503,145502,145500,145587","211,436,149,313,346,60","T. Rowe Price recognizes revenue primarily from investment advisory services and related administrative services. The timing of revenue recognition by service is as follows: - Investment Advisory Fees: These fees are generally computed based on the daily value of assets under management (AUM) at a contracted annual fee rate or an effective fee rate for tiered-fee structures. Revenue is recognized over time as the services are provided, reflecting the ongoing management of client assets (Chunks 1, 15). - Administrative Services: This includes services such as mutual fund transfer agent, fund/portfolio accounting, distribution, shareholder services, participant recordkeeping for defined contribution retirement plans, brokerage, trust services, and non-discretionary advisory services. Revenue from these services is also recognized over time as the related services are delivered to clients (Chunks 1, 13, 14). - Distribution and Servicing Fees: For certain mutual fund share classes (such as Advisor Class, R Class, and those offered through variable annuity life insurance plans), distribution and servicing fees (e.g., 12b-1 fees) are paid out of fund assets. These fees are recognized as revenue as the services are provided (Chunk 13). In summary, T. Rowe Price typically recognizes revenue from its core services (investment advisory, administrative, distribution, and servicing) over time as the underlying services are performed and value is delivered to clients, often based on the daily value of assets under management for investment advisory services."
2d017427,WD faces rev. reversal risks due to OEM vol. & reseller inventory challenges.,"158510,158546,158509,158511,137488,5052,158310,137480,32484,39536,137487,126378,137486,4865,158493,78650","100,232,377,409,18,117,473","Yes, Western Digital (WD) faces revenue reversal risks related to OEM volume fluctuations and reseller inventory challenges. For sales to OEMs, WD estimates variable consideration based on expected purchase volumes or agreed-upon sales incentive programs. For resellers, the estimation relies on historical pricing, current trends, and channel inventory levels. Differences between estimated and actual variable consideration are recognized as adjustments to revenue, which can result in revenue reversals if estimates prove inaccurate. Additionally, WD monitors the financial condition of significant customers, and deteriorating customer financial health or changes in overall loss trajectories could require adjustments to allowances for doubtful accounts, further impacting revenue recognition and potentially leading to reversals (see Chunk 15)."
a5bb38f8,"Fair value adj for KO on 2022-2023, focusing on benchmark rate exposure hedge strategy.","93097,93152,93098,93095,93153,95641,93150,93151,93033,93226,93239,92779,93154,93117,93240","276,285",I cannot find sufficient information in the provided documents to answer this question.
261ae998,Count of HAL non-CBA emp. issued.,"153608,69631,69644,69657,69639,69804,127819,69803,19654,163724,101763,163725,69807,69806,142311,103588","488,424,458,204,303,309,61,382",I cannot find sufficient information in the provided documents to answer this question.
53eedf70,Litigation risk analysis for LVS & impact on cash flow.,"101103,101107,100744,100740,100736,100732,153063,101147,155498,101002,100737,101162,100451,101163,153119,100986","457,465,301,300","Las Vegas Sands Corp. (LVS) is involved in various litigation matters arising in the normal course of business. Management, in consultation with legal counsel, makes estimates for potential litigation costs, but actual results could differ from these estimates. Overall, management believes that such litigation and claims will not have a material effect on the company’s financial condition, results of operations, or cash flows. One notable case is Asian American Entertainment Corporation, Limited (AAEC) v. Venetian Macau Limited, et al., where AAEC originally filed a claim for approximately $373 million, later increasing the claim to over $7 billion. However, the Macao First Instance Court entered judgment for the U.S. Defendants in April 2022 and found that the plaintiff litigated certain aspects in bad faith. The plaintiff appealed, and the appeal remains pending with the Macao Second Instance Court. As of now, management states that it is unable to determine the probability of the outcome of this matter or the range of reasonably possible loss, if any, but intends to defend the matter vigorously. Based on the proceedings to date, there is currently no indication that the ongoing litigation, including the AAEC case, will have a material effect on LVS’s financial condition, results of operations, or cash flows. However, as some matters remain unresolved and their outcomes uncertain, there is some inherent litigation risk that could potentially impact cash flow, but management does not currently expect a material impact."
fed2d0d5,"The impact of WRB’s financing activities on liquidity & financial flexibility is crucial, especially when considering the ticker.","128447,128394,160333,30760,128393,135565,151757,160214,161435,160332,21483,128395,33018,163823,157792,163934","65,482,101,454,383,488,404,471,93,479","Based on the provided context, W. R. Berkley Corporation (traded on the NYSE under the ticker “WRB”) demonstrates active management of its liquidity and financial flexibility through its financing activities. In 2023, WRB declared regular quarterly cash dividends and special dividends, totaling $501 million in aggregate dividends. The company also repurchased shares during the fourth quarter of 2023, with 1,560,701 shares repurchased at average prices between $63.75 and $69.75, leaving 13,241,283 shares authorized for future repurchase (Chunks 3 and 10). These financing activities—dividend payments and share repurchases—reflect the company’s ability to generate sufficient cash flows to return capital to shareholders, which supports investor confidence and demonstrates financial flexibility. Furthermore, WRB maintains a substantial amount of owned and leased office space and does not report any legal proceedings that could materially affect its financial condition (Chunk 10). Overall, WRB’s consistent dividend payments, active share repurchase program, and absence of material adverse legal or operational issues indicate strong liquidity and financial flexibility, which positively impact its standing as reflected by its ticker “WRB” on the NYSE."
20944074,"Util. Sol. revenue rec. for Hubbell, progress estimation on margins & OP profitability.","77415,77414,77401,77351,77514,77516,77402,77355,77416,77575,77573,77515,77350,77352,77396",228,"Hubbell's Utility Solutions segment recognizes revenue primarily at the point in time when control of the product is transferred to the customer, which generally occurs upon shipment. However, for certain customized products where Hubbell has an enforceable right to payment for work performed to date in the event of cancellation, revenue is recognized over time. In these cases, progress towards completion is measured using the ratio of costs incurred to date to the estimated total costs to complete, which the company believes best reflects the transfer of control to the customer (Chunks 5, 6, 12). For 2023, the Utility Solutions segment achieved net sales of approximately $3.26 billion, up 13.6% from 2022. This growth was driven by an 11.7% increase in organic net sales (primarily from a high single digit percentage price increase and a low single digit volume increase), with acquisitions and foreign exchange contributing minor additional growth (Chunks 1, 2, 6). Operating income for the segment rose by 61.3% to $706.6 million, with the operating margin increasing to 21.7% in 2023 from 15.3% in 2022. When excluding amortization of acquisition-related intangibles and transaction, integration & separation costs, the adjusted operating margin reached 23.9%, up 670 basis points from the prior year. The margin expansion was mainly due to favorable price realization, improved operational productivity, and lower material costs, partially offset by higher non-material cost inflation and investments in capacity, innovation, and productivity (Chunks 1, 2). In summary: - Revenue recognition: Primarily at shipment, with some over-time recognition for customized products, using cost-to-cost progress estimation. - 2023 Utility Solutions revenue: $3.26 billion. - Operating margin: Increased to 21.7% (GAAP) and 23.9% (adjusted). - Margin improvement driven by price, productivity, and lower material costs."
fc23f059,How is the management of litigation risk affecting valuation in CVS Health amid legal proceedings? CVS.,"57322,56938,57313,57312,161351,56937,149742,161354,122532,60569,161355,57020,160804,57018,60570,57019","448,480,482,168,368,178","The management of litigation risk at CVS Health involves evaluating potential losses from legal proceedings and establishing accruals when a loss is both probable and reasonably estimable. However, CVS Health notes that, except for certain controlled substances litigation, none of its accruals for outstanding legal matters are material to its consolidated balance sheets. The company states it cannot predict with certainty the timing or outcome of many legal matters, nor can it always reasonably estimate possible losses in excess of amounts already accrued. While CVS Health believes its defenses in pending legal proceedings have merit and, after considering applicable reserves and indemnification rights, does not expect these matters to have a material adverse effect on its financial position, it acknowledges that substantial unanticipated verdicts, fines, or rulings could occur. Such developments could result in judgments, settlements, or revisions to expectations that materially affect results of operations (Chunks 3, 4). The uncertainty and potential size of litigation-related losses—particularly those not covered by insurance—could have a material effect on the company’s business, financial condition, operating results, and cash flows. Additionally, the costs of defending litigation, possible changes in business practices, and harm to brand and reputation may adversely affect valuation (Chunks 1, 2, 6). Ultimately, while current management practices seek to mitigate and reserve for such risks, the unpredictable nature of litigation outcomes and the potential for significant losses or operational impacts remain factors that can affect the valuation of CVS Health."
a72ef1d0,Impact of FCX board comp on governance & growth.,"66794,66784,66701,66700,66795,66670,66702,66641,81522,66796,66655,139585,98820,66669,66333,66329","193,241,294,415","The compensation structure for FCX's Board of Directors supports both governance and growth objectives in several ways: 1. Governance: The Board's compensation is structured and disclosed as part of broader corporate governance practices. FCX maintains a Principles of Business Conduct that sets expectations for the Board’s behavior, and disclosures regarding director compensation are made in the company’s proxy statement, supporting transparency and accountability (Chunk 2). The existence of specific director compensation plans, such as the FCX Director Compensation and the 2004 Director Compensation Plan (Chunks 1 and 5), demonstrates formalized and structured compensation practices, which are important aspects of sound corporate governance. 2. Alignment with Growth: FCX’s Board compensation is aligned with the company’s strategic objectives. In February 2021, the Board adopted a financial policy focused on maintaining a strong balance sheet, providing returns to shareholders, and advancing future growth opportunities. The policy includes base and variable dividends, as well as a performance-based payout framework, ensuring that compensation and shareholder returns are linked to company performance and growth (Chunk 3, Chunk 7). The Board reviews the structure of the performance-based payout framework at least annually, reinforcing adaptability and alignment with evolving growth strategies. 3. Incentivizing Performance: FCX utilizes stock-based compensation and incentive plans, including stock incentive plans and performance share units, which tie compensation to company performance and long-term value creation (Chunks 5 and 6). These mechanisms help align the interests of the Board and management with those of shareholders, supporting both effective governance and sustainable growth. In summary, FCX’s Board compensation practices support good governance through transparency and structure, while also incentivizing growth by linking compensation to company performance and long-term strategic objectives."
11f0e3fd,Charles River Labs (CRL) cybersecurity capex effects on cash flow & investor comms.,"34891,34855,34882,35018,34853,34704,35019,35017,14826,34846,34842,34860,34845,64351,34695,34844","104,187,46","Based on the provided context, Charles River Laboratories (CRL) does invest in cybersecurity as part of its overall business continuity and risk management strategy, but the documents do not specifically break out capital expenditures (capex) related solely to cybersecurity. Effects on Cash Flow: - The company’s net cash used in investing activities, which includes capital expenditures, was $318.5 million in fiscal year 2023 (Chunk 1). While capital expenditures cover a range of investments to support business growth, the context does not specify the portion allocated specifically to cybersecurity. - CRL’s cybersecurity investments are part of a broader capex strategy that supports IT infrastructure and risk management. There is no evidence in the context that these cybersecurity-related expenditures have had a material or separately identified impact on the company’s cash flow. Investor Communications: - CRL communicates its cybersecurity risk management and strategy to investors through its annual report and SEC filings (Chunks 11, 13, 16). The company details its use of industry-standard frameworks (ISO, NIST, CIS, CSA), third-party assessments, penetration testing, staff training, and contingency planning. - The company explicitly states that, during fiscal year 2023 and through the date of filing, it ""did not identify risks from cybersecurity threats, including as a result of any previous cybersecurity incidents, that have materially affected, or are reasonably likely to materially affect, our business strategy, results of operations, or financial condition"" (Chunk 16). - Governance of cybersecurity is described, with oversight from the Board’s Audit Committee and direct involvement from the Chief Information Officer and Chief Information Security Officer, both of whom have extensive experience (Chunks 13, 16). In summary, while Charles River Labs incorporates cybersecurity into its capital expenditures and risk management, the effects on cash flow are not separately detailed. The company does provide comprehensive investor communications on its cybersecurity readiness, risk management practices, and governance, emphasizing that cybersecurity risks have not had a material impact on its financials to date."
4b8f222e,RCI changes exec plan outlook on stock.,"127033,126895,127035,127110,127010,126894,127174,127051,127169,127070,126891,127167,127021,126896,127204,127128",379,I cannot find sufficient information in the provided documents to answer this question.
b63edeb7,Impact on net margin and financial health from VICI's 2023 interest exp. % of rev.,"41555,153380,153283,31495,143887,153227,153224,153200,153226,3877,28206,153069,153202,42169,153059,152817","96,456,457,430,14,86,122,124","Based on the provided context, VICI's net income attributable to common stockholders for 2023 was $2,513,540,000, and its diluted earnings per share (EPS) was $2.47 (Chunk 2). The consolidated balance sheet shows VICI had total assets of $44.1 billion and total liabilities of $18.4 billion at year-end 2023 (Chunk 3), indicating a strong financial position. However, the specific amount of interest expense for 2023 and its percentage of revenue is not directly stated in the provided context. The provided documents do not offer an explicit calculation of interest expense as a percentage of revenue, nor do they discuss its direct impact on net margin. Therefore, I cannot find sufficient information in the provided documents to answer this question."
6f5b5ef5,"Terrence Duffy's impact on strategy, capital allocation, and risk mgmt at CME Group is noteworthy. CME.","29475,29474,29709,29431,29708,29479,29544,29473,29478,29476,29481,146706,29702,29593,29701,29700","440,90","The provided documents indicate that Terrence A. Duffy has served as the Chairman and Chief Executive Officer of CME Group since 2016, with a long tenure in leadership roles at the company dating back to 1995 as a board member and holding various executive positions since 2006 (Chunks 1, 2). While the context details his positions and experience, it does not provide specific information or examples regarding his direct impact on the company’s strategy, capital allocation, or risk management practices. Therefore, I cannot find sufficient information in the provided documents to answer this question."
393901ee,Q4 2023 PAYCOM share repurchase total & avg monthly prices.,"118001,12115,123221,28596,2476,84533,78407,117957,68620,78408,147618,79613,53338,100898","353,38,231,199,10,235,301,370,443,87,251,156","During the fourth quarter of 2023, Paycom (Paycom Software, Inc.) repurchased a total of 1,495,752 shares of its common stock at an average cost of $200.93 per share. This total includes shares withheld to satisfy tax withholding obligations for certain employees upon the vesting of equity incentive awards. However, the specific average price per share for each month within Q4 2023 is not separately provided in the available documents—only the annual aggregate figure is given."
c371959c,Current liab & liquidity/capital allocation impact of BKNG legal/reg accruals.,"19261,19362,19346,19354,19155,19154,19033,19363,19364,19344,19036,19262,19266,19030,83427","59,247","As of December 31, 2023, Booking Holdings Inc. (BKNG) accrued a loss of 486 million Euros ($530 million) related to a draft decision by the Spanish competition authority (CNMC), which is included in ""General and administrative"" expenses for 2023. The related liability is included in ""Accrued expenses and other current liabilities"" on the Consolidated Balance Sheet (see Chunk 10 and Chunk 3). Total current liabilities for BKNG at December 31, 2023, were $13,330 million, up significantly from $8,474 million the prior year (see Chunk 1). The increase is partly due to the legal/regulatory accruals, including the CNMC matter. Regarding liquidity and capital allocation impact: - BKNG had $12,107 million in cash and cash equivalents and $576 million in short-term investments at year-end 2023, providing a strong liquidity position (see Chunk 1). - The company continues to engage in significant capital allocation activities, such as share repurchases ($10,377 million in 2023, see Chunk 8) and the introduction of a quarterly dividend policy (see Chunk 5 and Chunk 6). - Legal and regulatory accruals are not expected to materially impact liquidity or capital allocation, given the company’s large cash balances and ongoing share repurchases and dividend payments. However, the company acknowledges that additional commitments, fines, or remedies from regulatory matters could harm its financial condition and results of operations if they become significant (see Chunk 3 and Chunk 10). In summary, the legal and regulatory accruals are reflected in current liabilities and have contributed to the increase in that line item, but BKNG’s liquidity remains strong and its capital allocation strategy, including share buybacks and dividends, continues. Future material adverse effects are possible if additional significant regulatory outcomes arise."
2d6bd68d,Impact of litigation cost disclosure on capital allocation for SCHW.,"136615,136801,136800,136521,136472,136484,136681,136479,136603,136649,136883,136877,136887,136688,136687,136500",407,"The provided context explains that Schwab is subject to claims, lawsuits, arbitrations, class actions, and regulatory investigations in the ordinary course of business. Predicting the outcome and potential liability of these matters is inherently difficult due to various factors such as the procedural status, discovery, and legal uncertainties. Schwab establishes reserves or makes further disclosures and estimates of potential loss as more information becomes available during the progression of a matter. Some matters may result in adverse judgments, penalties, injunctions, or settlements, which could result in material losses (Chunks 2 and 3). Regarding capital allocation, Schwab manages its capital to ensure it remains well-capitalized even in stressed scenarios, including unanticipated losses or declines in asset values. This process includes regular reviews of capital forecasts and monitoring of early warning indicators. The company also conducts capital stress testing to assess the impact of various adverse events, including litigation, on both capital and liquidity. A comprehensive Capital Contingency Plan provides action plans for low probability/high impact capital events, such as significant litigation costs (Chunks 14 and 15). In summary, while litigation costs can be unpredictable and may require the allocation of reserves or impact capital through adverse outcomes, Schwab’s capital management framework incorporates the potential for such costs to ensure adequate capital is maintained, including through stress testing and contingency planning."
a52d7320,Legal challenges in risk management for DLR.,"37367,14233,135368,117545,36164,140212,118565,71713,49560,74462,110807,91618,76580,96269,84920,91617","352,417,225,355,288,107,43,332,111,272,145,210,251,404,219",I cannot find sufficient information in the provided documents to answer this question.
342ebcce,AJG's oversight of CIO/CISO cybersecurity risk mgmt. impacts profitability.,"4909,145396,100250,83898,28588,127004,87393,114781,40836,92590,109295,123561,9369,1572,96845,156427","289,259,7,328,299,18,435,275,371,30,87,120,249,467,379,343","AJG has established comprehensive oversight of cybersecurity risk management through the collaboration of its Chief Information Security Officer (CISO) and Chief Information Officer (CIO). The CISO leads a dedicated cybersecurity team and receives ongoing updates regarding the prevention, detection, mitigation, and remediation of cybersecurity incidents. The CISO regularly reports to the CIO and is an active member of the management-level enterprise risk management committee, which has broad oversight of the company’s enterprise risks, including cybersecurity. Both the CIO and CISO attend executive officer team meetings dedicated to compliance and risk, reporting on cybersecurity matters as appropriate. The Board of Directors has delegated primary responsibility for cybersecurity oversight to the Risk and Compliance Committee, with the full board reviewing significant issues as needed. The CIO and CISO report on cybersecurity and information security at each meeting of this committee. This robust oversight structure—supported by experienced leaders, regular risk assessments, and a dedicated vendor assessment team—helps AJG proactively identify and address cybersecurity threats. By minimizing potential disruptions and losses from cyber incidents, these efforts contribute to maintaining operational stability and can positively impact the company’s profitability by reducing financial and reputational risks associated with cybersecurity breaches."
7c196481,"TJX Companies, for Q4 FY24, reported repurchased shares, with the ticker (TJX) reflecting the count and avg price by period.","142694,142778,142777,128832,142792,142765,142764,142791,142763,100070,142793,142779,142797,142798","385,426,298","For the fourth quarter of fiscal 2024, TJX Companies (ticker: TJX) reported the following share repurchases: - October 29, 2023 through November 25, 2023: 1,772,684 shares repurchased at an average price of $89.41 per share - November 26, 2023 through December 30, 2023: 3,639,686 shares repurchased at an average price of $89.98 per share - December 31, 2023 through February 3, 2024: 3,296,892 shares repurchased at an average price of $94.42 per share The total number of shares repurchased during the quarter was 8,709,262."
0da0b592,Equity awards dilution's impact on EPS for META.,"90327,124937,124936,102935,72966,90326,45255,102934,78413,17298,17152,117643,83986,37094,42210","352,134,231,267,110,306,51,214,374,249,124","Equity awards, such as restricted stock units (RSUs), can dilute earnings per share (EPS) for META by increasing the number of shares used in the calculation of diluted EPS. Specifically, when calculating diluted EPS, the effect of dilutive RSUs is added to the basic shares outstanding, which increases the denominator and results in a lower diluted EPS compared to basic EPS. For the year ended December 31, 2024: - The basic EPS was $24.61, calculated using 2,534 million shares. - The diluted EPS was $23.86, calculated using 2,614 million shares, which includes the effect of 80 million dilutive RSUs. This demonstrates that equity awards have a dilutive effect, as the addition of RSUs to the share count reduces the reported EPS. Anti-dilutive RSUs (those that would increase EPS if included) are excluded from the calculation; for 2024, anti-dilutive RSUs were not material, but in prior years, 16 million (2023) and 95 million (2022) RSUs were excluded for being anti-dilutive. In summary, equity awards decrease META’s diluted EPS by increasing the number of shares considered outstanding for the calculation."
38aeac1d,Impact on margins from shipping fee cost acct for LULU.,"93681,93745,93687,93693,93692,93690,93703,93702,93680,93674,93764,93704,93765,59056,93673,93599","173,278","Shipping fees billed to customers are recorded as revenue, while shipping costs are recognized within selling, general and administrative expenses in the same period the related revenue is recognized. This accounting treatment means shipping costs are not included in cost of goods sold and therefore do not directly impact gross margin. Instead, these costs affect operating margin through higher selling, general, and administrative expenses."
badac135,Q4 2023 ADM share repurchase volume & pricing trends analysis.,"2158,96032,161807,47967,86570,12115,28596,27025,84533,102083,78408,19730,52588,102084,153473","256,483,38,231,9,458,141,304,82,87,154,251,61,287","In Q4 2023, Archer Daniels Midland (ADM) repurchased a total of 21,217,149 shares at an average price of $73.27 per share. The monthly breakdown is as follows: - October 2023: 2,815,562 shares at $72.45 average price per share - November 2023: 8,514,616 shares at $73.03 average price per share - December 2023: 9,886,971 shares at $73.71 average price per share The repurchase activity shows a steady increase in the number of shares repurchased each month, with a slight upward trend in the average price paid per share from October to December. The program is part of ADM’s publicly announced stock repurchase program, which had 52,033,434 shares remaining authorized for repurchase as of the end of December 2023."
bd626d7c,Triggers for UBER share repurchase initiatives.,"37408,152977,68757,165715,149659,114701,112486,135310,115735,93350,81141,30914,60094,68595,30704,83402","199,456,493,111,336,240,176,403,277,342,247,346,93,447","The triggers for Uber's share repurchase initiatives include factors such as price, general business and market conditions, and alternate uses of capital. The timing, manner, price, and amount of any repurchases are determined at the discretion of management, depending on market conditions and other relevant considerations."
7188513d,Cash strategy for HST & refinancing of 2024 senior notes.,"77181,77290,77180,77187,77291,77244,77254,77185,77248,77297,77334,77179,77293,77162,43158","227,127","Host Hotels & Resorts (HST) maintains a cash strategy focused on balancing liquidity, debt, and equity to ensure financial flexibility, particularly given the volatility of the lodging industry. Their priorities for cash use include funding acquisitions, capital expenditures, debt payments, operating costs, corporate expenses, dividends, and share repurchases. Primary sources of cash are operations, asset sales, borrowings under their credit facility, and debt and equity issuances. In 2023, they generated significant cash from operations ($1,441 million) and ended the year with $1,144 million in cash and cash equivalents. Regarding the $400 million of senior notes maturing in April 2024, HST believes they have sufficient liquidity to repay these notes at maturity using available cash. Alternatively, they have the option to refinance the notes through access to capital markets, subject to market conditions and interest rate environment at the time. Historically, HST has refinanced long-term debt prior to maturity by issuing new senior notes or entering into new credit facility agreements, and they intend to follow a similar approach if favorable. In summary, HST’s cash strategy emphasizes maintaining strong liquidity and flexibility, with the ability to either repay or refinance the 2024 senior notes based on prevailing market conditions and their cash requirements."
08999a5a,"Repurchases, dividends, or debt repayment for capital allocation, INCY?","14287,84246,3055,72048,84399,20136,84026,101083,8703,160848,84018,108579,132206,84281,126771","480,325,394,43,12,301,378,211,250,28,62","Incyte (INCY) has never declared or paid dividends on its capital stock and does not anticipate paying any dividends in the foreseeable future. The provided documents do not mention any share repurchase programs or debt repayment as part of Incyte's capital allocation strategy. Therefore, Incyte does not currently allocate capital to repurchases, dividends, or debt repayment. Their focus, as described, is on investing in the discovery, development, and commercialization of therapeutics. I cannot find sufficient information in the provided documents to answer this question regarding repurchases or debt repayment. However, it is clear that dividends are not part of their capital allocation."
24e0d0ce,The impact of competitive factors (DHR) on FP and risk varies across segments.,"47461,165578,14956,113934,14955,86851,165529,47449,118179,96768,39230,153486,125205,60356,135461,60357","257,354,289,458,140,493,47,177,116,341,404,375",I cannot find sufficient information in the provided documents to answer this question.
7fdb1fc6,ACGL net premiums CAGR vs total rev growth 2021-23.,"13735,13793,13792,13970,13791,13789,13634,13700,13609,13734,13736,13961,13613,13964",41,"Between 2021 and 2023, Arch Capital Group Ltd. (ACGL) reported the following: - Net premiums earned: - 2021: $8,082 million - 2022: $9,679 million - 2023: $12,440 million - Total revenues: - 2021: $9,248 million - 2022: $9,613 million - 2023: $13,634 million To calculate the compound annual growth rate (CAGR) for both metrics over the two-year period (2021–2023): CAGR formula: CAGR = (Ending Value / Beginning Value)^(1/Number of Years) - 1 Net premiums earned CAGR: = ($12,440 / $8,082)^(1/2) - 1 = (1.539)^(0.5) - 1 ≈ 1.24 - 1 ≈ 0.24 or 24% Total revenues CAGR: = ($13,634 / $9,248)^(1/2) - 1 = (1.474)^(0.5) - 1 ≈ 1.214 - 1 ≈ 0.214 or 21.4% **Summary:** - Net premiums earned CAGR (2021–2023): **~24%** - Total revenues CAGR (2021–2023): **~21.4%**"
06c09d44,"YoY change in DTE Energy EPS vs op & net income, ticker DTE.","51387,51303,51386,51229,51227,51228,51491,51490,51243,51331,51238,51226,51319",150,"For DTE Energy (ticker: DTE), the year-over-year (YoY) changes in earnings per share (EPS), operating income, and net income for the years 2021, 2022, and 2023 are as follows: Earnings Per Share (EPS) – Diluted (from continuing operations): - 2021: $4.10 - 2022: $5.52 - 2023: $6.76 YoY Change: - 2021 to 2022: Increase of $1.42 per share (+34.6%) - 2022 to 2023: Increase of $1.24 per share (+22.5%) Operating Income: - 2021: $1,495 million - 2022: $1,748 million - 2023: $2,243 million YoY Change: - 2021 to 2022: Increase of $253 million (+16.9%) - 2022 to 2023: Increase of $495 million (+28.3%) Net Income Attributable to DTE Energy Company (from continuing operations): - 2021: $796 million - 2022: $1,083 million - 2023: $1,397 million YoY Change: - 2021 to 2022: Increase of $287 million (+36.1%) - 2022 to 2023: Increase of $314 million (+29.0%) Summary: - EPS, operating income, and net income all increased substantially year-over-year for both 2022 and 2023. - The rate of increase in net income was slightly higher than the increase in EPS in both periods, while operating income showed robust growth, especially from 2022 to 2023. (Source: Chunks 2, 3, 4, 6)"
f7208e9f,"Breakdown of Assurant board & exec roles, ticker in the mid-sentence.","6422,6392,6421,6651,6650,6462,6647,120582,6645,136920,6669,104983,6419,15394,6391,6461","361,47,22,408,313","Assurant, Inc. (ticker: AIZ) provides the following breakdown of its board and executive roles as of the most recent disclosures: - Women comprise 31% of the Board, and 11% of the Assurant Management Committee. - Racially or ethnically diverse individuals represent 31% of the Board and 22% of the Assurant Management Committee. - Four of the Company’s diverse directors hold Board Chair and committee chair roles. - As of January 1, 2024, following an expansion of the Management Committee to support global growth, women now comprise 17% of the executive leadership team, and 25% identify as racially or ethnically diverse. - In the U.S., 54% of the workforce is racially or ethnically diverse, and 45% at the managerial levels. - Key executive roles include the Chief Operating Officer (with direct oversight of DE&I strategy), the Chief Executive Officer, and the Chief People Officer, with the Board’s Compensation and Talent Committee overseeing significant human capital programs. - Recent executive appointments include Keith Meier as Chief Financial Officer and Francesca Luthi as Chief Operating Officer. This demonstrates Assurant’s focus on diversity and inclusion at both the Board and executive levels, with ongoing efforts to expand diverse representation. The company’s ticker symbol is AIZ."
0ed7397a,"Impact of Marathon Oil's DEI & talent mgmt on risk mitigation & sustainable execution, MRO.","103922,103921,103920,103923,103925,154055,99805,103894,103919,145982,103918,79941,18396,38047,103926,104161","298,236,460,113,437,310,57","Marathon Oil’s approach to Diversity, Equity, and Inclusion (DEI) and talent management directly supports risk mitigation and sustainable execution in several ways: 1. Workforce Reflective of Operational Areas: Through intentional nationalization efforts, such as having 94% Equatoguinean workforce in MEGPL, and striving for a workforce reflective of the areas in which it operates, Marathon Oil reduces risks related to local compliance, community relations, and talent shortages (Chunks 1, 2). 2. Inclusive Culture and DEI Training: The company fosters an inclusive culture by offering DEI training, supporting Employee Resource Groups (ERGs), and making diversity and inclusive best practices available to all employees. These initiatives help cultivate a collaborative environment, reduce the risk of discrimination claims, and increase employee engagement and retention (Chunks 1, 2). 3. Proactive Talent Risk Analysis: Marathon Oil conducts annual risk analyses as part of its Enterprise Risk Management process, taking a multi-year view of potential talent risks. This proactive approach ensures preparedness for macro-environment changes and talent demands, thereby mitigating risks associated with workforce capability gaps or turnover (Chunks 1, 4). 4. Leadership Oversight and Accountability: Talent management policies and programs are overseen by the Vice President of Human Resources, who reports to the CEO and reviews talent data with the Executive Committee. The Board of Directors provides oversight, especially for enterprise risks like employee engagement, DEI, and succession, ensuring accountability and alignment with strategic objectives (Chunks 3, 9). 5. Flexibility and Total Rewards: Offering flexible work programs and comprehensive benefit packages supports work-life balance and well-being, increasing employee satisfaction and retention, which mitigates risks from high turnover or disengagement (Chunks 1, 4, 15). 6. Safe and Ethical Work Environment: Emphasizing a safe, clean, and ethical environment, with embedded Health, Environment, and Safety (HES) values, helps reduce operational and reputational risks, supporting sustainable execution (Chunk 3). By integrating DEI and talent management with risk analysis, leadership accountability, and employee support programs, Marathon Oil not only mitigates human capital and operational risks but also ensures the sustainability and resilience of its business execution."
de3d67a5,"CAG's diluted shares, net income, and correlation with earnings growth from 2022-2024 in regard to cap structure.","21897,21854,21896,21857,21947,21856,81557,21898,81487,21860,21713,21962,70649,21899","241,66,207","From fiscal years 2022 to 2024, Conagra Brands, Inc. (CAG) reported the following for diluted shares and net income attributable to common stockholders: - **2022:** - Diluted weighted average shares outstanding: 482.2 million - Net income: $888.2 million - Diluted earnings per share: $1.84 - **2023:** - Diluted weighted average shares outstanding: 480.7 million - Net income: $683.6 million - Diluted earnings per share: $1.42 - **2024:** - Diluted weighted average shares outstanding: 480.0 million - Net income: $347.2 million - Diluted earnings per share: $0.72 **Correlation and Capital Structure Impact:** - The diluted share count decreased slightly over the period, from 482.2 million (2022) to 480.0 million (2024). This minor reduction reflects some share repurchases (e.g., 4.2 million shares repurchased in 2023 and 1.5 million in 2022), but the overall effect on share count was modest. - Net income declined significantly: from $888.2 million (2022) to $683.6 million (2023), and then to $347.2 million (2024). - Earnings per share (EPS), both basic and diluted, followed this downward trend, primarily due to the sharp drop in net income rather than changes in share count. - The capital structure, in terms of equity and treasury stock, showed that treasury stock increased (reducing outstanding shares), but this was not enough to offset the much larger decline in net income. **Conclusion:** While CAG’s capital structure included some share repurchases that slightly reduced the diluted share count, the dominant driver of EPS changes from 2022 to 2024 was the decline in net income. The modest reduction in shares outstanding had a negligible positive effect on EPS, but it could not counteract the substantial drop in earnings, resulting in lower earnings growth over the period."
6bafaeb5,Risk mgmt for incremental share repurchase SYF.,"144119,144364,144365,144228,144382,144230,144272,144271,144381,144063,144269,144233,144226,144268",431,"Synchrony Financial’s incremental share repurchase activities are subject to a number of risk management considerations and regulatory constraints: 1. Regulatory Oversight and Approval: Share repurchases are subject to market conditions, legal and regulatory restrictions, and required approvals. Synchrony must inform and consult with the Federal Reserve Board in advance to ensure that repurchases do not raise supervisory concerns, and the Board may object if such actions are deemed unsafe or unsound (Chunks 1, 4, 6, 8, 9). 2. Capital and Liquidity Requirements: The company’s ability to repurchase shares depends on meeting applicable Basel III capital ratio requirements. If Synchrony does not achieve or maintain these ratios, its ability to repurchase shares could be restricted. The Federal Reserve Board evaluates capital actions, considering factors such as potential asset deterioration, need to increase reserves, and ability to replace repurchased equity with new capital if needed (Chunks 1, 6, 8, 11). 3. Increased Regulatory Scrutiny: As of March 31, 2023, Synchrony exceeded $100 billion in average total consolidated assets, triggering enhanced prudential standards, biennial supervisory stress tests, formal capital plan submissions, and the potential for a stress capital buffer. These could result in additional restrictions on capital distributions, including share repurchases (Chunks 4, 6, 11, 13, 14). 4. Discretion of the Board of Directors: The declaration and amount of future share repurchases remain at the discretion of the Board, and are dependent on Synchrony’s financial condition, earnings, capital and liquidity position, and other relevant factors (Chunks 7, 9, 10). 5. Remaining Authorization and Program Limits: As of December 31, 2023, Synchrony had $600 million remaining under its April 2023 incremental share repurchase program, which is authorized through June 2024 and is always subject to the above regulatory and market conditions (Chunks 1, 2, 3, 5, 10). In summary, risk management for Synchrony’s incremental share repurchase program involves ongoing compliance with regulatory capital and liquidity requirements, advance consultation with regulators, internal review by the Board of Directors, and adaptation to evolving regulatory standards for large financial institutions. Failure to meet these requirements or regulatory objections could limit or prevent further share repurchases."
e37688c5,TROW revenue comp. trend stability 2021-2023.,"145657,145625,145630,145592,145631,145634,145588,145587,145617,145647,145622,145573,145582,145624",436,"From 2021 to 2023, T. Rowe Price's revenue and compensation trends have exhibited both declines and relative stability: - Revenues: - 2021: $7,671.9 million - 2022: $6,488.4 million - 2023: $6,460.5 million Revenue decreased significantly from 2021 to 2022 (a drop of about $1.18 billion), then remained relatively stable from 2022 to 2023 with only a slight decrease. - Compensation and Related Costs: - 2021: $2,383.0 million - 2022: $2,320.8 million - 2023: $2,673.5 million Compensation costs dipped slightly in 2022 compared to 2021, then increased notably in 2023, surpassing both prior years. In summary, T. Rowe Price experienced a sharp revenue decline in 2022, followed by stabilization in 2023. Compensation costs were fairly stable between 2021 and 2022 but rose in 2023."
f5fdadad,Liquidity impact from McKesson's off-balance sheet obligations.,"99994,99901,99918,99900,99885,100041,99993,76463,99904,100055,98592,100044,100100,92304,125326","224,293,298,274,375","McKesson's off-balance sheet obligations include commitments such as purchase obligations, interest on borrowings, and certain guarantees (e.g., standby letters of credit and surety bonds). As of March 31, 2024, purchase obligations totaled $7,305 million (with nearly all due within one year), and interest on borrowings was $1,171 million. The company also has agreements guaranteeing the repurchase of customers’ inventory or debt if those customers cannot meet their obligations, though the value of these guarantees is not specified in the provided context. Despite these off-balance sheet obligations, McKesson states that its available cash from operations, investment portfolio, and access to credit facilities (including a $4.0 billion revolving credit facility) are sufficient to fund both its short-term and long-term cash requirements, including these commitments. McKesson remains adequately capitalized and in compliance with all debt covenants at March 31, 2024. The company believes its operating cash flow, assets, and access to capital markets will allow it to meet future financing needs, although it acknowledges that increased volatility or disruptions in global capital and credit markets could impact liquidity or borrowing costs. In summary, while McKesson has significant off-balance sheet obligations, these are not expected to have a material adverse impact on its liquidity given its current financial position and available resources."
5f0fab9c,Q4 2023 DTE repurchase monthly breakdown.,"51227,51308,51226,51386,51387,51452,51229,100898,51228,51147,51258,51148,51319,51257,51522","301,150","In the fourth quarter of 2023, DTE Energy repurchased the following number of shares each month: - October 2023: 1,125 shares at an average price of $101.71 per share - November 2023: 851 shares at an average price of $109.23 per share - December 2023: 759 shares at an average price of $113.15 per share These share repurchases primarily represent shares withheld to satisfy income tax obligations upon the vesting of restricted stock (Chunk 3)."
be713b4a,"AAL's cybersecurity integration into ERM, ticker AAL, and its impact on ops/financial stability.","150879,12290,12332,12284,34203,12750,12292,12758,12280,123203,12281,12842,12841,12282,12446,12478","370,451,103,39","American Airlines Group Inc. (AAG, ticker: AAL) incorporates cybersecurity risk management into its broader Enterprise Risk Management (ERM) process. Evolving cybersecurity and data privacy requirements are recognized as key operational risks that can increase costs, disrupt operations, harm the company's reputation, expose it to legal risks, and potentially have a material adverse effect on its business, results of operations, and financial condition. Any significant cybersecurity or data privacy incident could lead to compliance costs, regulatory enforcement, lawsuits, loss of customers, and reputational harm, all of which could negatively impact operational and financial stability (Chunk 3, Chunk 15)."
33c70b75,"HAS 2023 op perf vs. 2022: non-cash impairments, asset disposals, prod disruptions.","73452,73516,73462,73600,73601,73450,73514,73451,73513,73449,73468,73463,73442,73466",216,"In 2023 compared to 2022, Hess Corporation's operating performance was affected by several non-cash impairments, asset disposals, and production disruptions: Non-cash impairments: - In 2023, Hess recorded $82 million in impairment and other charges, compared to $54 million in 2022. These charges are primarily related to updates to estimated abandonment liabilities and other non-cash items (Chunk 1, Chunk 5, Chunk 6). Asset disposals: - In 2023, there were no significant gains on asset sales (zero reported), while in 2022, the company recognized a pre-tax gain of $76 million ($76 million after-tax) from the sale of its interest in the Waha Concession in Libya (Chunk 1, Chunk 3, Chunk 6). Production disruptions: - The provided documents do not specify major production disruptions in 2023 or 2022. However, the context highlights that production volumes actually increased in 2023, with net production averaging 394,000 boepd in 2023 versus 344,000 boepd in 2022, particularly due to increased activity in North Dakota and Guyana (Chunk 13). In summary: - Non-cash impairments were higher in 2023 than 2022. - Asset disposals contributed to earnings in 2022 but not in 2023. - There is no mention of significant production disruptions impacting 2023 results; instead, production volumes increased year over year."
aaa2a2aa,Catherine R. Clay's role transition in innovation derivatives at Cboe Global Markets Inc. (CBOE) showcases its competitiveness.,"30583,30611,30582,30585,30571,30573,30491,30574,30490,30707,30500,30492,30504,30579,30580",93,"Catherine R. Clay was appointed as Executive Vice President, Global Head of Derivatives at Cboe Global Markets Inc. in October 2023. Previously, she served as Executive Vice President, Global Head of Data and Access Solutions from March 2021 to October 2023, and before that, as Senior Vice President, Global Head of Information Solutions at Cboe Exchange, Inc. Her transition to lead the derivatives segment highlights Cboe's commitment to innovation and maintaining its competitive edge in derivatives markets. The context emphasizes that Cboe operates in an intensely competitive environment, where technological innovation, product development, and leadership transitions are critical to sustaining market share and financial performance. Clay's appointment, following her significant experience in information solutions and business development, demonstrates Cboe's strategy of leveraging strong leadership and expertise to drive innovation in its derivatives business, which is central to its global competitiveness."
56d5c493,"One-time adjustments to NI are common, impacting future earnings quality & valuation for ticker.","71032,40893,82254,164962,38534,115334,111486,20576,40867,135572,37859,155569,38535,61746,111535,2188","9,491,333,208,112,114,243,404,465,180,120,345,63","One-time adjustments to net income (NI) are indeed common and can significantly impact assessments of future earnings quality and company valuation. Many companies report ""adjusted net income"" or similar non-GAAP financial measures that exclude items such as: - Nonrecurring or unusual items (e.g., restructuring charges, impairment charges, gains/losses on asset sales, costs from specific events like fires or contract settlements) - Non-cash items (e.g., amortization of acquired intangibles, stock-based compensation) - Certain tax adjustments or discrete tax benefits/expenses - Foreign exchange gains/losses, especially those related to unrealized or intercompany transactions These adjustments are made to provide investors with what management considers a more accurate view of the company's core, ongoing operating performance. However, it's important to note that while these adjusted figures can enhance comparability between periods, they should not be assumed to predict that future results will be unaffected by similar items. For example: - CTLT adjusts net income for items such as goodwill impairment charges, restructuring costs, and acquisition-related expenses to arrive at Adjusted Net Income (Chunks 2 and 9). - GEHC, PAYX, NEE, BLK, ADM, and others also exclude nonrecurring, non-cash, or infrequent items to present adjusted earnings measures (Chunks 1, 6, 7, 8, 16). While these adjusted numbers can help in analyzing underlying trends, heavy reliance on such adjustments may obscure the true economic performance and risk profile of a business. Frequent or large one-time adjustments can indicate potential quality-of-earnings issues, affecting investor confidence and valuation multiples. In summary, one-time adjustments to net income are widespread and play a key role in earnings quality assessments and valuation analysis. Investors should carefully review both GAAP and adjusted figures, understanding the nature and recurrence of the excluded items to make informed decisions."
5171593a,"The impact of RL cybersecurity risk mgt on financials, particularly for the ticker, shows a significant correlation.","2471,128618,2470,50935,77133,92909,6900,79604,102844,124657,142917,93342,100248,154655,125547,102843","384,227,10,235,427,299,462,306,276,149,373,23,277,375",I cannot find sufficient information in the provided documents to answer this question.
4b858e58,The impact of risk governance on S&P's (SPGI) CAPEX and M&A strategies is crucial.,"140638,140344,140424,140505,140343,140320,125272,140463,140418,43669,165936,122469,140432,43670,140422,140670","129,418,494,368,375","Based on the provided context, S&P Global (SPGI) emphasizes risk governance as an integral part of its overall strategy and operations. The company maintains a commitment to risk management, compliance, and control across its enterprise, which includes strengthening the security and resiliency of business-critical systems and eliminating known risk areas vulnerable to exploitation (Chunk 13). These efforts are part of their broader strategy to execute and deliver on corporate objectives, which would inherently influence capital allocation decisions, including CAPEX (capital expenditures) and M&A (mergers and acquisitions). Furthermore, S&P Global exercises disciplined organic capital allocation and evaluates inorganic and partnership strategies as part of its growth and innovation objectives (Chunk 13). This disciplined approach suggests that risk governance directly informs how the company prioritizes and implements CAPEX and M&A activities, ensuring that investments align with the company’s risk tolerance, compliance requirements, and long-term strategic goals. While the documents do not provide explicit details or quantitative data linking risk governance to specific CAPEX or M&A outcomes, it is clear that risk management is embedded in decision-making processes, thereby helping to safeguard assets, support sustainable growth, and mitigate potential exposures related to significant investments and acquisitions."
8b65a4ac,"Cybersecurity framework AMT enhances competitive positioning, boosting investor confidence.","150528,101703,70171,16023,70405,151703,87701,145972,137030,29830,145535,9102,145975,70512,63902,36445,98121","450,260,292,454,108,206,207,303,50,436,437,408,186,91,29",I cannot find sufficient information in the provided documents to answer this question.
b1790bf5,Timing predictability for revenue recognition of EQT variable consideration vs fixed pricing.,"2536,60278,45803,164664,110160,164665,29354,1974,4418,115673,83941,40933,83942,34871,29353,141137","420,249,136,8,10,330,492,104,16,177,120,89,346",I cannot find sufficient information in the provided documents to answer this question.
e7ebd4b5,Cybersecurity risk & disruption mitigation efforts by the AAPL InfoSec team.,"68,90750,146300,25589,123203,2470,42,121082,26765,22062,87701,78920,135228,33672,11129,78921","1,67,260,35,102,233,10,76,269,364,81,370,403,438","Apple’s Information Security (InfoSec) team is composed of highly skilled professionals with extensive industry experience, including leadership from individuals with over 25 years in cybersecurity. The team develops and distributes security policies, standards, and procedures; conducts employee cybersecurity training; implements security controls; assesses risk and compliance; monitors and responds to security events; and conducts security testing and assessments. They coordinate with teams across the company to prevent, respond to, and manage security incidents, and engage third parties for additional assessment and support when needed. To mitigate risks from supplier relationships, a dedicated Supplier Trust team manages information security risks associated with suppliers. The company has robust processes to log, track, address, and escalate cybersecurity incidents, ensuring timely reporting to senior management and the Audit and Finance Committee. Apple’s enterprise risk management program integrates cybersecurity risk alongside other business risks, reflecting management’s assessment of cybersecurity threats. The Audit Committee of the Board regularly reviews and discusses these risks with senior leaders, including updates on incidents and necessary actions. To protect against unauthorized access and data loss, Apple dedicates significant resources to systems and data security, using encryption and other security measures. However, they acknowledge that absolute security cannot be guaranteed and that losses or unauthorized access can occur despite these efforts. The company also takes steps to secure confidential information shared with suppliers and other third parties, but recognizes that these measures may not always be fully effective. Overall, Apple’s InfoSec team focuses on comprehensive risk management, ongoing employee education, proactive detection and response, and close coordination with leadership to mitigate the impact of cybersecurity threats and disruptions on business operations, reputation, and financial condition."
0a11d21c,KDP's repurchase program has seen varied outcomes concerning the authorization period vs. progress.,"86256,86341,103352,27667,53221,149397,153956,86308,107761,149457,9152,86257,86364,86416,86173","322,459,308,84,155,29,446,255","Keurig Dr Pepper Inc. (KDP) implemented a share repurchase program authorized by its Board on October 1, 2021, allowing for the repurchase of up to $4 billion of its outstanding common stock. This program is effective for four years, beginning January 1, 2022, and expiring December 31, 2025, with no requirement to purchase a minimum number of shares. As of the end of the fourth quarter of 2023, KDP had repurchased a total of 8,131,698 shares at an average price of $30.57 per share, utilizing $1,084,834,978 of the authorized amount. There remained $2,915,165,022 still available under the authorization for further repurchases by the program's expiration date (December 31, 2025). Additionally, repurchased shares are retired, and the excess purchase price over par value, as well as any excise tax incurred on the repurchases (such as the $5 million related to the Inflation Reduction Act of 2022), is recorded to additional paid-in capital. Overall, the progress of the program shows that a significant portion of the authorization remains available, with less than one-third used by the end of 2023, and two years left in the authorization period."
2862dac2,Cash outflows from JKHY investmnts impact growth & competitive positioning.,"83854,83853,83902,83996,83830,83997,83949,83838,83999,83834,83827,83826,142718,83836,83831,83864","249,426","Cash outflows from Jack Henry & Associates, Inc. (JKHY) investments, particularly through capital expenditures and acquisitions, are strategically aimed at supporting growth and strengthening competitive positioning. The company maintains a disciplined approach to acquisitions, using them to supplement organic growth and enhance its suite of products and services. Since 1999, Jack Henry has completed 35 strategic acquisitions, targeting opportunities that expand complementary/payment products, accelerate technology modernization, and provide products that can be sold to new and existing clients (Chunk 14). Investments are also directed toward developing and enhancing technology solutions for financial institutions, which is crucial in a highly competitive market where product functionality, price, flexibility, ease of use, and client support are key differentiators (Chunks 1, 2). The company’s continued investment in new products and services, supported by its cash position and balance sheet, helps maintain high client retention and adapt to evolving client needs, further solidifying its market position. In summary, Jack Henry’s investment outflows are intended to drive growth, expand product offerings, support technology modernization, and maintain a strong competitive edge in the financial technology sector."
096db711,"The Hartford's operational efficiency, workforce size, cost mgmt, and risk.","84537,84418,84464,84455,84561,84452,84451,84531,84422,84463,84458,84450,85007,85006,84812,209","2,251","The Hartford has made operational efficiency a priority through its ""Hartford Next"" operational transformation and cost reduction plan, which began in July 2020. By reducing headcount, investing in IT, and other initiatives, the company achieved a reduction in annual insurance operating costs and other expenses of approximately $636 million in 2023 compared to 2019. The total incurred costs for these efforts through December 31, 2023, were about $323 million, with some additional expected expenses mainly related to software and real estate amortization after 2023 (Chunk 5). As of December 31, 2023, The Hartford employed approximately 18,700 people (Chunk 4). The company emphasizes diversity and inclusion, with women and people of color representing 61.4% and 32.3% of the workforce, respectively (Chunks 3, 10). The company manages costs through a combination of operational improvements, workforce planning, technology investments, and compensation management. Compensation includes performance-based variable pay and annual bonus plans tied to core earnings targets. The company also conducts annual pay equity analyses to ensure fairness (Chunk 11). Regarding risk, The Hartford identifies and manages insurance, operational, and financial risks through enterprise risk management practices. These include investment portfolio management focused on diversification, asset/liability matching, and active risk controls such as credit and sector exposure limits (Chunks 6, 7). The company is subject to state and foreign insurance regulations designed to protect policyholders and ensure solvency, which include capital, reserve, and reporting requirements (Chunks 6, 7). In summary, The Hartford has improved operational efficiency, maintains a large and diverse workforce, manages costs through a variety of strategies, and has robust risk management practices in place."
40ad07e9,Updates on Baker Hughes' cost estimate drivers: historical cost vs ticker observed cost improvements in long-term SA and custom eqpt.,"18512,18600,18551,18547,18519,18603,18620,18561,18615,18554,18377,18381,18388,18536,18522,18642",57,"Baker Hughes recognizes that the estimation of total costs required to fulfill contracts, especially for sales of equipment manufactured to unique customer specifications and long-term service agreements (SA), is critical and involves a significant level of judgment. The company generally bases these cost estimates on its historical experience with manufacturing similar assets. However, for certain projects where the technology or the promise to the customer is unique, reliably estimating total costs requires even greater judgment. Cost estimates are routinely updated to reflect changes in the quantity or cost of inputs, and these revisions use objectively verifiable information available at the time of review. Insights into future cost trends are gained from ongoing interaction with customers and knowledge of installed equipment. For product services agreements, revisions in cost or billing estimates can affect the total estimated profitability, resulting in adjustments to earnings. Over the past three years, such adjustments generated earnings of $15 million (2023), $20 million (2022), and $14 million (2021). On average, these contracts were about 11% complete based on costs incurred to date and estimated future costs. For the sale of customized equipment recognized over time, revenue recognized was $6.1 billion in 2023, $4.2 billion in 2022, and $4.8 billion in 2021. In summary, Baker Hughes continually updates its cost estimates for both long-term service agreements and customized equipment sales, relying on a combination of historical cost data and current project-specific information, reflecting observed improvements or changes as projects progress."
32dc737a,"Investments by Alphabet (GOOGL) in security, availability, and innovation vs emerging players in AI/cloud/digital video.","68796,68818,68803,68872,68792,68791,68797,68793,68995,68871,68800,68810,68870,94256,68790","200,280","Alphabet (GOOGL) invests heavily in security, availability, and innovation to maintain its leadership in AI, cloud, and digital video, especially as it faces competition from emerging players in these spaces. Security and Privacy: Alphabet prioritizes the privacy and security of its products, users, and customers—even at the expense of near-term financial gains. The company continuously invests in building products that are secure by default, upholding responsible data practices that emphasize privacy by design, and providing easy-to-use settings that give users control over their data. Efforts include features like auto-deleting user data, tools such as My Ad Center for ad experience control, and advanced anti-malware, anti-phishing, and password security features (Chunks 1, 7). Availability and Infrastructure: Alphabet has invested more than $150 billion in research and development over the last five years, supporting innovations across Google Search, YouTube, Google Cloud, and its family of devices. Its technical infrastructure is robust, with office facilities and data centers around the world to ensure high availability and reliability for users globally (Chunks 6, 13). Innovation: Alphabet’s approach to innovation is both bold and responsible. The company is recognized for pioneering AI development (e.g., the Transformer architecture, BERT, and Gemini), and integrating AI into core products such as Google Ads, Google Workspace, and Cloud offerings. Alphabet continues to invest in moonshot projects and frontier technologies, such as quantum computing and advanced AI models, to stay ahead of industry trends. Its deep investments in AI have transformed its products and are central to future developments, including applying AI to societal challenges like protein folding, climate prediction, and flood forecasting (Chunks 1, 5, 7, 8). Competitive Landscape: Alphabet operates in a rapidly changing environment with disruptive technologies and formidable competition from both established and emerging players in general search, vertical search, e-commerce, online advertising, and digital video. The company acknowledges that competitors' advancements could reduce usage of Alphabet’s products, compelling it to continue significant investments in innovation, security, and infrastructure to remain competitive (Chunks 2, 3). In summary, Alphabet’s substantial and ongoing investments in security, availability, and innovation are core to its strategy to address challenges and competition from emerging players in AI, cloud, and digital video."
dbf3ddb8,ACGL manages underwriting control governance & risk mgmt.,"13394,13393,13859,13395,13356,13405,13355,13342,13969,13964,13970,13963,13962,13961",41,"Arch Capital Group Ltd. (ACGL) manages underwriting control, governance, and risk management through a comprehensive, enterprise-wide risk management framework. This framework incorporates both top-down and bottom-up approaches to risk analysis and includes key policies and procedures to address material risks, including underwriting (insurance) risk, investment risk, group risk, credit risk, and operational risk (such as regulatory and reputational risks). ESG (Environmental, Social, and Governance) risks are embedded throughout the framework rather than treated as standalone risks. Oversight of risk identification and assessment is carried out by the Finance, Investment and Risk Committee (FIR Committee), Audit Committee, and Underwriting Oversight Committee of the Board. The Chief Risk Officer (CRO) plays a central role, maintaining the risk register, continually reviewing risk assessments, and escalating significant changes or new high-level risks to the Board or relevant committees. Risk owners are responsible for monitoring and managing designated risks daily, reporting to the CRO, and escalating significant issues as needed. The highest residual risks are actively managed by the Board and its committees, while other risks are managed at the process level. The CRO oversees the monitoring of all risks, communicates any potential breaches of risk appetite to risk owners, and ensures that issues are escalated promptly. Furthermore, limits and tolerances for major risk categories are set out in the risk appetite statement and integrated into operating guidelines. Exposures are aggregated and monitored periodically, with results and risk dashboards reported quarterly to the Board and relevant committees for review and discussion. Overall, ACGL's risk management process is closely integrated with its governance structures and underwriting controls to ensure robust oversight, continuous monitoring, and timely response to emerging risks and business developments."
a316af4a,Impact on diluted EPS for NCLH if anti-dilutive exch. notes are included.,"109405,109399,80989,137653,72967,119507,119506,50472,109402,105647,75620,109231,102934,101868,165729","357,328,493,239,303,306,147,214,409,315,222","If the anti-dilutive exchangeable notes for Norwegian Cruise Line Holdings Ltd. (NCLH) were included in the calculation of diluted earnings per share (EPS), the effect would be to increase the denominator (diluted weighted-average shares outstanding), which would reduce (dilute) the diluted EPS. However, these notes have been excluded from the calculation because their inclusion would have been anti-dilutive—that is, including them would have resulted in a higher EPS or a smaller loss per share, which is not permitted under accounting standards. For the years ended December 31, 2023, 2022, and 2021, NCLH specifically excluded exchangeable notes from diluted weighted-average shares outstanding because their effect was anti-dilutive. This means that, had they been included, diluted EPS would not accurately reflect potential dilution for shareholders and would instead present a less conservative (and less meaningful) measure of EPS. Therefore, when exchangeable notes are anti-dilutive, they are not included in the diluted EPS calculation, and including them would inappropriately understate the potential dilution to shareholders. In summary, including anti-dilutive exchangeable notes would artificially increase NCLH’s diluted EPS, which is why they are excluded from the calculation."
4a20b020,Update on WBA repurchase: June 2018 program total vs $10bn cap as of 8/31/24 for ticker WBA.,"161376,161603,161438,161604,161602,161464,161463,161233,161235,161608,161645,161640,162989","482,485","As of August 31, 2024, Walgreens Boots Alliance (ticker: WBA) had repurchased $8.0 billion of its common stock under the June 2018 stock repurchase program, which was originally authorized up to $10.0 billion and has no specified expiration date. As of that date, approximately $2.0 billion remained available under the program. Repurchases under this program were suspended in July 2020, and no shares were repurchased in fiscal 2023 or 2024."
76507368,The impact of TMUS cybersecurity incidents on operating results & profitability; steps for mgmt to mitigate risks.,"147557,147519,147856,147528,147522,147558,147854,147619,147549,147901,147903,147550,101705,26382,147527,150874","443,451,79,303","T-Mobile (TMUS) has experienced significant cybersecurity incidents, notably the August 2021 and January 2023 cyberattacks. These incidents have had notable impacts on the company's operating results and profitability, including: - Significant costs related to responding to and resolving mass arbitration claims, class action lawsuits, and an FCC investigation. - The August 2021 cyberattack alone resulted in T-Mobile paying $350 million to fund claims, legal fees, and settlement administration, and an additional $150 million invested in data security and related technology during 2022 and 2023. - These expenses directly affected operating results by increasing costs and reducing profitability (Chunks 1, 3). To mitigate cybersecurity risks, T-Mobile management has taken several steps: - Engaged outside cybersecurity experts to investigate incidents and improve security. - Notified affected customers and coordinated with law enforcement when breaches occurred. - Enhanced procedures and safeguards to prevent unauthorized access, defend against cyberattacks, and continually evaluate and upgrade security measures in response to evolving threats. - Invested significant resources and management time into preventative actions, including substantial capital for security improvements. - Recognized the need to assess and oversee third-party providers' cybersecurity protocols, though also acknowledging limitations in controlling or fully assessing all third-party security systems (Chunks 1, 6). Despite these efforts, T-Mobile notes that it cannot assure that all actions will be sufficient to repel significant cyberattacks or fully prevent or mitigate cybersecurity breaches in the future, especially as threat actors become increasingly sophisticated (Chunk 6)."
70f76191,Impact of exec appointments' ages on long-term strategy & financial stability for Conagra (CAG).,"21973,21971,21976,21807,21959,21860,21965,21718,21958,21724,21715,21723,21875,21947,21874,85957","66,254",I cannot find sufficient information in the provided documents to answer this question.
e1ecd128,2024 NIKE short-term inv. liquidity strat. comparison.,"108970,109010,109039,108972,108983,108971,48673,108982,108976,108981,72047,99592,108973,109098","143,297,211,327","NIKE's short-term investment and liquidity strategy in 2024 focuses on maintaining a strong cash position, prudent use of credit facilities, and flexibility to support operations and shareholder returns: - As of May 31, 2024, NIKE held $9.86 billion in cash and equivalents and $1.72 billion in short-term investments, indicating a robust liquidity position (Chunk 3). - The company funds share repurchases (84.9 million shares for $9.1 billion under an $18 billion program) and operations primarily through operating cash flows, not relying heavily on external financing (Chunk 2). - NIKE has committed credit facilities, including a $2 billion facility (with the option to increase to $3 billion, maturing in 2027) and a new $1 billion 364-day facility (with an option to increase to $1.5 billion), providing further liquidity flexibility (Chunk 2). - The company maintains strong investment-grade debt ratings (AA- and A1), which help keep borrowing costs low (Chunk 2). - NIKE's approach to liquidity is to balance cash needs for operations, capital investments, and shareholder returns (including dividends and repurchases), with capital coming mainly from internal sources and supplemented by credit facilities as needed (Chunks 2, 3, 4). In comparison to peers (see other chunks for EA, HD, MKC), this approach is consistent with industry practices, focusing on maintaining significant cash reserves, utilizing credit lines for flexibility, and prioritizing operational funding and shareholder returns. NIKE's high cash and short-term investments, along with disciplined capital allocation and investment-grade credit, position it strongly for liquidity needs in 2024."
af66df54,Contractual pricing terms of HUM affect cash flow & liquidity.,"93394,142104,40933,40726,81687,156734,81682,91427,81677,20306,93395,128671,36893,146809,63258,125316","384,440,424,109,271,242,468,277,184,120,62,375",I cannot find sufficient information in the provided documents to answer this question.
c8f8592c,Amphenol Corp's impact on SG&A & acquisition expenses on op. income and net income trends.,"10803,10892,10816,10830,10800,10799,10866,10814,10827,10801,23874,10974,10893","72,34","Amphenol Corporation's Selling, General and Administrative (SG&A) expenses and acquisition-related expenses have impacted its operating income and net income trends as follows: - SG&A expenses increased from $1,420.9 million in 2022 to $1,489.9 million in 2023, which contributed to a slight decrease in operating income (from $2,585.8 million in 2022 to $2,559.6 million in 2023) and a marginal decrease in operating margin (from 20.5% in 2022 to 20.4% in 2023) ([Chunk 2], [Chunk 3]). - Acquisition-related expenses also rose, from $21.5 million in 2022 to $34.6 million in 2023. These expenses are primarily external transaction costs and amortization related to acquired backlog ([Chunk 6]). - Despite these increases, Amphenol's net income from continuing operations attributable to the corporation still increased slightly, from $1,902.3 million in 2022 to $1,928.0 million in 2023 ([Chunk 2], [Chunk 6]). This was partly due to other favorable items, such as excess tax benefits from stock-based compensation and a gain on a bargain purchase acquisition in 2023 ([Chunk 6], [Chunk 8]). - On an adjusted (non-GAAP) basis, which excludes acquisition-related expenses and certain tax benefits, both adjusted operating income and adjusted net income from continuing operations were essentially flat year over year ([Chunk 3], [Chunk 5]). In summary, higher SG&A and acquisition-related expenses put some pressure on operating income, but net income trends remained positive due to offsetting favorable tax and other items. The overall impact was a slight decrease in operating income but a small increase in net income from continuing operations in 2023 compared to 2022."
1533c65a,"Net inc. decline driven by op. mkts, factors impacting cost mgmt & pricing for CHRW.","26436,26407,129697,76343,93697,26306,26408,26427,26390,26311,26314,26310,34044,26389,26500,26302","224,388,103,79,278","C.H. Robinson Worldwide, Inc. (CHRW) experienced a significant decline in net income in 2023 compared to prior years. Net income dropped to $325.1 million in 2023 from $940.5 million in 2022 and $844.2 million in 2021. This decline was primarily driven by challenging operating market conditions, particularly a weak industry freight demand in 2023. The decrease in demand led to lower gross profits, especially in segments like Managed Services, where gross profits per transaction grew but were offset by a reduction in freight under management. Cost management was also affected by restructuring expenses, such as $13.5 million in severance and related costs and other SG&A expenses stemming from the company’s 2022 Restructuring Program. Additionally, while some segments saw increased case volumes and pricing, overall margins were pressured by elevated purchased transportation costs and other operating expenses. In summary, the decline in net income was due to a combination of softer market conditions (weaker freight demand), ongoing cost pressures, and restructuring-related expenses, all of which impacted the company’s ability to manage costs and maintain pricing power effectively in 2023."
5bec8125,"Repurchase methods by LHX affect timing, liquidity, and mkts' perception.","151670,151669,116168,75899,32031,91934,112486,116169,27050,78408,59703,37408,13291,92276,3821,4018","98,454,231,40,14,175,336,273,82,111,274,348,223",I cannot find sufficient information in the provided documents to answer this question.
9a66fd43,"Impact of Warner Bros. Discovery's int'l leadership on global comp. positioning & reg. risk, WBD.","157789,157700,157791,157696,157868,158001,157794,157723,157869,51125,157991,157697,157866,158000,157706,70163","149,206,471","The provided documents indicate that Warner Bros. Discovery (WBD) has a dedicated executive for international operations: Gerhard Zeiler, President, International, who brings significant leadership experience from roles at WarnerMedia International and Turner Broadcasting System International (Chunk 3). This specialized international leadership supports WBD’s ability to manage and grow its presence in diverse global markets. WBD describes itself as a premier global media and entertainment company with a broad portfolio of content, brands, and franchises distributed across nearly every region and most languages (Chunk 2, Chunk 5). Its asset mix and international leadership position the company to drive value across the full entertainment ecosystem, serving both domestic and international networks, premium pay-TV, streaming, film, and gaming. Having strong, experienced international leadership enables WBD to effectively navigate the complexities of global competition. It allows the company to tailor its approach to different markets, respond to competitive pressures, and leverage local opportunities. Additionally, experienced leadership is crucial for managing regulatory risks, as media and entertainment companies face a wide range of regulations across different countries. The company’s structure, with a focus on international operations, helps ensure that regulatory requirements are addressed and that the company remains compliant as it expands its global reach. In summary, WBD’s international leadership strengthens its competitive positioning by enabling effective global strategy execution and risk management, particularly regarding varying regulatory environments around the world."
da2f7e8b,"Impact of intangibles & goodwill on BS for Honeywell, HON, and associated future impairment risks.","73188,73189,73231,73232,164637,73316,54310,78354,141872,78355,165845,105095,20740,75238,73066","423,231,492,493,215,221,313,63,159","For Honeywell (HON), intangible assets and goodwill have a significant impact on the balance sheet: - As of December 31, 2023, Honeywell reported goodwill of $18,049 million, an increase from $17,497 million in 2022. Goodwill is allocated among its business segments, with the largest balances in Performance Materials and Technologies, Safety and Productivity Solutions, Honeywell Building Technologies, Aerospace, and Corporate & All Other (Chunk 3). - Other intangible assets (net of accumulated amortization) totaled $3,231 million at year-end 2023. These comprise both definite-life intangibles (such as patents, customer relationships, and trademarks) and indefinite-life intangibles (mainly trademarks). Definite-life intangibles are amortized over 2 to 20 years, while indefinite-life intangibles are not amortized (Chunk 4). Impairment Risks: - Goodwill and indefinite-lived intangible assets are tested for impairment annually as of the first day of the fourth quarter, or more frequently if triggering events or changes in circumstances indicate that the carrying amount may not be recoverable (Chunk 1, Chunk 2). - The impairment test compares carrying values to fair values. If impairment is indicated, the carrying value is reduced to fair value, not to exceed the carrying value of goodwill (Chunk 1). - Honeywell completed its annual goodwill impairment test as of the first day of the fourth quarter and determined there was no impairment as of that date and reported no additional triggering events (Chunk 1). - The company changed its annual impairment testing date in 2022 to better align with its forecasting process, but this change did not delay or avoid any impairment recognition (Chunk 2). Future Risks: - While there were no impairments reported for 2023, future impairment risks remain if there are adverse changes in business conditions, such as declines in operating performance, negative industry developments, or significant changes in assumptions used to determine fair value. If such events occur, there could be a write-down of goodwill or intangible assets, which would negatively impact the balance sheet and earnings. In summary, intangibles and goodwill form a substantial portion of Honeywell’s assets. Although there were no impairments in 2023, these assets are subject to regular impairment testing, and future risks exist if economic or business circumstances change unfavorably."
aea9d9e5,"Marriott's sustainability & emissions targets, with the ticker in the mix, could significantly impact growth.","95715,95716,95893,95892,95891,95694,98112,95690,103580,95709,95710,74690,79198,116383,74691,27871","292,234,309,85,220,349,286","Marriott International (ticker: MAR) has established a comprehensive sustainability strategy with specific emissions targets that could significantly influence its growth. The company is committed to supporting the resiliency and sustainable development of the communities and environments where it operates. Key elements of Marriott’s sustainability initiatives include: - Designing and operating resource-efficient hotels. - Implementing technologies to track and reduce energy and water consumption, as well as waste and food waste. - Increasing the use of renewable energy and managing water-related risks. - Focusing on responsible and local sourcing. - Driving climate action through science-based targets. Marriott has committed to setting a near-term science-based emissions reduction target and a long-term science-based target to reach net-zero value chain greenhouse gas emissions by no later than 2050. In September 2023, Marriott submitted its emissions reduction targets to the Science Based Targets initiative and is awaiting validation, expected later in 2024. These initiatives and targets are designed to reduce Marriott’s environmental impact and mitigate climate-related risks. By focusing on sustainability and emissions reduction, Marriott aims to remain competitive, appeal to environmentally conscious consumers and investors, and contribute to the long-term growth and resilience of its business. However, the successful achievement of these goals also depends on evolving regulations, technological advancements, and the company’s ability to implement planned initiatives effectively (see Chunk 1 and Chunk 2)."
e428c7bc,2023 op margin trend for NXPI vs. historical cost mgmt.,"115092,115097,115091,115151,115094,115089,115090,114975,115152,115212,114983,114972,114987,114976,114973",344,"In 2023, NXP's operating margin showed a slight decline compared to the previous year. Operating income for 2023 was $3,661 million on revenue of $13,276 million, resulting in an operating margin of approximately 27.6%. In 2022, operating income was $3,797 million on revenue of $13,205 million, yielding an operating margin of about 28.8%. This reflects a decrease of about 1.2 percentage points year-on-year. The decline in operating margin is primarily attributed to increased operating expenses. Total operating expenses rose to $3,877 million in 2023 (29.2% of revenue) from $3,723 million in 2022 (28.2% of revenue), mainly due to higher research and development costs and increased personnel-related expenses, including restructuring costs. Despite stable gross margins (56.9% in both years), the higher operating expenses led to the lower operating margin in 2023, indicating that cost management was less effective than in the previous year."
a703a667,Effects of relative SSP allocation on performance obligations and rev rec for ON Semiconductor.,"331,9206,136196,146621,89625,89555,117683,26802,136246,26866,60342,3446,36533,63724,48533,11950","352,2,37,265,108,13,142,81,177,406,439,185,29",I cannot find sufficient information in the provided documents to answer this question.
ca75d4b8,Indemnification from AMETEK affects valuation models and potential future liabilities.,"4476,4318,5505,4494,159633,21116,89699,12009,79212,102966,39457,47545,9802,68975,44131,108476","64,130,37,325,200,265,234,140,16,306,19,116,476,31","Based on the provided context, AMETEK enters into indemnification agreements in connection with certain acquisition and divestiture transactions, as well as for its directors and officers. These agreements can require AMETEK to make payments to compensate or indemnify other parties for possible future unfavorable financial consequences resulting from specified events, such as breaches of contract or retention of existing liabilities. The terms of these indemnifications often are not explicitly defined, and the overall maximum amount of the obligation cannot be reasonably estimated. Historically, costs related to these indemnifications have been minimal for AMETEK, and the company believes that future payments, if any, will not be significant (Chunk 1). However, there is no indication in the provided context that AMETEK’s indemnification agreements directly affect its valuation models. The context describes indemnification as a potential future liability whose maximum value cannot be reasonably estimated, but does not state that this uncertainty is specifically incorporated into, or has a material effect on, AMETEK’s financial asset valuation methodologies. In summary: AMETEK’s indemnification arrangements create potential future liabilities that are generally not significant and cannot be reasonably estimated in amount, but there is no clear evidence in the context that these indemnification obligations directly affect AMETEK’s valuation models."
24df0d32,Future payment scheds for COO's operating lease will impact cash flow expenses.,"115437,43735,103173,60088,31095,41609,121216,51115,5500,136037,44459,116020,83969,135323,19888","129,131,249,364,176,307,19,149,405,403,345,122,347,61,94",I cannot find sufficient information in the provided documents to answer this question.
74605f5f,ISO certs impact on NIST reg risk & cash flow.,"70969,150528,23184,70968,67897,88771,56270,154109,67473,88294,33673,114779,117915,83568,37394,133626","353,450,196,197,70,263,166,262,102,460,398,111,208,343,248","ISO certifications and compliance with NIST frameworks are closely related in the context of managing regulatory risk and potential impacts on cash flow. ISO certifications, particularly those like ISO 27001 for information security and ISO 9001 for quality management, help companies establish structured, recognized systems to manage risks, including cybersecurity and quality issues (Chunks 6, 12, 13, 16). Maintaining these certifications often requires regular audits, risk assessments, and adherence to international standards, which can bolster a company's ability to comply with regulations and reduce the likelihood of regulatory penalties or operational disruptions (Chunks 3, 5, 7, 8). NIST frameworks, such as the NIST Cybersecurity Framework, are widely used guides for identifying, managing, and mitigating cybersecurity risks (Chunks 6, 10, 12, 14, 15, 16). Companies frequently align their cybersecurity and information security programs with both NIST and ISO standards, using them to inform risk assessments and select security controls. The impact on regulatory risk is twofold: - Adhering to ISO and NIST frameworks can reduce regulatory risk by helping companies demonstrate due diligence and compliance with industry best practices, which may mitigate the risk of fines, penalties, or enforcement actions (Chunks 3, 5, 15). - Failure to maintain ISO certifications or to follow recognized frameworks like NIST could result in the withdrawal of certifications needed to sell products and services, delays in production, difficulties in obtaining regulatory clearances, or other consequences that may materially and adversely affect financial condition and cash flow (Chunks 3, 5, 8). Regarding cash flow, while obtaining and maintaining ISO certifications and aligning with NIST frameworks may increase compliance costs and require ongoing investments, these actions can ultimately protect cash flow by reducing the risk of costly disruptions, recalls, reputational harm, and legal liabilities (Chunks 3, 5, 13). Loss of certifications or non-compliance could have material adverse effects on cash flow and financial results. In summary, ISO certifications and adherence to NIST frameworks help manage regulatory risk and protect cash flow by ensuring compliance and reducing the likelihood of disruptions or penalties, despite the associated compliance costs. Failure in these areas can lead to significant negative impacts on both regulatory standing and cash flow."
4cd5cbe7,PSEG exposure drivers for 2022-2023.,"123588,123589,123500,123572,123665,123577,123576,123569,123568,123818,123541,123580,123579,123597,123607",371,"PSEG’s exposure drivers for 2022-2023 include several key factors: 1. Regulatory and Legislative Changes: PSEG closely monitors regulatory developments, such as FERC's proposal to eliminate the 50 basis point return on equity (ROE) adder for regional transmission owners, which, if enacted, could reduce PSE&G’s annual net income and cash inflows by about $40 million. New Jersey’s executive orders in 2023 also accelerated clean energy and emissions reduction targets, potentially impacting business operations, especially in natural gas emissions reduction (Chunks 6, 7). 2. Market Conditions and Energy Costs: Fluctuations in energy costs and operating revenues are significant exposure drivers. For example, operating revenues increased from $9,800 million in 2022 to $11,237 million in 2023, while energy costs decreased from $4,018 million to $3,260 million, indicating exposure to changing commodity prices and demand (Chunk 1). 3. Nuclear Generation and Policy Incentives: PSEG Power’s nuclear plants depend on programs like Zero Emission Certificates (ZECs) and the new federal Production Tax Credit (PTC) introduced by the Inflation Reduction Act (IRA) in 2022. The PTC, effective from 2024, is expected to offer downside price protection for nuclear generation but introduces uncertainty as its value depends on gross receipts and further regulatory guidance (Chunks 8, 11, 13). 4. Environmental and Legal Liabilities: PSEG is exposed to environmental regulations and potential liabilities from contamination at current or former sites, including ongoing remediation related to the Passaic River/Newark Bay Complex (Chunk 6). 5. Financial Market Conditions: Higher interest rates driven by Federal Reserve policy in 2023 increased PSEG’s interest expenses, affecting financing costs for new and existing debt (Chunk 12). 6. Investment and Capital Requirements: The company’s large-scale regulated capital investment program, estimated at $18–21 billion for 2024-2028, exposes it to risks around project execution, regulatory approvals, and cost recovery (Chunks 8, 9, 15). 7. Pension and OPEB Volatility: Pension trust performance and changes in actuarial assumptions impact earnings volatility and customer rates. An accounting order in 2023 aimed to mitigate some of this volatility (Chunk 12). 8. Hedging and Market Power: Changes in CFTC regulations or FERC market power analysis could impact PSEG Power’s ability to hedge its portfolio efficiently and maintain market-based rate authority (Chunk 11). These factors collectively contributed to PSEG’s exposure profile over 2022-2023, influencing financial results, risk management strategies, and long-term planning."
ce5ac850,Investment decision mgmt. background in Aon capital allocation.,"11407,11413,24378,113233,11716,11559,124132,35465,11714,152352,147982,145601,34108,147930,148014,35464","36,455,103,73,106,339,372,436,444","Aon's investment decision management and capital allocation are guided by a focus on return on invested capital. Aon operates as a single segment providing risk and human capital solutions, and allocates resources and assesses company performance based on this unified approach. The Chief Operating Decision Maker (CODM) evaluates the company's performance holistically, with decisions grounded in maximizing returns from capital investments. Aon's revenue comes primarily from commissions, fees for brokerage services, and compensation from insurance and reinsurance companies for consulting, analytics, administrative, and other services. The company uses its analytics capabilities to inform risk advice and investment decisions for clients, leveraging industry-specific approaches and technology. Additionally, Aon’s acquisition activities, such as the planned $7 billion cash and 20 million shares purchase of NFP, are financed by new debt and are subject to careful financial planning and regulatory approval, further illustrating Aon's disciplined approach to capital allocation and investment decision management."
e1170463,How does CT&O integration on cybersecurity impact investor sentiment and market valuation for ARE?,"16750,17193,107917,17173,38918,17192,16950,151515,16749,256,17169,32504,53611,113305,31677,4910","97,2,323,100,453,18,115,51,339,157",I cannot find sufficient information in the provided documents to answer this question.
c50e6c64,Ticker REGN faces litigation related to loss contingencies disclosures impacting the firm.,"129866,130175,130189,129869,130280,129966,130112,130275,130111,129871,129897,130172,130273,130162,129863",389,"Regeneron Pharmaceuticals, Inc. (ticker REGN) is involved in multiple legal proceedings that relate to loss contingencies and disclosures impacting the firm. Notably: - The company is subject to a shareholder derivative complaint alleging breaches of fiduciary duties by certain board members and executive officers, connected to allegations made by the U.S. Attorney's Office for the District of Massachusetts. This case is currently stayed pending resolution of the related Department of Justice proceedings (Chunk 5). - Regeneron is also involved in litigation with the U.S. Attorney's Office for the District of Massachusetts, which filed a civil complaint alleging violations of the federal Anti-Kickback Statute, the federal False Claims Act, and state law. The court has issued various rulings on motions for summary judgment, and a portion of the case is now certified for interlocutory appeal (Chunk 8). - Additionally, the company is facing a patent infringement lawsuit regarding its REGEN-COV product, where the plaintiff seeks damages and a judgment of willful infringement (Chunk 13). These litigations and investigations may expose Regeneron to material financial liabilities and require disclosures regarding loss contingencies, which could impact the firm's financial condition and operating results."
acd60300,Impact on timing & predictability of revenue recognition under Topic 606 & 842 for United Rentals (URI).,"151809,97472,151805,97471,151811,151810,49029,39159,151806,39158,151409,61060,28168,113380,62250","290,452,454,144,115,179,339,86,182","For United Rentals (URI), the timing and predictability of revenue recognition differ under ASC Topic 606 (Revenue from Contracts with Customers) and ASC Topic 842 (Leases): Topic 842 (Leases): - Most of URI’s equipment rental revenue (77% in 2024) is recognized under Topic 842, which covers operating leases. - Owned equipment rentals are URI’s most significant revenue type (69% of total revenues in 2024) and are recognized on a straight-line basis over the rental period, whether hourly, daily, weekly, or monthly. The daily revenue rate is calculated based on the assumption that equipment will be rented for a full month, which provides predictability, but actual timing may vary as customers may return equipment at any time. - When equipment is returned, any excess between the amount contractually owed for the actual rental period and the revenue already recognized is recognized as incremental revenue at that time, which introduces some variability and uncertainty in the exact timing of revenue recognition. - URI does not provide a maturity analysis of future lease payments due to the uncertainty of when customers will return rented equipment, further affecting predictability. Topic 606 (Contracts with Customers): - Revenues under Topic 606 (such as delivery and pick-up, fuel consumption, sales of rental equipment, new equipment, and contractor supplies) are generally recognized at a point-in-time when the performance obligation is satisfied—for example, when a service is performed or equipment is delivered or returned. - This point-in-time recognition typically makes the timing of revenue recognition less predictable compared to the straight-line method under Topic 842, as it depends on when the service is completed or when equipment is returned. In summary: - Revenue under Topic 842 is recognized on a straight-line basis over the rental period, offering more predictability, though the exact timing can be affected by unpredictable equipment returns. - Revenue under Topic 606 is recognized at specific points in time when obligations are satisfied, making timing less predictable and more dependent on customer actions and service completion. - Both standards require careful management of deferred revenue and credit risk due to these timing differences and uncertainties."
e5087f13,Impact on timing accuracy for revenue recognition related to XEL meter readings.,"164662,164630,164663,115673,165348,164493,164631,105941,165350,164492,164629,28168,33028,28169,50271,88086","101,261,490,492,147,86,346,316","Xcel Energy (XEL) recognizes revenue from energy sales as energy is delivered to customers, with the measurement generally based on meter readings that occur systematically throughout the month. At the end of each month, the company estimates the amount of energy delivered to customers since the last meter reading and recognizes the corresponding unbilled revenue. This means that the timing accuracy of revenue recognition is directly affected by the frequency and accuracy of meter readings. If meter readings are delayed or inaccurate, revenue estimates may require later adjustments, which can impact the precision of the timing for revenue recognition. The process relies on estimates for unbilled revenue at month-end, and as more accurate information becomes available, previously recorded estimates are revised, which can affect reported operating results (see Chunk 5)."
80a834eb,WMT EDLP EDLC margin impact from omni-channel competition.,"158027,158036,158028,158020,158019,158026,158153,158152,158150,43004,158023,158155,144723,90694,158022","472,433,269,127","Walmart’s EDLP (Everyday Low Price) and EDLC (Everyday Low Cost) strategies are central to its approach in a highly competitive omni-channel retail environment. EDLP means Walmart consistently prices items low so customers trust their prices will not fluctuate with frequent promotions. EDLC reflects Walmart's commitment to controlling expenses so that cost savings can be passed to customers through lower prices. The margin impact from omni-channel competition is managed through several strategies: - Walmart invests in technology and process improvements to increase productivity, manage inventory, and reduce costs, supporting its EDLC strategy. - The company seeks to improve operating income margin through productivity initiatives and optimizing its business mix, including expanding higher-margin areas like advertising and membership income. - Although intense omni-channel competition pressures margins—due to the need for investments in digital platforms, fulfillment, and delivery services—Walmart's scale, supply chain automation, and cost control measures help it maintain competitive prices and protect margins. - Walmart’s gross profit as a percentage of net sales (""gross profit rate"") increased in fiscal 2024, primarily driven by managing prices aligned with its competitive price gaps and lower markdowns compared to the prior year, despite some shifts into lower margin product categories. In summary, Walmart’s EDLP and EDLC strategies are designed to sustain margin strength even as omni-channel competition increases, by focusing on cost efficiency, technology, and business mix, though ongoing investments and competitive pressures can still impact overall margin levels."
cb2c3d34,Revenue timing by channel for NIKE (NKE) and its cash flow impact.,"109097,108979,108981,108987,109040,109101,108982,108901,108895,108860,108975,108855,108988,108977,108972",327,"NIKE (NKE) experiences moderate fluctuations in aggregate sales volume throughout the year, with revenues in the first and fourth fiscal quarters historically slightly exceeding those in the second and third quarters. This seasonality is due to changes in seasonal and geographic demand for particular types of footwear, apparel, and equipment, as well as macroeconomic and operational factors. The mix of product sales may vary considerably as a result (Chunk 12). In terms of revenue by channel, for the year ended May 31, 2024, NIKE's revenues were split between sales to wholesale customers and direct-to-consumer (NIKE Direct) sales. Specifically, NIKE Brand sales to wholesale customers were $27.76 billion, while NIKE Direct sales were $21.52 billion (Chunk 2, Chunk 1). NIKE Direct revenues represented approximately 44% of total NIKE Brand revenues for fiscal 2024 (Chunk 15). The cash flow impact is seen in the company's consolidated cash flows. For fiscal 2024, NIKE generated $7.43 billion in cash from operations, which includes the timing of collections from wholesale customers and direct sales, changes in accounts receivable, and inventory management. For example, in fiscal 2024, there was a decrease in inventories and an increase in accounts payable, both of which positively contributed to operating cash flow (Chunk 5). To summarize: - Revenue timing is seasonal, with higher volumes in Q1 and Q4. - Revenue channels are split between wholesale and direct-to-consumer, with direct sales making up a significant share. - The timing of revenue recognition and the mix between wholesale (which typically has longer payment terms) and direct-to-consumer (with quicker cash conversion) impacts the company’s cash flow, as reflected in operating cash flow metrics and working capital changes."
6ec351e2,"$FOXA $800M settlement impact on short-term profitability, cash flow, long-term financial profile.","62009,61961,62006,62027,61958,13184,61959,13183,61962,128694,61898,61907,61957,61976,96854,61783","40,289,384,181","The $800 million settlement paid by Fox Corporation in April 2023 to resolve the Dominion Voting Systems lawsuits had a notable short-term impact on both profitability and cash flow. This settlement was included in ""Restructuring, impairment and other corporate matters"" in the Consolidated Statement of Operations for fiscal 2023 (Chunk 1, Chunk 5). **Short-term profitability:** The legal settlement significantly affected Fox's profitability in fiscal 2023, as reflected in the sharp increase in ""Restructuring, impairment and other corporate matters"" expense, which rose to $1,182 million in 2023 from $157 million in 2022 (Chunk 5, Chunk 13). This one-time expense reduced net income for the year, but with the settlement completed, net income rebounded in fiscal 2024, increasing by $301 million or 24% compared to fiscal 2023. The increase was primarily due to the absence of the prior year's legal settlement costs (Chunk 12). **Short-term cash flow:** The $800 million payment represented a substantial cash outflow in fiscal 2023. However, as of June 30, 2024, Fox Corporation maintained a strong cash position with $4,319 million in cash and cash equivalents, only slightly down from $4,272 million as of June 30, 2023 (Chunk 7). This indicates that, while material, the settlement did not impair Fox’s liquidity or cash reserves in a lasting way. **Long-term financial profile:** Fox Corporation states that while there can be no assurance regarding the ultimate resolution of similar pending matters, the company cannot predict any further material impact. As of now, the settlement has already been absorbed into the financial statements, and the company’s equity and cash balances remain robust (Chunks 2, 7). The company’s net income and comprehensive income for fiscal 2024 have returned to levels above those in fiscal 2023, suggesting the long-term financial profile remains stable, with no ongoing drag from the Dominion settlement (Chunks 5, 7, 12). **Summary:** - The $800M settlement negatively impacted Fox’s fiscal 2023 profit and cash flow, but these effects were limited to that period. - By fiscal 2024, profitability and cash flow had rebounded, and the company’s long-term financial position remains solid. - The settlement was a one-time event with no ongoing impact on Fox’s long-term financial profile as reflected in subsequent financial statements."
5ecdc65a,TDG pauses share buyback due to op/market factors FY23-24.,"105575,2979,132102,40634,147833,32275,54779,116305,90080,90135,70273,36285,44153,143157,101083,143166","161,130,99,394,267,12,107,206,428,301,443,119,315,348",I cannot find sufficient information in the provided documents to answer this question.
59274b9d,"WBD’s fixed licensing offers more predictable rev growth vs. royalties, providing earnings predictability for investors, WBD.","157928,157700,157899,157861,157929,157877,157868,157983,157895,157866,119496,48711,157794,157914,158001,157991","143,357,471","Yes, Warner Bros. Discovery’s (WBD) fixed licensing arrangements offer more predictable revenue growth compared to royalty-based arrangements, which in turn provides greater earnings predictability for investors. Most of WBD’s distribution contracts are licenses of functional intellectual property that generate royalty-based revenues, which are recorded as royalties are earned. However, some distribution arrangements are fixed price or contain minimum guarantees extending beyond one year. For these fixed fee contracts, revenue is recognized on a monthly basis, calculated as one-twelfth of the annual license fees specified in the contracts, or pro-rata based on fees earned. This approach leads to more consistent and predictable revenue recognition over the contract period, as opposed to the variability inherent in royalty-based models, where revenue depends on actual usage or sales performance (Chunks 1, 5). Therefore, fixed licensing does provide more predictable revenue and earnings streams, enhancing predictability for investors."
1f0cf87e,CPT leadership structure influences strategic financial decision-making significantly.,"92786,124849,44832,71959,21799,101711,31671,152358,36753,29240,79238,28589,124851,141547,24378,131607,124848","97,66,133,422,455,73,234,393,109,303,211,276,374,87,89",I cannot find sufficient information in the provided documents to answer this question.
a9ad9aac,Initial vs subsequent delivery breakdown for EW ASR Dec23 shares.,"56341,56464,140650,140652,140649,1424,155520,140648,53223,1423,135483,45880,113860,36901,43957","418,130,166,6,136,109,465,404,340,155","For the Edwards Lifesciences (EW) December 2023 accelerated share repurchase (ASR) agreement: - Initial Delivery: On December 12, 2023, EW received an initial delivery of 4.6 million shares of common stock, representing approximately 80% of the total contract value. - Subsequent (Final) Delivery: On December 29, 2023, EW received an additional 0.7 million shares. In total, 5.3 million shares were received under the December 2023 ASR, with 4.6 million delivered initially and 0.7 million delivered upon final settlement."
18ea0563,"Regeneron's differentiation strategy focuses on efficacy, safety, and IP vs. pharma and biosimilar competitors.","129869,8497,129868,8498,129871,129867,94166,129957,129964,8612,106220,8611,130112,129899,129961,94168","280,28,389,318","Based on the provided context, Regeneron's differentiation strategy centers on developing and commercializing innovative medicines for serious diseases, with a strong foundation in scientific research and discovery technologies. The company emphasizes maintaining high standards in efficacy and safety for its products and product candidates. Additionally, Regeneron recognizes the competitive landscape, where drugs and product candidates from other companies may be superior or more cost-effective, and acknowledges the impact of intellectual property (IP) considerations and related litigation risks. Key points include: - Regeneron aims to advance as an integrated biotechnology company by leveraging its research and clinical development capabilities to deliver important medicines (Chunk 5, Chunk 6). - The company faces competition from drugs and product candidates that may be superior or more cost-effective, making efficacy and safety critical aspects of its strategy (Chunk 1, Chunk 3). - Regeneron is attentive to ongoing regulatory obligations and the results of studies or recommendations that could affect the commercial success of its products, further highlighting its focus on safety and efficacy (Chunk 3, Chunk 6). - The company is also mindful of risks associated with the intellectual property of other parties and potential litigation, underscoring the importance of IP protection as part of its competitive strategy (Chunk 1). In summary, Regeneron's differentiation strategy is grounded in scientific innovation, efficacy, safety, and strong intellectual property protection to compete with both pharmaceutical and biosimilar competitors."
e9524e66,The impact of litigation on CDD cash flows and financial health.,"99200,4348,73598,153982,10645,140673,132608,153879,146781,46494,104148,153931,49706,113645,165240,101614,165241","33,418,440,295,138,459,395,490,303,16,146,340,310,216",I cannot find sufficient information in the provided documents to answer this question.
caa865da,"Impact of Hasbro's brand segmentation on long-term rev & profit growth, HAS.","75476,75704,75698,75465,75461,75356,75588,75495,86287,75338,75706,75459,75353,75345,75587","222,255","Hasbro’s brand segmentation strategy is focused on maximizing long-term revenue and profit growth by concentrating resources on its most valuable and profitable brands, referred to as ""Franchise Brands"" (such as MAGIC: THE GATHERING, Hasbro Gaming, PLAY-DOH, NERF, TRANSFORMERS, DUNGEONS & DRAGONS, and PEPPA PIG). This realignment, implemented in 2023, is part of a broader strategic plan to prioritize fewer, bigger brands with the greatest long-term potential, while scaling back or exiting less core or less profitable areas, such as the sale of the non-core Entertainment One film and TV business (Chunks 1, 5, 7, 10). Key impacts of this segmentation include: 1. Focus on High-Potential Brands: By emphasizing Franchise Brands, Hasbro aims to leverage strong brand equity, fan engagement, and cross-platform opportunities (toys, games, digital, entertainment), which are expected to drive more sustainable and profitable growth (Chunks 5, 7, 10). 2. Operational Efficiency: Segmentation allows Hasbro to streamline operations, direct investment toward higher-margin opportunities, and reduce exposure to less profitable or volatile brands, as seen in the significant declines in Partner and Portfolio Brands in 2023 (Chunk 1). 3. Revenue Trends: While net revenues declined across all brand portfolios in 2023, Franchise Brands showed the smallest decrease (down 3%), bolstered by successes in digital gaming and entertainment tie-ins (e.g., Baldur’s Gate 3, Dungeons & Dragons: Honor Among Thieves, Monopoly Go!, and Magic: The Gathering products). In contrast, Partner and Non-Hasbro Branded portfolios saw much steeper declines (Chunk 1). 4. Profitability: The focus on bigger, more profitable brands is intended to improve profit margins over time, even though 2023 saw significant one-time charges and impairments, especially in the Entertainment segment, affecting overall profits that year (Chunk 4). In summary, Hasbro’s brand segmentation is designed to concentrate efforts on brands with the most potential for long-term revenue and profit growth, improve operational efficiency, and reduce risk, although near-term results have been impacted by market headwinds and restructuring charges. The expectation is that, over the long term, this focused approach will drive sustainable and more profitable growth."
c555ca68,"At IFF, board age & innovation risk are critical factors.","78838,78812,78833,136340,78834,79139,78811,78837,78820,79140,79141,78928,79117,78835,78826,159664","233,477,406","Based on the information provided, IFF's executive leadership includes several experienced individuals, with ages ranging from early 40s to mid-60s. For example, J. Erik Fyrwald, the Chief Executive Officer, is 64 years old, and other top executives are mostly in their 40s, 50s, and 60s (Chunk 1). This indicates a leadership team with significant professional experience. Regarding innovation risk, IFF places a strong emphasis on research and development as a key competency. The company invests substantial resources in developing new molecules, compounds, and technologies aligned with consumer insights and market trends. IFF also has a robust portfolio of patents and ongoing research programs to drive innovation (Chunk 9). Additionally, leadership development programs are in place to empower employees to become agents of change and great leaders, supporting sustainable careers and fostering innovation (Chunks 3 and 5). While an older board may suggest deep experience, IFF addresses innovation risk by prioritizing leadership development, continuous learning, and a culture of innovation, aiming to ensure forward-looking decision-making despite the age profile of its leadership."
9f644173,2023 PP&E & infra inv. trends for EOG Resources.,"53632,53631,53647,53768,53654,8837,53624,53749,53766,27748,128461,53625,30000,53774,53629","84,91,28,157,383","In 2023, EOG Resources invested significantly in property, plant and equipment (PP&E) and infrastructure. The company funded $6.6 billion in exploration, development, and other PP&E expenditures (excluding asset retirement obligations), with $195 million of this being non-cash. Most of these investments were focused on exploration and development drilling, facilities, and related infrastructure, particularly in major plays like the Delaware Basin, Eagle Ford, Dorado gas, and Utica plays—areas where EOG generates its highest rates-of-return. The company also spent on gathering and processing infrastructure, transportation infrastructure, and environmental projects. EOG’s capitalized costs relating to oil and gas producing activities increased, with net capitalized costs rising to $28,767 million at the end of 2023 from $26,531 million in 2022. The gross value of proved properties rose to $69,618 million from $64,657 million, while unproved properties were $2,472 million (down from $2,665 million in 2022). Accumulated depreciation, depletion, and amortization also increased to $43,323 million. Additionally, EOG paid $144 million in cash for property acquisitions, primarily to acquire a gathering and processing system in the Powder River Basin, indicating ongoing investment in infrastructure to support operations. Overall, EOG maintained a strong investment pace in PP&E and infrastructure in 2023, with a continued focus on operational efficiency, expanding production capacity, and supporting long-term growth."
d02dfd6a,BIO: LT debt valuation impact from lower unamortized discounts & issuance costs in 2022-2023.,"19855,156780,82264,72996,134321,59845,111694,155348,85759,34975,11290,5030,58103,76439","224,35,104,170,333,175,400,464,18,243,468,214,253,61",I cannot find sufficient information in the provided documents to answer this question.
f566afe7,"Calculation method for the DTE unionization % gap, with ticker placed last.","51226,51227,51145,51386,51387,51480,51466,51486,51424,51320,51319,51150,51187,51147,51481,51229",150,"To calculate the DTE unionization percentage gap, you would compare the percentage of unionized employees at DTE Energy (the whole company) with that at DTE Electric (the electric utility subsidiary), then subtract one from the other. Based on the provided information: - DTE Energy (overall): 9,950 employees, about 4,900 unionized. - DTE Electric: 4,450 employees, about 2,550 unionized. Calculation steps: 1. Calculate unionization percentage for DTE Energy: (4,900 unionized / 9,950 total) × 100 ≈ 49.25% 2. Calculate unionization percentage for DTE Electric: (2,550 unionized / 4,450 total) × 100 ≈ 57.30% 3. Find the unionization percentage gap: 57.30% (DTE Electric) – 49.25% (DTE Energy overall) ≈ 8.05% So, the calculation method is: (Union employees at DTE Electric ÷ Total employees at DTE Electric) × 100 minus (Union employees at DTE Energy ÷ Total employees at DTE Energy) × 100 Unionization % gap ≈ 8.05% DTE"
0ca21392,LRCX's cust acquisition & upgrade incentives strategy.,"92193,92407,92293,92337,92356,92346,92384,92412,92265,92367,92301,92290,92160,92287,92230",274,I cannot find sufficient information in the provided documents to answer this question.
d952409e,Impact of PSX HCM strat on ops risks & long-term perf.,"114217,152350,46913,46912,691,137977,647,648,110617,36834,41514,73710,24376,167930,110854,152333","4,455,73,139,332,109,496,341,217,122,411",I cannot find sufficient information in the provided documents to answer this question.
12ba240d,"Op eff, mkt response, and employee dist. for McKesson.","99762,99763,99748,100100,99752,100101,99838,99765,99775,99744,99846,99743,99993,99755,99766",298,"Here is a summary based on your requested topics for McKesson: Operating Efficiency (Op eff): - For the year ended March 31, 2024, revenues increased by 12%, gross profit increased by 4%, and total operating expenses increased by 12% compared to the prior year. The gross profit margin was 4.15% in 2024, slightly down from 4.47% in 2023. Total operating expenses as a percentage of revenues were 2.89% in 2024, nearly flat compared to 2.88% in 2023. (Chunks 7, 11) Market Response (Mkt response): - McKesson's ten largest customers accounted for about 69% of total consolidated revenues in fiscal 2024, with CVS Health Corporation alone accounting for 28%. The company maintains extended partnerships, such as with CVS (through June 2027), and has distribution agreements with group purchasing organizations and government entities. On the supply side, the largest supplier accounted for 12% of total purchases, with the top ten suppliers making up 67%. McKesson believes its supplier relationships are sound, but notes that loss of a supplier or changes in manufacturer pricing strategies could impact profitability. (Chunk 9) Employee Distribution (Employee dist.): - As of March 31, 2024, McKesson had approximately 51,000 employees worldwide, including 6,000 part-time employees: 35,000 in the U.S., 13,000 in Canada, and 3,000 in Europe (primarily Norway). McKesson supplements its workforce with contractors and consultants as needed. Regarding diversity, women represented 62% of the overall workforce and 43% of leadership, while people of color made up 49% overall and 28% in leadership, based on voluntary self-identification. (Chunk 2) If you need details on any of these areas, such as financial figures or diversity initiatives, let me know!"
a03a23e0,Impacts on fin health and risk profile from target litig. risk provisions; TKR.,"148185,148184,148035,101614,96770,96769,116973,148199,145981,148198,145893,69923,69922,148632,34150,38849,42267","289,103,205,303,115,437,444,125,351",I cannot find sufficient information in the provided documents to answer this question.
02204e09,Impact of capex segmentation on auto risk and growth for Aptiv PLC.,"11181,11043,11161,11364,11044,43670,11365,11140,11363,11162,43669,131071,11041,34000,11180,11246","392,129,35,103",I cannot find sufficient information in the provided documents to answer this question.
bf2c4db1,Board finance expertise at Alphabet – focused on risk mgmt & capital allocation impact.,"69010,35990,68869,68803,68859,144207,138756,68983,68868,9791,110807,68789,68872,77758,104192,68865","229,200,106,332,431,311,414,31","Alphabet’s board demonstrates significant finance expertise, particularly in risk management and capital allocation, primarily through key members such as Ruth M. Porat. Ruth Porat serves as President, Chief Investment Officer, and Chief Financial Officer of Alphabet and Google. Her responsibilities include overseeing corporate investments, investment vehicles (such as GV and CapG), the ""Other Bets"" investment portfolio, and infrastructure, as well as engaging with policymakers on economic growth and competitiveness (Chunk 2). Porat's extensive background includes serving as CFO and Vice Chairman at Morgan Stanley, where she co-headed Technology Investment Banking and led the Financial Institutions Group. Her experience enables informed oversight of Alphabet’s risk management and capital allocation strategies. The board, including Porat and other directors, authorizes and oversees significant capital allocation decisions, such as Alphabet's multi-year, multi-billion dollar share repurchase programs (Chunks 5 and 8). These programs are evaluated in light of prevailing market conditions and the company's economic situation, reflecting the board's focus on balancing shareholder returns with maintaining adequate liquidity and managing financial risks. Overall, Alphabet’s board leverages deep financial and risk management expertise to guide the company’s strategy, investments, and capital return initiatives, with a direct impact on the company’s resilience and long-term value creation."
c5e163ca,Purchase commitments schedule for HBAN and its impact on cash flow/cap allocation.,"77979,77811,77793,77657,77663,77802,77708,77625,77873,77693,77617,77841,77611,77945,78001",229,I cannot find sufficient information in the provided documents to answer this question.
1ac4c8e6,Volatility in revenue recognition timing for Booking Holdings (BKNG).,"19050,19049,19262,3656,19158,19040,19362,19157,19162,19266,3574,58555,19155,19030,19036,146643","59,172,14,439","Booking Holdings (BKNG) experiences volatility in revenue recognition timing due to several key factors: 1. Booking vs. Check-in Timing: Revenue is generally recognized when the traveler checks in, not when the reservation is booked. This creates a timing difference between when gross bookings (recognized at booking) and revenues (recognized at check-in) are recorded (Chunks 1, 2, 4). 2. Seasonality: The company typically achieves its highest profitability in the third quarter, coinciding with peak summer travel and the highest check-ins, especially in Europe and North America. The first quarter tends to be the least profitable due to lower check-ins (Chunks 1, 2). 3. Booking Window: Changes in the average time between booking and travel (the ""booking window"") impact the alignment of gross bookings with revenue recognition. In 2023, the booking window was longer than in 2022, with more bookings made for travel further in the future, increasing the lag between bookings and revenue (Chunks 1, 2, 5, 8). 4. Impact of External Events: Significant downturns or acceleration in bookings, due to factors such as geopolitical events or pandemics, may not be immediately reflected in revenue, as revenue is only recognized when travel occurs (Chunks 4, 5). 5. Marketing Expense Timing: Marketing expenses are generally incurred and recognized when bookings are made, not when revenue is recognized, contributing further to the volatility between quarters (Chunks 1, 2). In summary, Booking Holdings’ revenue recognition is inherently volatile due to the timing differences between when reservations are booked and when travel actually occurs, seasonal travel patterns, fluctuations in the booking window, and the timing of marketing expenses."
db445d39,"Analysis of non-op items for TMO: impact of interest income, interest expense, and other income/expense.","120897,64795,122672,115184,96864,38280,129445,48532,31495,77731,24335,63261,122386,32098,128432,122378","96,289,98,387,229,73,363,142,368,113,344,188,184,383",I cannot find sufficient information in the provided documents to answer this question.
9d57e365,"Trends in DLR equity for 2022-23: APC, divs, comp losses, and overall fin health, dist. - DLR","49352,49523,49514,49508,49193,49351,49197,49397,49566,49196,49491,49567,49297,49350,49568",145,"Based on the provided context, here’s a summary of the key trends in Digital Realty Trust, Inc. (DLR) equity for 2022-2023, covering additional paid-in capital (APC), dividends, comprehensive losses, overall financial health, and distributions: **1. Additional Paid-in Capital (APC) and Equity Issuance:** - In 2023, DLR raised approximately $1.1 billion in net proceeds from issuing about 11.3 million common shares under its 2022 Sales Agreement at an average price of $96.35 per share. - After terminating the 2022 agreement in August 2023, DLR entered a new ATM Equity Offering Sales Agreement and raised another $1.1 billion from about 8.7 million shares at an average price of $133.21 per share. - As of December 31, 2023, approximately $343.4 million remained available for future sales under this new agreement. (Chunk 3) **2. Dividends and Distributions:** - DLR continued to make regular quarterly distributions to stockholders and unitholders. The annual rate of distribution per unit was $4.880 in 2023. (Chunk 2) - Distributions are generally funded by cash provided by operating activities, though the company notes it may use borrowings if necessary. (Chunk 2) - Dividends are classified as either dividends or return of capital depending on the source (current/accumulated earnings or excess thereof). (Chunk 2) **3. Comprehensive Losses:** - The provided context does not specify comprehensive losses for 2022-2023. The main financial figures given relate to net income and earnings per share. **4. Overall Financial Health:** - Net income available to common stockholders increased significantly to $908 million in 2023 from $337 million in 2022. Basic earnings per share rose to $3.04 in 2023 from $1.18 in 2022. (Chunk 4) - The company had 312,293,563 shares outstanding as of February 21, 2024. (Chunks 7, 10) - DLR’s access to capital remains strong, as evidenced by successful equity raises, but the company acknowledges reliance on third-party capital sources for future needs. Equity or debt financing may not always be available on favorable terms, and unfavorable equity sales could dilute shareholders. (Chunk 13) **5. Distribution Policy:** - DLR intends to continue regular distributions, subject to board discretion, cash flow, financial condition, and REIT requirements. (Chunks 6, 14) **Summary:** From 2022 to 2023, Digital Realty Trust demonstrated strong equity-raising capability, increased net income, continued regular and substantial dividend distributions, and maintained a healthy financial position. The company is mindful of capital market conditions and the potential need for external financing to meet future obligations and growth. There is no explicit information on comprehensive losses for these years in the provided context."
f49d2918,"The expertise of BorgWarner's board/executives significantly influences mkt challenges & shareholder value, BWA.","22016,21980,22133,22067,22281,22066,22006,22007,22034,22049,22061,22142,22070,21977,21998,22143",67,"BorgWarner’s board and executive team bring significant expertise and experience, which supports the company in addressing market challenges and enhancing shareholder value. The executive leadership includes individuals with deep backgrounds in engineering, finance, strategy, operations, and integration, many having held key roles within BorgWarner and at other major automotive or technology companies (see Chunk 1). The company’s board diversity also stands out, with 63% of board members as of December 31, 2023, being women and/or racially/ethnically diverse, and 40% of the executive management team having similar diversity. This diversity can contribute to broader perspectives and more effective decision-making, which is valuable in navigating market changes (see Chunk 8). BorgWarner’s leadership has guided the company through strategic shifts, such as its focus on electrification (“Charging Forward”), aiming to grow its electric vehicle (eProducts) portfolio through investments and acquisitions (see Chunk 13). Such direction helps the company address evolving industry trends and competitive pressures. Additionally, the board oversees critical areas like Diversity, Equity & Inclusion (DE&I), risk management (including cybersecurity), and compensation, aligning leadership performance with shareholder interests (see Chunks 7, 8, and 11). This oversight and strategic guidance are important in sustaining performance and shareholder value in a dynamic market. In summary, the expertise and composition of BorgWarner’s board and executives play a key role in meeting market challenges and supporting shareholder value through strategic leadership, diversity, and effective governance."
6ed546b1,"Measures for legal/regulatory risk strategy at Rollins include compliance audits, risk assessment protocols, and ongoing training programs, <ticker> ROL.","128566,128552,128578,128565,128748,128614,128747,128750,128744,128549,128550,136647,128570,76598,152266,137460","384,225,455,407,409",I cannot find sufficient information in the provided documents to answer this question.
a4d1490c,Trend in EPS vs margin shifts & future cap allocation in Weyerhaeuser (WY),"159842,159690,159845,159831,159863,159781,159778,153966,159693,102935,159886,159695,159658,159666,159644,159767","306,459,477","The provided context offers insight into Weyerhaeuser’s financial performance, margin shifts, and some indicators relevant to future capital allocation, but does not explicitly provide historical or projected EPS (Earnings Per Share) figures. Margin Shifts: - The Wood Products segment experienced significant margin compression. There was a $1,827 million (72%) decrease in operating income and net contribution to earnings, primarily due to changes in gross margin driven by decreased sales volumes and reduced sales realizations across most product lines. Costs of sales decreased by $467 million (9%) due to these lower volumes and raw material prices [Chunk 7]. - Segment net sales for Wood Products declined from $7,958 million in 2022 to $5,657 million in 2023, reflecting broad-based softness in demand and pricing [Chunk 9]. EPS Trends: - The context does not provide explicit EPS numbers for Weyerhaeuser. However, the sharp decrease in operating income and margins in 2023 implies a likely decline in EPS compared to the previous year, consistent with the overall downturn in sales and profitability. Future Capital Allocation: - Weyerhaeuser is organized as a REIT, which allows it to distribute most of its REIT income to shareholders without paying corporate-level tax, thus favoring dividends as a primary means of capital return [Chunk 15]. - The company’s strategic focus includes operational excellence, cost optimization, disciplined capital execution, and profitable sales growth in target markets, suggesting capital allocation will prioritize core operations and shareholder returns through dividends [Chunk 12, Chunk 15]. - There is an emphasis on maintaining strong balance sheet discipline, aligning closely with fiber supply, and reinvesting in operational capabilities. In summary, Weyerhaeuser experienced a notable decline in margins and operating income, likely resulting in lower EPS for 2023. The company is expected to continue its focus on disciplined capital allocation, prioritizing operational efficiency and returning capital to shareholders, primarily through dividends as a REIT. Explicit EPS figures or detailed forward-looking capital allocation plans are not provided in the available context."
f0e35cd1,exec role dist. strat. supp. MSFT op. eff.,"105709,105745,105695,105737,105748,105694,105739,58218,79452,105732,106011,153691,105738,144725,73832,96229","288,458,171,235,433,218,316,317","At Microsoft, executive roles supporting distribution strategy and operational efficiency include the Executive Vice President and Chief Commercial Officer (Judson B. Althoff), who oversees commercial business activities, and the Executive Vice President and Chief Marketing Officer (Takeshi Numoto), who has played a key role in transforming Microsoft's go-to-market approach, including distribution strategies for products such as Office 365 (Chunks 2, 5). Microsoft’s distribution, sales, and marketing strategy is managed through multiple channels, including OEMs, direct sales, distributors, and resellers. The sales organization works directly with commercial enterprises, manages OEM relationships, and supports partners who engage in sales, consulting, and fulfillment functions (Chunk 4). Distribution agreements are in place with major multinational OEMs, and products are distributed both through direct agreements and via distributor channels for lower-volume manufacturers (Chunk 13). These executive roles and multi-channel strategies are designed to optimize Microsoft's operational efficiency by ensuring broad, flexible, and scalable product distribution worldwide."
aa629e1a,AMGN's exp. strategy globally and its growth in biotech driven by key market insights.,"8483,8678,47465,8512,8497,8510,8542,8543,47623,8530,8875,8680,8874,8508,8507","140,28","Amgen’s (AMGN) expansion strategy globally focuses on delivering innovative medicines for high unmet medical needs and leveraging its expertise to improve health outcomes and reduce the social and economic burden of disease. Amgen operates in approximately 100 countries and has grown to be one of the world’s leading independent biotechnology companies (Chunk 1, Chunk 2). Key aspects of Amgen's global expansion and biotech growth strategy include: 1. **Acquisitions and Portfolio Expansion:** Amgen completed the acquisition of Horizon Therapeutics in 2023, significantly strengthening its rare disease portfolio with first-in-class medicines such as TEPEZZA (thyroid eye disease), KRYSTEXXA (chronic refractory gout), and UPLIZNA (neuromyelitis optica spectrum disorder). This aligns with Amgen’s strategy to deliver innovative medicines and expand into new therapeutic areas (Chunk 1, Chunk 2). 2. **Robust and Innovative Pipeline:** Amgen maintains a robust pipeline with potential first-in-class medicines at all stages of development and is advancing new programs in key therapeutic areas, such as obesity, oncology, and rare diseases. The company continues to invest heavily in research and development to strengthen its competitive position and ensure long-term growth (Chunk 2, Chunk 10). 3. **Manufacturing and Supply Chain Excellence:** Amgen has invested in next-generation biomanufacturing facilities in the United States (Rhode Island, Ohio, North Carolina) and internationally (Singapore, Ireland, Netherlands) to expand capacity, increase flexibility, and improve efficiency. These facilities use state-of-the-art and environmentally sustainable technologies, which provide a competitive manufacturing advantage and support global product demand (Chunks 4, 6, 14). 4. **Biosimilars:** Amgen both faces competition from and participates in the development of biosimilars, launching products such as MVASI (biosimilar to Avastin), KANJINTI (biosimilar to Herceptin), and AMJEVITA (biosimilar to HUMIRA). The expansion into biosimilars provides more affordable therapeutic choices and extends Amgen’s market reach (Chunk 5). 5. **Market Insights Driving Growth:** Amgen’s growth is driven by strong volume increases in key products (e.g., Repatha, TEZSPIRE, EVENITY, Prolia, BLINCYTO), and by adapting to local market conditions and regulatory environments. The company is attentive to global pricing and reimbursement pressures, working with healthcare stakeholders to maintain access while supporting innovation and sustainability (Chunks 2, 12, 14, 15). 6. **Strategic Capital Allocation:** Amgen maintains a disciplined approach to capital allocation, balancing investment in growth opportunities, acquisitions, manufacturing expansion, and shareholder returns (Chunk 2, 12). In summary, Amgen’s global expansion and growth in biotechnology are driven by strategic acquisitions, a robust and innovative product pipeline, advanced and sustainable manufacturing, participation in the biosimilars market, and a focus on addressing unmet medical needs in both established and emerging markets. These efforts are supported by a deep understanding of key market insights and local healthcare environments."
cda3f039,Risk oversight analysis of News Corp board composition.,"118219,118138,118139,125272,24367,61884,122470,61885,159664,144207,118140,15405,24183,118319,73086,118137","354,73,431,368,47,181,375,215,477","News Corp’s Board of Directors has an established structure for risk oversight, with specific responsibilities delegated to its committees. The Audit Committee holds primary responsibility for overseeing risks related to cybersecurity, receiving regular reports from the CTO and CISO, and updating the Board as appropriate. Additionally, the Board’s standing committees assist in overseeing significant risks within their delegated areas. For example, the Compensation Committee assesses progress toward diversity, equity, and inclusion (DEI) objectives annually and reports to the Board, while a Compliance Steering Committee oversees global compliance-related policies. In terms of composition, as of December 31, 2023, the Board was 43% women, reflecting a commitment to diversity. The Nominating and Corporate Governance Committee includes women and minorities in the candidate pool for new Directors. These practices indicate that News Corp’s Board is structured to provide integrated risk oversight and is composed to promote diverse perspectives and effective governance."
953a9efe,YoY insider trading & ownership for Conagra Brands (CAG).,"21971,21965,21970,21973,21857,21713,21860,21856,21974,21807,21854,21947,21898,21958,81557","241,66",I cannot find sufficient information in the provided documents to answer this question.
2d7be62a,WDC's legal risks impact on cap alloc. & financials.,"158510,158304,158480,158511,158415,158575,158562,158497,158416,158482,158592,158589,158588,158308,49659","473,146","Western Digital (WDC) faces legal risks that have a direct impact on its financial statements and capital allocation. For example, WDC was found liable in an intellectual property litigation case brought by MR Technologies, GmbH, resulting in a jury award of $262 million plus $117 million in prejudgment interest, with the company recognizing an aggregate liability of $384 million as of June 28, 2024. Of this, $291 million was recognized as operating expenses for litigation matters for the year ended June 28, 2024. This significant legal expense affects the company's net income, cash flow, and ultimately its ability to allocate capital toward other strategic initiatives, investments, or shareholder returns. Additionally, the company notes that predicting the ultimate outcome and financial impact of legal matters involves uncertainties, and actual results could differ materially from management’s estimates, potentially leading to further adjustments in liabilities and affecting financial results. These legal risks and related financial obligations can divert resources away from growth opportunities, business investments, or debt reduction, directly influencing Western Digital’s capital allocation decisions."
4bb77ba6,FRT's trends in CIP & lease ROU for 2022-23 impact growth/assets strategy.,"61039,32136,77345,61054,60877,61024,60954,79802,115401,60953,29964,82939,60878,83680,83038,60876","98,227,235,179,246,248,345,91","Based on the provided context, for Federal Realty Investment Trust (FRT), the balance sheet data shows a decrease in construction-in-progress (CIP) and operating lease right of use (ROU) assets from 2022 to 2023: - Construction-in-progress (CIP) declined from $662.6 million in 2022 to $613.3 million in 2023. - Operating lease ROU assets, net, decreased from $94.6 million in 2022 to $87.0 million in 2023. - Finance lease ROU assets, net, decreased significantly from $45.5 million in 2022 to $6.9 million in 2023. These trends indicate that FRT has reduced its investments in new development and possibly completed or slowed down ongoing construction projects. The decrease in lease ROU assets may reflect either the expiration or modification of certain lease contracts, or strategic reductions in leased properties. FRT’s overall business and asset strategy focuses on owning, managing, and redeveloping high-quality retail and mixed-use properties in strong markets, aiming for increasing cash flow, internal growth, and capital appreciation (see Chunks 4, 5, 7, and 13). The reduction in CIP could suggest a shift toward completing current projects or being more selective with new developments, potentially as a response to economic conditions such as inflation and higher interest rates, which the company notes as risks affecting its business. In summary, the downward trends in CIP and lease ROU assets from 2022 to 2023 suggest FRT is moderating new development and lease expansion, likely to preserve capital and manage risk, aligning with a strategy that emphasizes stability, high occupancy, and long-term growth in high-demand markets."
a2e421e0,Rockwell Automation's (ROK) cybersecurity track record impacts profitability & investor sentiment significantly.,"127603,127618,127628,127604,127602,127629,127657,127605,127748,127622,127567,127670,127566,127775,127774,127563",381,I cannot find sufficient information in the provided documents to answer this question.
99f4169e,Q4 2023 DOW buyback vol. & avg. price.,"49675,12115,86570,49876,14288,128832,49877,78408,84533,158145,68620,147618,134784,168640","256,385,38,231,199,43,496,401,146,443,472,251","In the fourth quarter of 2023, Dow Inc. repurchased 2,561,161 shares of its common stock at an average price of $48.81 per share."
15c80065,"Evolving capital allocation in EA's repurchase program, EA.","48635,48776,50663,143964,143869,138606,48637,1421,6906,48638,105197,48687,48576,48650,48575,145601","6,430,143,148,436,23,313,412","Electronic Arts (EA) has demonstrated an evolving approach to capital allocation in its stock repurchase programs. In August 2022, EA's Board of Directors authorized a program to repurchase up to $2.6 billion of common stock. Under this program, approximately 10 million shares were repurchased for about $1.3 billion during the fiscal year ended March 31, 2024. This program was terminated on May 8, 2024, and replaced by a new stock repurchase program approved in May 2024, which authorizes up to $5.0 billion in repurchases and expires on May 9, 2027. Under the new program, EA may purchase stock in the open market or through privately negotiated transactions, with the timing and amount of repurchases dependent on price, capital availability, regulatory requirements, alternative investment opportunities, and market conditions. The company is not obligated to repurchase a specific number of shares, and the program may be modified, suspended, or discontinued at any time. EA is actively repurchasing shares under this new program, reflecting a continued and increasing commitment to returning capital to shareholders through share repurchases as part of its overall capital allocation strategy (Chunk 1)."
1152079d,Impact of INCY competition on revenue growth & profitability in the short vs long-term.,"84287,84247,84063,84026,84018,84246,84121,84074,84075,84012,84076,84003,84399,143819,84291,84282","250,430","The provided documents indicate that Incyte (INCY) operates in highly competitive therapeutic areas, particularly Hematology/Oncology and Inflammation and Autoimmunity, with a portfolio that relies substantially on revenues from its lead product, JAKAFI. To sustain and grow revenues, Incyte must continually develop and commercialize new products to offset potential losses when current products lose exclusivity or face competition from new entrants (Chunks 2, 6, 15). In the short term, competition primarily affects Incyte's revenue growth and profitability through the risk of reduced sales as rival products enter the market or as existing products lose exclusivity. This can create immediate pressure on revenue streams and margins if Incyte cannot bring new products to market quickly enough to compensate. In the long term, sustained competition means Incyte must continually innovate and expand its product pipeline to maintain and grow its market position. The company’s strategy is to focus resources on selected discovery programs and rapidly progress clinical candidates, aiming for efficient commercialization of new products (Chunks 8, 9, 11). If successful, this approach can support long-term growth and profitability, but failure to innovate or delays in development could lead to declining revenues and profitability as competitive pressures increase. In summary, competition poses risks to Incyte's revenue growth and profitability both in the short and long term: short term through potential sales erosion of existing products, and long term through the ongoing need for successful innovation and commercialization to replace revenues lost to competition and patent expirations."
f5ae5eff,"Acquisitions, jobber/multi-store integr., consolid., div., pos. for ORLY.","114542,114541,114533,114623,114534,114535,114622,114659,114544,114727,114545,114629,114634,114553",342,"O’Reilly Automotive (ORLY) is actively involved in consolidating the fragmented automotive aftermarket industry through acquisitions and strategic integration of independently owned auto parts stores (referred to as “jobber stores”) and multi-store chains. This strategy is a core part of their growth and market positioning. Key points regarding acquisitions and integration: - ORLY selectively pursues strategic acquisitions to strengthen its position as a leading automotive aftermarket parts supplier, both in existing markets and as a springboard for expansion into new domestic and international markets. The company believes that national auto parts chains can operate more efficiently than smaller independent operators, leading to continued industry consolidation (Chunk 9). - New stores are typically added by constructing new facilities, renovating existing ones, acquiring jobber stores (by purchasing substantially all inventory and assets, excluding real estate), or purchasing multi-store chains (Chunk 1, Chunk 2). - Recently, ORLY completed the acquisition of Groupe Del Vasto, an auto parts supplier in Canada, broadening its international presence (Chunk 3). - Past acquisitions include Bond Auto Parts, Bennett Auto Supply, and Mayoreo de Autopartes y Aceites (Mayasa), which were integrated into ORLY’s store network (Chunk 7). - When integrating acquisitions, ORLY sometimes merges acquired stores into existing locations or rebrands them as O’Reilly stores (Chunk 7). - The company’s acquisition and integration strategies are designed to achieve economies of scale in management, advertising, and distribution, and to enhance its competitive positioning in both densely and less densely populated markets (Chunk 1, Chunk 14). In summary, O’Reilly Automotive’s approach to acquisitions, jobber and multi-store integration, and consolidation positions the company to expand market share, increase operational efficiency, and maintain a leading role in the automotive aftermarket industry."
ef08b83f,Legal risk mgmt BRK insurance reinsurance.,"23455,23454,23464,23463,23477,23612,23613,160282,23575,23617,37563,23601,160241,37562","479,111,71","Berkshire Hathaway manages legal risk in its insurance and reinsurance businesses through a combination of regulatory compliance, underwriting discipline, and ongoing monitoring of claims and legal developments: 1. Regulatory Compliance: Berkshire’s insurance and reinsurance subsidiaries are subject to extensive regulation in the jurisdictions where they operate, including the U.S., Europe, and other regions. Regulations cover aspects such as the types of business that can be written, rates charged, capital requirements, investment restrictions, and dividend payments. Berkshire monitors changes in regulations and acknowledges that new or changing regulations can impact its operations and capital allocation (Chunks 3, 4, 9). 2. Underwriting Discipline: Berkshire emphasizes underwriting profit and instructs managers to reject inadequately priced risks. The company seeks to avoid extending coverage beyond its underwriting intent and recognizes that legal or judicial changes (such as new theories of liability) may increase claims costs unexpectedly, sometimes years after a contract is written. This uncertainty is factored into risk management and pricing (Chunks 3, 9). 3. Claims Estimation and Reserves: The company regularly reviews and updates unpaid loss estimates, including those for retroactive reinsurance contracts, and maintains significant reserves for potential claims. As of December 31, 2023, estimated unpaid losses for property and casualty insurance risks were approximately $146 billion. A small percentage increase in these liabilities can materially affect earnings, so careful estimation and monitoring are critical (Chunks 9, 12). 4. International Operations: Berkshire’s non-U.S. insurance entities comply with local regulations on licensing, solvency, auditing, reporting, and capital requirements. The company adapts its structure as needed to maintain access to key markets, as seen with the establishment of Berkshire Hathaway European Insurance DAC in Ireland post-Brexit (Chunk 4). 5. Risk of Legal and Judicial Developments: Berkshire acknowledges that changes in laws, regulations, or court interpretations can impose new financial obligations or extend liability. These risks are monitored as part of the company’s legal risk management framework (Chunk 9). In summary, Berkshire Hathaway’s legal risk management in insurance and reinsurance is based on strict adherence to regulatory requirements, conservative underwriting practices, vigilant monitoring of legal developments, and the maintenance of substantial reserves to address uncertainties in claims and liabilities."
aa94d53c,HD's legal proceedings impact on financials mgmt. justification.,"21026,74624,21096,74614,36755,21095,48946,57334,84935,129974,52671,144374,32149,131536,70423,57333,74620","64,98,389,168,393,109,251,144,431,207,154,219","Based on the provided context, there is no information indicating that the HD business (presumably referring to Baxter's HD business) is involved in legal proceedings that directly impact its financials. Instead, the significant financial impact on the HD business relates to asset impairments. In 2023, Baxter recognized $267 million in long-lived asset impairment charges for its HD business, which included $190 million related to manufacturing equipment, operating lease right-of-use assets, and HD equipment leased to customers, and $77 million related to developed technology intangible assets. These impairments were due to the carrying amount of the HD asset group exceeding its forecasted undiscounted cash flows, prompting a fair value assessment using a discounted cash flow model. The impairments were classified within cost of sales in the consolidated statement of income (loss) for the year ended December 31, 2023. The management's justification for these charges was based on the outcome of impairment testing following a segment change and the identification of a triggering event requiring a review of asset values, not on the outcome of any legal proceedings. Therefore, there is no indication in the provided documents that legal proceedings related to the HD business have impacted financials; the primary financial impact has come from asset impairments justified by management through impairment testing and fair value assessments. If you are seeking information specifically about legal proceedings and their effect on the HD business's financials, I cannot find sufficient information in the provided documents to answer this question."
8ac481e8,ServiceNow InQuisient litigation fin. impact.,"108376,108375,108194,108272,108323,99200,39464,68747,108193,96353,88949,80191,68748,153982,108202,115220","288,324,199,295,263,459,236,116,344","The litigation between ServiceNow and InQuisient Inc., in which InQuisient alleged that ServiceNow’s Now Platform infringed three of its patents, was resolved in December 2024 through a confidential settlement agreement. The settlement was for an immaterial amount, meaning it did not have a material financial impact on ServiceNow."
0d6a8f28,Impact of FAST repurchase auth non-expiring as of 12/31/23 - ticker in last position.,"58297,26772,52588,78408,68757,76875,76874,93350,158145,92277,37408,90135,58196,90080,58192","226,199,231,171,267,111,81,274,277,472,154","As of December 31, 2023, Fastenal Company (ticker: FAST) had remaining authority to repurchase 6,200,000 shares under a July 12, 2022 authorization, and this repurchase authorization does not have an expiration date. The non-expiring nature of this authorization allows the company flexibility in timing its share repurchases, enabling it to buy back shares as market conditions and company priorities dictate, without the pressure of an impending expiration. This can provide ongoing support for the stock price and allow management to opportunistically enhance shareholder value over time."
33a82061,"EAT liquidity facilities in funding ops, capex, M&A.","12640,12513,12738,12631,8329,101349,89863,12739,114393,76631,12514,67967,47221,103783,124089,23225","225,197,70,39,266,139,302,372,341,309,27",I cannot find sufficient information in the provided documents to answer this question.
a1340975,"Constellation Brands manages dilution from share repurchases effectively in its equity comp plans, STZ.","127331,32275,140002,139991,140135,140137,140035,139990,38480,140158,20136,26772,140139,155080,139896","416,99,464,81,114,380,62","Constellation Brands (STZ) manages dilution from share repurchases in relation to its equity compensation programs through active share repurchase authorizations approved by its Board of Directors. The company has implemented several share repurchase authorizations, including the 2018, 2021, and 2023 authorizations, with billions of dollars allocated for repurchasing shares (Chunk 6). Repurchased shares help offset the impact of dilution caused by shares issued under equity compensation plans, such as nonqualified stock options, restricted stock units, and performance share units, which are granted to employees, officers, and directors (Chunk 13). During Fiscal 2024, Constellation Brands repurchased over 1 million shares of Class A Stock at a cost of $249.7 million (Chunk 7). The company funds share repurchases through cash flow from operations, borrowings, and divestiture proceeds (Chunk 8). The share repurchase program is flexible—repurchases may be made through open market transactions or privately negotiated deals, and the program may be modified or discontinued at any time based on various factors, including market conditions, cash availability, and regulatory changes (Chunks 4, 8). In summary, Constellation Brands uses ongoing share repurchase programs to manage and offset dilution from equity compensation, supporting shareholder value while retaining flexibility to adjust the program as needed."
c9c85bc0,Match Group's ops discontinuation impacts diluted EPS & earnings consistency over 3 yrs.,"105645,105592,105646,105567,105629,105647,6845,105593,105595,165729,105648,105594,105616,126017","376,315,493,22","Over the three years ended December 31, 2023, Match Group's discontinued operations had only a minimal impact on diluted EPS and earnings consistency: - In 2021, earnings from discontinued operations were $509,000, which translated to a negligible $0.00 impact on diluted EPS. - In 2022, there was a loss from discontinued operations of $2.2 million, resulting in a $(0.01) impact on diluted EPS. - In 2023, there were no earnings or losses from discontinued operations, so there was no impact on diluted EPS. Overall, the effect of discontinued operations on diluted earnings per share was immaterial across all three years, and thus did not significantly affect the consistency of Match Group’s reported diluted EPS or overall earnings attributable to shareholders during this period. The company’s diluted EPS from continuing operations remained the main driver of overall earnings per share (for example, $2.26 in 2023, $1.25 in 2022, and $0.93 in 2021) with only minor fluctuations from discontinued operations (Chunks 1, 2, 3, 5)."
8fa98b3b,Non-op impact on margins risk growth FY24 MDT.,"99095,99085,98926,99037,99211,99083,99214,99030,99038,23873,19492,98957,15782,99206,23214","70,295,72,49,60","For fiscal year 2024, Medtronic's (MDT) non-operating items had a notable impact on its margins and risk profile: - Non-operating income, net, was a negative $412 million (presented as $(412) million), reducing reported income before taxes and thus margin (Chunk 1, Chunk 5). - Interest expense, net, was $719 million, further lowering operating margin. - Non-GAAP reconciliations show adjustments for items such as amortization of intangible assets ($1,693 million), restructuring costs, acquisition/divestiture items, litigation charges, and gains/losses on minority investments, all of which affect reported margins (Chunk 4). - The effective GAAP tax rate was 23.4%, but the non-GAAP effective tax rate was lower at 16.0%, reflecting the impact of these adjustments on after-tax margins. Risks to margin growth from non-operating items include: - Volatility in minority investment gains/losses ($308 million loss in FY24). - Ongoing restructuring, litigation, and acquisition/divestiture activity that introduces uncertainty and non-recurring charges. - Interest expense that may increase with higher debt or rising interest rates. In summary, non-operating items in FY24 reduced Medtronic’s reported profit margins and add risk to margin growth due to their volatile and sometimes unpredictable nature."
91d50c4f,Distribution sales reliance at Builders FirstSource (BLDR) raises op risk & cash flow implications stemming from low installation rev.,"17588,17548,17589,17560,17570,17678,17554,17549,17584,17689,17677,70157,78634,17595,78635,17767","232,206,54","Builders FirstSource (BLDR) generates a majority of its revenue from distribution sales, which primarily consist of selling building products it manufactures as well as reselling purchased building products. Revenue from these sales is recognized at a point in time upon delivery to customers, and payment is typically received shortly after the sale (Chunks 6, 10, 11). This reliance on distribution sales, as opposed to installation or service-based revenue, creates certain operational risks and cash flow implications: 1. **Operational Risk**: Distribution sales are sensitive to market factors such as volatility in the prices of lumber and other building products, intense industry competition, general economic conditions, production schedules of customers and suppliers, weather, and labor market dynamics. These factors contribute to variability in revenues, earnings, and cash flows, making it difficult to project operating results consistently (Chunks 1, 3). 2. **Cash Flow Implications**: Since distribution sales represent a significant portion of total net sales, BLDR’s cash flows are closely tied to the volume and pricing of these transactions. Periods of low installation or value-added service revenue may exacerbate the impact of fluctuations in distribution sales, further increasing cash flow variability. Additionally, the company faces pricing pressure from large customers (such as production homebuilders), which can limit BLDR’s ability to pass on cost increases, potentially compressing margins and affecting cash flows (Chunk 14). In summary, BLDR’s heavy reliance on distribution sales, coupled with comparatively lower installation revenue, increases its exposure to operational risks and cash flow variability due to market, pricing, and customer-related factors."
03b6872f,Impact on risk mgmt. & financial rptng from NCLH TESS/Audit oversight & CISO updates.,"109295,109294,109392,85954,109296,72421,109125,98757,29240,109128,1572,134198,85955,98756,109387,109403","294,7,328,400,213,89,254","The Technology, Environmental, Safety and Security (TESS) Committee and the Audit Committee of Norwegian Cruise Line Holdings Ltd. (NCLH) play key roles in overseeing risk management and financial reporting, particularly regarding data protection and cybersecurity. The TESS Committee oversees programs and policies related to data protection and cybersecurity, receiving updates on related risks from the Chief Information Security Officer (CISO) at least annually, and more frequently as needed. The Audit Committee also receives at least annual updates from the Chief Information Officer and/or CISO on cybersecurity and information system compliance matters that could pose risks to financial reporting or operations. The CISO is responsible for overall data security and cybersecurity risk reduction efforts, including compliance, training, awareness, and technical security measures. The CISO’s regular updates enable these committees to monitor and address any issues that could affect NCLH’s risk profile or financial reporting integrity. This governance structure ensures that both data security risks and potential impacts on financial reporting are regularly reviewed at the highest levels. As a result of this oversight and the CISO’s input, NCLH maintains effective internal control over financial reporting, as confirmed by external audit, and is able to promptly identify and mitigate risks that could materially affect its business or financial condition. To date, NCLH is not aware of any cybersecurity threats or incidents that have materially affected or are reasonably likely to materially affect its business, strategy, results of operations, or financial condition, and any expenses incurred from cybersecurity incidents have been immaterial."
a40b3fb0,Impact of high common stock holder count on liquidity and market dynamics for JKHY.,"83901,83902,83935,83997,83999,83822,96438,83996,83949,83831,83827,83854,83826,83830,83834","288,249","Based on the provided information, as of August 15, 2024, Jack Henry & Associates, Inc. (JKHY) had approximately 344,699 holders of its common stock. While the documents do not directly analyze the impact of this high shareholder count, some implications can be inferred: A high number of common stockholders generally indicates a broad distribution of shares among many investors. This tends to enhance the liquidity of the stock because shares are more widely held and traded, making it easier for buyers and sellers to transact without significantly affecting the price. Enhanced liquidity usually leads to narrower bid-ask spreads and more stable market dynamics. Furthermore, JKHY’s common stock is quoted on the Nasdaq Global Select Market, which is known for high liquidity and active trading of listed securities. The combination of a large shareholder base and listing on a major exchange supports active trading and efficient price discovery for JKHY shares. In summary, the high number of common stockholders for JKHY likely contributes positively to the liquidity of its stock and supports healthy market dynamics, making it easier for investors to buy and sell shares. However, there is no explicit discussion or quantitative analysis of this impact in the provided documents."
0dbaf98d,"2023 op exp breakdown for Westinghouse Air Brake: SG&A, engineering, ticker, amortization.","156746,156702,156703,156747,96053,129830,23874,156709,156837,156607,156717,156820,156591,156619,32534","388,100,72,468,287","For the year ended December 31, 2023, Westinghouse Air Brake Technologies Corporation (ticker: WAB) reported the following operating expense breakdown (in millions): - Selling, General and Administrative Expenses (SG&A): $1,139 million - Engineering Expenses: $218 million - Amortization Expense: $321 million These totaled $1,678 million in operating expenses for 2023."
efe884cc,"Transparency in finance roles at Invitation Homes impacts profitability, INVH.","80898,80700,80910,80653,80890,80913,80817,88310,80889,80681,80911,80912,80658,80656,80914,80660","262,239",I cannot find sufficient information in the provided documents to answer this question.
63d1f728,Legal contingencies trends & future impact analysis for NetApp.,"110058,110059,110090,110027,110089,110048,110057,110145,109983,109978,109997,109989,110008,109982,110011,110088",330,"NetApp is subject to a rapidly evolving and increasingly complex legal and regulatory environment, particularly regarding privacy, data protection, artificial intelligence (AI), and information security. The company faces growing regulation from federal, state, and international agencies, such as the EU’s General Data Protection Regulation (GDPR) and the newly adopted EU Artificial Intelligence Act, which introduces new AI risk categorization, obligations, and prohibitions. Other global governments have also implemented similar comprehensive privacy and data protection frameworks. NetApp must comply with requirements related to cross-border data transfers, including Binding Corporate Rules and Standard Contractual Clauses (SCCs), which have recently been updated to impose stricter contract and operational requirements. These requirements necessitate revisions to customer and vendor agreements and enhanced transparency and data subject rights. The interpretation and enforcement of these laws are uncertain and may change, creating additional compliance challenges. Failure to comply with these evolving laws and regulations could harm NetApp’s reputation, result in liability, and adversely impact its business operations and those of its partners, vendors, and customers. The company acknowledges that any failure—or perceived failure—by itself or its partners to comply with relevant laws, regulations, or industry standards could lead to legal claims, financial penalties, and reputational damage. Looking forward, NetApp anticipates continued uncertainty and potentially increasing compliance obligations as cyber-security threats rise and AI technology is adopted more widely. Changes in legal interpretation, enforcement, and new regulations may require ongoing adjustments to business practices and customer agreements, impacting NetApp’s operations and financial condition. In summary, the trend for NetApp is toward greater legal and regulatory scrutiny, particularly around privacy, data protection, and AI. The future impact may include increased compliance costs, the need for operational adjustments, potential legal exposure, and uncertainty regarding the interpretation and enforcement of existing and future laws."
bec34c30,Tech/mobility investments by PAYX drive competitive edge & cost efficiencies.,"115282,115264,115323,115263,115262,115266,115267,115265,115280,115383,115274,115272,115269,115268,115270,145366","345,435","Paychex (PAYX) achieves a competitive edge and cost efficiencies through continuous investments in technology and mobility. Their proprietary, cloud-based SaaS platform, Paychex Flex, integrates advanced data analytics and artificial intelligence (AI) to provide a seamless and intuitive user experience across devices, allowing clients and their employees to access HR and payroll services anytime, anywhere (Chunks 6, 7, 13). This device-independent design maximizes convenience, increases employee retention, and improves client productivity. Their technology-enabled solutions reduce the total cost of ownership for clients and allow for scalable, customizable service as businesses grow (Chunks 4, 5). The use of AI, such as the Paychex Flex Intelligence Engine and Flex Assistant chatbot, streamlines customer service, automates routine queries, and enhances efficiency, handling nearly two-thirds of client questions with high satisfaction scores (Chunk 14). By automating compliance updates and payroll processing, and leveraging their SaaS delivery model, Paychex not only differentiates itself from competitors but also drives operational cost efficiencies for both the company and its clients (Chunks 1, 3, 4, 8). These ongoing investments in digital and mobile technology are central to Paychex’s strategy for growth, client retention, and maintaining industry-leading margins."
02037b95,"Diversity in TT execs drives strategic value creation for the company, TT.","75792,132317,159303,154987,69406,57872,164836,129150,154986,144732,165524,154349,65412,45668,19056,146943","387,136,170,395,203,491,493,461,464,433,441,59,476,190,223",I cannot find sufficient information in the provided documents to answer this question.
73531f36,Leadership roles at TROW impact profit & cap allocation.,"145649,145647,145509,145733,145520,145592,145506,145587,145491,145619,145502,145588,145503,145508,41967,145618","124,436","Leadership roles at T. Rowe Price (TROW) impact profit and capital allocation in several ways: 1. Profit Impact: - The company's ability to attract and retain key personnel is highlighted as a factor that can affect revenues and overall business success. Leadership decisions influence the firm's strategy, execution, and ability to maintain client relationships, all of which are critical drivers of profitability (Chunk 1). - Compensation for leadership, including bonuses, restricted stock units, and other incentive awards, is a significant component of expenses. Variations in total compensation, driven by leadership and talent management decisions, can directly affect net income (Chunk 1). - Leadership is also responsible for setting and managing strategic priorities, including spending levels, which impact the company’s expense structure and ultimately profitability (Chunk 1). 2. Capital Allocation: - Leadership oversees capital allocation, including investments in technology, administrative infrastructure, and key strategic initiatives—areas that require judgment and prioritization to support long-term growth (Chunk 1). - The capital allocation-based income, such as carried interest from general partner interests in affiliated private investment funds, is managed by leadership and is recognized as part of income, which can fluctuate based on leadership’s investment decisions (Chunk 11). - Leaders also manage the company’s liquidity and investment portfolio, determining how much capital is allocated to cash, discretionary investments, seed capital, and hedging strategies (Chunk 10, Chunk 16). In summary, leadership at T. Rowe Price plays a critical role in both profit generation (through talent management, strategic direction, and expense oversight) and capital allocation (investment decisions, portfolio management, and prioritizing strategic initiatives). Their effectiveness in these roles directly impacts the company’s financial results and long-term stability."
632f159a,Contract progress input metrics for Jabil.,"34944,85118,34908,85198,85117,85038,85039,139766,85162,85035,85036,85037,85161,85137,85034,130726","104,391,252,415",I cannot find sufficient information in the provided documents to answer this question.
31184bc1,"Segmentation of LT debt interest & maturity for NSC, ticker at the end.","65749,140611,135298,140612,112783,108662,108658,111694,113104,135297,108699,65751,69485,112625,112713,112786","418,326,203,333,337,338,403,190",I cannot find sufficient information in the provided documents to answer this question.
9cd38954,Net inc. & rev. % change from 2021-2023 reflects profitability & cost efficiency for Aon (AON).,"11589,11525,11522,11527,11531,11532,11535,11536,11521,11534,11528,11690,11530,11407",36,"From 2021 to 2023, Aon's total revenue increased from $12,193 million in 2021 to $13,376 million in 2023, representing a revenue growth of approximately 10%. Net income attributable to Aon shareholders grew from $1,255 million in 2021 to $2,564 million in 2023, which is an increase of over 100%. This significant increase in net income, despite a 10% rise in revenue, indicates improved profitability. However, operating expenses also rose from $10,103 million in 2021 to $9,591 million in 2023 (noting a dip in 2022), and the operating margin slightly decreased from 29.4% in 2022 to 28.3% in 2023, reflecting some pressure on cost efficiency due to higher expenses related to growth initiatives, legal settlements, and restructuring charges. Overall, Aon demonstrated strong profitability growth between 2021 and 2023, though cost efficiency was somewhat impacted in 2023 by increased operating expenses, as evidenced by the slight decline in operating margin."
93c46d80,"Judgment calls on ICE revenue recognition estimates affect FP during contract renewals/restructuring, ICE.","98773,26800,5432,146876,108533,5051,83215,83216,83273,83366,5016,83365,83396,81464,83336,2781","325,294,11,81,18,19,241,247,440",I cannot find sufficient information in the provided documents to answer this question.
3aeadfbc,"MTCH's litigation exp., contingent liabs. affect profitability & cap allocation.","94313,141408,88946,96969,32644,103157,117074,80651,81811,78332,83034,84635,88311,109022,80748,105670","289,100,421,262,263,231,327,239,315,242,307,246,280,251,351",I cannot find sufficient information in the provided documents to answer this question.
72265591,"Impact of AVY sanction order on legal costs & risk profile, with RFID alternatives considered.","12224,12228,12100,12044,12229,12225,161015,161014,12099,106641,153747,161006,127848,71299,59663,5072,161007","481,38,459,175,209,18,382,319","The sanction order in the ADASA Inc. v. Avery Dennison Corporation litigation resulted in significant legal costs and impacted Avery Dennison's (AVY) risk profile. As of December 30, 2023, AVY had recorded a contingent liability of $82.9 million for this matter, reflecting their best estimate of the anticipated judgment. The district court's revised sanction order in January 2024 lowered the sanction from approximately $20 million to about $5.2 million, based on a royalty applied to late-reported tags, consistent with the amount already accrued by AVY. Additional legal costs have been incurred due to ongoing appeals and post-trial motions, with AVY planning to continue appealing recent court decisions. Regarding the company's risk profile, AVY acknowledges that future legal expenses to resolve proceedings could be higher than currently accrued liabilities, but it is unable to reasonably estimate the potential additional costs. The company also states that, based on current information, the ultimate resolution of these legal proceedings is not expected to be material to its overall financial position, results of operations, or cash flows. In response to the litigation, AVY has largely completed its migration to alternative encoding methods for its RFID tags. This strategic move helps mitigate future legal risks related to the disputed patent and reduces exposure to further sanctions or royalty payments associated with the ongoing litigation. In summary, the sanction order has led to substantial accrued liabilities and legal costs for AVY, while the migration to alternative RFID encoding methods is a risk mitigation measure that should help reduce the company's legal exposure going forward."
0afad95e,CNC impact & classification of state tax & payment revenue.,"31851,31869,31865,126769,127659,144201,125912,33645,122584,93476,25965,163898,42604,80108,110207,129715,20781","98,388,102,488,330,236,77,431,368,277,125,375,378,381,63",I cannot find sufficient information in the provided documents to answer this question.
94d9c7ca,Employee growth multiplier for PAYC vs expected target.,"118047,118009,117933,117928,117839,117794,117838,118064,118068,118069,118043,117985,117784,115265,117922,115321","345,353","Based on the information provided, Paycom Software, Inc. (PAYC) has grown its business at a 23% compound annual growth rate (CAGR) in total revenues from January 1, 2020 through December 31, 2023. This revenue growth has resulted in substantial investments that have driven increases in employee headcount, as stated in the context. As of December 31, 2023, Paycom employed 7,308 people, substantially all of whom are full-time employees. However, there is no explicit mention of a specific ""employee growth multiplier"" or a detailed comparison to an ""expected target"" within the provided documents. In summary, while there is clear evidence of significant employee growth associated with Paycom's revenue growth, the exact employee growth multiplier versus an expected target is not specified in the documents provided. If you need a precise multiplier or a direct comparison to a stated target, I cannot find sufficient information in the provided documents to answer this question."
c7efd5b0,"Impact on valuation risk from Genuine Parts liability estimate uncertainty is significant, GPC.","69021,155199,69041,69081,69014,69214,69022,43805,69215,131518,168259,23710,84879,9668,30786,11218","129,35,71,201,393,464,496,251,93,31",I cannot find sufficient information in the provided documents to answer this question.
a8b1f59c,12/31/23 vs COP LTD 2022,"30722,39321,152178,19755,91632,120919,11171,39052,67080,83396,128627,145417,33513,169167,169168","384,35,195,101,455,363,272,497,115,116,93,435,247,61","Based on the provided context, the comparison of ConocoPhillips (COP) as of December 31, 2023 versus 2022 is limited to certain details about inventories and acquisitions: - Inventories at December 31, 2023, were $1,398 million, up from $1,219 million at December 31, 2022. - In 2023, COP completed the acquisition of the remaining 50% working interest in Surmont, making it a 100% owned asset. The total consideration for this acquisition was $3.0 billion. No further details about overall revenues, profits, or other financial metrics for COP for 2023 versus 2022 are provided in the available context. If you are seeking a more comprehensive comparison (such as revenues, net income, or earnings per share), I cannot find sufficient information in the provided documents to answer this question."
329da134,Audit cmte overseeing cybersecurity at LRCX to mitigate financial risks.,"101709,92274,151198,151704,68609,89090,154370,92913,93929,12112,92160,112173,92912,42856,142916","452,454,199,264,38,427,461,303,335,274,276,279,126","At LRCX (Lam Research Corporation), the Audit Committee is responsible for reviewing and monitoring the company's cybersecurity and information security policies, as well as its internal controls regarding cybersecurity and information security. The Audit Committee regularly receives reports from the Chief Information Security Officer (CISO) on information security risks at least quarterly, and at least annually to the Board. The Committee also reports regularly to the Board and recommends actions as necessary. This oversight helps mitigate financial risks by ensuring that the company’s cybersecurity threats and incidents are actively managed and that such risks have not, to date, materially or adversely affected the company's business strategy, results of operations, or financial condition (see Chunk 2)."
8b020fa8,"Allegion plc, analyze LT debt trend for 2022-2023 & assess leverage impact.","2762,2799,2804,2803,2692,2846,2802,2761,2724,2723,2745,123371,2744,78309","370,11,231","Between 2022 and 2023, Allegion plc's long-term debt decreased significantly. As of December 31, 2022, long-term debt stood at $2,081.9 million, and by December 31, 2023, it had decreased to $1,602.4 million (see [Chunk 2]). This reduction primarily reflects scheduled repayments, as the total debt declined from $2,094.5 million to $2,015.0 million, and the current portion of long-term debt increased from $12.6 million to $412.6 million, indicating that a significant portion of debt is due in 2024 (see [Chunk 2] and [Chunk 4]). This decrease in long-term debt improves Allegion’s leverage profile, as total liabilities also decreased from $3,046.7 million in 2022 to $2,993.2 million in 2023, while total equity increased from $944.5 million to $1,318.3 million (see [Chunk 1]). The rise in equity and the decrease in debt indicate a strengthening balance sheet and reduced leverage risk. In summary, Allegion plc's leverage has improved from 2022 to 2023 due to lower long-term debt and higher equity."
2a44ae07,VTRS directors' backgrounds impact on growth & comp positioning.,"160519,160511,160524,160514,160520,160659,160744,160727,160734,160847,160530,160716,160713,160735,160715,160571",480,I cannot find sufficient information in the provided documents to answer this question.
037b46e9,Liquidity safety for FDIC insured deposits SCHW.,"136672,136902,136671,136510,136501,136670,125008,136727,136500,137947,136681,136494,136720,136687,136492,136469","411,375,407","Charles Schwab Corporation (SCHW) prioritizes the safety and liquidity of FDIC-insured deposits by maintaining robust liquidity management practices. The company’s primary source of funds is client bank deposits, with more than 80% of these deposits qualifying for FDIC insurance as of December 31, 2023. To ensure liquidity, Schwab keeps overnight cash deposits and short-term investments, as well as a buffer of highly liquid investments, including U.S. Treasury securities, to meet both daily and unanticipated liquidity needs. Schwab is subject to regulatory liquidity requirements, such as the Liquidity Coverage Ratio (LCR) and the Net Stable Funding Ratio (NSFR). The LCR requires Schwab to hold enough High Quality Liquid Assets (HQLA) to cover 100% of its projected net cash outflows over a 30-day period of stress. As of December 31, 2023, Schwab’s LCR was 130%, indicating a strong liquidity position. Similarly, Schwab’s NSFR was 126%, meaning its available stable funding exceeded required stable funding. These practices and regulatory requirements help ensure Schwab can meet its obligations to clients, including those with FDIC-insured deposits, even in stressed market conditions, supporting both the safety and liquidity of those deposits."
1023e5b0,DexCom’s intl workforce % and global talent diversity stats.,"52882,52881,100172,101191,132994,24184,52884,24183,33604,98953,26336,63139,152656,165523,98952","102,295,456,73,299,397,302,79,493,184,155","As of December 31, 2023, DexCom had approximately 9,600 employees worldwide, with 3,800 of those (about 40%) based internationally. Regarding global talent diversity, among full-time U.S. employees, approximately 64% are ethnically diverse. For gender diversity, globally there are about 4,700 female and 4,900 male employees, reflecting near gender parity. DexCom captures ethnic diversity data only for its U.S. workforce, not for its international workforce."
5039b6f2,"How does IVZ's global team along with its investment capabilities ensure consistent cash flow and long-term growth for its portfolio, IVZ?","82830,82823,82822,82820,82821,82945,83050,82990,82946,82819,82829,83054,82818,148012,114801,138443","412,444,246,343","Invesco (IVZ) leverages its globally diverse team and broad investment capabilities to drive consistent cash flow and long-term growth. The company has specialized investment teams across more than 20 countries, managing a wide range of asset classes, investment styles, and geographies. This global presence and diversity enable Invesco to meet the varied needs of investors worldwide, serving clients in more than 120 countries and managing approximately $1.6 trillion in assets as of December 31, 2023 (Chunks 10, 13). Key drivers of Invesco’s success include: - Long-term investment performance: Invesco focuses on achieving strong, sustained investment results that help attract and retain assets under management (AUM), which is crucial since their revenues are primarily derived from investment management contracts based on AUM (Chunks 1, 13). - High-quality client service and effective distribution: The firm emphasizes maintaining strong relationships and delivering value through diverse distribution channels and responsive client service (Chunks 10, 13). - Breadth and depth of investment offerings: Invesco offers multiple investment objectives across asset classes (equity, fixed income, balanced, alternatives, and money market), enhancing its ability to capture opportunities in high-demand markets (Chunks 2, 3). - Integrated risk management: The company embeds risk management into both day-to-day operations and strategic planning, helping it navigate challenging market conditions and support stable financial performance (Chunk 1). - Innovation and talent development: Invesco invests in product innovation, technology, and talent, ensuring its teams remain effective and that offerings align with evolving client needs and industry trends (Chunks 2, 3, 5). These strengths contribute to Invesco’s ability to generate consistent operating cash flows, as its global teams’ performance and client-focused strategies support positive net flows and revenue growth. Invesco’s cash flow from operations consistently exceeds dividend payments, share repurchases, capital expenditures, and operating expenses, underlining its financial resilience (Chunk 6). In summary, IVZ’s global team and broad investment capabilities, combined with a focus on performance, client service, risk management, and innovation, ensure consistent cash flow and underpin the company’s long-term growth."
caf1835d,Mgt confident in Q4 buyback strategy for CTSH.,"93350,39360,36184,39314,93014,39361,44153,39315,63658,39363,36285,115106,62337,104546,39221,46086","130,312,137,107,276,116,277,182,344,185",I cannot find sufficient information in the provided documents to answer this question.
0de4513f,"Investor sentiment, stock performance, and UHG's Q4 share repurchase strategy.","156995,149782,78408,81795,161807,149904,149906,149905,32504,149791,37436,19730,149790,50244,163798,112934","448,483,100,231,488,111,242,147,338,469,61","Investor sentiment can impact stock performance, as seen in references to ESG ratings and investor sentiment affecting stock price and access to capital (Chunk 9). For UnitedHealth Group (UHG), stock performance over the past five years has been strong, with the cumulative total return on UHG's common stock increasing from $100 at the end of 2018 to $227.65 at the end of 2023, outperforming the S&P Health Care Index and closely tracking the S&P 500 Index (Chunk 2). Regarding UHG's Q4 share repurchase strategy, while specific Q4 repurchase numbers are not directly provided, there is relevant annual data: UHG uses share repurchases as part of its capital management. The company reports strong financial performance in 2023, with diluted earnings per share increasing by 13% to $23.86 and return on equity at 27% (Chunks 10, 13). Share repurchase activity typically signals management's confidence in the company's value and can positively influence investor sentiment and stock performance. In summary, positive investor sentiment and strong financial results have contributed to UHG's robust stock performance, and the company continues to utilize share repurchases as a strategic tool, particularly in Q4 and throughout 2023, to enhance shareholder value."
19366a7d,PHM's legal risk disclosure may influence analysts' outlook.,"120450,120411,120406,106438,125263,6480,137137,41224,104357,84635,132066,70423,15149,119373,142127,98384,52577","357,293,424,361,394,207,47,22,375,408,121,154,251,311,318",I cannot find sufficient information in the provided documents to answer this question.
8d382a39,"Total non-op income for Jan 28, 2024, & its impact on financial resilience for NVDA.","111934,111933,111936,111994,111974,111965,111899,111979,111890,111926,111937,111959,111888",334,"For the fiscal year ended January 28, 2024, NVIDIA reported total non-operating income (other income (expense), net) of $846 million. This figure comprises interest income of $866 million, interest expense of $(257) million, and other net income of $237 million (see Chunk 2). The positive non-operating income contributed to overall profitability, adding to the company’s financial resilience. It reflects strong cash management and investment returns, which provide additional financial flexibility. However, given that operating income ($32,972 million) and net income ($29,760 million) were overwhelmingly driven by core business operations, the impact of non-operating income, while positive, is relatively modest in the context of NVIDIA's overall financial strength for the year."
0cd962f2,HST luxury/upper upscale mix vs lower-tier margin impact.,"77225,77068,77075,77066,77051,77050,77145,74804,74669,74803,77146,74681,77044,77036,74665","227,220","Host Inc. (HST) primarily owns hotels in the luxury and upper upscale categories, with these segments constituting nearly all of its portfolio and revenues. Specifically, hotels that are not considered upper upscale or luxury account for only about 1% of HST's revenues (Chunk 2). The company’s portfolio is operated under internationally recognized luxury and upper upscale brand names, such as Marriott, Westin, Ritz-Carlton, Hyatt, Four Seasons, and Hilton (Chunks 2, 4, 14). As for margin impact, the provided context does not directly compare the operating margins between HST’s luxury/upper upscale hotels and lower-tier properties. However, HST reports strong profit margins for its comparable hotels (which are predominantly luxury and upper upscale), with a 2023 operating profit margin of 15.6% and a comparable hotel EBITDA margin of 30.1% (Chunk 1). This suggests that the company’s focus on higher-tier properties is associated with robust margins, but there is no explicit data provided on how this compares to margins in lower-tier segments. In summary: HST’s hotel mix is overwhelmingly luxury and upper upscale, and these segments generate strong profit margins, while lower-tier hotels represent a negligible portion of its business and revenue. There is no specific margin comparison between luxury/upper upscale and lower-tier hotels in the provided context."
b7959052,Impact of Booking Holdings revenue mix on competitive positioning vs integrated search/mobile players TICKER.,"19362,19066,19038,19041,19037,58453,19036,19155,58450,58547,19033,19266,58449,3597,19154,19364","59,172,14","Booking Holdings derives its revenues primarily from three sources: merchant revenues (facilitating payments for bookings), agency revenues (commissions for reservations where they do not handle the payment), and advertising/other revenues (mainly from KAYAK referrals and OpenTable restaurant services). The majority of both merchant and agency revenues come from Booking.com’s accommodation reservations, while KAYAK and OpenTable contribute to advertising and other segments (Chunks 3, 5). This revenue mix positions Booking Holdings strongly in the core accommodation booking market but makes it reliant on transaction-based income from travel reservations, especially in accommodations. Its advertising and metasearch (KAYAK) revenues are smaller in comparison to the merchant/agency segments. Compared to integrated search and mobile platform competitors (e.g., Google, which combines search, meta-search, and direct booking functions in a single mobile-first ecosystem), Booking Holdings faces several competitive challenges: - Integrated platforms like Google leverage their dominant general search business to promote their own travel meta-search results and increasingly offer direct booking options within their ecosystem, often at the top of organic search results, making it harder for Booking Holdings to acquire customers cost-effectively (Chunk 2). - Competitors with “super-apps” or broader product offerings (combining frequent-use services with travel, payments, and more) can more easily and cost-effectively acquire and retain users, potentially reducing Booking Holdings’ share of consumer attention and bookings (Chunk 2). - Meta-search platforms (like Google and others) lower the cost of entry for new competitors and can commoditize travel search and bookings, putting pressure on Booking Holdings to maintain differentiation and brand value (Chunk 2). While Booking Holdings continues to innovate in mobile and payments (e.g., increasing adoption of its payments platform, enhancing mobile apps, and integrating AI), its revenue mix, concentrated in accommodation bookings and less diversified into advertising/search, means it must continually invest in technology, user experience, and brand to maintain competitiveness against integrated search/mobile players (Chunks 3, 4, 7). In summary, Booking Holdings’ revenue mix supports a strong position in online accommodations but exposes it to competitive pressure from integrated search/mobile players who can leverage broader platforms, cross-sell, and control customer acquisition channels more efficiently."
114821a1,Difference in comp-to-rev ratio for AJG: brokerage vs. risk mgmt.,"4817,4816,4941,4802,4919,5176,4934,4801,5041,4938,4803,5175,4808,4814",18,"In 2023, the compensation-to-revenue ratio for Arthur J. Gallagher & Co. was 55% for the brokerage segment and 60% for the risk management segment. This means compensation expense represented 55% of brokerage segment revenues and 60% of risk management segment revenues."
d2d0a22b,Details on share repurchase for Hess (HES) in 2023.,"43668,73371,43669,73370,73557,73469,73435,151758,116168,73567,128832,73340,14904,149397","129,385,454,46,216,348,446","In 2023, Hess Corporation did not directly repurchase common stock, as there is no mention of settled common stock repurchases for that year (the last such repurchases were in 2022, totaling $630 million). However, in 2023, Hess Midstream (an affiliate) completed two underwritten public equity offerings totaling approximately 24.3 million Hess Midstream Class A shares held by affiliates of Hess and GIP. These shares were obtained through the exchange of 24.3 million of their Class B units of HESM Opco. Additionally, in 2023, HESM Opco repurchased an aggregate of approximately 13.6 million HESM Opco Class B units in multiple transactions from affiliates of Hess and GIP for total proceeds of $400 million, financed by borrowings under HESM Opco's revolving credit facility. Hess received net proceeds of $167 million from the public offering of Class A shares in Hess Midstream LP. In summary, while Hess itself did not repurchase its own common stock in 2023, there were significant equity transactions and unit repurchases involving its Midstream affiliate."
8d384918,Impact of TT cybersecurity integration on strategic planning & capex for long-term growth.,"109612,146976,146977,146978,18134,158871,161434,114801,107917,21796,168060,131071,114800,168061,43332,124849","128,482,323,66,392,329,496,374,343,56,441,474","TT integrates cybersecurity requirements into its business and corporate groups, ensuring that cybersecurity considerations are embedded into operating environments as appropriate. This integration influences business strategies, budgeting, and similar processes, including strategic planning and capital expenditure (capex) for long-term growth. Senior and executive management, along with the Board of Directors, regularly review financial planning processes, which includes oversight of cybersecurity programs. Any changes or additions to the cybersecurity risk assessment program are reviewed by executive management, the Board, and the Audit Committee, and independent third parties regularly assess the program to ensure its effectiveness. This approach ensures that cybersecurity needs are factored into strategic decisions and investment allocations, supporting the company's long-term growth objectives. By maintaining strong cybersecurity oversight and integrating these practices into strategic planning and capex decisions, TT aims to mitigate risks and support sustainable growth."
e5cb20c7,"APD: plant efficiency, tech perf, & svc impact on global comp?","10398,10115,10114,2405,10181,10270,10124,10151,10139,10106,10116,10409,10408,10260,10125,14956","32,10,47","Plant efficiency, technological performance, and service are key factors impacting Air Products and Chemicals, Inc.'s (APD) global competitiveness in its equipment business. These elements, along with technical know-how, price, schedule, and plant performance guarantees, are the primary bases for competition in the sale of equipment businesses. Superior plant efficiency and advanced technology can make APD's offerings more attractive to customers in industries such as chemical and petrochemical manufacturing, oil and gas processing, and steel production. High levels of service and technical support further differentiate APD and strengthen its position in global markets, helping to meet customer requirements and maintain a competitive edge worldwide."
72397c9c,"Employee satisfaction (ESS) significantly impacts ops efficiency, growth, & risk.","165967,82364,54706,59635,144989,81362,154343,43527,62087,89426,110807,53260,115315,81038,62153,24300,12052","161,129,38,265,73,332,461,494,175,240,241,434,244,182,345,156","Employee satisfaction, as measured through employee engagement surveys (ESS), plays a significant role in operational efficiency, growth, and risk management. Across multiple organizations, employee engagement is closely monitored and used to inform leadership decisions, drive organizational improvements, and enhance retention. - High employee engagement and satisfaction are linked to lower turnover rates and increased average tenure, which contribute to operational stability and growth (see IT.pdf, EXPD.pdf, IDXX.pdf). - Regular employee surveys provide actionable insights that help organizations improve workplace culture, leadership effectiveness, communication, and well-being—all of which can enhance operational efficiency (FDS.pdf, FI.pdf, AVY.pdf, KLAC.pdf). - Satisfied employees are more likely to feel supported, remain with the company, and contribute to a positive and productive work environment, reducing organizational risk associated with high turnover or disengagement (EPAM.pdf, AVY.pdf, IDXX.pdf). - Organizations also use ESS results to identify and mitigate risks related to workforce morale, inclusion, and safety, further supporting overall business resilience and risk management (KLAC.pdf, AVY.pdf, FI.pdf). In summary, employee satisfaction directly impacts a company's operational efficiency, supports growth through improved retention and engagement, and helps mitigate risks by fostering a stable, committed, and productive workforce."
9ddbe73b,Impact of Fifth Third's borrowing capacity on future growth potential: FITB.,"73787,73786,138195,73850,73825,73788,73824,73789,73784,74032,73897,73835,73766,73827,73849,127370","218,411,380","Fifth Third’s borrowing capacity is an important factor supporting its future growth potential, as it provides the flexibility to fund operations, manage liquidity, and support asset growth. The bank relies primarily on stable and low-cost core deposits to fund its activities, but also maintains access to other funding sources, such as secured borrowing facilities through the Federal Home Loan Bank (FHLB), Federal Reserve Bank (FRB), and public securities markets (Chunks 2, 10). As of December 31, 2023, the Board had authorized $10.0 billion of debt or other securities for issuance, with $8.75 billion still available, reflecting significant capacity to raise funds if needed (Chunk 10). This borrowing capacity enables Fifth Third to respond to balance sheet needs, support loan growth, and manage through periods of market disruption or deposit volatility. The ability to sell or securitize loans and to access secured facilities helps diversify funding sources, reducing reliance on any single channel (Chunk 10). However, several risks could constrain this growth potential. Adverse market conditions, loss of customer confidence, regulatory changes, or a downgrade in credit ratings could raise borrowing costs, limit market access, or require more collateral—potentially restricting growth opportunities (Chunks 1, 6, 8). Regulatory changes may also impose stricter liquidity requirements, requiring Fifth Third to hold more liquid assets or capital, which could limit expansion or be dilutive to shareholders (Chunk 8). In summary, Fifth Third’s robust borrowing capacity underpins its ability to fund future growth, but this potential is moderated by market, regulatory, and reputational risks that could adversely affect its funding flexibility and cost."
e0d34d6b,Veralto Corp's (VLTO) global labor dist. union influence on op. flexibility and cost risk.,"154048,154049,154140,154063,154053,147234,154199,154154,142652,154065,154062,133927,147233,88257,93623,154057","262,426,460,399,278,442","Veralto Corp operates globally, with approximately 16,000 employees as of December 31, 2023. Of these, about 6,000 are in North America, 5,000 in Western Europe, less than 500 in other developed markets, and 5,000 in high-growth markets. In the United States, fewer than 10 employees are hourly-rated, unionized workers. However, outside the U.S.—particularly in Europe—many employees are represented by unions and/or works councils, and the company is subject to government-mandated collective bargaining arrangements and union contracts in certain countries. Union representation and collective bargaining outside the U.S. can affect Veralto’s operational flexibility, as union contracts and works council regulations may limit the company’s ability to unilaterally change employment terms or quickly adapt operations. These arrangements also pose cost risks, as collective bargaining agreements can result in increased labor costs and may restrict the company’s ability to fully implement operational changes to enhance efficiency. In summary, union influence is significant mainly in Europe, where it can increase labor costs and reduce flexibility, whereas in the U.S., union influence is minimal."
d20a5e4e,PACCAR's interest inc. recognition on extended payment rec. boosts profitability.,"116449,116454,116453,146811,116399,116460,135067,116354,116398,88340,116365,116525,116427,116496,116355,116425","440,402,349,262","PACCAR recognizes interest income on extended payment receivables when customers are granted extended payment terms and charged interest. This interest income is recognized when earned, and there are no significant financing components in most product or service revenues since customers generally pay shortly after the products or services are transferred. However, when extended payment terms are granted, the resulting interest income is included in profitability (see Chunk 1). In the Financial Services segment, interest income from finance and other receivables is recognized using the interest method, which provides a constant rate of return over the life of the contracts (Chunks 2 and 3). This interest income directly contributes to the segment’s revenues and overall profitability. Therefore, PACCAR's recognition of interest income on extended payment receivables does boost profitability by generating additional income, particularly within its Financial Services segment."
01142856,$23.9B in demand deposits against short-term liabilities impacts liquidity for Ameriprise.,"15295,15294,48273,15300,152070,137341,15423,15424,78572,15296,73961,144108,15004,775,15354,71343","4,455,232,142,47,431,209,408,218","Based on the provided context, Ameriprise Financial reports customer deposits, including demand deposit types, as part of its banking and brokerage deposits. As of December 31, 2023, total banking and brokerage deposits were $23.9 billion, which include interest-bearing checking, money market, savings, and brokerage deposits. These deposits are amounts payable to customers and are considered short-term liabilities. Having $23.9 billion in demand deposits (and similar short-term liabilities) impacts Ameriprise’s liquidity in several ways: - These deposits provide a significant source of short-term funding for the company. - The company pays interest on certain customer deposit balances, which is included in banking and deposit interest expense. - The deposits are generally invested in fixed and variable rate securities, helping to generate returns. - However, because these are short-term liabilities, Ameriprise must maintain sufficient liquidity to meet potential withdrawals or demands from customers. - The company’s liquidity management is thus heavily influenced by the need to ensure it can meet these obligations, and any large or rapid outflows could require Ameriprise to liquidate assets or obtain additional funding. In summary, $23.9 billion in demand deposits against short-term liabilities provides Ameriprise with funding but also creates liquidity risk that must be carefully managed to ensure customer obligations can be met at all times."
17fb67b7,Geographic dist. of Northern Trust emp. indicates regional risk exp. & growth.,"122350,122250,122251,122439,122199,122441,122256,122468,122678,125691,122469,18712,122204,122202,122203,18845","368,58,375","Northern Trust employed approximately 23,100 full-time equivalent employees as of December 31, 2023. The regional distribution of the employee base is 42% in Asia-Pacific, 41% in North America, and 17% in Europe, Middle East, and Africa. This geographic distribution reflects Northern Trust’s significant operational presence and resource investment in Asia-Pacific and North America, with a smaller but notable presence in EMEA. Such a distribution indicates exposure to regional risks—including economic, regulatory, and geopolitical risks—in these areas, as well as potential opportunities for growth, particularly in markets where employee concentration is higher, suggesting business focus and expansion strategies (see Chunk 3)."
cabb6a48,2023 & 2022 loan commitments segmentation for KeyCorp (KEY); credit exposure data.,"97191,96932,96853,97181,96925,96928,97121,96929,97186,96930,96926,96733,97120,97229,96891",289,"I cannot find sufficient information in the provided documents to answer this question. The context does mention that KeyCorp's loan commitments generally carry variable rates, have fixed expiration dates or termination clauses, and involve credit risk not reflected on the balance sheet (Chunk 1), but it does not provide segmented loan commitment amounts or detailed credit exposure data for 2023 and 2022."
70b252aa,"Uncertainty from Medtronic's legal loss could affect forecasts and valuations, MDT.","98991,99167,99202,99206,99085,99204,99084,99012,99083,99168,99038,99205,99037,99198,99030",295,"Uncertainty from Medtronic's potential legal losses could indeed impact forecasts and valuations for MDT. The company is involved in various legal actions, including product liability, intellectual property disputes, environmental proceedings, and tax disputes. While Medtronic records liabilities for loss contingencies when a loss is probable and reasonably estimable, many of these matters are at early stages or involve claims that are difficult to predict, making the ultimate financial impact uncertain (Chunk 14). For example, Medtronic faces ongoing litigation related to hernia mesh products and diabetes pump retainer rings, but has not recorded related expenses because potential losses are not currently probable or reasonably estimable (Chunk 3). Additionally, environmental and anti-corruption matters also present uncertainty, with the company unable to estimate potential losses at this time (Chunks 3 and 6). Tax disputes, particularly the unresolved IRS case regarding the allocation of income between Medtronic, Inc. and its Puerto Rico subsidiary, could have a material adverse impact on the company’s financial condition, results, and cash flows if resolved unfavorably (Chunks 4, 6, 8, and 12). Because the outcomes and potential financial impacts of these legal matters are uncertain and could be material, this uncertainty can affect investor forecasts and valuations for MDT by introducing risk regarding future earnings, cash flows, and overall financial stability."
f6a68c16,"Linde's cap allocation strategy focuses on higher ST borrowing and structured LT debt, LIN.","91656,91658,91740,91753,91739,91814,91754,91815,91657,91703,91813,91707,91680,91681,91660",272,"Based on the provided context, Linde’s capital allocation strategy does not specifically focus on higher short-term (ST) borrowing. Instead, Linde emphasizes securing long-term (LT) committed funding through the issuance of public notes, debentures, and commercial paper, which is backed by long-term bank credit agreements. Their financing approach aims to minimize the total cost of funds and manage currency and interest-rate exposures, sometimes using financial derivatives. Linde maintains significant long-term revolving credit facilities, including a $5 billion Five Year Credit Agreement and a $1.5 billion 364-day revolving credit agreement, both of which had no borrowings outstanding as of December 31, 2023. The company’s weighted-average interest rate for short-term borrowings was 4.8% at year-end 2023, and for 2023 their global effective borrowing rate was about 2.6%. The expected maturities of long-term debt are structured, spreading principal repayments over several years. Overall, Linde's strategy is to maintain operating flexibility and strong liquidity with a focus on long-term debt funding rather than a preference for higher short-term borrowing."
9e2ed88d,"Litigation details for RealPage, with ticker in focus, clarify MAA's owner/operator role.","97512,97298,97513,58135,57936,58136,10463,97235,10462,97234,97345,97411,10644,55510,10645,97241","170,33,290,163","Mid-America Apartment Communities, Inc. (MAA), with ticker symbol MAA, is named as a defendant in a series of lawsuits referred to as the ""RealPage Litigation."" These lawsuits, filed in late 2022 and early 2023, allege that RealPage, Inc. and various large owners and operators of multifamily residential real estate—including MAA—conspired to artificially inflate multifamily rental prices through the use of RealPage’s revenue management software. MAA is one of the owners/operators accused of participating in this alleged collusion. The lawsuits seek monetary damages, attorneys’ fees, costs, and injunctive relief. The cases have been consolidated for pretrial proceedings in the United States District Court for the Middle District of Tennessee. As of December 31, 2023, motions to dismiss the consolidated action were denied, and the case is proceeding. MAA has stated that it believes the litigation is without merit as it pertains to the company and plans to vigorously defend itself. At this early stage, MAA cannot predict the outcome or estimate potential losses, but does not currently believe the litigation will have a material adverse effect on its financial condition, though it cannot guarantee it will not affect results of operations. In summary, MAA is involved in the RealPage litigation as an owner/operator of multifamily properties accused of antitrust violations related to rent pricing, but maintains its innocence and is actively defending against the claims."
9852f9f6,Impact of DPZ on capex eff. & segment perf. via transfer pricing.,"47968,48005,47873,47866,47857,48046,48134,47879,48136,47971,47872,48039,48137,47854,48075,47853",141,I cannot find sufficient information in the provided documents to answer this question.
7520e2d6,HAL 2023 product sales rev w/ ticker vs services rev gap.,"69736,69635,69628,108505,69737,39609,69695,69641,69691,110176,91924,111939,69740,69631,69650","325,330,204,334,273,117","For the year ended December 31, 2023, Halliburton Company (ticker: HAL) reported: - Product sales revenue: $6,535 million - Services revenue: $16,483 million The gap between services revenue and product sales revenue is $16,483 million - $6,535 million = $9,948 million, with services revenue exceeding product sales revenue by this amount."
ef13377c,"Multiplicative net profit margin factor for Pentair plc in 2023, TKR: PNR.","121609,121556,121553,121571,121555,121570,121679,121685,121463,121644,121552,121564,121688,121575,121618",366,"To calculate the multiplicative net profit margin factor for Pentair plc in 2023, divide net income by net sales: Net profit margin = Net income / Net sales From the data: - Net income (2023): $622.7 million - Net sales (2023): $4,104.5 million Net profit margin = 622.7 / 4,104.5 ≈ 0.1517 So, the multiplicative net profit margin factor for Pentair plc in 2023 is approximately **0.152** (rounded to three decimal places)."
55574941,PG's effective tax impact on EBT & future profit in 2023.,"119884,119960,119881,119934,121299,119923,119963,28623,594,122048,105285,114841,145612,105284,136215","3,359,365,367,436,406,87,314,343","For Procter & Gamble (PG) in fiscal year 2023, the effective income tax rate was 19.7%. Earnings before income taxes (EBT) for 2023 were $18.4 billion, and the total income tax expense was $3.6 billion. This resulted in net earnings of $14.7 billion. The increase in the effective tax rate from the prior year (from 17.8% in 2022 to 19.7% in 2023) was mainly due to unfavorable geographic mix impacts, although this was partially offset by higher excess tax benefits from share-based compensation. The effective tax rate directly reduces EBT to arrive at net profit, so an increase in the rate means a higher portion of EBT is paid as taxes, leaving less for net earnings. Looking forward, any changes in the effective tax rate (such as from shifts in geographic earnings mix, changes in tax law, or the level of excess tax benefits from share-based compensation) will continue to impact PG’s future profitability. A higher effective tax rate would reduce future net profits, while a lower rate would increase them, assuming EBT remains the same."
4e8f7acc,Capex in 2023 vs D&A and asset reinvestment strategy (CARR),"63033,45740,83625,43670,43669,26840,4989,17093,5833,5832,83626,91071,49385,40201,149644,149643","129,136,270,81,18,51,20,145,118,183,248,447",I cannot find sufficient information in the provided documents to answer this question.
a8371daa,Long-term valuation impact of AON regarding cybersecurity threats.,"11511,142018,11492,73675,142017,73676,128276,82633,45412,101673,11513,87703,101705,11512,42367","36,260,135,424,303,245,217,125,383","Based on the provided context, Aon recognizes that cybersecurity threats pose ongoing risks that could potentially impact its long-term valuation. The company has experienced cybersecurity incidents in the past, including computer viruses, unauthorized access, ransomware, and data loss, but to date, these have not had a material impact on its business strategy, results of operations, or financial condition (Chunks 1, 3). However, Aon acknowledges that the evolving and increasingly sophisticated nature of cyber threats presents continued risk. If significant incidents were to occur, they could result in financial loss, reputational damage, regulatory scrutiny, legal liability, and harm to client trust (Chunks 1, 3, 14). Such outcomes could negatively affect Aon's competitiveness and results of operations, all of which are factors that can influence long-term valuation. Aon has implemented a comprehensive cybersecurity and enterprise risk management program, with oversight by its Board of Directors and Audit Committee, regular reviews, and a dedicated Global Security Services organization led by an experienced Chief Security Officer (Chunks 1, 11, 14). These measures are intended to mitigate cybersecurity risks, but the company makes clear there is no assurance that all risks can be eliminated or that future incidents will not have a material impact. In summary, while Aon’s current cybersecurity incidents have not materially affected its long-term valuation, the company recognizes that future, more severe incidents could adversely impact its financial condition, reputation, and competitive position, all of which are key drivers of long-term valuation. The effectiveness of Aon’s ongoing risk management and cybersecurity investments will be critical in limiting any negative valuation impact from such threats over time."
cf5e5a7f,Status of legal proceedings for EPAM and potential disclosures.,"53400,53270,53269,53398,53230,53397,90757,53335,48946,104787,53486,52671,54629,52153,142044","160,424,269,144,312,153,154,156",I cannot find sufficient information in the provided documents to answer this question.
25b69bd3,2023 capex for Marsh & McLennan vs historical trends & long-term asset inv. drivers; ticker at the end.,"104484,104372,104302,88073,104468,104327,104321,104525,104520,43670,104467,104437,104527,104172,104165","129,261,311","I cannot find sufficient information in the provided documents to answer this question. While the documents contain details about Marsh & McLennan Companies’ (MMC) long-term investments, investment types, and some acquisition activity, they do not provide specific capital expenditures (capex) figures for 2023, nor do they outline historical capex trends or detailed drivers for long-term asset investment. Most investment information relates to equity method investments, private equity holdings, and acquisitions rather than traditional capex. Ticker: MMC"
ad3f06e1,The impact of leadership diversity at Dayforce Inc. on talent retention and competitive positioning.,"41442,24184,112889,41662,24183,41527,41429,41431,69408,41430,41434,41673,41436,41533,26529,41522","73,203,80,338,122","Based on the provided context, Dayforce Inc. demonstrates a commitment to leadership diversity, with women representing approximately 44% of employees in manager-level roles and above, and about 36% in vice president-level roles and above as of December 31, 2023. In the U.S., people of color accounted for about 24% of employees in manager-level roles and above, and approximately 27% in vice president-level roles and above (Chunk 1). This focus on diversity in leadership is part of a broader strategy to attract and retain top talent, which remains critical to the company's ongoing success. Dayforce fosters a culture of continuous learning and empowerment, offering professional development programs, leadership development, and job shadowing opportunities (Chunk 1). The company's employee Net Promoter Score in 2023 was 50, indicating a relatively high level of employee satisfaction and engagement (Chunk 1). In terms of competitive positioning, Dayforce leverages its inclusive culture and diverse leadership as part of its value proposition to both employees and customers. Its Dayforce Engagement product, for example, helps customers build inclusive workforces and measure employee sentiment on equity and belonging (Chunk 1). The company has also received multiple industry accolades, such as being named a Leader in the Gartner Magic Quadrant for Cloud HCM Suites for large enterprises for four consecutive years (Chunks 7, 10), which bolsters its reputation in the market. In summary, leadership diversity at Dayforce Inc. positively influences talent retention through an inclusive and supportive culture, professional growth opportunities, and high employee engagement. This, in turn, strengthens the company’s competitive positioning by attracting and retaining top talent and enhancing its reputation as a leader in the HCM software industry."
bdc4a35a,KIM faces alt retail comp for rental income profitability.,"139198,89242,89233,89167,89229,89169,89172,89219,89207,89014,89222,89211,89112,88251,89013,89184","264,413,262","Yes, Kimco Realty (KIM) faces competition from alternative retail channels that can impact rental income profitability. The retail real estate industry is highly competitive and dynamic, with competition coming not only from other physical shopping centers and malls but also from internet retailing sites and catalogs. The growth of e-commerce and alternative retail channels, such as direct-to-consumer brands and club stores, has intensified competition, changed consumer preferences, and affected market dynamics. These alternatives offer retailers new distribution options beyond traditional brick-and-mortar locations, which can negatively affect the demand for physical retail space, potentially reducing occupancy rates and the level of rents that can be obtained. This competitive environment may adversely impact KIM’s ability to lease space and maintain profitable rental income (see Chunk 1 and Chunk 14)."
61e6ea70,ARE: turnover diff & departures impact for 568 workforce.,"168854,21784,145034,146492,27655,82364,85290,38395,47903,127613,81362,22007,27656,149564,132992,58819,42827","66,67,141,397,173,497,434,114,84,244,381,439,241,253,126,447",I cannot find sufficient information in the provided documents to answer this question.
5ca6e368,PAREM: ad rev recognition timing for audience ratings guarantees.,"119494,119427,119425,157894,45540,157801,61930,61975,157893,61929,114810,157844,119341,61848,114895","471,357,135,181,343","For Paramount (PAREM), advertising revenues related to contracts with audience ratings guarantees are recognized over time based on the proportion of the audience rating or impressions delivered to the total guaranteed in the contract. If the amount billed exceeds the revenue recognized, the excess is deferred until the guaranteed audience ratings or impressions are delivered. In summary, revenue is recognized as the guaranteed audience is delivered, not simply when ads are aired, ensuring that recognition matches fulfillment of the audience guarantee (see Chunks 1, 2, 3)."
07308ac3,Repurchase capacity for Dec23 & cap alloc impact for xyL.,"164589,108303,37408,84533,107944,155354,87181,25418,25240,99349,130142,161127,108720,105575,62192","481,258,323,324,389,326,296,75,492,111,464,315,182,251","As of December 31, 2023, Xylem Inc. (XYL) had $182 million in remaining share repurchase capacity under its current authorization. No shares were repurchased under this program during the fourth quarter of 2023, so the full $182 million remained available at year-end. Regarding capital allocation impact, the program’s stated objective is to deploy capital in a way that benefits shareholders while maintaining a focus on growth. The Board of Directors determines the level of repurchases, taking into account profitability, financial condition, capital needs, future prospects, and other relevant factors. There is no assurance of future repurchase activity or its magnitude, as it is subject to the Board’s discretion and business considerations. In summary: - Repurchase capacity at December 31, 2023: $182 million. - Capital allocation: The repurchase program aims to balance shareholder returns with supporting growth, and future activity will depend on financial and strategic considerations."
80465551,"HP has a significant human capital impact, driving growth & enhancing competitive positioning.","79479,74478,160283,94212,151949,74383,79473,74384,74387,74381,42313,74386,79477,74382,45668,82616","455,136,235,245,280,219,125,479","HP’s human capital strategy plays a significant role in driving growth and enhancing its competitive positioning. With approximately 58,000 employees in 59 countries, HP leverages the diverse skills and perspectives of its workforce to power innovation and deliver transformative solutions for customers worldwide. The company’s approach includes: - Ongoing learning and development opportunities, including internal and external programs, leadership assessments, coaching, job rotations, and a focus on critical skills such as software development, AI, data science, and strategic thinking. - A comprehensive compensation and benefits package, with regular pay equity reviews to ensure fair and equitable pay practices across the global workforce. - A strong emphasis on employee engagement, with regular feedback mechanisms like annual surveys (with a 90% participation rate in 2024) and pulse polls, which help HP continuously strengthen its culture and address employee concerns. - Commitment to diversity, equity, and inclusion, both in hiring and internal development, ensuring equal opportunities and access for all employees. - A global wellness program supporting the holistic wellbeing of employees across physical, financial, emotional, life balance, and social/community pillars. This strategic investment in talent development, engagement, and inclusion ensures HP attracts and retains exceptional talent, cultivates a high-performing workforce, and drives the innovation necessary for long-term growth and competitive advantage in its markets."
1ecb9579,UPS's investments in cybersecurity pose cost mgmt. liabilities.,"153428,36153,101673,153453,153415,128928,73676,139642,87642,11817,161779,128276,153452,153701,153488,124657","386,483,260,37,383,458,107,303,373,217,415","UPS's investments in cybersecurity do pose cost management liabilities. The company acknowledges that maintaining and enhancing cybersecurity measures can require significant investment, especially as cyber threats become increasingly sophisticated. UPS may also face increased costs to modify, upgrade, or enhance its cybersecurity measures, and compliance with evolving laws and regulations regarding privacy, cybersecurity, and data protection can materially increase operating costs (see Chunk 5). Additionally, UPS interacts with third-party IT networks and systems, which introduces further risks and potential costs if those parties experience cybersecurity incidents (see Chunks 1, 4, 13). The occurrence of cybersecurity events could result in material disruptions, regulatory scrutiny, litigation, and other liabilities that could negatively impact UPS's business and financial results (see Chunk 1). Therefore, the need for ongoing investment in cybersecurity, regulatory compliance, and incident response represents a significant cost management challenge and liability for UPS."
38e0b21f,"High-growth end-use % for Eastman revenue and peer positioning, ticker at the end.","52078,52075,154141,52315,52104,154222,52181,52105,52079,52333,52106,52331,52077,52107,52157,52189","153,460","For Eastman Chemical Company (EMN), approximately 60% of 2023 sales revenue was generated from outside the United States and Canada, which suggests a strong presence in international and potentially high-growth markets (Chunk 1, Chunk 13). However, the specific percentage of revenue from high-growth end-use markets is not directly stated in the provided information. Eastman defines its business strategy around leveraging technology platforms and innovation to target attractive niche and high-growth markets across diverse geographies (Chunks 2, 5, 7, 9). The company serves end-use markets in transportation, durables and electronics, building and construction, medical and pharma, and consumables (Chunk 4), and is focused on driving growth through differentiated, specialty materials. In terms of peer positioning, Eastman pursues organic growth and targeted acquisitions, emphasizing specialty businesses and innovation in sustainability and circular economy solutions (Chunks 2, 9). This positions Eastman competitively among specialty chemical peers by focusing on innovation, sustainability, and expanding into new and high-growth markets. Ticker: EMN Summary: While a precise percentage of revenue from high-growth end-use markets is not specified, Eastman generates a significant portion of sales internationally and targets high-growth applications and regions through innovation and specialty products, positioning itself strongly among global specialty materials peers."
7d0f1bd6,PSEG FY23 energy cost ratio vs FY22/21.,"123588,123593,123589,123594,123651,123595,132080,123693,123596,123586,123692,132084,132081,123457,132083","394,371","For Public Service Enterprise Group (PSEG), the energy cost ratio—calculated as Energy Costs divided by Operating Revenues—for the years 2023, 2022, and 2021 is as follows (all values in millions): - 2023: Energy Costs $3,260 / Operating Revenues $11,237 ≈ 29.0% - 2022: Energy Costs $4,018 / Operating Revenues $9,800 ≈ 41.0% - 2021: Energy Costs $3,499 / Operating Revenues $9,722 ≈ 36.0% So, the energy cost ratio decreased significantly in 2023 compared to 2022 and 2021."
7108882a,Expedia's impact on intl mkt share growth is driven by its global supply & product diff. strategies.,"58431,58415,58432,58430,78514,58419,58410,54688,58429,54689,58545,54690,58414,58546,58620,23139","232,161,172,70","Expedia’s impact on international market share growth is significantly driven by its global supply and product differentiation strategies. The company leverages a deep and broad selection of travel products, which enables it to tailor offerings for different types of consumers and travel demands worldwide. Its core brand portfolio, consistent enhancements to product and service offerings, and global scale create increasing value for both customers and supply partners. Expedia distinguishes itself through multiple channels to generate demand, the quality and breadth of its travel product supply, usability of its websites and mobile apps, price or promotional offers, customer service, and flexible loyalty programs. This differentiation allows Expedia to compete effectively against both online and offline travel companies in local, regional, national, and international markets. Additionally, Expedia’s technology platform and tools for suppliers facilitate efficient management, distribution, and marketing of travel products, further supporting its international growth and competitive position. In summary, Expedia’s strategies focused on extensive global supply and differentiated products are central to its efforts to grow and maintain international market share."
eeda4426,TDY EPS trend analysis adj for WAS & implications on SH value.,"153966,140974,140964,143241,117377,105112,165729,2542,77570,23006,32565,82255,143386,146678,143474,49807","420,228,69,100,10,459,428,493,146,243,439,313,351",I cannot find sufficient information in the provided documents to answer this question.
2b8cb791,"Liquidity mgmt, WC changes, risk, & benefits for Lennar.","125316,90500,90365,90678,90679,90482,90632,90562,90517,90518,90476,65156,90610,90588,90499,25636","76,268,189,375","Lennar manages liquidity and working capital (WC) through several strategies and structures, while also addressing risks and the benefits of its approach: Liquidity Management: - Lennar maintains significant cash and cash equivalents. At November 30, 2024, it had $5.0 billion in cash and restricted cash, compared to $6.6 billion the previous year. The company also had $4.7 billion of homebuilding cash and cash equivalents and no outstanding borrowings under its $2.9 billion unsecured revolving credit facility, giving it approximately $7.6 billion in available capacity (Chunk 2). - Its activities are primarily financed through cash generated from operations, debt issuances, investor funds, and credit facilities, including warehouse lines of credit and its revolving credit facility (Chunk 2). Working Capital (WC) Changes: - In 2024, cash provided by operating activities was $2.4 billion, down from $5.2 billion in 2023. This decrease was due in part to an increase in inventories as part of the company’s growth strategy, offset somewhat by net earnings and an increase in accounts payable and other liabilities of $380 million (Chunk 2). - The company closely monitors changes in estimated cash flows from its investment securities and periodically reviews for impairment, though none were recorded in 2024 or 2023 (Chunk 2, 15). Risk Management: - Liquidity risk includes the inability to meet cash and collateral needs or not having the right mix, composition, or tenor of funding to support assets and liabilities (Chunk 1). - Lennar manages this risk by analyzing liquidity characteristics of assets and liabilities, developing internal stress testing assumptions, defining and monitoring liquidity strategies, policies, reporting, and contingency funding plans, and ensuring compliance with regulatory requirements (Chunk 1). - The company also reviews its investments for impairments and classifies its investment securities appropriately (Chunk 15). Benefits: - Strong liquidity management enables Lennar to support its core businesses and meet financial obligations even during economic stress, helping to ensure ongoing operations and support for clients (Chunk 1, 2). - Effective working capital management allows the company to fund growth (as seen with increased inventories) while maintaining financial flexibility (Chunk 2). - The overall approach provides for both current and long-term capital needs, supporting dividends, stock buybacks, and future growth (Chunk 6). In summary, Lennar’s disciplined liquidity and working capital management practices help mitigate risk, support operational needs, enable growth, and return capital to shareholders through dividends and stock repurchases."
